"data_category","action","action_name","column_name","event_name","price_code","old_value","new_value","upd_user","upd_datetime"
"Price Code","I","Insert",NA,"E6BB0327","A",NA,"255.21|255.21||I|Standard Pricing|245.21|0.00|0.00|10.00|0.00","BRA502","2025-11-29 16:47:44.087"
"Price Code","U","Update","price","E6BB0327","A","255.21","240.21","BRA510","2026-02-11 06:25:36.296"
"Price Code","U","Update","price","E6BB0327","A","240.21","245.21","BRA509","2026-02-15 18:58:33.960"
"Price Code","U","Update","price","E6BB0327","A","245.21","275.21","BRA500","2026-02-18 09:16:43.932"
"Price Code","U","Update","price","E6BB0327","A","275.21","260.21","BRA506","2026-03-20 10:11:31.331"
"Price Code","I","Insert",NA,"E6BB0327","B",NA,"230.51|230.51||I|Standard Pricing|220.51|0.00|0.00|10.00|0.00","BRA510","2025-11-18 10:07:50.330"
"Price Code","U","Update","price","E6BB0327","B","230.51","255.51","BRA501","2026-01-20 23:33:46.792"
"Price Code","U","Update","price","E6BB0327","B","255.51","240.51","BRA510","2026-01-23 09:48:35.599"
"Price Code","U","Update","price","E6BB0327","B","240.51","230.51","BRA508","2026-02-02 15:59:42.469"
"Price Code","U","Update","price","E6BB0327","B","230.51","250.51","BRA501","2026-02-22 15:17:24.520"
"Price Code","U","Update","price","E6BB0327","B","250.51","255.51","BRA502","2026-02-25 13:31:35.779"
"Price Code","I","Insert",NA,"E6BB0327","C",NA,"178.39|178.39||I|Standard Pricing|168.39|0.00|0.00|10.00|0.00","BRA503","2025-12-07 05:35:51.937"
"Price Code","U","Update","price","E6BB0327","C","178.39","173.39","BRA506","2026-01-20 03:27:24.009"
"Price Code","U","Update","price","E6BB0327","C","173.39","188.39","BRA505","2026-02-02 05:19:03.761"
"Price Code","I","Insert",NA,"E6BB0327","D",NA,"195.05|195.05||I|Standard Pricing|185.05|0.00|0.00|10.00|0.00","BRA507","2025-11-30 21:40:54.017"
"Price Code","U","Update","price","E6BB0327","D","195.05","180.05","BRA508","2026-02-02 19:41:14.115"
"Price Code","U","Update","price","E6BB0327","D","180.05","185.05","BRA504","2026-02-17 13:37:44.647"
"Price Code","U","Update","price","E6BB0327","D","185.05","205.05","BRA510","2026-03-21 00:43:38.717"
"Price Code","I","Insert",NA,"E6BB0327","E",NA,"142.9|142.9||I|Standard Pricing|132.9|0.00|0.00|10.00|0.00","BRA500","2025-11-14 20:16:26.823"
"Price Code","U","Update","price","E6BB0327","E","142.9","162.9","BRA509","2026-03-04 13:25:57.736"
"Price Code","U","Update","price","E6BB0327","E","162.9","192.9","BRA503","2026-03-05 09:08:16.855"
"Price Code","U","Update","price","E6BB0327","E","192.9","202.9","BRA506","2026-03-11 21:07:53.893"
"Price Code","U","Update","price","E6BB0327","E","202.9","187.9","BRA504","2026-03-19 06:25:58.657"
"Price Code","I","Insert",NA,"E6BB0327","F",NA,"129.74|129.74||I|Standard Pricing|119.74|0.00|0.00|10.00|0.00","BRA500","2025-11-17 02:16:37.977"
"Price Code","U","Update","price","E6BB0327","F","129.74","149.74","BRA505","2026-01-29 18:01:07.403"
"Price Code","U","Update","price","E6BB0327","F","149.74","179.74","BRA506","2026-02-17 23:31:37.184"
"Price Code","U","Update","price","E6BB0327","F","179.74","184.74","BRA507","2026-02-25 11:15:22.550"
"Price Code","U","Update","price","E6BB0327","F","184.74","194.74","BRA502","2026-03-14 03:23:58.309"
"Price Code","I","Insert",NA,"E6BB0327","G",NA,"109.2|109.2||I|Standard Pricing|99.2|0.00|0.00|10.00|0.00","BRA501","2025-12-14 19:58:43.586"
"Price Code","U","Update","price","E6BB0327","G","109.2","134.2","BRA502","2026-01-26 02:38:09.425"
"Price Code","U","Update","price","E6BB0327","G","134.2","119.2","BRA501","2026-01-26 05:05:56.036"
"Price Code","U","Update","price","E6BB0327","G","119.2","149.2","BRA505","2026-02-24 09:21:55.089"
"Price Code","U","Update","price","E6BB0327","G","149.2","139.2","BRA509","2026-03-17 14:23:22.440"
"Price Code","I","Insert",NA,"E6BB0327","H",NA,"98.89|98.89||I|Standard Pricing|88.89|0.00|0.00|10.00|0.00","BRA505","2025-11-12 14:03:18.820"
"Price Code","U","Update","price","E6BB0327","H","98.89","128.89","BRA508","2026-03-14 05:18:12.530"
"Price Code","U","Update","price","E6BB0327","H","128.89","158.89","BRA504","2026-03-17 09:11:53.105"
"Price Code","U","Update","price","E6BB0327","H","158.89","163.89","BRA500","2026-03-23 15:09:51.346"
"Price Code","I","Insert",NA,"E6BB0327","I",NA,"70.2|70.2||I|Standard Pricing|60.2|0.00|0.00|10.00|0.00","BRA500","2025-11-18 21:09:55.126"
"Price Code","U","Update","price","E6BB0327","I","70.2","55.2","BRA504","2026-02-06 19:41:11.576"
"Price Code","U","Update","price","E6BB0327","I","55.2","40.2","BRA500","2026-03-04 07:09:57.587"
"Price Code","U","Update","price","E6BB0327","I","40.2","55.2","BRA501","2026-03-07 11:05:38.898"
"Price Code","U","Update","price","E6BB0327","I","55.2","65.2","BRA505","2026-03-09 22:10:34.105"
"Price Code","U","Update","price","E6BB0327","I","65.2","50.2","BRA500","2026-03-25 15:30:16.590"
"Price Code","I","Insert",NA,"E6BB0327","J",NA,"65.86|65.86||I|Standard Pricing|55.86|0.00|0.00|10.00|0.00","BRA509","2025-11-03 23:39:08.765"
"Price Code","U","Update","price","E6BB0327","J","65.86","80.86","BRA503","2026-01-29 20:08:17.819"
"Price Code","U","Update","price","E6BB0327","J","80.86","85.86","BRA507","2026-02-19 06:18:27.515"
"Price Code","U","Update","price","E6BB0327","J","85.86","75.86","BRA507","2026-03-01 12:13:53.218"
"Price Code","I","Insert",NA,"E6BB0327","K",NA,"49.16|49.16||I|Standard Pricing|39.16|0.00|0.00|10.00|0.00","BRA505","2025-11-23 22:25:02.430"
"Price Code","U","Update","price","E6BB0327","K","49.16","39.16","BRA510","2026-01-31 12:21:24.782"
"Price Code","U","Update","price","E6BB0327","K","39.16","59.16","BRA503","2026-02-07 06:08:57.670"
"Price Code","U","Update","price","E6BB0327","K","59.16","79.16","BRA503","2026-02-13 18:31:07.985"
"Price Code","U","Update","price","E6BB0327","K","79.16","99.16","BRA502","2026-03-08 11:13:57.647"
"Price Code","I","Insert",NA,"E6BB0327","L",NA,"43.67|43.67||I|Standard Pricing|33.67|0.00|0.00|10.00|0.00","BRA505","2025-12-14 21:31:42.262"
"Price Code","U","Update","price","E6BB0327","L","43.67","53.67","BRA508","2026-01-20 02:19:04.822"
"Price Code","U","Update","price","E6BB0327","L","53.67","63.67","BRA506","2026-03-19 06:59:53.871"
"Price Code","I","Insert",NA,"E6BB0327","M",NA,"31.99|31.99||I|Standard Pricing|21.99|0.00|0.00|10.00|0.00","BRA506","2025-11-03 13:03:12.666"
"Price Code","U","Update","price","E6BB0327","M","31.99","46.99","BRA502","2026-02-13 07:16:14.962"
"Price Code","U","Update","price","E6BB0327","M","46.99","76.99","BRA509","2026-03-03 16:52:14.917"
"Price Code","I","Insert",NA,"E6BB0327","N",NA,"25.27|25.27||I|Standard Pricing|15.27|0.00|0.00|10.00|0.00","BRA502","2025-12-01 20:28:37.499"
"Price Code","U","Update","price","E6BB0327","N","25.27","40.27","BRA510","2026-01-19 14:15:48.346"
"Price Code","U","Update","price","E6BB0327","N","40.27","30.27","BRA508","2026-01-19 14:31:06.934"
"Price Code","U","Update","price","E6BB0327","N","30.27","20.27","BRA509","2026-02-01 16:42:55.082"
"Price Code","U","Update","price","E6BB0327","N","20.27","35.27","BRA508","2026-02-23 19:55:40.755"
"Price Code","U","Update","price","E6BB0327","N","35.27","60.27","BRA510","2026-03-25 18:43:51.543"
"Price Code","I","Insert",NA,"E6BB0328","A",NA,"235.27|235.27||I|Standard Pricing|225.27|0.00|0.00|10.00|0.00","BRA502","2025-12-10 21:28:57.672"
"Price Code","U","Update","price","E6BB0328","A","235.27","220.27","BRA510","2026-01-17 21:45:07.478"
"Price Code","U","Update","price","E6BB0328","A","220.27","210.27","BRA504","2026-02-25 19:54:39.343"
"Price Code","U","Update","price","E6BB0328","A","210.27","205.27","BRA500","2026-03-12 13:04:17.463"
"Price Code","I","Insert",NA,"E6BB0328","B",NA,"226.72|226.72||I|Standard Pricing|216.72|0.00|0.00|10.00|0.00","BRA500","2025-11-30 14:30:36.160"
"Price Code","U","Update","price","E6BB0328","B","226.72","236.72","BRA504","2026-01-23 07:38:53.268"
"Price Code","U","Update","price","E6BB0328","B","236.72","221.72","BRA508","2026-01-28 06:19:55.078"
"Price Code","U","Update","price","E6BB0328","B","221.72","216.72","BRA501","2026-02-26 04:50:51.685"
"Price Code","U","Update","price","E6BB0328","B","216.72","226.72","BRA506","2026-03-20 06:26:53.593"
"Price Code","I","Insert",NA,"E6BB0328","C",NA,"206.28|206.28||I|Standard Pricing|196.28|0.00|0.00|10.00|0.00","BRA506","2025-11-08 23:55:41.889"
"Price Code","U","Update","price","E6BB0328","C","206.28","211.28","BRA507","2026-01-28 07:16:30.406"
"Price Code","U","Update","price","E6BB0328","C","211.28","236.28","BRA509","2026-01-29 20:02:48.038"
"Price Code","U","Update","price","E6BB0328","C","236.28","256.28","BRA510","2026-02-02 20:10:39.438"
"Price Code","I","Insert",NA,"E6BB0328","D",NA,"158.6|158.6||I|Standard Pricing|148.6|0.00|0.00|10.00|0.00","BRA505","2025-11-21 09:44:55.787"
"Price Code","U","Update","price","E6BB0328","D","158.6","163.6","BRA503","2026-01-27 01:50:36.731"
"Price Code","U","Update","price","E6BB0328","D","163.6","173.6","BRA508","2026-02-02 01:10:30.461"
"Price Code","U","Update","price","E6BB0328","D","173.6","163.6","BRA502","2026-02-11 19:33:04.038"
"Price Code","U","Update","price","E6BB0328","D","163.6","193.6","BRA508","2026-02-21 20:56:41.032"
"Price Code","U","Update","price","E6BB0328","D","193.6","208.6","BRA501","2026-03-05 06:28:27.103"
"Price Code","I","Insert",NA,"E6BB0328","E",NA,"156.09|156.09||I|Standard Pricing|146.09|0.00|0.00|10.00|0.00","BRA500","2025-11-17 08:26:48.948"
"Price Code","U","Update","price","E6BB0328","E","156.09","141.09","BRA510","2026-02-02 06:59:23.891"
"Price Code","U","Update","price","E6BB0328","E","141.09","126.09","BRA508","2026-02-23 01:24:49.961"
"Price Code","I","Insert",NA,"E6BB0328","F",NA,"112.01|112.01||I|Standard Pricing|102.01|0.00|0.00|10.00|0.00","BRA508","2025-11-13 12:41:07.532"
"Price Code","U","Update","price","E6BB0328","F","112.01","102.01","BRA503","2026-02-07 23:35:12.624"
"Price Code","U","Update","price","E6BB0328","F","102.01","87.01","BRA508","2026-03-02 11:43:46.277"
"Price Code","U","Update","price","E6BB0328","F","87.01","102.01","BRA510","2026-03-04 03:57:51.662"
"Price Code","I","Insert",NA,"E6BB0328","G",NA,"111.74|111.74||I|Standard Pricing|101.74|0.00|0.00|10.00|0.00","BRA503","2025-11-11 13:08:51.398"
"Price Code","U","Update","price","E6BB0328","G","111.74","101.74","BRA502","2026-02-07 23:08:35.384"
"Price Code","U","Update","price","E6BB0328","G","101.74","131.74","BRA502","2026-03-24 02:49:42.459"
"Price Code","U","Update","price","E6BB0328","G","131.74","161.74","BRA508","2026-03-26 08:26:57.457"
"Price Code","I","Insert",NA,"E6BB0328","H",NA,"87.94|87.94||I|Standard Pricing|77.94|0.00|0.00|10.00|0.00","BRA510","2025-12-03 04:12:44.219"
"Price Code","U","Update","price","E6BB0328","H","87.94","92.94","BRA503","2026-02-28 08:57:20.834"
"Price Code","U","Update","price","E6BB0328","H","92.94","97.94","BRA508","2026-03-03 09:34:50.935"
"Price Code","U","Update","price","E6BB0328","H","97.94","107.94","BRA505","2026-03-09 03:01:51.323"
"Price Code","I","Insert",NA,"E6BB0328","I",NA,"80.77|80.77||I|Standard Pricing|70.77|0.00|0.00|10.00|0.00","BRA501","2025-11-21 12:23:11.761"
"Price Code","U","Update","price","E6BB0328","I","80.77","110.77","BRA500","2026-02-16 16:08:38.534"
"Price Code","U","Update","price","E6BB0328","I","110.77","115.77","BRA507","2026-02-25 22:24:39.668"
"Price Code","U","Update","price","E6BB0328","I","115.77","100.77","BRA507","2026-03-07 15:14:41.113"
"Price Code","U","Update","price","E6BB0328","I","100.77","125.77","BRA501","2026-03-27 07:47:10.244"
"Price Code","I","Insert",NA,"E6BB0328","J",NA,"71.69|71.69||I|Standard Pricing|61.69|0.00|0.00|10.00|0.00","BRA500","2025-11-05 01:16:58.449"
"Price Code","U","Update","price","E6BB0328","J","71.69","91.69","BRA506","2026-01-15 19:59:28.583"
"Price Code","U","Update","price","E6BB0328","J","91.69","116.69","BRA503","2026-01-31 02:19:48.963"
"Price Code","U","Update","price","E6BB0328","J","116.69","106.69","BRA508","2026-02-09 09:23:59.765"
"Price Code","U","Update","price","E6BB0328","J","106.69","111.69","BRA504","2026-03-20 08:22:05.683"
"Price Code","I","Insert",NA,"E6BB0328","K",NA,"58.74|58.74||I|Standard Pricing|48.74|0.00|0.00|10.00|0.00","BRA503","2025-12-10 13:59:32.893"
"Price Code","U","Update","price","E6BB0328","K","58.74","53.74","BRA502","2026-01-21 11:01:20.893"
"Price Code","U","Update","price","E6BB0328","K","53.74","43.74","BRA505","2026-02-10 20:58:23.058"
"Price Code","U","Update","price","E6BB0328","K","43.74","48.74","BRA505","2026-03-21 11:29:54.739"
"Price Code","I","Insert",NA,"E6BB0328","L",NA,"39.66|39.66||I|Standard Pricing|29.66|0.00|0.00|10.00|0.00","BRA505","2025-11-11 02:49:39.414"
"Price Code","U","Update","price","E6BB0328","L","39.66","34.66","BRA509","2026-01-25 02:46:56.166"
"Price Code","U","Update","price","E6BB0328","L","34.66","29.66","BRA505","2026-02-01 10:14:57.446"
"Price Code","U","Update","price","E6BB0328","L","29.66","19.66","BRA510","2026-02-04 10:24:18.315"
"Price Code","U","Update","price","E6BB0328","L","19.66","49.66","BRA505","2026-03-01 07:36:30.789"
"Price Code","U","Update","price","E6BB0328","L","49.66","39.66","BRA505","2026-03-18 09:37:37.418"
"Price Code","I","Insert",NA,"E6BB0328","M",NA,"31.74|31.74||I|Standard Pricing|21.74|0.00|0.00|10.00|0.00","BRA502","2025-12-07 16:01:17.115"
"Price Code","U","Update","price","E6BB0328","M","31.74","21.74","BRA502","2026-02-14 05:39:21.004"
"Price Code","U","Update","price","E6BB0328","M","21.74","36.74","BRA509","2026-02-22 12:41:55.727"
"Price Code","I","Insert",NA,"E6BB0328","N",NA,"29.3|29.3||I|Standard Pricing|19.3|0.00|0.00|10.00|0.00","BRA505","2025-11-23 00:25:09.957"
"Price Code","U","Update","price","E6BB0328","N","29.3","49.3","BRA506","2026-01-20 07:00:12.156"
"Price Code","U","Update","price","E6BB0328","N","49.3","69.3","BRA505","2026-01-28 20:17:12.232"
"Price Code","U","Update","price","E6BB0328","N","69.3","99.3","BRA504","2026-02-12 22:44:47.165"
"Price Code","U","Update","price","E6BB0328","N","99.3","104.3","BRA509","2026-02-28 15:45:01.420"
"Price Code","U","Update","price","E6BB0328","N","104.3","119.3","BRA504","2026-03-11 04:51:11.359"
"Price Code","I","Insert",NA,"E6BB0329","A",NA,"226.92|226.92||I|Standard Pricing|216.92|0.00|0.00|10.00|0.00","BRA501","2025-11-07 11:55:04.631"
"Price Code","U","Update","price","E6BB0329","A","226.92","251.92","BRA508","2026-01-25 00:39:49.569"
"Price Code","U","Update","price","E6BB0329","A","251.92","266.92","BRA510","2026-01-25 03:01:07.044"
"Price Code","U","Update","price","E6BB0329","A","266.92","276.92","BRA505","2026-01-29 11:28:40.602"
"Price Code","U","Update","price","E6BB0329","A","276.92","266.92","BRA509","2026-02-12 19:22:36.829"
"Price Code","U","Update","price","E6BB0329","A","266.92","286.92","BRA510","2026-03-14 23:47:16.306"
"Price Code","I","Insert",NA,"E6BB0329","B",NA,"196.16|196.16||I|Standard Pricing|186.16|0.00|0.00|10.00|0.00","BRA500","2025-12-12 07:59:11.427"
"Price Code","U","Update","price","E6BB0329","B","196.16","181.16","BRA500","2026-01-21 22:22:17.738"
"Price Code","U","Update","price","E6BB0329","B","181.16","211.16","BRA509","2026-01-29 04:48:39.704"
"Price Code","U","Update","price","E6BB0329","B","211.16","216.16","BRA504","2026-01-29 11:16:48.543"
"Price Code","U","Update","price","E6BB0329","B","216.16","206.16","BRA502","2026-02-14 14:50:53.322"
"Price Code","U","Update","price","E6BB0329","B","206.16","201.16","BRA510","2026-03-03 09:26:27.837"
"Price Code","I","Insert",NA,"E6BB0329","C",NA,"209.18|209.18||I|Standard Pricing|199.18|0.00|0.00|10.00|0.00","BRA500","2025-11-07 18:26:06.283"
"Price Code","U","Update","price","E6BB0329","C","209.18","204.18","BRA500","2026-02-08 09:46:14.578"
"Price Code","U","Update","price","E6BB0329","C","204.18","229.18","BRA501","2026-02-15 00:11:18.669"
"Price Code","U","Update","price","E6BB0329","C","229.18","259.18","BRA509","2026-03-18 18:58:25.005"
"Price Code","I","Insert",NA,"E6BB0329","D",NA,"176.56|176.56||I|Standard Pricing|166.56|0.00|0.00|10.00|0.00","BRA503","2025-11-22 03:02:30.133"
"Price Code","U","Update","price","E6BB0329","D","176.56","171.56","BRA505","2026-01-19 11:18:06.088"
"Price Code","U","Update","price","E6BB0329","D","171.56","201.56","BRA505","2026-02-03 12:06:53.100"
"Price Code","U","Update","price","E6BB0329","D","201.56","196.56","BRA500","2026-03-26 07:21:51.480"
"Price Code","U","Update","price","E6BB0329","D","196.56","206.56","BRA508","2026-03-26 07:43:23.766"
"Price Code","I","Insert",NA,"E6BB0329","E",NA,"154.4|154.4||I|Standard Pricing|144.4|0.00|0.00|10.00|0.00","BRA505","2025-12-09 19:16:55.617"
"Price Code","U","Update","price","E6BB0329","E","154.4","174.4","BRA509","2026-01-26 19:20:21.722"
"Price Code","U","Update","price","E6BB0329","E","174.4","199.4","BRA502","2026-02-27 10:33:17.963"
"Price Code","I","Insert",NA,"E6BB0329","F",NA,"112.36|112.36||I|Standard Pricing|102.36|0.00|0.00|10.00|0.00","BRA501","2025-12-15 17:00:15.274"
"Price Code","U","Update","price","E6BB0329","F","112.36","132.36","BRA502","2026-02-13 13:28:48.059"
"Price Code","U","Update","price","E6BB0329","F","132.36","122.36","BRA502","2026-03-06 21:51:23.262"
"Price Code","I","Insert",NA,"E6BB0329","G",NA,"94.45|94.45||I|Standard Pricing|84.45|0.00|0.00|10.00|0.00","BRA500","2025-11-13 04:27:08.665"
"Price Code","U","Update","price","E6BB0329","G","94.45","89.45","BRA501","2026-02-01 01:26:16.109"
"Price Code","U","Update","price","E6BB0329","G","89.45","74.45","BRA506","2026-02-06 04:07:06.341"
"Price Code","I","Insert",NA,"E6BB0329","H",NA,"84.17|84.17||I|Standard Pricing|74.17|0.00|0.00|10.00|0.00","BRA501","2025-12-09 14:28:00.523"
"Price Code","U","Update","price","E6BB0329","H","84.17","69.17","BRA509","2026-02-25 12:43:47.488"
"Price Code","U","Update","price","E6BB0329","H","69.17","99.17","BRA500","2026-03-10 02:25:59.699"
"Price Code","U","Update","price","E6BB0329","H","99.17","94.17","BRA500","2026-03-18 17:26:24.254"
"Price Code","I","Insert",NA,"E6BB0329","I",NA,"71.68|71.68||I|Standard Pricing|61.68|0.00|0.00|10.00|0.00","BRA501","2025-11-20 04:24:54.935"
"Price Code","U","Update","price","E6BB0329","I","71.68","66.68","BRA501","2026-01-28 08:50:03.908"
"Price Code","U","Update","price","E6BB0329","I","66.68","56.68","BRA504","2026-02-26 05:10:42.402"
"Price Code","I","Insert",NA,"E6BB0329","J",NA,"67.36|67.36||I|Standard Pricing|57.36|0.00|0.00|10.00|0.00","BRA500","2025-11-07 09:45:51.918"
"Price Code","U","Update","price","E6BB0329","J","67.36","62.36","BRA506","2026-02-12 20:37:52.549"
"Price Code","U","Update","price","E6BB0329","J","62.36","47.36","BRA508","2026-02-20 23:42:39.876"
"Price Code","U","Update","price","E6BB0329","J","47.36","72.36","BRA500","2026-02-26 09:30:02.381"
"Price Code","U","Update","price","E6BB0329","J","72.36","62.36","BRA505","2026-03-04 04:36:39.277"
"Price Code","U","Update","price","E6BB0329","J","62.36","47.36","BRA501","2026-03-27 20:49:01.560"
"Price Code","I","Insert",NA,"E6BB0329","K",NA,"55.02|55.02||I|Standard Pricing|45.02|0.00|0.00|10.00|0.00","BRA508","2025-11-28 00:33:36.230"
"Price Code","U","Update","price","E6BB0329","K","55.02","85.02","BRA509","2026-02-14 08:15:11.688"
"Price Code","U","Update","price","E6BB0329","K","85.02","95.02","BRA500","2026-03-06 02:06:26.376"
"Price Code","U","Update","price","E6BB0329","K","95.02","120.02","BRA510","2026-03-23 11:41:15.790"
"Price Code","I","Insert",NA,"E6BB0329","L",NA,"45.15|45.15||I|Standard Pricing|35.15|0.00|0.00|10.00|0.00","BRA506","2025-11-04 04:34:12.751"
"Price Code","U","Update","price","E6BB0329","L","45.15","55.15","BRA502","2026-01-19 07:22:12.949"
"Price Code","U","Update","price","E6BB0329","L","55.15","65.15","BRA509","2026-03-14 04:22:10.471"
"Price Code","U","Update","price","E6BB0329","L","65.15","80.15","BRA505","2026-03-16 14:23:13.045"
"Price Code","I","Insert",NA,"E6BB0329","M",NA,"39.2|39.2||I|Standard Pricing|29.2|0.00|0.00|10.00|0.00","BRA508","2025-12-04 00:53:57.381"
"Price Code","U","Update","price","E6BB0329","M","39.2","59.2","BRA504","2026-02-10 16:15:42.358"
"Price Code","U","Update","price","E6BB0329","M","59.2","79.2","BRA509","2026-02-25 00:55:51.584"
"Price Code","I","Insert",NA,"E6BB0329","N",NA,"30.63|30.63||I|Standard Pricing|20.63|0.00|0.00|10.00|0.00","BRA505","2025-12-02 11:37:18.192"
"Price Code","U","Update","price","E6BB0329","N","30.63","35.63","BRA500","2026-02-21 17:47:05.667"
"Price Code","U","Update","price","E6BB0329","N","35.63","45.63","BRA509","2026-02-24 06:00:05.135"
"Price Code","U","Update","price","E6BB0329","N","45.63","40.63","BRA510","2026-03-11 23:12:29.225"
"Price Code","U","Update","price","E6BB0329","N","40.63","60.63","BRA503","2026-03-17 21:07:12.951"
"Price Code","U","Update","price","E6BB0329","N","60.63","70.63","BRA507","2026-03-27 22:28:26.951"
"Price Code","I","Insert",NA,"E6BB0329","O",NA,"22.1|22.1||I|Standard Pricing|12.1|0.00|0.00|10.00|0.00","BRA504","2025-11-23 09:29:43.227"
"Price Code","U","Update","price","E6BB0329","O","22.1","47.1","BRA510","2026-01-19 16:28:04.141"
"Price Code","U","Update","price","E6BB0329","O","47.1","62.1","BRA509","2026-01-21 15:42:05.545"
"Price Code","U","Update","price","E6BB0329","O","62.1","87.1","BRA508","2026-01-21 15:50:52.979"
"Price Code","U","Update","price","E6BB0329","O","87.1","117.1","BRA503","2026-02-07 03:48:52.048"
"Price Code","I","Insert",NA,"E6BB0330","A",NA,"274.79|274.79||I|Standard Pricing|264.79|0.00|0.00|10.00|0.00","BRA501","2025-11-10 01:45:11.560"
"Price Code","U","Update","price","E6BB0330","A","274.79","269.79","BRA501","2026-02-12 11:45:46.908"
"Price Code","U","Update","price","E6BB0330","A","269.79","254.79","BRA500","2026-02-17 15:10:19.793"
"Price Code","I","Insert",NA,"E6BB0330","B",NA,"203.23|203.23||I|Standard Pricing|193.23|0.00|0.00|10.00|0.00","BRA506","2025-12-03 00:34:12.814"
"Price Code","U","Update","price","E6BB0330","B","203.23","188.23","BRA508","2026-01-27 08:27:57.123"
"Price Code","U","Update","price","E6BB0330","B","188.23","183.23","BRA506","2026-02-01 01:09:22.336"
"Price Code","U","Update","price","E6BB0330","B","183.23","178.23","BRA504","2026-02-23 06:42:47.340"
"Price Code","I","Insert",NA,"E6BB0330","C",NA,"181.93|181.93||I|Standard Pricing|171.93|0.00|0.00|10.00|0.00","BRA502","2025-11-06 04:16:14.405"
"Price Code","U","Update","price","E6BB0330","C","181.93","211.93","BRA505","2026-01-27 12:24:05.069"
"Price Code","U","Update","price","E6BB0330","C","211.93","206.93","BRA504","2026-02-17 20:24:25.509"
"Price Code","U","Update","price","E6BB0330","C","206.93","216.93","BRA508","2026-03-24 09:12:18.880"
"Price Code","I","Insert",NA,"E6BB0330","D",NA,"168.14|168.14||I|Standard Pricing|158.14|0.00|0.00|10.00|0.00","BRA508","2025-12-09 18:29:00.664"
"Price Code","U","Update","price","E6BB0330","D","168.14","173.14","BRA506","2026-02-11 22:23:54.124"
"Price Code","U","Update","price","E6BB0330","D","173.14","198.14","BRA500","2026-02-20 07:32:09.701"
"Price Code","I","Insert",NA,"E6BB0330","E",NA,"161.87|161.87||I|Standard Pricing|151.87|0.00|0.00|10.00|0.00","BRA510","2025-12-03 05:46:57.424"
"Price Code","U","Update","price","E6BB0330","E","161.87","171.87","BRA506","2026-01-24 14:34:33.182"
"Price Code","U","Update","price","E6BB0330","E","171.87","166.87","BRA508","2026-03-22 16:07:30.625"
"Price Code","I","Insert",NA,"E6BB0330","F",NA,"123.6|123.6||I|Standard Pricing|113.6|0.00|0.00|10.00|0.00","BRA509","2025-12-07 03:11:27.673"
"Price Code","U","Update","price","E6BB0330","F","123.6","108.6","BRA508","2026-01-20 14:23:08.599"
"Price Code","U","Update","price","E6BB0330","F","108.6","133.6","BRA507","2026-02-15 22:19:11.314"
"Price Code","U","Update","price","E6BB0330","F","133.6","163.6","BRA502","2026-02-26 01:14:46.311"
"Price Code","U","Update","price","E6BB0330","F","163.6","158.6","BRA506","2026-02-27 15:07:22.225"
"Price Code","U","Update","price","E6BB0330","F","158.6","173.6","BRA509","2026-03-07 05:19:40.500"
"Price Code","I","Insert",NA,"E6BB0330","G",NA,"115.91|115.91||I|Standard Pricing|105.91|0.00|0.00|10.00|0.00","BRA501","2025-11-17 02:28:37.382"
"Price Code","U","Update","price","E6BB0330","G","115.91","105.91","BRA500","2026-02-04 13:41:20.075"
"Price Code","U","Update","price","E6BB0330","G","105.91","100.91","BRA505","2026-03-05 09:56:02.861"
"Price Code","U","Update","price","E6BB0330","G","100.91","130.91","BRA510","2026-03-19 17:53:45.786"
"Price Code","I","Insert",NA,"E6BB0330","H",NA,"91.89|91.89||I|Standard Pricing|81.89|0.00|0.00|10.00|0.00","BRA506","2025-11-14 01:38:38.759"
"Price Code","U","Update","price","E6BB0330","H","91.89","111.89","BRA508","2026-03-03 17:19:06.425"
"Price Code","U","Update","price","E6BB0330","H","111.89","106.89","BRA504","2026-03-19 05:22:45.187"
"Price Code","I","Insert",NA,"E6BB0330","I",NA,"66.86|66.86||I|Standard Pricing|56.86|0.00|0.00|10.00|0.00","BRA506","2025-11-06 12:35:15.821"
"Price Code","U","Update","price","E6BB0330","I","66.86","76.86","BRA502","2026-01-27 08:28:42.386"
"Price Code","U","Update","price","E6BB0330","I","76.86","81.86","BRA509","2026-01-28 18:30:02.995"
"Price Code","U","Update","price","E6BB0330","I","81.86","91.86","BRA504","2026-03-01 12:57:17.839"
"Price Code","U","Update","price","E6BB0330","I","91.86","86.86","BRA508","2026-03-05 09:17:16.536"
"Price Code","U","Update","price","E6BB0330","I","86.86","101.86","BRA507","2026-03-21 19:45:23.507"
"Price Code","I","Insert",NA,"E6BB0330","J",NA,"74|74||I|Standard Pricing|64|0.00|0.00|10.00|0.00","BRA508","2025-11-12 15:13:41.468"
"Price Code","U","Update","price","E6BB0330","J","74","69","BRA504","2026-01-15 23:04:42.576"
"Price Code","U","Update","price","E6BB0330","J","69","54","BRA504","2026-02-11 02:49:22.487"
"Price Code","U","Update","price","E6BB0330","J","54","59","BRA506","2026-03-23 06:04:24.996"
"Price Code","I","Insert",NA,"E6BB0330","K",NA,"48.45|48.45||I|Standard Pricing|38.45|0.00|0.00|10.00|0.00","BRA503","2025-12-01 00:03:04.148"
"Price Code","U","Update","price","E6BB0330","K","48.45","68.45","BRA508","2026-01-25 05:18:02.062"
"Price Code","U","Update","price","E6BB0330","K","68.45","73.45","BRA509","2026-02-15 05:09:01.278"
"Price Code","U","Update","price","E6BB0330","K","73.45","98.45","BRA501","2026-02-26 11:05:35.469"
"Price Code","U","Update","price","E6BB0330","K","98.45","93.45","BRA503","2026-03-10 14:27:26.147"
"Price Code","I","Insert",NA,"E6BB0330","L",NA,"43.95|43.95||I|Standard Pricing|33.95|0.00|0.00|10.00|0.00","BRA509","2025-11-24 20:55:11.243"
"Price Code","U","Update","price","E6BB0330","L","43.95","48.95","BRA500","2026-01-22 09:22:42.744"
"Price Code","U","Update","price","E6BB0330","L","48.95","43.95","BRA504","2026-02-07 02:18:40.309"
"Price Code","U","Update","price","E6BB0330","L","43.95","53.95","BRA508","2026-03-20 23:02:12.063"
"Price Code","U","Update","price","E6BB0330","L","53.95","78.95","BRA502","2026-03-28 04:04:12.006"
"Price Code","U","Update","price","E6BB0330","L","78.95","68.95","BRA508","2026-03-29 06:24:36.134"
"Price Code","I","Insert",NA,"E6BB0330","M",NA,"32.73|32.73||I|Standard Pricing|22.73|0.00|0.00|10.00|0.00","BRA502","2025-12-16 00:27:41.886"
"Price Code","U","Update","price","E6BB0330","M","32.73","42.73","BRA501","2026-02-11 05:14:43.321"
"Price Code","U","Update","price","E6BB0330","M","42.73","32.73","BRA507","2026-03-05 16:57:53.976"
"Price Code","I","Insert",NA,"E6BB0401","A",NA,"217.4|217.4||I|Standard Pricing|207.4|0.00|0.00|10.00|0.00","BRA502","2025-12-14 22:40:02.725"
"Price Code","U","Update","price","E6BB0401","A","217.4","232.4","BRA505","2026-01-29 01:14:59.837"
"Price Code","U","Update","price","E6BB0401","A","232.4","247.4","BRA510","2026-01-29 03:06:42.727"
"Price Code","U","Update","price","E6BB0401","A","247.4","257.4","BRA509","2026-02-19 21:47:42.126"
"Price Code","U","Update","price","E6BB0401","A","257.4","267.4","BRA505","2026-03-23 08:10:43.252"
"Price Code","U","Update","price","E6BB0401","A","267.4","297.4","BRA509","2026-03-28 17:23:29.731"
"Price Code","I","Insert",NA,"E6BB0401","B",NA,"211.53|211.53||I|Standard Pricing|201.53|0.00|0.00|10.00|0.00","BRA503","2025-12-06 18:20:11.230"
"Price Code","U","Update","price","E6BB0401","B","211.53","196.53","BRA502","2026-02-01 00:24:37.172"
"Price Code","U","Update","price","E6BB0401","B","196.53","186.53","BRA501","2026-02-23 13:22:30.011"
"Price Code","U","Update","price","E6BB0401","B","186.53","201.53","BRA508","2026-02-26 18:39:53.819"
"Price Code","U","Update","price","E6BB0401","B","201.53","211.53","BRA510","2026-03-23 00:24:33.423"
"Price Code","I","Insert",NA,"E6BB0401","C",NA,"200.8|200.8||I|Standard Pricing|190.8|0.00|0.00|10.00|0.00","BRA507","2025-11-26 18:12:03.386"
"Price Code","U","Update","price","E6BB0401","C","200.8","185.8","BRA508","2026-02-01 00:17:04.693"
"Price Code","U","Update","price","E6BB0401","C","185.8","195.8","BRA508","2026-03-07 02:59:24.678"
"Price Code","U","Update","price","E6BB0401","C","195.8","210.8","BRA504","2026-03-16 15:51:21.281"
"Price Code","U","Update","price","E6BB0401","C","210.8","220.8","BRA502","2026-03-22 16:11:10.664"
"Price Code","I","Insert",NA,"E6BB0401","D",NA,"190.47|190.47||I|Standard Pricing|180.47|0.00|0.00|10.00|0.00","BRA508","2025-11-26 01:47:23.877"
"Price Code","U","Update","price","E6BB0401","D","190.47","185.47","BRA503","2026-02-06 07:25:28.733"
"Price Code","U","Update","price","E6BB0401","D","185.47","210.47","BRA502","2026-03-28 01:27:36.935"
"Price Code","I","Insert",NA,"E6BB0401","E",NA,"136.47|136.47||I|Standard Pricing|126.47|0.00|0.00|10.00|0.00","BRA504","2025-11-20 21:38:00.453"
"Price Code","U","Update","price","E6BB0401","E","136.47","166.47","BRA503","2026-01-23 17:11:48.315"
"Price Code","U","Update","price","E6BB0401","E","166.47","151.47","BRA510","2026-02-04 23:27:56.594"
"Price Code","U","Update","price","E6BB0401","E","151.47","161.47","BRA510","2026-02-21 04:41:28.968"
"Price Code","U","Update","price","E6BB0401","E","161.47","181.47","BRA510","2026-03-05 17:58:44.797"
"Price Code","U","Update","price","E6BB0401","E","181.47","191.47","BRA504","2026-03-25 08:55:06.951"
"Price Code","I","Insert",NA,"E6BB0401","F",NA,"138.48|138.48||I|Standard Pricing|128.48|0.00|0.00|10.00|0.00","BRA508","2025-12-16 06:32:09.249"
"Price Code","U","Update","price","E6BB0401","F","138.48","143.48","BRA503","2026-02-05 03:47:54.482"
"Price Code","U","Update","price","E6BB0401","F","143.48","163.48","BRA509","2026-02-10 09:43:49.054"
"Price Code","U","Update","price","E6BB0401","F","163.48","183.48","BRA504","2026-03-08 06:06:59.610"
"Price Code","U","Update","price","E6BB0401","F","183.48","198.48","BRA507","2026-03-26 18:00:55.454"
"Price Code","I","Insert",NA,"E6BB0401","G",NA,"105.95|105.95||I|Standard Pricing|95.95|0.00|0.00|10.00|0.00","BRA506","2025-12-06 23:44:44.207"
"Price Code","U","Update","price","E6BB0401","G","105.95","100.95","BRA503","2026-02-19 10:26:27.439"
"Price Code","U","Update","price","E6BB0401","G","100.95","110.95","BRA504","2026-03-04 08:05:33.795"
"Price Code","U","Update","price","E6BB0401","G","110.95","125.95","BRA503","2026-03-06 07:54:29.498"
"Price Code","I","Insert",NA,"E6BB0401","H",NA,"102.9|102.9||I|Standard Pricing|92.9|0.00|0.00|10.00|0.00","BRA500","2025-12-05 01:06:51.417"
"Price Code","U","Update","price","E6BB0401","H","102.9","112.9","BRA500","2026-01-27 03:48:42.265"
"Price Code","U","Update","price","E6BB0401","H","112.9","102.9","BRA501","2026-03-02 17:27:14.352"
"Price Code","I","Insert",NA,"E6BB0401","I",NA,"63.98|63.98||I|Standard Pricing|53.98|0.00|0.00|10.00|0.00","BRA500","2025-12-13 11:43:30.155"
"Price Code","U","Update","price","E6BB0401","I","63.98","93.98","BRA505","2026-01-17 08:53:46.892"
"Price Code","U","Update","price","E6BB0401","I","93.98","108.98","BRA504","2026-01-21 10:02:16.761"
"Price Code","U","Update","price","E6BB0401","I","108.98","113.98","BRA506","2026-03-02 18:39:58.833"
"Price Code","U","Update","price","E6BB0401","I","113.98","103.98","BRA508","2026-03-23 12:42:21.149"
"Price Code","I","Insert",NA,"E6BB0401","J",NA,"62.61|62.61||I|Standard Pricing|52.61|0.00|0.00|10.00|0.00","BRA505","2025-11-25 08:27:59.471"
"Price Code","U","Update","price","E6BB0401","J","62.61","82.61","BRA501","2026-01-16 22:04:34.793"
"Price Code","U","Update","price","E6BB0401","J","82.61","92.61","BRA507","2026-03-06 15:48:10.336"
"Price Code","I","Insert",NA,"E6BB0401","K",NA,"63.07|63.07||I|Standard Pricing|53.07|0.00|0.00|10.00|0.00","BRA507","2025-11-06 03:35:07.643"
"Price Code","U","Update","price","E6BB0401","K","63.07","73.07","BRA505","2026-01-16 18:56:08.621"
"Price Code","U","Update","price","E6BB0401","K","73.07","68.07","BRA508","2026-02-03 13:52:02.669"
"Price Code","U","Update","price","E6BB0401","K","68.07","98.07","BRA510","2026-02-04 04:38:18.584"
"Price Code","U","Update","price","E6BB0401","K","98.07","123.07","BRA503","2026-02-22 11:03:10.900"
"Price Code","U","Update","price","E6BB0401","K","123.07","128.07","BRA508","2026-03-02 05:42:31.273"
"Price Code","I","Insert",NA,"E6BB0401","L",NA,"40.01|40.01||I|Standard Pricing|30.01|0.00|0.00|10.00|0.00","BRA508","2025-11-01 20:00:46.251"
"Price Code","U","Update","price","E6BB0401","L","40.01","35.01","BRA503","2026-01-21 10:01:33.487"
"Price Code","U","Update","price","E6BB0401","L","35.01","60.01","BRA504","2026-03-08 18:51:13.559"
"Price Code","I","Insert",NA,"E6BB0401","M",NA,"30.4|30.4||I|Standard Pricing|20.4|0.00|0.00|10.00|0.00","BRA507","2025-12-15 06:26:43.543"
"Price Code","U","Update","price","E6BB0401","M","30.4","20.4","BRA509","2026-01-19 06:18:15.068"
"Price Code","U","Update","price","E6BB0401","M","20.4","40.4","BRA504","2026-03-12 15:20:24.794"
"Price Code","U","Update","price","E6BB0401","M","40.4","60.4","BRA504","2026-03-13 06:52:51.806"
"Price Code","U","Update","price","E6BB0401","M","60.4","90.4","BRA504","2026-03-17 18:09:38.303"
"Price Code","U","Update","price","E6BB0401","M","90.4","105.4","BRA507","2026-03-23 02:22:41.360"
"Price Code","I","Insert",NA,"E6BB0402","A",NA,"230.39|230.39||I|Standard Pricing|220.39|0.00|0.00|10.00|0.00","BRA509","2025-11-23 16:03:31.954"
"Price Code","U","Update","price","E6BB0402","A","230.39","225.39","BRA501","2026-01-18 12:35:42.812"
"Price Code","U","Update","price","E6BB0402","A","225.39","240.39","BRA500","2026-03-04 04:51:45.547"
"Price Code","U","Update","price","E6BB0402","A","240.39","245.39","BRA506","2026-03-06 23:21:00.101"
"Price Code","U","Update","price","E6BB0402","A","245.39","250.39","BRA508","2026-03-25 10:06:29.775"
"Price Code","I","Insert",NA,"E6BB0402","B",NA,"227.95|227.95||I|Standard Pricing|217.95|0.00|0.00|10.00|0.00","BRA501","2025-12-14 17:35:06.013"
"Price Code","U","Update","price","E6BB0402","B","227.95","252.95","BRA501","2026-02-08 10:52:56.890"
"Price Code","U","Update","price","E6BB0402","B","252.95","262.95","BRA504","2026-03-01 21:50:07.199"
"Price Code","U","Update","price","E6BB0402","B","262.95","267.95","BRA508","2026-03-12 00:38:42.672"
"Price Code","U","Update","price","E6BB0402","B","267.95","257.95","BRA506","2026-03-28 12:41:48.661"
"Price Code","U","Update","price","E6BB0402","B","257.95","272.95","BRA510","2026-03-28 18:56:25.151"
"Price Code","I","Insert",NA,"E6BB0402","C",NA,"209.05|209.05||I|Standard Pricing|199.05|0.00|0.00|10.00|0.00","BRA504","2025-11-25 11:17:52.652"
"Price Code","U","Update","price","E6BB0402","C","209.05","234.05","BRA503","2026-02-12 05:18:08.370"
"Price Code","U","Update","price","E6BB0402","C","234.05","229.05","BRA504","2026-02-19 01:16:52.612"
"Price Code","U","Update","price","E6BB0402","C","229.05","254.05","BRA505","2026-02-22 12:51:10.919"
"Price Code","U","Update","price","E6BB0402","C","254.05","284.05","BRA507","2026-03-03 11:10:52.020"
"Price Code","U","Update","price","E6BB0402","C","284.05","314.05","BRA505","2026-03-15 07:31:15.193"
"Price Code","I","Insert",NA,"E6BB0402","D",NA,"165.68|165.68||I|Standard Pricing|155.68|0.00|0.00|10.00|0.00","BRA501","2025-11-02 05:33:43.602"
"Price Code","U","Update","price","E6BB0402","D","165.68","190.68","BRA501","2026-02-14 03:29:36.855"
"Price Code","U","Update","price","E6BB0402","D","190.68","200.68","BRA509","2026-03-02 17:58:51.942"
"Price Code","U","Update","price","E6BB0402","D","200.68","225.68","BRA503","2026-03-04 01:50:49.457"
"Price Code","U","Update","price","E6BB0402","D","225.68","220.68","BRA506","2026-03-23 22:54:27.047"
"Price Code","U","Update","price","E6BB0402","D","220.68","235.68","BRA500","2026-03-27 06:00:41.918"
"Price Code","I","Insert",NA,"E6BB0402","E",NA,"136.19|136.19||I|Standard Pricing|126.19|0.00|0.00|10.00|0.00","BRA504","2025-11-13 19:25:35.907"
"Price Code","U","Update","price","E6BB0402","E","136.19","156.19","BRA510","2026-02-01 16:36:12.302"
"Price Code","U","Update","price","E6BB0402","E","156.19","186.19","BRA506","2026-02-08 06:12:44.850"
"Price Code","U","Update","price","E6BB0402","E","186.19","211.19","BRA505","2026-03-04 18:10:18.443"
"Price Code","U","Update","price","E6BB0402","E","211.19","241.19","BRA504","2026-03-08 14:22:28.052"
"Price Code","I","Insert",NA,"E6BB0402","F",NA,"128.96|128.96||I|Standard Pricing|118.96|0.00|0.00|10.00|0.00","BRA510","2025-11-21 18:34:03.576"
"Price Code","U","Update","price","E6BB0402","F","128.96","138.96","BRA506","2026-01-16 03:37:59.973"
"Price Code","U","Update","price","E6BB0402","F","138.96","143.96","BRA509","2026-03-09 11:37:30.525"
"Price Code","U","Update","price","E6BB0402","F","143.96","168.96","BRA506","2026-03-09 23:45:30.010"
"Price Code","U","Update","price","E6BB0402","F","168.96","188.96","BRA509","2026-03-14 08:49:29.001"
"Price Code","I","Insert",NA,"E6BB0402","G",NA,"122.66|122.66||I|Standard Pricing|112.66|0.00|0.00|10.00|0.00","BRA502","2025-11-10 20:17:17.910"
"Price Code","U","Update","price","E6BB0402","G","122.66","127.66","BRA505","2026-03-08 22:26:24.902"
"Price Code","U","Update","price","E6BB0402","G","127.66","142.66","BRA506","2026-03-23 11:50:09.842"
"Price Code","U","Update","price","E6BB0402","G","142.66","162.66","BRA503","2026-03-25 22:28:08.386"
"Price Code","I","Insert",NA,"E6BB0402","H",NA,"97.3|97.3||I|Standard Pricing|87.3|0.00|0.00|10.00|0.00","BRA504","2025-11-14 19:31:15.245"
"Price Code","U","Update","price","E6BB0402","H","97.3","122.3","BRA503","2026-02-07 01:49:03.464"
"Price Code","U","Update","price","E6BB0402","H","122.3","147.3","BRA510","2026-02-15 06:19:15.007"
"Price Code","U","Update","price","E6BB0402","H","147.3","152.3","BRA501","2026-03-12 04:48:00.388"
"Price Code","I","Insert",NA,"E6BB0402","I",NA,"65.82|65.82||I|Standard Pricing|55.82|0.00|0.00|10.00|0.00","BRA506","2025-11-24 08:06:42.612"
"Price Code","U","Update","price","E6BB0402","I","65.82","50.82","BRA508","2026-01-31 20:12:29.743"
"Price Code","U","Update","price","E6BB0402","I","50.82","65.82","BRA505","2026-02-11 20:57:12.832"
"Price Code","I","Insert",NA,"E6BB0402","J",NA,"59.85|59.85||I|Standard Pricing|49.85|0.00|0.00|10.00|0.00","BRA509","2025-11-12 16:14:02.575"
"Price Code","U","Update","price","E6BB0402","J","59.85","69.85","BRA506","2026-02-19 01:39:38.638"
"Price Code","U","Update","price","E6BB0402","J","69.85","89.85","BRA503","2026-02-25 07:20:52.980"
"Price Code","I","Insert",NA,"E6BB0402","K",NA,"62.98|62.98||I|Standard Pricing|52.98|0.00|0.00|10.00|0.00","BRA500","2025-11-28 18:54:02.051"
"Price Code","U","Update","price","E6BB0402","K","62.98","77.98","BRA500","2026-01-17 07:03:21.550"
"Price Code","U","Update","price","E6BB0402","K","77.98","107.98","BRA508","2026-02-14 20:30:19.561"
"Price Code","U","Update","price","E6BB0402","K","107.98","97.98","BRA510","2026-02-17 10:01:58.175"
"Price Code","I","Insert",NA,"E6BB0402","L",NA,"48.32|48.32||I|Standard Pricing|38.32|0.00|0.00|10.00|0.00","BRA503","2025-11-15 17:46:51.439"
"Price Code","U","Update","price","E6BB0402","L","48.32","58.32","BRA500","2026-02-10 02:52:16.356"
"Price Code","U","Update","price","E6BB0402","L","58.32","53.32","BRA501","2026-03-02 12:32:11.824"
"Price Code","I","Insert",NA,"E6BB0402","M",NA,"33.82|33.82||I|Standard Pricing|23.82|0.00|0.00|10.00|0.00","BRA501","2025-11-05 16:04:32.889"
"Price Code","U","Update","price","E6BB0402","M","33.82","43.82","BRA500","2026-02-03 23:22:52.995"
"Price Code","U","Update","price","E6BB0402","M","43.82","48.82","BRA501","2026-02-24 22:04:45.841"
"Price Code","U","Update","price","E6BB0402","M","48.82","43.82","BRA501","2026-03-14 08:28:25.637"
"Price Code","U","Update","price","E6BB0402","M","43.82","53.82","BRA505","2026-03-17 08:00:09.744"
"Price Code","I","Insert",NA,"E6BB0402","N",NA,"28.62|28.62||I|Standard Pricing|18.62|0.00|0.00|10.00|0.00","BRA503","2025-12-10 09:06:17.901"
"Price Code","U","Update","price","E6BB0402","N","28.62","13.62","BRA502","2026-01-31 15:33:13.173"
"Price Code","U","Update","price","E6BB0402","N","13.62","18.62","BRA504","2026-03-16 05:14:12.564"
"Price Code","U","Update","price","E6BB0402","N","18.62","13.62","BRA503","2026-03-27 22:12:40.334"
"Price Code","U","Update","price","E6BB0402","N","13.62","18.62","BRA503","2026-04-01 13:19:50.831"
"Price Code","I","Insert",NA,"E6BB0402","O",NA,"24.92|24.92||I|Standard Pricing|14.92|0.00|0.00|10.00|0.00","BRA504","2025-11-18 07:18:30.666"
"Price Code","U","Update","price","E6BB0402","O","24.92","29.92","BRA506","2026-02-14 17:04:51.931"
"Price Code","U","Update","price","E6BB0402","O","29.92","39.92","BRA508","2026-02-25 12:25:21.166"
"Price Code","U","Update","price","E6BB0402","O","39.92","44.92","BRA500","2026-03-14 09:09:46.960"
"Price Code","U","Update","price","E6BB0402","O","44.92","54.92","BRA500","2026-03-16 10:35:55.736"
"Price Code","I","Insert",NA,"E6BB0403","A",NA,"263.87|263.87||I|Standard Pricing|253.87|0.00|0.00|10.00|0.00","BRA510","2025-11-04 09:13:18.864"
"Price Code","U","Update","price","E6BB0403","A","263.87","268.87","BRA507","2026-01-17 01:36:51.188"
"Price Code","U","Update","price","E6BB0403","A","268.87","258.87","BRA506","2026-01-24 13:20:07.725"
"Price Code","U","Update","price","E6BB0403","A","258.87","283.87","BRA503","2026-03-31 12:26:18.628"
"Price Code","I","Insert",NA,"E6BB0403","B",NA,"195.58|195.58||I|Standard Pricing|185.58|0.00|0.00|10.00|0.00","BRA501","2025-11-24 05:10:14.736"
"Price Code","U","Update","price","E6BB0403","B","195.58","215.58","BRA500","2026-01-16 02:44:07.014"
"Price Code","U","Update","price","E6BB0403","B","215.58","245.58","BRA504","2026-01-16 09:33:29.794"
"Price Code","U","Update","price","E6BB0403","B","245.58","230.58","BRA501","2026-01-19 15:13:16.174"
"Price Code","U","Update","price","E6BB0403","B","230.58","240.58","BRA501","2026-02-06 21:24:20.393"
"Price Code","U","Update","price","E6BB0403","B","240.58","255.58","BRA507","2026-03-21 11:29:04.328"
"Price Code","I","Insert",NA,"E6BB0403","C",NA,"222.56|222.56||I|Standard Pricing|212.56|0.00|0.00|10.00|0.00","BRA510","2025-12-12 00:09:06.298"
"Price Code","U","Update","price","E6BB0403","C","222.56","237.56","BRA510","2026-02-21 16:38:20.060"
"Price Code","U","Update","price","E6BB0403","C","237.56","222.56","BRA508","2026-03-21 12:18:21.297"
"Price Code","U","Update","price","E6BB0403","C","222.56","212.56","BRA502","2026-03-28 11:35:04.766"
"Price Code","I","Insert",NA,"E6BB0403","D",NA,"145.1|145.1||I|Standard Pricing|135.1|0.00|0.00|10.00|0.00","BRA508","2025-12-07 21:42:58.298"
"Price Code","U","Update","price","E6BB0403","D","145.1","140.1","BRA506","2026-01-27 08:59:25.944"
"Price Code","U","Update","price","E6BB0403","D","140.1","170.1","BRA506","2026-03-10 03:11:06.607"
"Price Code","U","Update","price","E6BB0403","D","170.1","195.1","BRA510","2026-03-17 04:26:18.428"
"Price Code","U","Update","price","E6BB0403","D","195.1","210.1","BRA502","2026-03-20 06:49:10.335"
"Price Code","I","Insert",NA,"E6BB0403","E",NA,"149.25|149.25||I|Standard Pricing|139.25|0.00|0.00|10.00|0.00","BRA504","2025-11-13 22:20:51.997"
"Price Code","U","Update","price","E6BB0403","E","149.25","179.25","BRA505","2026-01-19 05:35:26.775"
"Price Code","U","Update","price","E6BB0403","E","179.25","164.25","BRA506","2026-01-20 18:43:27.198"
"Price Code","U","Update","price","E6BB0403","E","164.25","189.25","BRA506","2026-01-27 16:35:11.288"
"Price Code","U","Update","price","E6BB0403","E","189.25","214.25","BRA500","2026-02-02 23:36:54.572"
"Price Code","U","Update","price","E6BB0403","E","214.25","239.25","BRA501","2026-03-18 23:21:27.436"
"Price Code","I","Insert",NA,"E6BB0403","F",NA,"111.77|111.77||I|Standard Pricing|101.77|0.00|0.00|10.00|0.00","BRA504","2025-12-11 22:20:41.685"
"Price Code","U","Update","price","E6BB0403","F","111.77","121.77","BRA506","2026-01-23 01:38:49.428"
"Price Code","U","Update","price","E6BB0403","F","121.77","141.77","BRA510","2026-02-06 13:09:35.276"
"Price Code","I","Insert",NA,"E6BB0403","G",NA,"94.83|94.83||I|Standard Pricing|84.83|0.00|0.00|10.00|0.00","BRA510","2025-11-29 11:43:23.561"
"Price Code","U","Update","price","E6BB0403","G","94.83","114.83","BRA507","2026-02-07 16:42:39.654"
"Price Code","U","Update","price","E6BB0403","G","114.83","119.83","BRA504","2026-02-22 07:16:59.716"
"Price Code","I","Insert",NA,"E6BB0403","H",NA,"104.53|104.53||I|Standard Pricing|94.53|0.00|0.00|10.00|0.00","BRA507","2025-11-24 09:11:06.101"
"Price Code","U","Update","price","E6BB0403","H","104.53","129.53","BRA509","2026-02-05 06:31:47.537"
"Price Code","U","Update","price","E6BB0403","H","129.53","149.53","BRA500","2026-03-02 10:27:07.672"
"Price Code","U","Update","price","E6BB0403","H","149.53","134.53","BRA506","2026-03-04 01:51:53.751"
"Price Code","U","Update","price","E6BB0403","H","134.53","139.53","BRA505","2026-03-12 16:41:07.177"
"Price Code","U","Update","price","E6BB0403","H","139.53","134.53","BRA506","2026-03-29 10:16:26.441"
"Price Code","I","Insert",NA,"E6BB0403","I",NA,"79.98|79.98||I|Standard Pricing|69.98|0.00|0.00|10.00|0.00","BRA510","2025-12-11 01:35:12.260"
"Price Code","U","Update","price","E6BB0403","I","79.98","104.98","BRA502","2026-03-03 19:43:43.201"
"Price Code","U","Update","price","E6BB0403","I","104.98","124.98","BRA505","2026-03-26 11:04:25.958"
"Price Code","I","Insert",NA,"E6BB0403","J",NA,"71.43|71.43||I|Standard Pricing|61.43|0.00|0.00|10.00|0.00","BRA506","2025-11-22 18:53:25.360"
"Price Code","U","Update","price","E6BB0403","J","71.43","61.43","BRA500","2026-01-18 14:02:31.388"
"Price Code","U","Update","price","E6BB0403","J","61.43","71.43","BRA508","2026-01-27 15:21:27.498"
"Price Code","U","Update","price","E6BB0403","J","71.43","91.43","BRA508","2026-03-13 17:07:21.474"
"Price Code","U","Update","price","E6BB0403","J","91.43","81.43","BRA508","2026-03-29 16:08:56.472"
"Price Code","I","Insert",NA,"E6BB0403","K",NA,"52.31|52.31||I|Standard Pricing|42.31|0.00|0.00|10.00|0.00","BRA504","2025-11-01 23:02:56.291"
"Price Code","U","Update","price","E6BB0403","K","52.31","57.31","BRA504","2026-01-23 14:23:14.912"
"Price Code","U","Update","price","E6BB0403","K","57.31","42.31","BRA509","2026-03-11 17:21:30.737"
"Price Code","U","Update","price","E6BB0403","K","42.31","72.31","BRA502","2026-03-11 22:38:03.597"
"Price Code","I","Insert",NA,"E6BB0403","L",NA,"47.61|47.61||I|Standard Pricing|37.61|0.00|0.00|10.00|0.00","BRA502","2025-11-25 07:19:12.782"
"Price Code","U","Update","price","E6BB0403","L","47.61","57.61","BRA508","2026-02-19 15:42:26.928"
"Price Code","U","Update","price","E6BB0403","L","57.61","87.61","BRA506","2026-03-04 01:44:17.266"
"Price Code","I","Insert",NA,"E6BB0403","M",NA,"35.47|35.47||I|Standard Pricing|25.47|0.00|0.00|10.00|0.00","BRA507","2025-11-04 20:50:56.768"
"Price Code","U","Update","price","E6BB0403","M","35.47","50.47","BRA500","2026-01-17 06:40:09.842"
"Price Code","U","Update","price","E6BB0403","M","50.47","60.47","BRA504","2026-02-26 05:06:23.580"
"Price Code","I","Insert",NA,"E6BB0403","N",NA,"27.58|27.58||I|Standard Pricing|17.58|0.00|0.00|10.00|0.00","BRA500","2025-12-13 01:02:34.102"
"Price Code","U","Update","price","E6BB0403","N","27.58","47.58","BRA502","2026-01-22 22:12:19.212"
"Price Code","U","Update","price","E6BB0403","N","47.58","57.58","BRA502","2026-02-24 21:32:09.856"
"Price Code","U","Update","price","E6BB0403","N","57.58","82.58","BRA501","2026-03-02 05:29:33.843"
"Price Code","U","Update","price","E6BB0403","N","82.58","97.58","BRA508","2026-03-14 02:59:33.518"
"Price Code","I","Insert",NA,"E6BB0403","O",NA,"24.22|24.22||I|Standard Pricing|14.22|0.00|0.00|10.00|0.00","BRA504","2025-12-06 00:02:50.217"
"Price Code","U","Update","price","E6BB0403","O","24.22","54.22","BRA504","2026-02-18 14:38:57.634"
"Price Code","U","Update","price","E6BB0403","O","54.22","69.22","BRA501","2026-03-12 11:16:54.549"
"Price Code","I","Insert",NA,"E6BB0404","A",NA,"265.32|265.32||I|Standard Pricing|255.32|0.00|0.00|10.00|0.00","BRA502","2025-11-24 22:15:11.410"
"Price Code","U","Update","price","E6BB0404","A","265.32","295.32","BRA503","2026-02-21 10:38:22.826"
"Price Code","U","Update","price","E6BB0404","A","295.32","325.32","BRA510","2026-03-17 12:37:27.666"
"Price Code","I","Insert",NA,"E6BB0404","B",NA,"249.37|249.37||I|Standard Pricing|239.37|0.00|0.00|10.00|0.00","BRA506","2025-11-04 19:17:41.987"
"Price Code","U","Update","price","E6BB0404","B","249.37","244.37","BRA506","2026-01-30 03:46:51.164"
"Price Code","U","Update","price","E6BB0404","B","244.37","234.37","BRA510","2026-02-14 20:08:53.978"
"Price Code","U","Update","price","E6BB0404","B","234.37","249.37","BRA508","2026-03-01 01:53:40.477"
"Price Code","U","Update","price","E6BB0404","B","249.37","279.37","BRA507","2026-03-13 20:16:13.136"
"Price Code","I","Insert",NA,"E6BB0404","C",NA,"195.94|195.94||I|Standard Pricing|185.94|0.00|0.00|10.00|0.00","BRA504","2025-11-25 13:05:48.803"
"Price Code","U","Update","price","E6BB0404","C","195.94","215.94","BRA507","2026-02-02 04:03:36.148"
"Price Code","U","Update","price","E6BB0404","C","215.94","220.94","BRA509","2026-02-10 06:32:32.612"
"Price Code","U","Update","price","E6BB0404","C","220.94","225.94","BRA501","2026-02-18 17:27:14.995"
"Price Code","U","Update","price","E6BB0404","C","225.94","240.94","BRA508","2026-03-02 15:52:05.553"
"Price Code","U","Update","price","E6BB0404","C","240.94","250.94","BRA504","2026-03-31 14:10:28.664"
"Price Code","I","Insert",NA,"E6BB0404","D",NA,"179.9|179.9||I|Standard Pricing|169.9|0.00|0.00|10.00|0.00","BRA509","2025-11-17 10:44:08.995"
"Price Code","U","Update","price","E6BB0404","D","179.9","199.9","BRA503","2026-01-29 09:26:27.580"
"Price Code","U","Update","price","E6BB0404","D","199.9","209.9","BRA510","2026-02-05 20:36:04.757"
"Price Code","U","Update","price","E6BB0404","D","209.9","214.9","BRA507","2026-02-15 01:46:59.821"
"Price Code","U","Update","price","E6BB0404","D","214.9","224.9","BRA500","2026-02-17 13:39:44.087"
"Price Code","U","Update","price","E6BB0404","D","224.9","229.9","BRA501","2026-03-16 02:00:55.093"
"Price Code","I","Insert",NA,"E6BB0404","E",NA,"151.54|151.54||I|Standard Pricing|141.54|0.00|0.00|10.00|0.00","BRA502","2025-11-28 16:03:26.538"
"Price Code","U","Update","price","E6BB0404","E","151.54","156.54","BRA504","2026-01-22 21:49:17.856"
"Price Code","U","Update","price","E6BB0404","E","156.54","181.54","BRA507","2026-03-01 08:06:27.259"
"Price Code","U","Update","price","E6BB0404","E","181.54","171.54","BRA509","2026-03-03 19:41:58.729"
"Price Code","U","Update","price","E6BB0404","E","171.54","161.54","BRA510","2026-03-12 09:03:47.820"
"Price Code","U","Update","price","E6BB0404","E","161.54","171.54","BRA502","2026-03-31 23:02:16.691"
"Price Code","I","Insert",NA,"E6BB0404","F",NA,"129.55|129.55||I|Standard Pricing|119.55|0.00|0.00|10.00|0.00","BRA505","2025-11-23 18:28:18.282"
"Price Code","U","Update","price","E6BB0404","F","129.55","159.55","BRA509","2026-01-15 15:36:47.723"
"Price Code","U","Update","price","E6BB0404","F","159.55","179.55","BRA510","2026-02-09 02:53:59.360"
"Price Code","U","Update","price","E6BB0404","F","179.55","189.55","BRA507","2026-03-06 11:18:03.858"
"Price Code","U","Update","price","E6BB0404","F","189.55","214.55","BRA506","2026-03-24 18:48:33.643"
"Price Code","U","Update","price","E6BB0404","F","214.55","229.55","BRA507","2026-04-01 09:43:28.887"
"Price Code","I","Insert",NA,"E6BB0404","G",NA,"113.83|113.83||I|Standard Pricing|103.83|0.00|0.00|10.00|0.00","BRA501","2025-12-02 05:24:02.482"
"Price Code","U","Update","price","E6BB0404","G","113.83","98.83","BRA506","2026-02-04 21:03:38.648"
"Price Code","U","Update","price","E6BB0404","G","98.83","103.83","BRA508","2026-03-27 18:31:52.941"
"Price Code","U","Update","price","E6BB0404","G","103.83","123.83","BRA507","2026-03-30 01:22:49.489"
"Price Code","I","Insert",NA,"E6BB0404","H",NA,"100.9|100.9||I|Standard Pricing|90.9|0.00|0.00|10.00|0.00","BRA505","2025-12-01 02:29:01.898"
"Price Code","U","Update","price","E6BB0404","H","100.9","125.9","BRA508","2026-02-18 21:51:48.643"
"Price Code","U","Update","price","E6BB0404","H","125.9","145.9","BRA501","2026-02-25 11:44:02.330"
"Price Code","U","Update","price","E6BB0404","H","145.9","140.9","BRA500","2026-03-20 13:02:19.108"
"Price Code","U","Update","price","E6BB0404","H","140.9","150.9","BRA500","2026-03-21 05:57:30.501"
"Price Code","U","Update","price","E6BB0404","H","150.9","180.9","BRA510","2026-03-28 16:36:33.708"
"Price Code","I","Insert",NA,"E6BB0404","I",NA,"69.49|69.49||I|Standard Pricing|59.49|0.00|0.00|10.00|0.00","BRA509","2025-11-07 15:51:15.913"
"Price Code","U","Update","price","E6BB0404","I","69.49","89.49","BRA500","2026-02-17 07:49:19.070"
"Price Code","U","Update","price","E6BB0404","I","89.49","104.49","BRA508","2026-02-20 12:56:00.638"
"Price Code","I","Insert",NA,"E6BB0404","J",NA,"69.45|69.45||I|Standard Pricing|59.45|0.00|0.00|10.00|0.00","BRA502","2025-12-12 14:27:46.058"
"Price Code","U","Update","price","E6BB0404","J","69.45","84.45","BRA506","2026-02-05 20:41:35.418"
"Price Code","U","Update","price","E6BB0404","J","84.45","99.45","BRA507","2026-02-24 23:11:49.201"
"Price Code","U","Update","price","E6BB0404","J","99.45","109.45","BRA501","2026-03-30 06:28:49.436"
"Price Code","I","Insert",NA,"E6BB0404","K",NA,"56.78|56.78||I|Standard Pricing|46.78|0.00|0.00|10.00|0.00","BRA506","2025-11-17 22:19:01.262"
"Price Code","U","Update","price","E6BB0404","K","56.78","86.78","BRA500","2026-03-24 23:27:58.110"
"Price Code","U","Update","price","E6BB0404","K","86.78","91.78","BRA508","2026-03-27 21:35:46.834"
"Price Code","I","Insert",NA,"E6BB0404","L",NA,"50.18|50.18||I|Standard Pricing|40.18|0.00|0.00|10.00|0.00","BRA507","2025-12-03 01:06:04.396"
"Price Code","U","Update","price","E6BB0404","L","50.18","45.18","BRA501","2026-01-18 05:03:56.360"
"Price Code","U","Update","price","E6BB0404","L","45.18","35.18","BRA507","2026-01-20 05:54:55.077"
"Price Code","U","Update","price","E6BB0404","L","35.18","55.18","BRA503","2026-02-27 00:24:43.142"
"Price Code","U","Update","price","E6BB0404","L","55.18","85.18","BRA501","2026-03-13 23:24:41.797"
"Price Code","U","Update","price","E6BB0404","L","85.18","90.18","BRA504","2026-03-21 04:00:36.356"
"Price Code","I","Insert",NA,"E6BB0404","M",NA,"38.11|38.11||I|Standard Pricing|28.11|0.00|0.00|10.00|0.00","BRA509","2025-12-02 01:45:34.810"
"Price Code","U","Update","price","E6BB0404","M","38.11","63.11","BRA501","2026-03-15 18:08:11.277"
"Price Code","U","Update","price","E6BB0404","M","63.11","83.11","BRA505","2026-03-17 12:20:37.434"
"Price Code","I","Insert",NA,"E6BB0404","N",NA,"29.17|29.17||I|Standard Pricing|19.17|0.00|0.00|10.00|0.00","BRA502","2025-12-11 15:51:15.340"
"Price Code","U","Update","price","E6BB0404","N","29.17","49.17","BRA503","2026-02-19 11:46:19.880"
"Price Code","U","Update","price","E6BB0404","N","49.17","39.17","BRA504","2026-03-25 02:15:47.788"
"Price Code","I","Insert",NA,"E6BB0405","A",NA,"282.78|282.78||I|Standard Pricing|272.78|0.00|0.00|10.00|0.00","BRA505","2025-11-20 02:02:19.252"
"Price Code","U","Update","price","E6BB0405","A","282.78","302.78","BRA504","2026-01-23 21:03:13.257"
"Price Code","U","Update","price","E6BB0405","A","302.78","322.78","BRA503","2026-02-28 10:31:57.399"
"Price Code","U","Update","price","E6BB0405","A","322.78","347.78","BRA509","2026-02-28 13:34:02.196"
"Price Code","U","Update","price","E6BB0405","A","347.78","377.78","BRA505","2026-03-03 08:46:46.281"
"Price Code","U","Update","price","E6BB0405","A","377.78","367.78","BRA508","2026-03-13 19:32:43.665"
"Price Code","I","Insert",NA,"E6BB0405","B",NA,"221.41|221.41||I|Standard Pricing|211.41|0.00|0.00|10.00|0.00","BRA500","2025-11-21 04:41:12.431"
"Price Code","U","Update","price","E6BB0405","B","221.41","246.41","BRA501","2026-01-21 17:04:06.361"
"Price Code","U","Update","price","E6BB0405","B","246.41","236.41","BRA508","2026-02-09 21:19:45.753"
"Price Code","I","Insert",NA,"E6BB0405","C",NA,"180.6|180.6||I|Standard Pricing|170.6|0.00|0.00|10.00|0.00","BRA501","2025-11-07 07:20:32.476"
"Price Code","U","Update","price","E6BB0405","C","180.6","210.6","BRA500","2026-02-12 09:13:18.271"
"Price Code","U","Update","price","E6BB0405","C","210.6","215.6","BRA507","2026-02-23 03:08:02.028"
"Price Code","U","Update","price","E6BB0405","C","215.6","245.6","BRA509","2026-04-03 21:12:02.666"
"Price Code","I","Insert",NA,"E6BB0405","D",NA,"190.03|190.03||I|Standard Pricing|180.03|0.00|0.00|10.00|0.00","BRA500","2025-12-01 14:38:22.338"
"Price Code","U","Update","price","E6BB0405","D","190.03","200.03","BRA508","2026-01-31 19:40:52.251"
"Price Code","U","Update","price","E6BB0405","D","200.03","230.03","BRA503","2026-02-21 04:42:59.499"
"Price Code","U","Update","price","E6BB0405","D","230.03","215.03","BRA504","2026-03-28 00:46:12.337"
"Price Code","U","Update","price","E6BB0405","D","215.03","245.03","BRA506","2026-04-03 07:16:23.811"
"Price Code","I","Insert",NA,"E6BB0405","E",NA,"131.41|131.41||I|Standard Pricing|121.41|0.00|0.00|10.00|0.00","BRA503","2025-11-04 02:05:29.244"
"Price Code","U","Update","price","E6BB0405","E","131.41","156.41","BRA502","2026-02-09 19:38:29.477"
"Price Code","U","Update","price","E6BB0405","E","156.41","186.41","BRA502","2026-03-04 12:10:24.320"
"Price Code","I","Insert",NA,"E6BB0405","F",NA,"117.67|117.67||I|Standard Pricing|107.67|0.00|0.00|10.00|0.00","BRA508","2025-11-25 13:00:23.388"
"Price Code","U","Update","price","E6BB0405","F","117.67","112.67","BRA504","2026-01-23 03:13:55.396"
"Price Code","U","Update","price","E6BB0405","F","112.67","137.67","BRA504","2026-01-26 16:12:39.271"
"Price Code","U","Update","price","E6BB0405","F","137.67","127.67","BRA502","2026-02-24 01:55:44.009"
"Price Code","U","Update","price","E6BB0405","F","127.67","147.67","BRA503","2026-03-18 12:27:34.098"
"Price Code","U","Update","price","E6BB0405","F","147.67","157.67","BRA503","2026-03-30 10:39:42.506"
"Price Code","I","Insert",NA,"E6BB0405","G",NA,"122.42|122.42||I|Standard Pricing|112.42|0.00|0.00|10.00|0.00","BRA504","2025-12-16 01:04:41.880"
"Price Code","U","Update","price","E6BB0405","G","122.42","132.42","BRA503","2026-01-21 20:36:58.921"
"Price Code","U","Update","price","E6BB0405","G","132.42","137.42","BRA508","2026-01-22 21:31:22.208"
"Price Code","I","Insert",NA,"E6BB0405","H",NA,"104.05|104.05||I|Standard Pricing|94.05|0.00|0.00|10.00|0.00","BRA501","2025-12-15 11:05:40.430"
"Price Code","U","Update","price","E6BB0405","H","104.05","134.05","BRA508","2026-01-23 12:00:02.043"
"Price Code","U","Update","price","E6BB0405","H","134.05","149.05","BRA500","2026-02-27 16:27:11.452"
"Price Code","U","Update","price","E6BB0405","H","149.05","144.05","BRA502","2026-03-30 20:15:57.028"
"Price Code","I","Insert",NA,"E6BB0405","I",NA,"64.46|64.46||I|Standard Pricing|54.46|0.00|0.00|10.00|0.00","BRA502","2025-11-16 10:19:53.791"
"Price Code","U","Update","price","E6BB0405","I","64.46","84.46","BRA504","2026-01-22 00:28:47.412"
"Price Code","U","Update","price","E6BB0405","I","84.46","94.46","BRA503","2026-01-27 16:14:41.507"
"Price Code","U","Update","price","E6BB0405","I","94.46","99.46","BRA502","2026-02-18 10:39:23.488"
"Price Code","U","Update","price","E6BB0405","I","99.46","84.46","BRA505","2026-03-02 02:31:16.653"
"Price Code","U","Update","price","E6BB0405","I","84.46","109.46","BRA508","2026-03-29 20:45:21.372"
"Price Code","I","Insert",NA,"E6BB0405","J",NA,"65.67|65.67||I|Standard Pricing|55.67|0.00|0.00|10.00|0.00","BRA501","2025-12-07 14:29:06.959"
"Price Code","U","Update","price","E6BB0405","J","65.67","90.67","BRA506","2026-01-27 09:19:57.490"
"Price Code","U","Update","price","E6BB0405","J","90.67","110.67","BRA506","2026-03-22 15:05:54.749"
"Price Code","U","Update","price","E6BB0405","J","110.67","95.67","BRA505","2026-03-28 04:01:17.248"
"Price Code","U","Update","price","E6BB0405","J","95.67","100.67","BRA501","2026-03-30 04:29:50.057"
"Price Code","U","Update","price","E6BB0405","J","100.67","130.67","BRA510","2026-04-03 02:41:34.327"
"Price Code","I","Insert",NA,"E6BB0405","K",NA,"61.04|61.04||I|Standard Pricing|51.04|0.00|0.00|10.00|0.00","BRA501","2025-11-19 09:16:03.304"
"Price Code","U","Update","price","E6BB0405","K","61.04","56.04","BRA506","2026-01-30 20:13:57.395"
"Price Code","U","Update","price","E6BB0405","K","56.04","61.04","BRA505","2026-02-14 03:34:15.223"
"Price Code","U","Update","price","E6BB0405","K","61.04","66.04","BRA504","2026-02-18 10:30:26.583"
"Price Code","U","Update","price","E6BB0405","K","66.04","71.04","BRA507","2026-02-22 21:20:49.442"
"Price Code","U","Update","price","E6BB0405","K","71.04","81.04","BRA507","2026-02-24 17:21:16.296"
"Price Code","I","Insert",NA,"E6BB0405","L",NA,"41.43|41.43||I|Standard Pricing|31.43|0.00|0.00|10.00|0.00","BRA510","2025-12-06 19:15:30.978"
"Price Code","U","Update","price","E6BB0405","L","41.43","51.43","BRA503","2026-01-31 12:08:17.456"
"Price Code","U","Update","price","E6BB0405","L","51.43","76.43","BRA504","2026-02-21 10:23:45.620"
"Price Code","U","Update","price","E6BB0405","L","76.43","71.43","BRA502","2026-03-27 22:19:57.825"
"Price Code","I","Insert",NA,"E6BB0406","A",NA,"230.21|230.21||I|Standard Pricing|220.21|0.00|0.00|10.00|0.00","BRA501","2025-12-02 20:54:19.765"
"Price Code","U","Update","price","E6BB0406","A","230.21","255.21","BRA507","2026-01-27 14:31:18.966"
"Price Code","U","Update","price","E6BB0406","A","255.21","245.21","BRA503","2026-03-02 14:21:10.582"
"Price Code","I","Insert",NA,"E6BB0406","B",NA,"210.01|210.01||I|Standard Pricing|200.01|0.00|0.00|10.00|0.00","BRA501","2025-11-20 03:12:24.030"
"Price Code","U","Update","price","E6BB0406","B","210.01","205.01","BRA509","2026-02-01 16:09:33.956"
"Price Code","U","Update","price","E6BB0406","B","205.01","230.01","BRA505","2026-02-02 16:46:12.934"
"Price Code","U","Update","price","E6BB0406","B","230.01","255.01","BRA503","2026-02-15 15:54:15.877"
"Price Code","U","Update","price","E6BB0406","B","255.01","270.01","BRA504","2026-03-26 22:04:53.126"
"Price Code","I","Insert",NA,"E6BB0406","C",NA,"169.77|169.77||I|Standard Pricing|159.77|0.00|0.00|10.00|0.00","BRA503","2025-12-04 04:53:07.205"
"Price Code","U","Update","price","E6BB0406","C","169.77","174.77","BRA501","2026-02-11 21:43:19.864"
"Price Code","U","Update","price","E6BB0406","C","174.77","194.77","BRA503","2026-02-27 06:23:13.475"
"Price Code","U","Update","price","E6BB0406","C","194.77","179.77","BRA501","2026-02-28 01:25:57.849"
"Price Code","I","Insert",NA,"E6BB0406","D",NA,"195.14|195.14||I|Standard Pricing|185.14|0.00|0.00|10.00|0.00","BRA509","2025-11-10 08:09:54.688"
"Price Code","U","Update","price","E6BB0406","D","195.14","185.14","BRA507","2026-02-14 05:33:43.552"
"Price Code","U","Update","price","E6BB0406","D","185.14","210.14","BRA503","2026-02-15 09:19:31.008"
"Price Code","U","Update","price","E6BB0406","D","210.14","230.14","BRA507","2026-03-10 15:20:16.794"
"Price Code","I","Insert",NA,"E6BB0406","E",NA,"164.17|164.17||I|Standard Pricing|154.17|0.00|0.00|10.00|0.00","BRA504","2025-11-28 10:59:48.815"
"Price Code","U","Update","price","E6BB0406","E","164.17","184.17","BRA508","2026-02-21 12:37:20.552"
"Price Code","U","Update","price","E6BB0406","E","184.17","189.17","BRA510","2026-02-25 08:51:49.174"
"Price Code","U","Update","price","E6BB0406","E","189.17","199.17","BRA508","2026-03-17 22:55:35.259"
"Price Code","U","Update","price","E6BB0406","E","199.17","184.17","BRA507","2026-03-27 01:14:09.982"
"Price Code","U","Update","price","E6BB0406","E","184.17","194.17","BRA506","2026-03-31 23:12:45.192"
"Price Code","I","Insert",NA,"E6BB0406","F",NA,"141.71|141.71||I|Standard Pricing|131.71|0.00|0.00|10.00|0.00","BRA504","2025-12-08 07:49:19.273"
"Price Code","U","Update","price","E6BB0406","F","141.71","126.71","BRA500","2026-01-24 18:30:02.358"
"Price Code","U","Update","price","E6BB0406","F","126.71","141.71","BRA506","2026-03-12 18:28:59.579"
"Price Code","I","Insert",NA,"E6BB0406","G",NA,"112.07|112.07||I|Standard Pricing|102.07|0.00|0.00|10.00|0.00","BRA504","2025-11-22 09:54:10.548"
"Price Code","U","Update","price","E6BB0406","G","112.07","132.07","BRA505","2026-01-22 05:58:55.270"
"Price Code","U","Update","price","E6BB0406","G","132.07","142.07","BRA507","2026-01-22 13:52:48.771"
"Price Code","U","Update","price","E6BB0406","G","142.07","162.07","BRA507","2026-02-28 14:13:16.194"
"Price Code","U","Update","price","E6BB0406","G","162.07","157.07","BRA500","2026-03-15 12:49:34.982"
"Price Code","I","Insert",NA,"E6BB0406","H",NA,"104.32|104.32||I|Standard Pricing|94.32|0.00|0.00|10.00|0.00","BRA508","2025-12-04 09:35:27.564"
"Price Code","U","Update","price","E6BB0406","H","104.32","134.32","BRA508","2026-01-29 18:54:10.504"
"Price Code","U","Update","price","E6BB0406","H","134.32","124.32","BRA501","2026-02-08 22:16:23.864"
"Price Code","U","Update","price","E6BB0406","H","124.32","119.32","BRA509","2026-03-30 04:38:01.960"
"Price Code","I","Insert",NA,"E6BB0406","I",NA,"68.74|68.74||I|Standard Pricing|58.74|0.00|0.00|10.00|0.00","BRA501","2025-11-08 20:15:38.286"
"Price Code","U","Update","price","E6BB0406","I","68.74","73.74","BRA510","2026-01-15 16:35:50.755"
"Price Code","U","Update","price","E6BB0406","I","73.74","68.74","BRA506","2026-02-12 23:54:59.744"
"Price Code","U","Update","price","E6BB0406","I","68.74","98.74","BRA503","2026-03-02 01:51:58.166"
"Price Code","U","Update","price","E6BB0406","I","98.74","108.74","BRA509","2026-03-09 22:08:46.087"
"Price Code","U","Update","price","E6BB0406","I","108.74","113.74","BRA501","2026-03-25 02:43:04.581"
"Price Code","I","Insert",NA,"E6BB0406","J",NA,"71.74|71.74||I|Standard Pricing|61.74|0.00|0.00|10.00|0.00","BRA501","2025-11-12 21:24:19.956"
"Price Code","U","Update","price","E6BB0406","J","71.74","101.74","BRA505","2026-01-28 18:37:59.299"
"Price Code","U","Update","price","E6BB0406","J","101.74","131.74","BRA510","2026-02-16 15:59:57.417"
"Price Code","U","Update","price","E6BB0406","J","131.74","146.74","BRA506","2026-03-15 13:42:41.894"
"Price Code","I","Insert",NA,"E6BB0406","K",NA,"63|63||I|Standard Pricing|53|0.00|0.00|10.00|0.00","BRA503","2025-11-03 04:06:06.597"
"Price Code","U","Update","price","E6BB0406","K","63","68","BRA510","2026-01-29 18:11:05.252"
"Price Code","U","Update","price","E6BB0406","K","68","98","BRA507","2026-02-07 04:17:48.970"
"Price Code","U","Update","price","E6BB0406","K","98","103","BRA507","2026-02-21 15:13:58.859"
"Price Code","U","Update","price","E6BB0406","K","103","88","BRA503","2026-02-28 16:38:24.645"
"Price Code","I","Insert",NA,"E6BB0406","L",NA,"42.36|42.36||I|Standard Pricing|32.36|0.00|0.00|10.00|0.00","BRA509","2025-11-25 00:11:21.763"
"Price Code","U","Update","price","E6BB0406","L","42.36","57.36","BRA506","2026-03-14 18:39:40.785"
"Price Code","U","Update","price","E6BB0406","L","57.36","82.36","BRA509","2026-03-25 21:26:05.339"
"Price Code","I","Insert",NA,"E6BB0408","A",NA,"228.71|228.71||I|Standard Pricing|218.71|0.00|0.00|10.00|0.00","BRA504","2025-12-12 06:57:30.529"
"Price Code","U","Update","price","E6BB0408","A","228.71","218.71","BRA509","2026-02-08 03:04:20.284"
"Price Code","U","Update","price","E6BB0408","A","218.71","248.71","BRA504","2026-02-21 23:42:34.689"
"Price Code","U","Update","price","E6BB0408","A","248.71","258.71","BRA509","2026-03-05 19:39:06.841"
"Price Code","U","Update","price","E6BB0408","A","258.71","263.71","BRA508","2026-04-05 13:39:29.062"
"Price Code","I","Insert",NA,"E6BB0408","B",NA,"214.45|214.45||I|Standard Pricing|204.45|0.00|0.00|10.00|0.00","BRA502","2025-11-20 16:29:30.516"
"Price Code","U","Update","price","E6BB0408","B","214.45","229.45","BRA502","2026-01-16 14:47:18.383"
"Price Code","U","Update","price","E6BB0408","B","229.45","259.45","BRA502","2026-01-29 07:15:14.158"
"Price Code","I","Insert",NA,"E6BB0408","C",NA,"217.32|217.32||I|Standard Pricing|207.32|0.00|0.00|10.00|0.00","BRA504","2025-12-02 23:43:15.048"
"Price Code","U","Update","price","E6BB0408","C","217.32","207.32","BRA505","2026-03-06 14:17:54.192"
"Price Code","U","Update","price","E6BB0408","C","207.32","217.32","BRA503","2026-03-08 06:19:03.171"
"Price Code","I","Insert",NA,"E6BB0408","D",NA,"148.82|148.82||I|Standard Pricing|138.82|0.00|0.00|10.00|0.00","BRA500","2025-11-18 19:04:24.887"
"Price Code","U","Update","price","E6BB0408","D","148.82","173.82","BRA506","2026-03-03 10:25:50.573"
"Price Code","U","Update","price","E6BB0408","D","173.82","158.82","BRA510","2026-03-05 20:38:21.174"
"Price Code","U","Update","price","E6BB0408","D","158.82","168.82","BRA504","2026-03-05 20:48:23.913"
"Price Code","U","Update","price","E6BB0408","D","168.82","153.82","BRA508","2026-04-02 08:41:29.483"
"Price Code","I","Insert",NA,"E6BB0408","E",NA,"129.65|129.65||I|Standard Pricing|119.65|0.00|0.00|10.00|0.00","BRA510","2025-12-06 00:12:40.580"
"Price Code","U","Update","price","E6BB0408","E","129.65","159.65","BRA500","2026-03-22 07:19:14.796"
"Price Code","U","Update","price","E6BB0408","E","159.65","149.65","BRA507","2026-03-30 02:42:29.245"
"Price Code","I","Insert",NA,"E6BB0408","F",NA,"107.94|107.94||I|Standard Pricing|97.94|0.00|0.00|10.00|0.00","BRA501","2025-12-06 01:08:33.726"
"Price Code","U","Update","price","E6BB0408","F","107.94","92.94","BRA505","2026-02-22 12:07:30.914"
"Price Code","U","Update","price","E6BB0408","F","92.94","107.94","BRA503","2026-03-24 16:04:27.913"
"Price Code","I","Insert",NA,"E6BB0408","G",NA,"122.06|122.06||I|Standard Pricing|112.06|0.00|0.00|10.00|0.00","BRA503","2025-12-02 18:17:34.022"
"Price Code","U","Update","price","E6BB0408","G","122.06","152.06","BRA509","2026-02-06 21:48:10.405"
"Price Code","U","Update","price","E6BB0408","G","152.06","162.06","BRA505","2026-03-04 22:43:03.145"
"Price Code","U","Update","price","E6BB0408","G","162.06","167.06","BRA506","2026-03-06 23:52:25.446"
"Price Code","U","Update","price","E6BB0408","G","167.06","182.06","BRA501","2026-03-07 17:01:21.155"
"Price Code","U","Update","price","E6BB0408","G","182.06","212.06","BRA505","2026-04-02 12:21:18.676"
"Price Code","I","Insert",NA,"E6BB0408","H",NA,"91.64|91.64||I|Standard Pricing|81.64|0.00|0.00|10.00|0.00","BRA503","2025-11-23 00:29:32.219"
"Price Code","U","Update","price","E6BB0408","H","91.64","76.64","BRA500","2026-01-17 11:08:05.992"
"Price Code","U","Update","price","E6BB0408","H","76.64","101.64","BRA510","2026-01-31 13:55:31.998"
"Price Code","U","Update","price","E6BB0408","H","101.64","126.64","BRA510","2026-02-12 23:44:24.622"
"Price Code","U","Update","price","E6BB0408","H","126.64","131.64","BRA502","2026-02-15 13:17:57.134"
"Price Code","U","Update","price","E6BB0408","H","131.64","136.64","BRA502","2026-03-04 18:16:33.105"
"Price Code","I","Insert",NA,"E6BB0408","I",NA,"77.47|77.47||I|Standard Pricing|67.47|0.00|0.00|10.00|0.00","BRA503","2025-11-22 10:06:57.021"
"Price Code","U","Update","price","E6BB0408","I","77.47","92.47","BRA505","2026-01-28 22:11:17.174"
"Price Code","U","Update","price","E6BB0408","I","92.47","102.47","BRA502","2026-02-21 11:32:55.354"
"Price Code","I","Insert",NA,"E6BB0408","J",NA,"60.33|60.33||I|Standard Pricing|50.33|0.00|0.00|10.00|0.00","BRA508","2025-11-07 10:49:06.913"
"Price Code","U","Update","price","E6BB0408","J","60.33","70.33","BRA501","2026-01-25 10:06:27.295"
"Price Code","U","Update","price","E6BB0408","J","70.33","75.33","BRA500","2026-01-28 14:42:54.207"
"Price Code","U","Update","price","E6BB0408","J","75.33","105.33","BRA507","2026-02-02 07:26:10.160"
"Price Code","U","Update","price","E6BB0408","J","105.33","90.33","BRA501","2026-02-08 22:44:48.614"
"Price Code","U","Update","price","E6BB0408","J","90.33","120.33","BRA508","2026-02-10 11:41:56.128"
"Price Code","I","Insert",NA,"E6BB0408","K",NA,"52.05|52.05||I|Standard Pricing|42.05|0.00|0.00|10.00|0.00","BRA502","2025-11-28 05:22:10.246"
"Price Code","U","Update","price","E6BB0408","K","52.05","42.05","BRA505","2026-02-17 17:35:54.678"
"Price Code","U","Update","price","E6BB0408","K","42.05","72.05","BRA509","2026-02-24 12:37:22.765"
"Price Code","I","Insert",NA,"E6BB0408","L",NA,"51|51||I|Standard Pricing|41|0.00|0.00|10.00|0.00","BRA508","2025-11-23 18:48:42.205"
"Price Code","U","Update","price","E6BB0408","L","51","41","BRA508","2026-01-29 10:50:21.589"
"Price Code","U","Update","price","E6BB0408","L","41","66","BRA500","2026-02-22 18:12:02.740"
"Price Code","U","Update","price","E6BB0408","L","66","86","BRA503","2026-04-03 01:01:43.878"
"Price Code","I","Insert",NA,"E6BB0408","M",NA,"29.79|29.79||I|Standard Pricing|19.79|0.00|0.00|10.00|0.00","BRA506","2025-11-07 13:52:44.332"
"Price Code","U","Update","price","E6BB0408","M","29.79","49.79","BRA505","2026-01-27 00:36:35.626"
"Price Code","U","Update","price","E6BB0408","M","49.79","64.79","BRA505","2026-01-27 23:34:01.305"
"Price Code","U","Update","price","E6BB0408","M","64.79","49.79","BRA505","2026-02-26 04:06:43.640"
"Price Code","U","Update","price","E6BB0408","M","49.79","59.79","BRA504","2026-03-24 17:51:31.730"
"Price Code","I","Insert",NA,"E6BB0410","A",NA,"253.45|253.45||I|Standard Pricing|243.45|0.00|0.00|10.00|0.00","BRA500","2025-11-12 20:16:04.822"
"Price Code","U","Update","price","E6BB0410","A","253.45","273.45","BRA501","2026-01-23 08:33:09.754"
"Price Code","U","Update","price","E6BB0410","A","273.45","263.45","BRA507","2026-02-06 19:41:29.905"
"Price Code","U","Update","price","E6BB0410","A","263.45","258.45","BRA510","2026-02-26 09:56:36.733"
"Price Code","U","Update","price","E6BB0410","A","258.45","268.45","BRA505","2026-03-02 00:02:16.018"
"Price Code","I","Insert",NA,"E6BB0410","B",NA,"242.59|242.59||I|Standard Pricing|232.59|0.00|0.00|10.00|0.00","BRA506","2025-11-12 02:34:34.847"
"Price Code","U","Update","price","E6BB0410","B","242.59","247.59","BRA504","2026-01-26 04:37:45.934"
"Price Code","U","Update","price","E6BB0410","B","247.59","257.59","BRA509","2026-02-15 17:15:51.013"
"Price Code","U","Update","price","E6BB0410","B","257.59","272.59","BRA509","2026-03-01 12:39:39.317"
"Price Code","U","Update","price","E6BB0410","B","272.59","282.59","BRA500","2026-03-07 13:27:01.908"
"Price Code","I","Insert",NA,"E6BB0410","C",NA,"213.06|213.06||I|Standard Pricing|203.06|0.00|0.00|10.00|0.00","BRA509","2025-11-17 15:59:12.262"
"Price Code","U","Update","price","E6BB0410","C","213.06","218.06","BRA509","2026-02-08 16:44:49.288"
"Price Code","U","Update","price","E6BB0410","C","218.06","243.06","BRA505","2026-03-14 17:48:40.473"
"Price Code","U","Update","price","E6BB0410","C","243.06","253.06","BRA508","2026-03-20 19:18:42.053"
"Price Code","U","Update","price","E6BB0410","C","253.06","268.06","BRA509","2026-03-23 13:03:16.160"
"Price Code","U","Update","price","E6BB0410","C","268.06","278.06","BRA501","2026-04-04 09:53:09.961"
"Price Code","I","Insert",NA,"E6BB0410","D",NA,"172.29|172.29||I|Standard Pricing|162.29|0.00|0.00|10.00|0.00","BRA504","2025-12-10 20:21:23.103"
"Price Code","U","Update","price","E6BB0410","D","172.29","192.29","BRA508","2026-02-26 16:35:59.141"
"Price Code","U","Update","price","E6BB0410","D","192.29","212.29","BRA508","2026-03-29 22:33:31.544"
"Price Code","U","Update","price","E6BB0410","D","212.29","207.29","BRA502","2026-03-30 07:43:49.209"
"Price Code","U","Update","price","E6BB0410","D","207.29","197.29","BRA500","2026-04-02 12:22:54.238"
"Price Code","I","Insert",NA,"E6BB0410","E",NA,"164.35|164.35||I|Standard Pricing|154.35|0.00|0.00|10.00|0.00","BRA501","2025-12-12 19:50:37.865"
"Price Code","U","Update","price","E6BB0410","E","164.35","174.35","BRA501","2026-02-05 15:54:35.547"
"Price Code","U","Update","price","E6BB0410","E","174.35","204.35","BRA501","2026-02-05 23:07:38.792"
"Price Code","U","Update","price","E6BB0410","E","204.35","229.35","BRA509","2026-02-21 02:45:24.799"
"Price Code","U","Update","price","E6BB0410","E","229.35","239.35","BRA510","2026-03-26 10:39:33.280"
"Price Code","U","Update","price","E6BB0410","E","239.35","224.35","BRA501","2026-04-05 00:17:43.318"
"Price Code","I","Insert",NA,"E6BB0410","F",NA,"137.09|137.09||I|Standard Pricing|127.09|0.00|0.00|10.00|0.00","BRA508","2025-11-11 20:03:17.057"
"Price Code","U","Update","price","E6BB0410","F","137.09","132.09","BRA505","2026-03-05 09:34:20.359"
"Price Code","U","Update","price","E6BB0410","F","132.09","147.09","BRA504","2026-03-07 19:54:50.385"
"Price Code","U","Update","price","E6BB0410","F","147.09","167.09","BRA503","2026-04-05 04:30:09.193"
"Price Code","I","Insert",NA,"E6BB0410","G",NA,"99.39|99.39||I|Standard Pricing|89.39|0.00|0.00|10.00|0.00","BRA505","2025-11-17 23:42:55.066"
"Price Code","U","Update","price","E6BB0410","G","99.39","89.39","BRA505","2026-02-07 03:00:23.739"
"Price Code","U","Update","price","E6BB0410","G","89.39","99.39","BRA508","2026-03-05 08:01:15.910"
"Price Code","U","Update","price","E6BB0410","G","99.39","84.39","BRA505","2026-03-15 13:15:40.575"
"Price Code","I","Insert",NA,"E6BB0410","H",NA,"88.38|88.38||I|Standard Pricing|78.38|0.00|0.00|10.00|0.00","BRA504","2025-12-11 18:56:00.366"
"Price Code","U","Update","price","E6BB0410","H","88.38","103.38","BRA510","2026-03-06 03:58:14.206"
"Price Code","U","Update","price","E6BB0410","H","103.38","118.38","BRA508","2026-03-08 23:58:39.472"
"Price Code","U","Update","price","E6BB0410","H","118.38","108.38","BRA510","2026-04-08 17:29:42.305"
"Price Code","I","Insert",NA,"E6BB0410","I",NA,"85.86|85.86||I|Standard Pricing|75.86|0.00|0.00|10.00|0.00","BRA506","2025-12-14 18:31:34.040"
"Price Code","U","Update","price","E6BB0410","I","85.86","75.86","BRA508","2026-02-27 21:01:19.312"
"Price Code","U","Update","price","E6BB0410","I","75.86","70.86","BRA506","2026-03-24 10:43:54.479"
"Price Code","U","Update","price","E6BB0410","I","70.86","85.86","BRA507","2026-04-03 09:58:21.483"
"Price Code","I","Insert",NA,"E6BB0410","J",NA,"59.95|59.95||I|Standard Pricing|49.95|0.00|0.00|10.00|0.00","BRA504","2025-12-04 23:33:50.690"
"Price Code","U","Update","price","E6BB0410","J","59.95","54.95","BRA509","2026-01-21 02:11:58.401"
"Price Code","U","Update","price","E6BB0410","J","54.95","69.95","BRA501","2026-03-16 16:44:43.674"
"Price Code","I","Insert",NA,"E6BB0410","K",NA,"53.48|53.48||I|Standard Pricing|43.48|0.00|0.00|10.00|0.00","BRA504","2025-11-20 09:21:52.799"
"Price Code","U","Update","price","E6BB0410","K","53.48","83.48","BRA508","2026-01-26 04:46:29.871"
"Price Code","U","Update","price","E6BB0410","K","83.48","113.48","BRA503","2026-03-03 17:10:39.333"
"Price Code","I","Insert",NA,"E6BB0410","L",NA,"38.42|38.42||I|Standard Pricing|28.42|0.00|0.00|10.00|0.00","BRA500","2025-12-01 02:11:41.891"
"Price Code","U","Update","price","E6BB0410","L","38.42","43.42","BRA508","2026-02-27 22:34:33.260"
"Price Code","U","Update","price","E6BB0410","L","43.42","48.42","BRA502","2026-03-24 05:25:54.781"
"Price Code","U","Update","price","E6BB0410","L","48.42","73.42","BRA500","2026-04-01 10:39:47.775"
"Price Code","I","Insert",NA,"E6BB0410","M",NA,"33.27|33.27||I|Standard Pricing|23.27|0.00|0.00|10.00|0.00","BRA500","2025-11-11 15:15:08.424"
"Price Code","U","Update","price","E6BB0410","M","33.27","43.27","BRA506","2026-02-09 20:13:26.122"
"Price Code","U","Update","price","E6BB0410","M","43.27","33.27","BRA508","2026-03-26 01:45:12.171"
"Price Code","U","Update","price","E6BB0410","M","33.27","23.27","BRA507","2026-03-26 03:01:05.341"
"Price Code","U","Update","price","E6BB0410","M","23.27","10","BRA500","2026-04-01 07:30:09.352"
"Price Code","I","Insert",NA,"E6BB0410","N",NA,"26.67|26.67||I|Standard Pricing|16.67|0.00|0.00|10.00|0.00","BRA502","2025-11-02 09:53:31.004"
"Price Code","U","Update","price","E6BB0410","N","26.67","31.67","BRA502","2026-01-21 10:00:10.041"
"Price Code","U","Update","price","E6BB0410","N","31.67","36.67","BRA502","2026-01-26 17:28:25.874"
"Price Code","U","Update","price","E6BB0410","N","36.67","31.67","BRA503","2026-02-12 02:01:28.109"
"Price Code","I","Insert",NA,"E6BB0410","O",NA,"20.87|20.87||I|Standard Pricing|10.87|0.00|0.00|10.00|0.00","BRA506","2025-11-08 01:48:30.601"
"Price Code","U","Update","price","E6BB0410","O","20.87","10","BRA502","2026-01-17 04:43:56.845"
"Price Code","U","Update","price","E6BB0410","O","10","10","BRA503","2026-01-18 09:44:17.722"
"Price Code","U","Update","price","E6BB0410","O","10","35","BRA500","2026-02-03 03:49:19.203"
"Price Code","U","Update","price","E6BB0410","O","35","50","BRA507","2026-02-07 21:27:28.193"
"Price Code","U","Update","price","E6BB0410","O","50","55","BRA507","2026-03-02 21:21:25.504"
"Price Code","I","Insert",NA,"E6BB0410","P",NA,"20.3|20.3||I|Standard Pricing|10.3|0.00|0.00|10.00|0.00","BRA500","2025-12-02 02:26:14.447"
"Price Code","U","Update","price","E6BB0410","P","20.3","40.3","BRA509","2026-01-20 05:59:08.249"
"Price Code","U","Update","price","E6BB0410","P","40.3","30.3","BRA503","2026-02-27 03:44:50.426"
"Price Code","U","Update","price","E6BB0410","P","30.3","35.3","BRA505","2026-03-17 10:52:19.452"
"Price Code","U","Update","price","E6BB0410","P","35.3","20.3","BRA507","2026-03-23 04:04:34.738"
"Price Code","U","Update","price","E6BB0410","P","20.3","15.3","BRA503","2026-03-30 05:37:18.922"
"Price Code","I","Insert",NA,"E6BB0411","A",NA,"225.65|225.65||I|Standard Pricing|215.65|0.00|0.00|10.00|0.00","BRA503","2025-11-16 22:23:20.836"
"Price Code","U","Update","price","E6BB0411","A","225.65","210.65","BRA504","2026-01-26 00:56:21.147"
"Price Code","U","Update","price","E6BB0411","A","210.65","205.65","BRA505","2026-02-02 00:02:50.155"
"Price Code","U","Update","price","E6BB0411","A","205.65","190.65","BRA503","2026-02-23 20:27:44.890"
"Price Code","U","Update","price","E6BB0411","A","190.65","195.65","BRA503","2026-02-24 19:39:46.935"
"Price Code","I","Insert",NA,"E6BB0411","B",NA,"239.87|239.87||I|Standard Pricing|229.87|0.00|0.00|10.00|0.00","BRA502","2025-11-23 05:41:04.089"
"Price Code","U","Update","price","E6BB0411","B","239.87","224.87","BRA510","2026-02-10 20:00:46.257"
"Price Code","U","Update","price","E6BB0411","B","224.87","214.87","BRA503","2026-02-12 12:54:07.045"
"Price Code","U","Update","price","E6BB0411","B","214.87","234.87","BRA508","2026-02-12 15:24:27.140"
"Price Code","U","Update","price","E6BB0411","B","234.87","259.87","BRA500","2026-03-10 05:12:57.204"
"Price Code","U","Update","price","E6BB0411","B","259.87","269.87","BRA502","2026-04-10 00:32:20.938"
"Price Code","I","Insert",NA,"E6BB0411","C",NA,"208.57|208.57||I|Standard Pricing|198.57|0.00|0.00|10.00|0.00","BRA503","2025-11-04 11:27:18.570"
"Price Code","U","Update","price","E6BB0411","C","208.57","233.57","BRA508","2026-01-24 21:05:58.723"
"Price Code","U","Update","price","E6BB0411","C","233.57","228.57","BRA503","2026-02-18 05:26:32.216"
"Price Code","U","Update","price","E6BB0411","C","228.57","218.57","BRA508","2026-03-02 04:45:41.008"
"Price Code","I","Insert",NA,"E6BB0411","D",NA,"180.22|180.22||I|Standard Pricing|170.22|0.00|0.00|10.00|0.00","BRA508","2025-12-02 01:28:04.637"
"Price Code","U","Update","price","E6BB0411","D","180.22","210.22","BRA500","2026-01-19 04:32:11.135"
"Price Code","U","Update","price","E6BB0411","D","210.22","230.22","BRA505","2026-01-28 03:00:08.696"
"Price Code","U","Update","price","E6BB0411","D","230.22","240.22","BRA500","2026-03-04 00:35:20.620"
"Price Code","I","Insert",NA,"E6BB0411","E",NA,"156.31|156.31||I|Standard Pricing|146.31|0.00|0.00|10.00|0.00","BRA505","2025-11-18 09:05:04.657"
"Price Code","U","Update","price","E6BB0411","E","156.31","151.31","BRA506","2026-02-19 02:44:26.905"
"Price Code","U","Update","price","E6BB0411","E","151.31","171.31","BRA502","2026-03-09 22:28:10.210"
"Price Code","I","Insert",NA,"E6BB0411","F",NA,"142.78|142.78||I|Standard Pricing|132.78|0.00|0.00|10.00|0.00","BRA507","2025-11-03 15:30:50.201"
"Price Code","U","Update","price","E6BB0411","F","142.78","132.78","BRA503","2026-02-19 07:59:09.919"
"Price Code","U","Update","price","E6BB0411","F","132.78","127.78","BRA501","2026-04-07 06:10:31.302"
"Price Code","I","Insert",NA,"E6BB0411","G",NA,"100.66|100.66||I|Standard Pricing|90.66|0.00|0.00|10.00|0.00","BRA506","2025-11-06 22:02:53.181"
"Price Code","U","Update","price","E6BB0411","G","100.66","115.66","BRA502","2026-02-14 08:51:34.372"
"Price Code","U","Update","price","E6BB0411","G","115.66","125.66","BRA503","2026-03-08 00:14:38.773"
"Price Code","U","Update","price","E6BB0411","G","125.66","115.66","BRA507","2026-04-06 15:34:55.603"
"Price Code","U","Update","price","E6BB0411","G","115.66","135.66","BRA503","2026-04-09 23:58:27.996"
"Price Code","I","Insert",NA,"E6BB0411","H",NA,"83.87|83.87||I|Standard Pricing|73.87|0.00|0.00|10.00|0.00","BRA503","2025-12-01 04:36:13.835"
"Price Code","U","Update","price","E6BB0411","H","83.87","113.87","BRA509","2026-02-02 22:36:50.030"
"Price Code","U","Update","price","E6BB0411","H","113.87","123.87","BRA506","2026-02-08 03:45:04.234"
"Price Code","I","Insert",NA,"E6BB0411","I",NA,"64.64|64.64||I|Standard Pricing|54.64|0.00|0.00|10.00|0.00","BRA503","2025-12-03 23:15:06.045"
"Price Code","U","Update","price","E6BB0411","I","64.64","54.64","BRA505","2026-02-25 03:30:32.634"
"Price Code","U","Update","price","E6BB0411","I","54.64","64.64","BRA504","2026-03-17 06:30:09.172"
"Price Code","I","Insert",NA,"E6BB0411","J",NA,"73.97|73.97||I|Standard Pricing|63.97|0.00|0.00|10.00|0.00","BRA503","2025-12-05 03:43:37.591"
"Price Code","U","Update","price","E6BB0411","J","73.97","93.97","BRA502","2026-03-04 17:51:48.066"
"Price Code","U","Update","price","E6BB0411","J","93.97","78.97","BRA503","2026-03-16 14:57:49.027"
"Price Code","U","Update","price","E6BB0411","J","78.97","108.97","BRA509","2026-03-27 12:56:43.825"
"Price Code","U","Update","price","E6BB0411","J","108.97","93.97","BRA510","2026-04-01 09:49:49.343"
"Price Code","I","Insert",NA,"E6BB0411","K",NA,"60.74|60.74||I|Standard Pricing|50.74|0.00|0.00|10.00|0.00","BRA509","2025-11-28 11:40:41.854"
"Price Code","U","Update","price","E6BB0411","K","60.74","65.74","BRA502","2026-02-16 05:57:53.619"
"Price Code","U","Update","price","E6BB0411","K","65.74","80.74","BRA502","2026-03-05 06:52:45.556"
"Price Code","U","Update","price","E6BB0411","K","80.74","95.74","BRA501","2026-03-07 03:22:26.374"
"Price Code","U","Update","price","E6BB0411","K","95.74","125.74","BRA503","2026-03-22 10:17:42.638"
"Price Code","I","Insert",NA,"E6BB0411","L",NA,"39.19|39.19||I|Standard Pricing|29.19|0.00|0.00|10.00|0.00","BRA510","2025-12-07 21:23:12.560"
"Price Code","U","Update","price","E6BB0411","L","39.19","34.19","BRA501","2026-03-14 14:07:24.509"
"Price Code","U","Update","price","E6BB0411","L","34.19","24.19","BRA505","2026-03-24 15:42:24.171"
"Price Code","D","Delete",NA,"E6BB0411","E",NA,NA,"BRA505","2026-04-01 14:00:00.000"
"Price Code","I","Insert",NA,"E6BB0412","A",NA,"278.29|278.29||I|Standard Pricing|268.29|0.00|0.00|10.00|0.00","BRA504","2025-11-23 11:38:06.555"
"Price Code","U","Update","price","E6BB0412","A","278.29","308.29","BRA502","2026-01-15 23:01:19.800"
"Price Code","U","Update","price","E6BB0412","A","308.29","313.29","BRA501","2026-01-27 04:22:15.033"
"Price Code","U","Update","price","E6BB0412","A","313.29","338.29","BRA501","2026-02-05 12:17:39.719"
"Price Code","U","Update","price","E6BB0412","A","338.29","358.29","BRA506","2026-03-06 16:34:11.793"
"Price Code","U","Update","price","E6BB0412","A","358.29","378.29","BRA508","2026-03-25 14:21:17.461"
"Price Code","I","Insert",NA,"E6BB0412","B",NA,"187.53|187.53||I|Standard Pricing|177.53|0.00|0.00|10.00|0.00","BRA502","2025-12-03 22:36:51.485"
"Price Code","U","Update","price","E6BB0412","B","187.53","202.53","BRA505","2026-01-27 00:41:58.940"
"Price Code","U","Update","price","E6BB0412","B","202.53","207.53","BRA503","2026-03-02 04:27:03.129"
"Price Code","I","Insert",NA,"E6BB0412","C",NA,"211.82|211.82||I|Standard Pricing|201.82|0.00|0.00|10.00|0.00","BRA509","2025-11-12 02:08:10.013"
"Price Code","U","Update","price","E6BB0412","C","211.82","196.82","BRA501","2026-02-03 16:39:28.595"
"Price Code","U","Update","price","E6BB0412","C","196.82","206.82","BRA505","2026-03-07 13:08:43.602"
"Price Code","U","Update","price","E6BB0412","C","206.82","236.82","BRA505","2026-03-16 23:51:19.419"
"Price Code","I","Insert",NA,"E6BB0412","D",NA,"152.35|152.35||I|Standard Pricing|142.35|0.00|0.00|10.00|0.00","BRA509","2025-11-26 09:20:42.125"
"Price Code","U","Update","price","E6BB0412","D","152.35","142.35","BRA501","2026-01-27 22:39:32.284"
"Price Code","U","Update","price","E6BB0412","D","142.35","137.35","BRA508","2026-01-28 10:49:34.993"
"Price Code","U","Update","price","E6BB0412","D","137.35","167.35","BRA505","2026-01-29 20:16:35.128"
"Price Code","U","Update","price","E6BB0412","D","167.35","152.35","BRA503","2026-03-25 23:51:51.154"
"Price Code","I","Insert",NA,"E6BB0412","E",NA,"138.9|138.9||I|Standard Pricing|128.9|0.00|0.00|10.00|0.00","BRA500","2025-11-15 05:13:52.695"
"Price Code","U","Update","price","E6BB0412","E","138.9","133.9","BRA503","2026-01-30 06:51:45.578"
"Price Code","U","Update","price","E6BB0412","E","133.9","153.9","BRA506","2026-02-17 12:27:51.825"
"Price Code","U","Update","price","E6BB0412","E","153.9","178.9","BRA509","2026-03-18 03:07:28.483"
"Price Code","U","Update","price","E6BB0412","E","178.9","163.9","BRA509","2026-03-25 20:30:09.526"
"Price Code","U","Update","price","E6BB0412","E","163.9","153.9","BRA504","2026-04-02 13:56:47.946"
"Price Code","I","Insert",NA,"E6BB0412","F",NA,"128.12|128.12||I|Standard Pricing|118.12|0.00|0.00|10.00|0.00","BRA509","2025-11-23 12:29:13.230"
"Price Code","U","Update","price","E6BB0412","F","128.12","138.12","BRA500","2026-02-01 20:06:34.242"
"Price Code","U","Update","price","E6BB0412","F","138.12","128.12","BRA505","2026-02-04 12:15:27.014"
"Price Code","U","Update","price","E6BB0412","F","128.12","153.12","BRA502","2026-03-13 03:25:53.030"
"Price Code","U","Update","price","E6BB0412","F","153.12","173.12","BRA504","2026-03-31 02:24:46.940"
"Price Code","I","Insert",NA,"E6BB0412","G",NA,"98.08|98.08||I|Standard Pricing|88.08|0.00|0.00|10.00|0.00","BRA500","2025-11-09 21:46:56.548"
"Price Code","U","Update","price","E6BB0412","G","98.08","123.08","BRA500","2026-01-30 14:36:22.693"
"Price Code","U","Update","price","E6BB0412","G","123.08","118.08","BRA509","2026-02-23 18:18:34.909"
"Price Code","I","Insert",NA,"E6BB0412","H",NA,"90.14|90.14||I|Standard Pricing|80.14|0.00|0.00|10.00|0.00","BRA501","2025-12-12 10:37:55.802"
"Price Code","U","Update","price","E6BB0412","H","90.14","100.14","BRA505","2026-01-28 16:38:57.111"
"Price Code","U","Update","price","E6BB0412","H","100.14","125.14","BRA509","2026-02-17 01:09:55.678"
"Price Code","U","Update","price","E6BB0412","H","125.14","120.14","BRA506","2026-02-22 09:11:19.338"
"Price Code","U","Update","price","E6BB0412","H","120.14","125.14","BRA501","2026-03-14 04:55:12.041"
"Price Code","I","Insert",NA,"E6BB0412","I",NA,"75.05|75.05||I|Standard Pricing|65.05|0.00|0.00|10.00|0.00","BRA500","2025-11-25 22:13:31.169"
"Price Code","U","Update","price","E6BB0412","I","75.05","105.05","BRA500","2026-01-17 12:30:16.056"
"Price Code","U","Update","price","E6BB0412","I","105.05","100.05","BRA504","2026-02-03 11:37:01.663"
"Price Code","U","Update","price","E6BB0412","I","100.05","90.05","BRA505","2026-02-06 18:21:19.583"
"Price Code","U","Update","price","E6BB0412","I","90.05","105.05","BRA502","2026-04-11 16:03:30.702"
"Price Code","I","Insert",NA,"E6BB0412","J",NA,"56.01|56.01||I|Standard Pricing|46.01|0.00|0.00|10.00|0.00","BRA501","2025-11-12 04:07:44.045"
"Price Code","U","Update","price","E6BB0412","J","56.01","86.01","BRA500","2026-01-22 09:25:27.692"
"Price Code","U","Update","price","E6BB0412","J","86.01","91.01","BRA509","2026-03-02 01:36:04.796"
"Price Code","U","Update","price","E6BB0412","J","91.01","86.01","BRA509","2026-03-02 07:50:40.859"
"Price Code","U","Update","price","E6BB0412","J","86.01","71.01","BRA506","2026-03-17 06:07:36.510"
"Price Code","I","Insert",NA,"E6BB0412","K",NA,"50.19|50.19||I|Standard Pricing|40.19|0.00|0.00|10.00|0.00","BRA505","2025-11-09 23:26:11.006"
"Price Code","U","Update","price","E6BB0412","K","50.19","75.19","BRA503","2026-02-12 01:09:19.313"
"Price Code","U","Update","price","E6BB0412","K","75.19","100.19","BRA510","2026-04-07 05:36:54.626"
"Price Code","I","Insert",NA,"E6BB0412","L",NA,"50.99|50.99||I|Standard Pricing|40.99|0.00|0.00|10.00|0.00","BRA506","2025-11-04 01:23:15.907"
"Price Code","U","Update","price","E6BB0412","L","50.99","35.99","BRA501","2026-02-07 04:00:25.707"
"Price Code","U","Update","price","E6BB0412","L","35.99","55.99","BRA502","2026-03-02 03:27:46.657"
"Price Code","U","Update","price","E6BB0412","L","55.99","75.99","BRA500","2026-04-03 18:56:11.850"
"Price Code","I","Insert",NA,"E6BB0412","M",NA,"38.07|38.07||I|Standard Pricing|28.07|0.00|0.00|10.00|0.00","BRA510","2025-11-17 16:55:28.890"
"Price Code","U","Update","price","E6BB0412","M","38.07","33.07","BRA507","2026-02-12 14:59:06.616"
"Price Code","U","Update","price","E6BB0412","M","33.07","28.07","BRA508","2026-03-13 10:03:00.176"
"Price Code","D","Delete",NA,"E6BB0412","L",NA,NA,"BRA504","2026-03-22 14:00:00.000"
"Price Code","I","Insert",NA,"E6BB0413","A",NA,"218.81|218.81||I|Standard Pricing|208.81|0.00|0.00|10.00|0.00","BRA505","2025-11-14 02:45:13.559"
"Price Code","U","Update","price","E6BB0413","A","218.81","208.81","BRA507","2026-02-02 16:24:25.511"
"Price Code","U","Update","price","E6BB0413","A","208.81","218.81","BRA509","2026-03-23 06:21:29.256"
"Price Code","I","Insert",NA,"E6BB0413","B",NA,"228.3|228.3||I|Standard Pricing|218.3|0.00|0.00|10.00|0.00","BRA507","2025-12-05 13:09:03.206"
"Price Code","U","Update","price","E6BB0413","B","228.3","233.3","BRA507","2026-01-27 10:17:13.029"
"Price Code","U","Update","price","E6BB0413","B","233.3","218.3","BRA506","2026-02-28 08:05:45.533"
"Price Code","U","Update","price","E6BB0413","B","218.3","243.3","BRA502","2026-03-14 21:34:25.430"
"Price Code","U","Update","price","E6BB0413","B","243.3","248.3","BRA504","2026-03-26 15:50:03.751"
"Price Code","U","Update","price","E6BB0413","B","248.3","238.3","BRA502","2026-04-11 18:50:02.690"
"Price Code","I","Insert",NA,"E6BB0413","C",NA,"171.12|171.12||I|Standard Pricing|161.12|0.00|0.00|10.00|0.00","BRA500","2025-11-21 13:14:45.713"
"Price Code","U","Update","price","E6BB0413","C","171.12","201.12","BRA506","2026-01-18 11:28:54.837"
"Price Code","U","Update","price","E6BB0413","C","201.12","231.12","BRA500","2026-04-07 02:22:38.949"
"Price Code","I","Insert",NA,"E6BB0413","D",NA,"193.79|193.79||I|Standard Pricing|183.79|0.00|0.00|10.00|0.00","BRA500","2025-11-04 16:18:26.020"
"Price Code","U","Update","price","E6BB0413","D","193.79","218.79","BRA505","2026-01-15 11:21:26.430"
"Price Code","U","Update","price","E6BB0413","D","218.79","213.79","BRA506","2026-02-17 12:38:20.721"
"Price Code","U","Update","price","E6BB0413","D","213.79","223.79","BRA500","2026-03-22 01:55:09.393"
"Price Code","I","Insert",NA,"E6BB0413","E",NA,"152|152||I|Standard Pricing|142|0.00|0.00|10.00|0.00","BRA503","2025-12-07 02:28:39.814"
"Price Code","U","Update","price","E6BB0413","E","152","162","BRA508","2026-02-05 17:46:46.346"
"Price Code","U","Update","price","E6BB0413","E","162","147","BRA504","2026-02-14 17:42:02.060"
"Price Code","U","Update","price","E6BB0413","E","147","152","BRA510","2026-02-28 02:17:51.832"
"Price Code","U","Update","price","E6BB0413","E","152","157","BRA502","2026-03-16 02:51:01.542"
"Price Code","I","Insert",NA,"E6BB0413","F",NA,"116.88|116.88||I|Standard Pricing|106.88|0.00|0.00|10.00|0.00","BRA502","2025-11-04 23:16:24.643"
"Price Code","U","Update","price","E6BB0413","F","116.88","121.88","BRA507","2026-02-20 22:17:19.060"
"Price Code","U","Update","price","E6BB0413","F","121.88","116.88","BRA503","2026-03-24 19:47:33.513"
"Price Code","I","Insert",NA,"E6BB0413","G",NA,"102.93|102.93||I|Standard Pricing|92.93|0.00|0.00|10.00|0.00","BRA504","2025-12-10 19:57:00.778"
"Price Code","U","Update","price","E6BB0413","G","102.93","92.93","BRA501","2026-02-11 18:47:58.064"
"Price Code","U","Update","price","E6BB0413","G","92.93","107.93","BRA502","2026-02-26 21:38:42.212"
"Price Code","U","Update","price","E6BB0413","G","107.93","92.93","BRA507","2026-03-21 13:12:15.582"
"Price Code","I","Insert",NA,"E6BB0413","H",NA,"100.56|100.56||I|Standard Pricing|90.56|0.00|0.00|10.00|0.00","BRA510","2025-11-10 15:02:13.541"
"Price Code","U","Update","price","E6BB0413","H","100.56","90.56","BRA507","2026-01-22 03:08:45.415"
"Price Code","U","Update","price","E6BB0413","H","90.56","120.56","BRA505","2026-01-27 04:08:58.594"
"Price Code","U","Update","price","E6BB0413","H","120.56","145.56","BRA507","2026-02-24 14:42:16.414"
"Price Code","I","Insert",NA,"E6BB0413","I",NA,"70.79|70.79||I|Standard Pricing|60.79|0.00|0.00|10.00|0.00","BRA501","2025-11-16 19:39:32.876"
"Price Code","U","Update","price","E6BB0413","I","70.79","60.79","BRA500","2026-01-24 02:43:12.114"
"Price Code","U","Update","price","E6BB0413","I","60.79","65.79","BRA509","2026-03-30 05:55:17.265"
"Price Code","I","Insert",NA,"E6BB0413","J",NA,"71.05|71.05||I|Standard Pricing|61.05|0.00|0.00|10.00|0.00","BRA504","2025-11-07 05:28:18.791"
"Price Code","U","Update","price","E6BB0413","J","71.05","101.05","BRA503","2026-01-15 18:07:04.124"
"Price Code","U","Update","price","E6BB0413","J","101.05","111.05","BRA509","2026-01-27 09:42:16.788"
"Price Code","U","Update","price","E6BB0413","J","111.05","131.05","BRA500","2026-02-14 18:35:36.537"
"Price Code","U","Update","price","E6BB0413","J","131.05","121.05","BRA508","2026-02-15 20:22:42.099"
"Price Code","U","Update","price","E6BB0413","J","121.05","116.05","BRA502","2026-03-02 16:51:29.154"
"Price Code","I","Insert",NA,"E6BB0413","K",NA,"53.8|53.8||I|Standard Pricing|43.8|0.00|0.00|10.00|0.00","BRA501","2025-12-12 02:58:35.074"
"Price Code","U","Update","price","E6BB0413","K","53.8","73.8","BRA503","2026-02-13 14:37:44.289"
"Price Code","U","Update","price","E6BB0413","K","73.8","63.8","BRA506","2026-02-22 23:13:07.149"
"Price Code","U","Update","price","E6BB0413","K","63.8","73.8","BRA508","2026-03-08 07:32:47.101"
"Price Code","U","Update","price","E6BB0413","K","73.8","78.8","BRA505","2026-03-14 08:25:38.042"
"Price Code","U","Update","price","E6BB0413","K","78.8","68.8","BRA508","2026-03-20 12:44:06.094"
"Price Code","I","Insert",NA,"E6BB0413","L",NA,"41.34|41.34||I|Standard Pricing|31.34|0.00|0.00|10.00|0.00","BRA502","2025-11-24 21:26:42.760"
"Price Code","U","Update","price","E6BB0413","L","41.34","51.34","BRA502","2026-01-29 02:28:11.177"
"Price Code","U","Update","price","E6BB0413","L","51.34","56.34","BRA509","2026-02-09 18:13:16.046"
"Price Code","U","Update","price","E6BB0413","L","56.34","76.34","BRA506","2026-02-23 01:24:45.916"
"Price Code","U","Update","price","E6BB0413","L","76.34","81.34","BRA500","2026-03-24 04:19:11.821"
"Price Code","I","Insert",NA,"E6BB0413","M",NA,"37.24|37.24||I|Standard Pricing|27.24|0.00|0.00|10.00|0.00","BRA500","2025-11-28 21:35:58.400"
"Price Code","U","Update","price","E6BB0413","M","37.24","22.24","BRA509","2026-02-13 10:31:09.994"
"Price Code","U","Update","price","E6BB0413","M","22.24","42.24","BRA505","2026-02-22 07:53:02.881"
"Price Code","U","Update","price","E6BB0413","M","42.24","47.24","BRA510","2026-03-09 07:41:02.010"
"Price Code","U","Update","price","E6BB0413","M","47.24","32.24","BRA503","2026-03-30 13:37:00.301"
"Price Code","I","Insert",NA,"E6BB0413","N",NA,"31.42|31.42||I|Standard Pricing|21.42|0.00|0.00|10.00|0.00","BRA507","2025-11-03 23:44:59.950"
"Price Code","U","Update","price","E6BB0413","N","31.42","26.42","BRA503","2026-01-19 17:41:08.491"
"Price Code","U","Update","price","E6BB0413","N","26.42","21.42","BRA505","2026-02-18 05:39:28.974"
"Price Code","U","Update","price","E6BB0413","N","21.42","31.42","BRA501","2026-02-27 01:44:25.978"
"Price Code","U","Update","price","E6BB0413","N","31.42","21.42","BRA500","2026-03-23 14:00:00.380"
"Price Code","I","Insert",NA,"E6BB0414","A",NA,"220.92|220.92||I|Standard Pricing|210.92|0.00|0.00|10.00|0.00","BRA501","2025-12-15 23:47:37.589"
"Price Code","U","Update","price","E6BB0414","A","220.92","240.92","BRA510","2026-02-14 15:54:22.530"
"Price Code","U","Update","price","E6BB0414","A","240.92","245.92","BRA505","2026-03-04 11:54:49.252"
"Price Code","I","Insert",NA,"E6BB0414","B",NA,"246.65|246.65||I|Standard Pricing|236.65|0.00|0.00|10.00|0.00","BRA503","2025-12-05 19:07:24.228"
"Price Code","U","Update","price","E6BB0414","B","246.65","261.65","BRA505","2026-01-22 09:21:32.529"
"Price Code","U","Update","price","E6BB0414","B","261.65","246.65","BRA501","2026-04-08 23:37:15.223"
"Price Code","I","Insert",NA,"E6BB0414","C",NA,"202.23|202.23||I|Standard Pricing|192.23|0.00|0.00|10.00|0.00","BRA510","2025-11-02 01:28:20.489"
"Price Code","U","Update","price","E6BB0414","C","202.23","232.23","BRA505","2026-01-23 03:23:20.841"
"Price Code","U","Update","price","E6BB0414","C","232.23","262.23","BRA502","2026-03-06 04:11:17.750"
"Price Code","I","Insert",NA,"E6BB0414","D",NA,"172.83|172.83||I|Standard Pricing|162.83|0.00|0.00|10.00|0.00","BRA506","2025-12-06 19:29:56.175"
"Price Code","U","Update","price","E6BB0414","D","172.83","167.83","BRA509","2026-02-01 14:16:20.148"
"Price Code","U","Update","price","E6BB0414","D","167.83","197.83","BRA510","2026-02-22 10:58:48.749"
"Price Code","U","Update","price","E6BB0414","D","197.83","217.83","BRA505","2026-02-25 02:43:44.240"
"Price Code","I","Insert",NA,"E6BB0414","E",NA,"150.99|150.99||I|Standard Pricing|140.99|0.00|0.00|10.00|0.00","BRA508","2025-11-25 16:04:52.357"
"Price Code","U","Update","price","E6BB0414","E","150.99","155.99","BRA502","2026-02-17 12:58:34.829"
"Price Code","U","Update","price","E6BB0414","E","155.99","175.99","BRA501","2026-04-12 18:55:17.301"
"Price Code","I","Insert",NA,"E6BB0414","F",NA,"142|142||I|Standard Pricing|132|0.00|0.00|10.00|0.00","BRA504","2025-12-03 08:22:54.756"
"Price Code","U","Update","price","E6BB0414","F","142","127","BRA508","2026-02-15 01:19:19.572"
"Price Code","U","Update","price","E6BB0414","F","127","142","BRA509","2026-03-16 08:07:10.945"
"Price Code","U","Update","price","E6BB0414","F","142","137","BRA506","2026-03-21 19:37:18.501"
"Price Code","I","Insert",NA,"E6BB0414","G",NA,"118.17|118.17||I|Standard Pricing|108.17|0.00|0.00|10.00|0.00","BRA503","2025-12-01 00:35:17.887"
"Price Code","U","Update","price","E6BB0414","G","118.17","103.17","BRA509","2026-02-01 19:03:17.155"
"Price Code","U","Update","price","E6BB0414","G","103.17","113.17","BRA504","2026-02-06 17:02:13.632"
"Price Code","U","Update","price","E6BB0414","G","113.17","133.17","BRA501","2026-02-16 14:04:52.687"
"Price Code","U","Update","price","E6BB0414","G","133.17","148.17","BRA502","2026-03-03 06:43:58.779"
"Price Code","U","Update","price","E6BB0414","G","148.17","163.17","BRA500","2026-03-23 22:11:48.324"
"Price Code","I","Insert",NA,"E6BB0414","H",NA,"105.71|105.71||I|Standard Pricing|95.71|0.00|0.00|10.00|0.00","BRA500","2025-12-06 01:58:43.130"
"Price Code","U","Update","price","E6BB0414","H","105.71","110.71","BRA502","2026-01-22 17:39:08.904"
"Price Code","U","Update","price","E6BB0414","H","110.71","135.71","BRA507","2026-03-04 17:17:47.721"
"Price Code","U","Update","price","E6BB0414","H","135.71","125.71","BRA505","2026-03-28 08:35:49.901"
"Price Code","I","Insert",NA,"E6BB0414","I",NA,"76.08|76.08||I|Standard Pricing|66.08|0.00|0.00|10.00|0.00","BRA505","2025-12-14 16:40:54.734"
"Price Code","U","Update","price","E6BB0414","I","76.08","81.08","BRA506","2026-01-29 05:13:26.723"
"Price Code","U","Update","price","E6BB0414","I","81.08","91.08","BRA500","2026-04-10 11:08:47.529"
"Price Code","I","Insert",NA,"E6BB0414","J",NA,"64.72|64.72||I|Standard Pricing|54.72|0.00|0.00|10.00|0.00","BRA510","2025-12-06 14:47:41.667"
"Price Code","U","Update","price","E6BB0414","J","64.72","69.72","BRA503","2026-02-25 11:09:48.054"
"Price Code","U","Update","price","E6BB0414","J","69.72","64.72","BRA501","2026-03-13 09:10:55.098"
"Price Code","U","Update","price","E6BB0414","J","64.72","79.72","BRA508","2026-03-16 07:17:23.828"
"Price Code","U","Update","price","E6BB0414","J","79.72","74.72","BRA507","2026-03-21 08:14:39.531"
"Price Code","U","Update","price","E6BB0414","J","74.72","59.72","BRA509","2026-03-30 07:49:01.403"
"Price Code","I","Insert",NA,"E6BB0414","K",NA,"51.29|51.29||I|Standard Pricing|41.29|0.00|0.00|10.00|0.00","BRA509","2025-11-20 08:43:21.956"
"Price Code","U","Update","price","E6BB0414","K","51.29","81.29","BRA505","2026-01-28 18:26:54.037"
"Price Code","U","Update","price","E6BB0414","K","81.29","86.29","BRA500","2026-02-10 00:32:29.730"
"Price Code","U","Update","price","E6BB0414","K","86.29","96.29","BRA503","2026-03-28 09:14:59.613"
"Price Code","I","Insert",NA,"E6BB0414","L",NA,"38.91|38.91||I|Standard Pricing|28.91|0.00|0.00|10.00|0.00","BRA506","2025-11-21 12:00:24.399"
"Price Code","U","Update","price","E6BB0414","L","38.91","23.91","BRA509","2026-03-12 03:05:31.174"
"Price Code","U","Update","price","E6BB0414","L","23.91","48.91","BRA507","2026-04-08 04:37:59.769"
"Price Code","I","Insert",NA,"E6BB0414","M",NA,"37.6|37.6||I|Standard Pricing|27.6|0.00|0.00|10.00|0.00","BRA508","2025-11-04 15:29:26.694"
"Price Code","U","Update","price","E6BB0414","M","37.6","22.6","BRA508","2026-01-24 16:00:39.354"
"Price Code","U","Update","price","E6BB0414","M","22.6","32.6","BRA510","2026-01-28 22:47:24.721"
"Price Code","U","Update","price","E6BB0414","M","32.6","22.6","BRA506","2026-02-13 05:16:16.016"
"Price Code","U","Update","price","E6BB0414","M","22.6","32.6","BRA508","2026-02-15 04:56:54.927"
"Price Code","U","Update","price","E6BB0414","M","32.6","47.6","BRA504","2026-03-25 22:23:19.053"
"Price Code","I","Insert",NA,"E6BB0414","N",NA,"28.79|28.79||I|Standard Pricing|18.79|0.00|0.00|10.00|0.00","BRA508","2025-12-16 06:17:22.805"
"Price Code","U","Update","price","E6BB0414","N","28.79","53.79","BRA505","2026-02-06 20:12:11.310"
"Price Code","U","Update","price","E6BB0414","N","53.79","38.79","BRA501","2026-04-05 04:23:21.976"
"Price Code","U","Update","price","E6BB0414","N","38.79","48.79","BRA510","2026-04-08 03:42:22.054"
"Price Code","I","Insert",NA,"E6BB0414","O",NA,"25.18|25.18||I|Standard Pricing|15.18|0.00|0.00|10.00|0.00","BRA500","2025-11-16 16:06:17.249"
"Price Code","U","Update","price","E6BB0414","O","25.18","50.18","BRA503","2026-02-18 16:32:17.573"
"Price Code","U","Update","price","E6BB0414","O","50.18","40.18","BRA502","2026-02-22 04:54:22.854"
"Price Code","U","Update","price","E6BB0414","O","40.18","45.18","BRA503","2026-02-28 22:33:40.819"
"Price Code","U","Update","price","E6BB0414","O","45.18","50.18","BRA507","2026-03-02 07:08:58.567"
"Price Code","U","Update","price","E6BB0414","O","50.18","70.18","BRA504","2026-03-09 06:54:27.487"
"Price Code","I","Insert",NA,"E6BB0414","P",NA,"19.24|19.24||I|Standard Pricing|9.24|0.00|0.00|10.00|0.00","BRA501","2025-11-28 13:51:01.041"
"Price Code","U","Update","price","E6BB0414","P","19.24","10","BRA505","2026-02-17 13:44:31.570"
"Price Code","U","Update","price","E6BB0414","P","10","20","BRA500","2026-02-28 08:31:15.401"
"Price Code","U","Update","price","E6BB0414","P","20","15","BRA500","2026-03-08 09:23:52.147"
"Price Code","U","Update","price","E6BB0414","P","15","10","BRA510","2026-04-05 02:12:52.873"
"Price Code","U","Update","price","E6BB0414","P","10","15","BRA509","2026-04-06 12:10:42.899"
"Price Code","D","Delete",NA,"E6BB0414","N",NA,NA,"BRA509","2026-03-19 14:00:00.000"
"Price Code","I","Insert",NA,"E6BB0415","A",NA,"287.03|287.03||I|Standard Pricing|277.03|0.00|0.00|10.00|0.00","BRA505","2025-11-06 04:13:01.503"
"Price Code","U","Update","price","E6BB0415","A","287.03","307.03","BRA504","2026-01-24 16:59:10.089"
"Price Code","U","Update","price","E6BB0415","A","307.03","322.03","BRA504","2026-02-04 14:23:44.281"
"Price Code","U","Update","price","E6BB0415","A","322.03","352.03","BRA500","2026-03-06 20:15:32.315"
"Price Code","I","Insert",NA,"E6BB0415","B",NA,"217.57|217.57||I|Standard Pricing|207.57|0.00|0.00|10.00|0.00","BRA500","2025-12-13 10:53:45.203"
"Price Code","U","Update","price","E6BB0415","B","217.57","222.57","BRA510","2026-02-13 07:45:03.216"
"Price Code","U","Update","price","E6BB0415","B","222.57","237.57","BRA502","2026-02-15 05:58:33.958"
"Price Code","U","Update","price","E6BB0415","B","237.57","222.57","BRA503","2026-03-26 20:46:26.847"
"Price Code","U","Update","price","E6BB0415","B","222.57","232.57","BRA509","2026-04-12 00:06:18.464"
"Price Code","I","Insert",NA,"E6BB0415","C",NA,"201.04|201.04||I|Standard Pricing|191.04|0.00|0.00|10.00|0.00","BRA506","2025-12-12 19:41:59.162"
"Price Code","U","Update","price","E6BB0415","C","201.04","186.04","BRA502","2026-02-05 02:36:24.031"
"Price Code","U","Update","price","E6BB0415","C","186.04","191.04","BRA504","2026-03-28 08:14:47.488"
"Price Code","U","Update","price","E6BB0415","C","191.04","201.04","BRA502","2026-03-31 10:57:17.023"
"Price Code","I","Insert",NA,"E6BB0415","D",NA,"188.26|188.26||I|Standard Pricing|178.26|0.00|0.00|10.00|0.00","BRA505","2025-11-25 03:15:10.699"
"Price Code","U","Update","price","E6BB0415","D","188.26","193.26","BRA503","2026-01-19 16:32:53.979"
"Price Code","U","Update","price","E6BB0415","D","193.26","208.26","BRA508","2026-02-03 09:53:06.884"
"Price Code","I","Insert",NA,"E6BB0415","E",NA,"150.32|150.32||I|Standard Pricing|140.32|0.00|0.00|10.00|0.00","BRA500","2025-12-14 17:51:21.824"
"Price Code","U","Update","price","E6BB0415","E","150.32","140.32","BRA510","2026-02-14 23:01:24.772"
"Price Code","U","Update","price","E6BB0415","E","140.32","170.32","BRA500","2026-02-20 20:00:39.034"
"Price Code","U","Update","price","E6BB0415","E","170.32","190.32","BRA510","2026-02-27 06:33:57.114"
"Price Code","U","Update","price","E6BB0415","E","190.32","205.32","BRA503","2026-03-24 00:15:12.927"
"Price Code","I","Insert",NA,"E6BB0415","F",NA,"128.67|128.67||I|Standard Pricing|118.67|0.00|0.00|10.00|0.00","BRA502","2025-11-17 18:03:01.867"
"Price Code","U","Update","price","E6BB0415","F","128.67","133.67","BRA507","2026-02-26 17:41:21.722"
"Price Code","U","Update","price","E6BB0415","F","133.67","138.67","BRA508","2026-03-23 18:07:00.224"
"Price Code","U","Update","price","E6BB0415","F","138.67","128.67","BRA508","2026-04-03 00:53:07.103"
"Price Code","U","Update","price","E6BB0415","F","128.67","118.67","BRA510","2026-04-04 09:23:37.221"
"Price Code","I","Insert",NA,"E6BB0415","G",NA,"114.02|114.02||I|Standard Pricing|104.02|0.00|0.00|10.00|0.00","BRA507","2025-11-21 08:40:42.748"
"Price Code","U","Update","price","E6BB0415","G","114.02","124.02","BRA508","2026-01-23 00:24:39.785"
"Price Code","U","Update","price","E6BB0415","G","124.02","139.02","BRA509","2026-02-22 18:24:48.765"
"Price Code","U","Update","price","E6BB0415","G","139.02","134.02","BRA501","2026-03-05 18:23:40.777"
"Price Code","U","Update","price","E6BB0415","G","134.02","129.02","BRA504","2026-03-09 04:21:29.779"
"Price Code","U","Update","price","E6BB0415","G","129.02","159.02","BRA509","2026-04-12 01:08:14.157"
"Price Code","I","Insert",NA,"E6BB0415","H",NA,"88.1|88.1||I|Standard Pricing|78.1|0.00|0.00|10.00|0.00","BRA505","2025-11-18 17:47:22.802"
"Price Code","U","Update","price","E6BB0415","H","88.1","98.1","BRA505","2026-01-29 17:28:40.532"
"Price Code","U","Update","price","E6BB0415","H","98.1","118.1","BRA504","2026-01-29 19:01:36.049"
"Price Code","U","Update","price","E6BB0415","H","118.1","133.1","BRA505","2026-01-31 07:52:47.217"
"Price Code","U","Update","price","E6BB0415","H","133.1","163.1","BRA509","2026-03-09 00:48:11.554"
"Price Code","I","Insert",NA,"E6BB0415","I",NA,"63.78|63.78||I|Standard Pricing|53.78|0.00|0.00|10.00|0.00","BRA507","2025-12-16 08:43:48.341"
"Price Code","U","Update","price","E6BB0415","I","63.78","93.78","BRA508","2026-02-01 17:54:20.836"
"Price Code","U","Update","price","E6BB0415","I","93.78","113.78","BRA506","2026-02-15 14:28:59.651"
"Price Code","U","Update","price","E6BB0415","I","113.78","143.78","BRA508","2026-03-31 10:57:22.507"
"Price Code","U","Update","price","E6BB0415","I","143.78","153.78","BRA510","2026-04-07 09:38:05.496"
"Price Code","U","Update","price","E6BB0415","I","153.78","173.78","BRA503","2026-04-13 23:24:13.401"
"Price Code","I","Insert",NA,"E6BB0415","J",NA,"57.43|57.43||I|Standard Pricing|47.43|0.00|0.00|10.00|0.00","BRA509","2025-11-26 11:25:03.989"
"Price Code","U","Update","price","E6BB0415","J","57.43","82.43","BRA510","2026-01-26 22:00:23.938"
"Price Code","U","Update","price","E6BB0415","J","82.43","107.43","BRA510","2026-03-13 21:53:08.145"
"Price Code","U","Update","price","E6BB0415","J","107.43","137.43","BRA505","2026-03-18 11:08:06.270"
"Price Code","U","Update","price","E6BB0415","J","137.43","157.43","BRA500","2026-04-06 21:43:04.551"
"Price Code","U","Update","price","E6BB0415","J","157.43","182.43","BRA501","2026-04-09 11:27:24.187"
"Price Code","I","Insert",NA,"E6BB0415","K",NA,"49.94|49.94||I|Standard Pricing|39.94|0.00|0.00|10.00|0.00","BRA504","2025-11-14 17:34:33.258"
"Price Code","U","Update","price","E6BB0415","K","49.94","59.94","BRA500","2026-02-13 16:42:54.188"
"Price Code","U","Update","price","E6BB0415","K","59.94","79.94","BRA505","2026-02-16 02:00:58.777"
"Price Code","U","Update","price","E6BB0415","K","79.94","109.94","BRA508","2026-03-06 16:22:57.888"
"Price Code","U","Update","price","E6BB0415","K","109.94","139.94","BRA504","2026-03-20 03:02:58.217"
"Price Code","I","Insert",NA,"E6BB0415","L",NA,"46.44|46.44||I|Standard Pricing|36.44|0.00|0.00|10.00|0.00","BRA509","2025-11-30 05:35:40.475"
"Price Code","U","Update","price","E6BB0415","L","46.44","66.44","BRA506","2026-01-19 22:38:19.899"
"Price Code","U","Update","price","E6BB0415","L","66.44","51.44","BRA510","2026-03-07 11:07:30.928"
"Price Code","I","Insert",NA,"E6BB0416","A",NA,"215.85|215.85||I|Standard Pricing|205.85|0.00|0.00|10.00|0.00","BRA502","2025-11-09 03:54:08.501"
"Price Code","U","Update","price","E6BB0416","A","215.85","210.85","BRA501","2026-02-21 11:11:29.050"
"Price Code","U","Update","price","E6BB0416","A","210.85","205.85","BRA504","2026-03-19 20:07:08.411"
"Price Code","I","Insert",NA,"E6BB0416","B",NA,"236.89|236.89||I|Standard Pricing|226.89|0.00|0.00|10.00|0.00","BRA504","2025-12-09 08:16:17.697"
"Price Code","U","Update","price","E6BB0416","B","236.89","251.89","BRA509","2026-01-17 07:10:16.171"
"Price Code","U","Update","price","E6BB0416","B","251.89","281.89","BRA510","2026-01-19 22:25:40.308"
"Price Code","U","Update","price","E6BB0416","B","281.89","286.89","BRA500","2026-01-31 19:41:30.548"
"Price Code","U","Update","price","E6BB0416","B","286.89","296.89","BRA500","2026-03-26 07:37:45.522"
"Price Code","I","Insert",NA,"E6BB0416","C",NA,"192.83|192.83||I|Standard Pricing|182.83|0.00|0.00|10.00|0.00","BRA510","2025-12-10 17:19:14.201"
"Price Code","U","Update","price","E6BB0416","C","192.83","197.83","BRA508","2026-01-19 21:21:51.385"
"Price Code","U","Update","price","E6BB0416","C","197.83","227.83","BRA504","2026-03-01 18:51:05.816"
"Price Code","U","Update","price","E6BB0416","C","227.83","232.83","BRA506","2026-04-02 23:04:45.941"
"Price Code","U","Update","price","E6BB0416","C","232.83","252.83","BRA505","2026-04-03 23:04:59.133"
"Price Code","I","Insert",NA,"E6BB0416","D",NA,"161.21|161.21||I|Standard Pricing|151.21|0.00|0.00|10.00|0.00","BRA501","2025-11-14 21:27:43.062"
"Price Code","U","Update","price","E6BB0416","D","161.21","171.21","BRA505","2026-02-07 06:15:23.214"
"Price Code","U","Update","price","E6BB0416","D","171.21","181.21","BRA505","2026-03-08 13:31:36.465"
"Price Code","I","Insert",NA,"E6BB0416","E",NA,"133.71|133.71||I|Standard Pricing|123.71|0.00|0.00|10.00|0.00","BRA508","2025-11-16 05:02:59.157"
"Price Code","U","Update","price","E6BB0416","E","133.71","118.71","BRA510","2026-02-17 15:19:08.970"
"Price Code","U","Update","price","E6BB0416","E","118.71","108.71","BRA508","2026-03-05 05:15:34.220"
"Price Code","U","Update","price","E6BB0416","E","108.71","98.71","BRA505","2026-03-25 00:55:20.108"
"Price Code","I","Insert",NA,"E6BB0416","F",NA,"141.24|141.24||I|Standard Pricing|131.24|0.00|0.00|10.00|0.00","BRA500","2025-12-10 22:05:00.847"
"Price Code","U","Update","price","E6BB0416","F","141.24","171.24","BRA502","2026-01-23 13:49:21.593"
"Price Code","U","Update","price","E6BB0416","F","171.24","201.24","BRA508","2026-03-10 05:24:02.375"
"Price Code","I","Insert",NA,"E6BB0416","G",NA,"104.69|104.69||I|Standard Pricing|94.69|0.00|0.00|10.00|0.00","BRA506","2025-12-03 03:44:23.975"
"Price Code","U","Update","price","E6BB0416","G","104.69","99.69","BRA501","2026-02-16 18:51:51.049"
"Price Code","U","Update","price","E6BB0416","G","99.69","89.69","BRA508","2026-04-11 23:48:40.042"
"Price Code","I","Insert",NA,"E6BB0416","H",NA,"95.94|95.94||I|Standard Pricing|85.94|0.00|0.00|10.00|0.00","BRA506","2025-12-14 06:54:44.314"
"Price Code","U","Update","price","E6BB0416","H","95.94","115.94","BRA500","2026-02-26 05:02:29.452"
"Price Code","U","Update","price","E6BB0416","H","115.94","125.94","BRA506","2026-04-14 14:38:51.918"
"Price Code","I","Insert",NA,"E6BB0416","I",NA,"66.74|66.74||I|Standard Pricing|56.74|0.00|0.00|10.00|0.00","BRA505","2025-12-11 22:51:55.626"
"Price Code","U","Update","price","E6BB0416","I","66.74","96.74","BRA501","2026-02-11 03:08:12.884"
"Price Code","U","Update","price","E6BB0416","I","96.74","101.74","BRA509","2026-02-13 16:21:22.276"
"Price Code","U","Update","price","E6BB0416","I","101.74","91.74","BRA501","2026-03-22 22:15:11.185"
"Price Code","U","Update","price","E6BB0416","I","91.74","106.74","BRA500","2026-04-12 03:05:25.168"
"Price Code","I","Insert",NA,"E6BB0416","J",NA,"69.78|69.78||I|Standard Pricing|59.78|0.00|0.00|10.00|0.00","BRA509","2025-11-01 17:52:11.274"
"Price Code","U","Update","price","E6BB0416","J","69.78","74.78","BRA506","2026-01-21 15:46:42.618"
"Price Code","U","Update","price","E6BB0416","J","74.78","59.78","BRA502","2026-02-23 15:02:41.875"
"Price Code","U","Update","price","E6BB0416","J","59.78","49.78","BRA510","2026-03-26 00:31:12.553"
"Price Code","U","Update","price","E6BB0416","J","49.78","74.78","BRA508","2026-03-29 13:29:02.896"
"Price Code","I","Insert",NA,"E6BB0416","K",NA,"56.82|56.82||I|Standard Pricing|46.82|0.00|0.00|10.00|0.00","BRA508","2025-12-07 18:45:50.786"
"Price Code","U","Update","price","E6BB0416","K","56.82","71.82","BRA506","2026-01-21 06:46:50.275"
"Price Code","U","Update","price","E6BB0416","K","71.82","101.82","BRA509","2026-04-05 08:40:35.921"
"Price Code","I","Insert",NA,"E6BB0416","L",NA,"50.94|50.94||I|Standard Pricing|40.94|0.00|0.00|10.00|0.00","BRA505","2025-11-26 03:50:00.262"
"Price Code","U","Update","price","E6BB0416","L","50.94","35.94","BRA501","2026-02-24 12:45:34.110"
"Price Code","U","Update","price","E6BB0416","L","35.94","30.94","BRA503","2026-02-28 23:18:47.613"
"Price Code","I","Insert",NA,"E6BB0417","A",NA,"222.33|222.33||I|Standard Pricing|212.33|0.00|0.00|10.00|0.00","BRA501","2025-11-22 17:16:53.337"
"Price Code","U","Update","price","E6BB0417","A","222.33","242.33","BRA505","2026-02-09 15:06:38.613"
"Price Code","U","Update","price","E6BB0417","A","242.33","227.33","BRA507","2026-03-29 16:22:59.641"
"Price Code","I","Insert",NA,"E6BB0417","B",NA,"234.94|234.94||I|Standard Pricing|224.94|0.00|0.00|10.00|0.00","BRA508","2025-11-05 22:06:03.370"
"Price Code","U","Update","price","E6BB0417","B","234.94","219.94","BRA502","2026-01-16 05:13:52.592"
"Price Code","U","Update","price","E6BB0417","B","219.94","234.94","BRA508","2026-02-01 17:55:11.010"
"Price Code","U","Update","price","E6BB0417","B","234.94","229.94","BRA506","2026-02-05 01:12:04.979"
"Price Code","U","Update","price","E6BB0417","B","229.94","219.94","BRA510","2026-03-30 22:19:31.809"
"Price Code","I","Insert",NA,"E6BB0417","C",NA,"201.51|201.51||I|Standard Pricing|191.51|0.00|0.00|10.00|0.00","BRA500","2025-11-09 16:05:18.472"
"Price Code","U","Update","price","E6BB0417","C","201.51","231.51","BRA502","2026-01-23 09:01:08.818"
"Price Code","U","Update","price","E6BB0417","C","231.51","241.51","BRA501","2026-02-12 05:56:51.440"
"Price Code","I","Insert",NA,"E6BB0417","D",NA,"148.14|148.14||I|Standard Pricing|138.14|0.00|0.00|10.00|0.00","BRA510","2025-11-14 10:15:55.086"
"Price Code","U","Update","price","E6BB0417","D","148.14","138.14","BRA503","2026-01-15 20:06:28.968"
"Price Code","U","Update","price","E6BB0417","D","138.14","153.14","BRA508","2026-01-23 03:54:51.383"
"Price Code","U","Update","price","E6BB0417","D","153.14","168.14","BRA503","2026-02-02 19:43:18.285"
"Price Code","U","Update","price","E6BB0417","D","168.14","163.14","BRA504","2026-02-11 16:42:40.008"
"Price Code","U","Update","price","E6BB0417","D","163.14","168.14","BRA500","2026-02-17 20:10:50.077"
"Price Code","I","Insert",NA,"E6BB0417","E",NA,"134.66|134.66||I|Standard Pricing|124.66|0.00|0.00|10.00|0.00","BRA508","2025-12-07 08:36:46.040"
"Price Code","U","Update","price","E6BB0417","E","134.66","124.66","BRA509","2026-01-17 03:30:58.450"
"Price Code","U","Update","price","E6BB0417","E","124.66","144.66","BRA505","2026-01-21 01:34:19.510"
"Price Code","U","Update","price","E6BB0417","E","144.66","129.66","BRA510","2026-02-25 07:06:00.426"
"Price Code","U","Update","price","E6BB0417","E","129.66","134.66","BRA506","2026-03-26 02:19:47.933"
"Price Code","U","Update","price","E6BB0417","E","134.66","124.66","BRA503","2026-04-10 22:31:57.370"
"Price Code","I","Insert",NA,"E6BB0417","F",NA,"127.67|127.67||I|Standard Pricing|117.67|0.00|0.00|10.00|0.00","BRA509","2025-12-04 12:45:29.273"
"Price Code","U","Update","price","E6BB0417","F","127.67","157.67","BRA510","2026-01-20 01:39:23.583"
"Price Code","U","Update","price","E6BB0417","F","157.67","187.67","BRA501","2026-01-30 23:21:24.949"
"Price Code","I","Insert",NA,"E6BB0417","G",NA,"114.83|114.83||I|Standard Pricing|104.83|0.00|0.00|10.00|0.00","BRA502","2025-11-05 11:30:48.852"
"Price Code","U","Update","price","E6BB0417","G","114.83","134.83","BRA510","2026-01-20 08:32:57.027"
"Price Code","U","Update","price","E6BB0417","G","134.83","164.83","BRA500","2026-01-21 00:44:27.894"
"Price Code","I","Insert",NA,"E6BB0417","H",NA,"83.85|83.85||I|Standard Pricing|73.85|0.00|0.00|10.00|0.00","BRA505","2025-12-10 02:58:33.079"
"Price Code","U","Update","price","E6BB0417","H","83.85","103.85","BRA500","2026-02-16 01:00:29.565"
"Price Code","U","Update","price","E6BB0417","H","103.85","118.85","BRA505","2026-03-10 03:56:25.453"
"Price Code","I","Insert",NA,"E6BB0417","I",NA,"73|73||I|Standard Pricing|63|0.00|0.00|10.00|0.00","BRA508","2025-11-21 11:21:53.882"
"Price Code","U","Update","price","E6BB0417","I","73","93","BRA501","2026-01-22 00:01:04.294"
"Price Code","U","Update","price","E6BB0417","I","93","88","BRA510","2026-03-01 04:54:21.513"
"Price Code","U","Update","price","E6BB0417","I","88","78","BRA504","2026-03-18 12:07:29.193"
"Price Code","U","Update","price","E6BB0417","I","78","73","BRA506","2026-04-13 17:53:04.422"
"Price Code","I","Insert",NA,"E6BB0417","J",NA,"67.93|67.93||I|Standard Pricing|57.93|0.00|0.00|10.00|0.00","BRA510","2025-11-07 23:58:57.420"
"Price Code","U","Update","price","E6BB0417","J","67.93","72.93","BRA501","2026-01-23 09:40:44.911"
"Price Code","U","Update","price","E6BB0417","J","72.93","87.93","BRA505","2026-02-21 18:50:10.433"
"Price Code","U","Update","price","E6BB0417","J","87.93","102.93","BRA510","2026-03-14 11:52:34.921"
"Price Code","U","Update","price","E6BB0417","J","102.93","97.93","BRA506","2026-03-20 16:06:59.671"
"Price Code","I","Insert",NA,"E6BB0417","K",NA,"55.43|55.43||I|Standard Pricing|45.43|0.00|0.00|10.00|0.00","BRA503","2025-11-14 05:39:35.810"
"Price Code","U","Update","price","E6BB0417","K","55.43","45.43","BRA503","2026-01-24 11:18:29.027"
"Price Code","U","Update","price","E6BB0417","K","45.43","50.43","BRA510","2026-02-11 06:33:33.732"
"Price Code","U","Update","price","E6BB0417","K","50.43","60.43","BRA509","2026-03-13 17:39:14.812"
"Price Code","U","Update","price","E6BB0417","K","60.43","50.43","BRA510","2026-03-16 00:11:30.933"
"Price Code","U","Update","price","E6BB0417","K","50.43","55.43","BRA502","2026-03-24 05:19:35.547"
"Price Code","I","Insert",NA,"E6BB0417","L",NA,"44.28|44.28||I|Standard Pricing|34.28|0.00|0.00|10.00|0.00","BRA508","2025-11-23 16:32:37.980"
"Price Code","U","Update","price","E6BB0417","L","44.28","69.28","BRA507","2026-01-20 08:06:12.675"
"Price Code","U","Update","price","E6BB0417","L","69.28","59.28","BRA507","2026-02-13 19:33:33.042"
"Price Code","I","Insert",NA,"E6BB0417","M",NA,"31.83|31.83||I|Standard Pricing|21.83|0.00|0.00|10.00|0.00","BRA502","2025-11-11 10:20:50.594"
"Price Code","U","Update","price","E6BB0417","M","31.83","46.83","BRA501","2026-01-30 00:06:07.700"
"Price Code","U","Update","price","E6BB0417","M","46.83","31.83","BRA510","2026-03-21 11:11:08.258"
"Price Code","I","Insert",NA,"E6BB0418","A",NA,"225.32|225.32||I|Standard Pricing|215.32|0.00|0.00|10.00|0.00","BRA502","2025-11-21 23:50:05.935"
"Price Code","U","Update","price","E6BB0418","A","225.32","210.32","BRA507","2026-02-15 05:16:53.590"
"Price Code","U","Update","price","E6BB0418","A","210.32","235.32","BRA507","2026-02-17 00:25:30.974"
"Price Code","U","Update","price","E6BB0418","A","235.32","230.32","BRA509","2026-02-20 03:26:39.371"
"Price Code","U","Update","price","E6BB0418","A","230.32","215.32","BRA502","2026-03-01 12:28:24.500"
"Price Code","U","Update","price","E6BB0418","A","215.32","230.32","BRA505","2026-03-11 04:34:11.452"
"Price Code","I","Insert",NA,"E6BB0418","B",NA,"243.8|243.8||I|Standard Pricing|233.8|0.00|0.00|10.00|0.00","BRA503","2025-12-07 10:12:11.400"
"Price Code","U","Update","price","E6BB0418","B","243.8","273.8","BRA504","2026-01-24 22:00:20.980"
"Price Code","U","Update","price","E6BB0418","B","273.8","293.8","BRA503","2026-01-31 13:52:09.194"
"Price Code","I","Insert",NA,"E6BB0418","C",NA,"187.41|187.41||I|Standard Pricing|177.41|0.00|0.00|10.00|0.00","BRA509","2025-11-09 00:46:37.548"
"Price Code","U","Update","price","E6BB0418","C","187.41","197.41","BRA508","2026-01-16 06:54:56.108"
"Price Code","U","Update","price","E6BB0418","C","197.41","207.41","BRA508","2026-02-05 13:33:31.841"
"Price Code","U","Update","price","E6BB0418","C","207.41","237.41","BRA502","2026-03-17 10:27:34.939"
"Price Code","I","Insert",NA,"E6BB0418","D",NA,"158.42|158.42||I|Standard Pricing|148.42|0.00|0.00|10.00|0.00","BRA501","2025-11-24 14:26:17.220"
"Price Code","U","Update","price","E6BB0418","D","158.42","183.42","BRA500","2026-02-04 23:29:39.056"
"Price Code","U","Update","price","E6BB0418","D","183.42","203.42","BRA504","2026-02-07 12:39:42.498"
"Price Code","U","Update","price","E6BB0418","D","203.42","233.42","BRA504","2026-03-08 09:12:17.447"
"Price Code","U","Update","price","E6BB0418","D","233.42","248.42","BRA507","2026-03-11 07:11:16.183"
"Price Code","U","Update","price","E6BB0418","D","248.42","278.42","BRA506","2026-03-20 23:57:21.536"
"Price Code","I","Insert",NA,"E6BB0418","E",NA,"153.99|153.99||I|Standard Pricing|143.99|0.00|0.00|10.00|0.00","BRA500","2025-11-21 15:44:55.840"
"Price Code","U","Update","price","E6BB0418","E","153.99","178.99","BRA509","2026-03-31 09:54:23.012"
"Price Code","U","Update","price","E6BB0418","E","178.99","168.99","BRA507","2026-04-14 19:00:54.809"
"Price Code","I","Insert",NA,"E6BB0418","F",NA,"108.35|108.35||I|Standard Pricing|98.35|0.00|0.00|10.00|0.00","BRA508","2025-11-30 17:51:08.721"
"Price Code","U","Update","price","E6BB0418","F","108.35","98.35","BRA505","2026-02-08 16:54:34.692"
"Price Code","U","Update","price","E6BB0418","F","98.35","93.35","BRA510","2026-02-19 08:10:12.938"
"Price Code","U","Update","price","E6BB0418","F","93.35","108.35","BRA509","2026-03-23 05:29:13.502"
"Price Code","U","Update","price","E6BB0418","F","108.35","118.35","BRA504","2026-03-30 23:15:41.600"
"Price Code","U","Update","price","E6BB0418","F","118.35","123.35","BRA509","2026-04-06 19:49:32.160"
"Price Code","I","Insert",NA,"E6BB0418","G",NA,"94.38|94.38||I|Standard Pricing|84.38|0.00|0.00|10.00|0.00","BRA506","2025-12-14 21:12:48.648"
"Price Code","U","Update","price","E6BB0418","G","94.38","99.38","BRA510","2026-02-16 21:54:18.393"
"Price Code","U","Update","price","E6BB0418","G","99.38","89.38","BRA510","2026-03-01 19:50:49.510"
"Price Code","U","Update","price","E6BB0418","G","89.38","94.38","BRA501","2026-03-30 05:04:19.162"
"Price Code","I","Insert",NA,"E6BB0418","H",NA,"106.22|106.22||I|Standard Pricing|96.22|0.00|0.00|10.00|0.00","BRA507","2025-11-13 17:06:51.262"
"Price Code","U","Update","price","E6BB0418","H","106.22","126.22","BRA505","2026-02-16 20:43:49.155"
"Price Code","U","Update","price","E6BB0418","H","126.22","156.22","BRA503","2026-03-08 10:47:43.186"
"Price Code","U","Update","price","E6BB0418","H","156.22","171.22","BRA509","2026-03-09 02:03:35.268"
"Price Code","U","Update","price","E6BB0418","H","171.22","196.22","BRA502","2026-03-28 12:52:14.656"
"Price Code","I","Insert",NA,"E6BB0418","I",NA,"67.58|67.58||I|Standard Pricing|57.58|0.00|0.00|10.00|0.00","BRA502","2025-11-11 00:49:05.856"
"Price Code","U","Update","price","E6BB0418","I","67.58","57.58","BRA505","2026-01-15 13:24:18.310"
"Price Code","U","Update","price","E6BB0418","I","57.58","62.58","BRA505","2026-02-02 14:53:29.190"
"Price Code","I","Insert",NA,"E6BB0418","J",NA,"59.82|59.82||I|Standard Pricing|49.82|0.00|0.00|10.00|0.00","BRA501","2025-12-04 07:41:43.093"
"Price Code","U","Update","price","E6BB0418","J","59.82","54.82","BRA505","2026-01-21 01:43:04.637"
"Price Code","U","Update","price","E6BB0418","J","54.82","44.82","BRA508","2026-01-22 03:08:05.378"
"Price Code","U","Update","price","E6BB0418","J","44.82","74.82","BRA504","2026-02-01 07:58:58.254"
"Price Code","U","Update","price","E6BB0418","J","74.82","59.82","BRA506","2026-03-18 21:37:06.780"
"Price Code","I","Insert",NA,"E6BB0418","K",NA,"53.28|53.28||I|Standard Pricing|43.28|0.00|0.00|10.00|0.00","BRA508","2025-11-27 11:18:59.491"
"Price Code","U","Update","price","E6BB0418","K","53.28","68.28","BRA510","2026-01-16 06:21:42.506"
"Price Code","U","Update","price","E6BB0418","K","68.28","63.28","BRA508","2026-01-28 02:56:40.958"
"Price Code","U","Update","price","E6BB0418","K","63.28","88.28","BRA507","2026-03-07 07:35:52.678"
"Price Code","U","Update","price","E6BB0418","K","88.28","118.28","BRA502","2026-03-09 02:22:23.810"
"Price Code","U","Update","price","E6BB0418","K","118.28","103.28","BRA501","2026-03-24 16:27:36.417"
"Price Code","I","Insert",NA,"E6BB0418","L",NA,"43.19|43.19||I|Standard Pricing|33.19|0.00|0.00|10.00|0.00","BRA504","2025-11-11 00:41:50.045"
"Price Code","U","Update","price","E6BB0418","L","43.19","68.19","BRA505","2026-01-23 11:21:41.926"
"Price Code","U","Update","price","E6BB0418","L","68.19","93.19","BRA504","2026-04-11 02:30:48.340"
"Price Code","I","Insert",NA,"E6BB0418","M",NA,"31.88|31.88||I|Standard Pricing|21.88|0.00|0.00|10.00|0.00","BRA504","2025-11-05 22:00:28.873"
"Price Code","U","Update","price","E6BB0418","M","31.88","36.88","BRA507","2026-01-21 11:26:57.686"
"Price Code","U","Update","price","E6BB0418","M","36.88","66.88","BRA507","2026-01-22 04:34:43.091"
"Price Code","U","Update","price","E6BB0418","M","66.88","91.88","BRA500","2026-02-03 11:52:31.520"
"Price Code","U","Update","price","E6BB0418","M","91.88","116.88","BRA510","2026-03-13 06:53:53.931"
"Price Code","U","Update","price","E6BB0418","M","116.88","111.88","BRA500","2026-04-06 10:42:58.744"
"Price Code","I","Insert",NA,"E6BB0418","N",NA,"28.7|28.7||I|Standard Pricing|18.7|0.00|0.00|10.00|0.00","BRA507","2025-11-29 08:25:28.082"
"Price Code","U","Update","price","E6BB0418","N","28.7","18.7","BRA505","2026-01-25 08:53:41.741"
"Price Code","U","Update","price","E6BB0418","N","18.7","13.7","BRA501","2026-01-26 01:44:28.321"
"Price Code","U","Update","price","E6BB0418","N","13.7","10","BRA504","2026-02-15 11:42:17.898"
"Price Code","U","Update","price","E6BB0418","N","10","20","BRA503","2026-02-17 00:40:50.470"
"Price Code","U","Update","price","E6BB0418","N","20","40","BRA510","2026-02-25 21:22:29.780"
"Price Code","I","Insert",NA,"E6BB0418","O",NA,"18.8|18.8||I|Standard Pricing|8.8|0.00|0.00|10.00|0.00","BRA509","2025-12-12 04:27:10.962"
"Price Code","U","Update","price","E6BB0418","O","18.8","28.8","BRA507","2026-01-21 19:06:53.909"
"Price Code","U","Update","price","E6BB0418","O","28.8","53.8","BRA506","2026-02-01 08:35:03.164"
"Price Code","U","Update","price","E6BB0418","O","53.8","78.8","BRA506","2026-03-03 11:50:33.446"
"Price Code","U","Update","price","E6BB0418","O","78.8","103.8","BRA510","2026-03-18 23:20:19.285"
"Price Code","U","Update","price","E6BB0418","O","103.8","98.8","BRA508","2026-04-09 21:16:02.808"
"Price Code","I","Insert",NA,"E6BB0418","P",NA,"20.24|20.24||I|Standard Pricing|10.24|0.00|0.00|10.00|0.00","BRA502","2025-11-26 02:59:35.132"
"Price Code","U","Update","price","E6BB0418","P","20.24","40.24","BRA500","2026-02-06 02:33:31.943"
"Price Code","U","Update","price","E6BB0418","P","40.24","70.24","BRA510","2026-03-01 00:05:33.128"
"Price Code","U","Update","price","E6BB0418","P","70.24","60.24","BRA510","2026-03-08 11:24:04.352"
"Price Code","U","Update","price","E6BB0418","P","60.24","45.24","BRA502","2026-03-09 05:50:14.527"
"Price Code","U","Update","price","E6BB0418","P","45.24","35.24","BRA504","2026-03-17 09:31:27.986"
"Price Code","I","Insert",NA,"E6BB0419","A",NA,"237|237||I|Standard Pricing|227|0.00|0.00|10.00|0.00","BRA500","2025-11-24 03:43:08.935"
"Price Code","U","Update","price","E6BB0419","A","237","227","BRA505","2026-02-19 11:09:32.802"
"Price Code","U","Update","price","E6BB0419","A","227","257","BRA507","2026-02-25 16:58:34.442"
"Price Code","U","Update","price","E6BB0419","A","257","267","BRA508","2026-03-31 19:54:19.720"
"Price Code","U","Update","price","E6BB0419","A","267","272","BRA506","2026-04-04 12:07:27.195"
"Price Code","U","Update","price","E6BB0419","A","272","292","BRA503","2026-04-08 01:41:09.303"
"Price Code","I","Insert",NA,"E6BB0419","B",NA,"202.99|202.99||I|Standard Pricing|192.99|0.00|0.00|10.00|0.00","BRA502","2025-11-19 06:31:31.754"
"Price Code","U","Update","price","E6BB0419","B","202.99","222.99","BRA500","2026-01-17 20:42:13.716"
"Price Code","U","Update","price","E6BB0419","B","222.99","242.99","BRA501","2026-03-05 04:57:31.030"
"Price Code","I","Insert",NA,"E6BB0419","C",NA,"170.28|170.28||I|Standard Pricing|160.28|0.00|0.00|10.00|0.00","BRA507","2025-11-29 02:57:41.318"
"Price Code","U","Update","price","E6BB0419","C","170.28","175.28","BRA509","2026-02-15 02:17:15.183"
"Price Code","U","Update","price","E6BB0419","C","175.28","205.28","BRA508","2026-02-23 10:31:25.000"
"Price Code","U","Update","price","E6BB0419","C","205.28","220.28","BRA507","2026-03-13 11:14:16.836"
"Price Code","U","Update","price","E6BB0419","C","220.28","240.28","BRA509","2026-03-24 07:11:01.353"
"Price Code","I","Insert",NA,"E6BB0419","D",NA,"150.09|150.09||I|Standard Pricing|140.09|0.00|0.00|10.00|0.00","BRA510","2025-11-01 16:01:37.651"
"Price Code","U","Update","price","E6BB0419","D","150.09","140.09","BRA502","2026-03-29 14:31:04.904"
"Price Code","U","Update","price","E6BB0419","D","140.09","130.09","BRA508","2026-04-03 08:28:37.196"
"Price Code","U","Update","price","E6BB0419","D","130.09","135.09","BRA502","2026-04-16 00:37:21.502"
"Price Code","I","Insert",NA,"E6BB0419","E",NA,"151.35|151.35||I|Standard Pricing|141.35|0.00|0.00|10.00|0.00","BRA507","2025-11-24 09:14:43.149"
"Price Code","U","Update","price","E6BB0419","E","151.35","171.35","BRA508","2026-02-01 19:04:01.845"
"Price Code","U","Update","price","E6BB0419","E","171.35","196.35","BRA501","2026-03-05 19:05:51.115"
"Price Code","U","Update","price","E6BB0419","E","196.35","191.35","BRA504","2026-03-22 01:54:32.263"
"Price Code","I","Insert",NA,"E6BB0419","F",NA,"117.18|117.18||I|Standard Pricing|107.18|0.00|0.00|10.00|0.00","BRA501","2025-12-04 21:59:23.034"
"Price Code","U","Update","price","E6BB0419","F","117.18","147.18","BRA506","2026-01-24 06:54:31.886"
"Price Code","U","Update","price","E6BB0419","F","147.18","177.18","BRA506","2026-01-25 04:51:41.507"
"Price Code","U","Update","price","E6BB0419","F","177.18","172.18","BRA506","2026-02-15 09:56:29.678"
"Price Code","U","Update","price","E6BB0419","F","172.18","197.18","BRA500","2026-03-11 12:03:42.463"
"Price Code","U","Update","price","E6BB0419","F","197.18","217.18","BRA505","2026-04-10 18:27:13.701"
"Price Code","I","Insert",NA,"E6BB0419","G",NA,"123.35|123.35||I|Standard Pricing|113.35|0.00|0.00|10.00|0.00","BRA507","2025-11-05 13:41:58.018"
"Price Code","U","Update","price","E6BB0419","G","123.35","153.35","BRA500","2026-02-06 06:37:37.916"
"Price Code","U","Update","price","E6BB0419","G","153.35","163.35","BRA508","2026-02-17 07:05:22.880"
"Price Code","U","Update","price","E6BB0419","G","163.35","183.35","BRA509","2026-03-17 14:53:40.489"
"Price Code","I","Insert",NA,"E6BB0419","H",NA,"100.15|100.15||I|Standard Pricing|90.15|0.00|0.00|10.00|0.00","BRA502","2025-12-10 04:05:46.260"
"Price Code","U","Update","price","E6BB0419","H","100.15","110.15","BRA506","2026-02-03 15:16:02.013"
"Price Code","U","Update","price","E6BB0419","H","110.15","100.15","BRA504","2026-02-10 16:46:41.884"
"Price Code","U","Update","price","E6BB0419","H","100.15","85.15","BRA507","2026-03-08 15:03:36.016"
"Price Code","U","Update","price","E6BB0419","H","85.15","90.15","BRA510","2026-03-29 20:27:27.744"
"Price Code","I","Insert",NA,"E6BB0419","I",NA,"72.04|72.04||I|Standard Pricing|62.04|0.00|0.00|10.00|0.00","BRA504","2025-11-24 14:25:14.197"
"Price Code","U","Update","price","E6BB0419","I","72.04","82.04","BRA506","2026-02-28 07:10:47.720"
"Price Code","U","Update","price","E6BB0419","I","82.04","72.04","BRA506","2026-03-18 07:58:26.994"
"Price Code","U","Update","price","E6BB0419","I","72.04","87.04","BRA506","2026-03-20 10:22:05.312"
"Price Code","U","Update","price","E6BB0419","I","87.04","77.04","BRA509","2026-03-23 02:21:43.736"
"Price Code","U","Update","price","E6BB0419","I","77.04","67.04","BRA509","2026-04-09 03:49:32.653"
"Price Code","I","Insert",NA,"E6BB0419","J",NA,"69.45|69.45||I|Standard Pricing|59.45|0.00|0.00|10.00|0.00","BRA501","2025-11-28 13:14:38.986"
"Price Code","U","Update","price","E6BB0419","J","69.45","74.45","BRA509","2026-01-18 15:22:11.714"
"Price Code","U","Update","price","E6BB0419","J","74.45","79.45","BRA508","2026-03-04 23:26:44.922"
"Price Code","U","Update","price","E6BB0419","J","79.45","84.45","BRA509","2026-03-08 03:58:08.846"
"Price Code","U","Update","price","E6BB0419","J","84.45","79.45","BRA508","2026-03-13 09:55:20.977"
"Price Code","U","Update","price","E6BB0419","J","79.45","69.45","BRA507","2026-04-12 13:58:36.868"
"Price Code","I","Insert",NA,"E6BB0419","K",NA,"62.08|62.08||I|Standard Pricing|52.08|0.00|0.00|10.00|0.00","BRA509","2025-11-10 02:38:51.662"
"Price Code","U","Update","price","E6BB0419","K","62.08","92.08","BRA502","2026-03-05 16:37:22.676"
"Price Code","U","Update","price","E6BB0419","K","92.08","97.08","BRA502","2026-03-14 03:39:26.146"
"Price Code","U","Update","price","E6BB0419","K","97.08","107.08","BRA506","2026-04-16 10:50:29.726"
"Price Code","I","Insert",NA,"E6BB0419","L",NA,"43.89|43.89||I|Standard Pricing|33.89|0.00|0.00|10.00|0.00","BRA505","2025-11-16 23:24:28.222"
"Price Code","U","Update","price","E6BB0419","L","43.89","68.89","BRA500","2026-01-24 08:09:53.058"
"Price Code","U","Update","price","E6BB0419","L","68.89","83.89","BRA505","2026-03-02 16:58:22.570"
"Price Code","U","Update","price","E6BB0419","L","83.89","98.89","BRA507","2026-03-22 09:16:24.248"
"Price Code","I","Insert",NA,"E6BB0419","M",NA,"37.59|37.59||I|Standard Pricing|27.59|0.00|0.00|10.00|0.00","BRA509","2025-11-09 09:54:58.074"
"Price Code","U","Update","price","E6BB0419","M","37.59","57.59","BRA500","2026-02-16 05:07:40.669"
"Price Code","U","Update","price","E6BB0419","M","57.59","42.59","BRA509","2026-03-18 10:47:47.387"
"Price Code","I","Insert",NA,"E6BB0419","N",NA,"26.49|26.49||I|Standard Pricing|16.49|0.00|0.00|10.00|0.00","BRA505","2025-12-10 17:50:17.666"
"Price Code","U","Update","price","E6BB0419","N","26.49","16.49","BRA507","2026-01-29 05:35:56.964"
"Price Code","U","Update","price","E6BB0419","N","16.49","26.49","BRA501","2026-02-11 02:40:15.773"
"Price Code","U","Update","price","E6BB0419","N","26.49","11.49","BRA506","2026-02-11 07:03:02.231"
"Price Code","U","Update","price","E6BB0419","N","11.49","26.49","BRA504","2026-02-18 23:19:51.478"
"Price Code","U","Update","price","E6BB0419","N","26.49","21.49","BRA505","2026-03-01 21:49:58.343"
"Price Code","I","Insert",NA,"E6BB0419","O",NA,"18.8|18.8||I|Standard Pricing|8.8|0.00|0.00|10.00|0.00","BRA502","2025-11-22 19:18:25.390"
"Price Code","U","Update","price","E6BB0419","O","18.8","23.8","BRA510","2026-02-04 09:47:41.456"
"Price Code","U","Update","price","E6BB0419","O","23.8","13.8","BRA500","2026-02-13 17:34:52.589"
"Price Code","U","Update","price","E6BB0419","O","13.8","10","BRA507","2026-02-22 12:38:35.820"
"Price Code","U","Update","price","E6BB0419","O","10","30","BRA507","2026-02-28 06:18:12.663"
"Price Code","U","Update","price","E6BB0419","O","30","35","BRA508","2026-04-01 22:47:56.280"
"Price Code","I","Insert",NA,"E6BB0420","A",NA,"284.91|284.91||I|Standard Pricing|274.91|0.00|0.00|10.00|0.00","BRA504","2025-12-08 23:10:48.202"
"Price Code","U","Update","price","E6BB0420","A","284.91","294.91","BRA507","2026-03-04 15:46:30.933"
"Price Code","U","Update","price","E6BB0420","A","294.91","284.91","BRA504","2026-04-12 16:27:02.438"
"Price Code","I","Insert",NA,"E6BB0420","B",NA,"212.66|212.66||I|Standard Pricing|202.66|0.00|0.00|10.00|0.00","BRA502","2025-11-19 09:37:17.687"
"Price Code","U","Update","price","E6BB0420","B","212.66","197.66","BRA500","2026-02-27 12:28:30.945"
"Price Code","U","Update","price","E6BB0420","B","197.66","192.66","BRA503","2026-04-07 10:01:34.399"
"Price Code","I","Insert",NA,"E6BB0420","C",NA,"169.21|169.21||I|Standard Pricing|159.21|0.00|0.00|10.00|0.00","BRA501","2025-11-06 20:28:28.236"
"Price Code","U","Update","price","E6BB0420","C","169.21","179.21","BRA502","2026-02-13 23:08:13.893"
"Price Code","U","Update","price","E6BB0420","C","179.21","189.21","BRA500","2026-02-25 17:35:56.378"
"Price Code","U","Update","price","E6BB0420","C","189.21","209.21","BRA503","2026-03-19 23:44:40.826"
"Price Code","U","Update","price","E6BB0420","C","209.21","204.21","BRA504","2026-03-30 07:22:03.505"
"Price Code","I","Insert",NA,"E6BB0420","D",NA,"184.28|184.28||I|Standard Pricing|174.28|0.00|0.00|10.00|0.00","BRA503","2025-12-11 16:51:41.823"
"Price Code","U","Update","price","E6BB0420","D","184.28","214.28","BRA506","2026-02-03 07:33:20.552"
"Price Code","U","Update","price","E6BB0420","D","214.28","199.28","BRA507","2026-03-01 12:52:59.849"
"Price Code","U","Update","price","E6BB0420","D","199.28","214.28","BRA507","2026-03-05 21:14:04.359"
"Price Code","U","Update","price","E6BB0420","D","214.28","229.28","BRA506","2026-03-23 12:34:10.874"
"Price Code","I","Insert",NA,"E6BB0420","E",NA,"137.14|137.14||I|Standard Pricing|127.14|0.00|0.00|10.00|0.00","BRA500","2025-11-13 18:33:46.167"
"Price Code","U","Update","price","E6BB0420","E","137.14","122.14","BRA510","2026-01-18 05:16:53.816"
"Price Code","U","Update","price","E6BB0420","E","122.14","142.14","BRA508","2026-03-03 19:17:37.544"
"Price Code","I","Insert",NA,"E6BB0420","F",NA,"126.16|126.16||I|Standard Pricing|116.16|0.00|0.00|10.00|0.00","BRA505","2025-11-05 04:50:30.487"
"Price Code","U","Update","price","E6BB0420","F","126.16","151.16","BRA507","2026-02-10 13:41:18.713"
"Price Code","U","Update","price","E6BB0420","F","151.16","161.16","BRA506","2026-02-22 04:41:01.061"
"Price Code","U","Update","price","E6BB0420","F","161.16","156.16","BRA503","2026-04-08 01:21:46.301"
"Price Code","I","Insert",NA,"E6BB0420","G",NA,"109.57|109.57||I|Standard Pricing|99.57|0.00|0.00|10.00|0.00","BRA503","2025-11-15 08:35:24.466"
"Price Code","U","Update","price","E6BB0420","G","109.57","94.57","BRA502","2026-02-17 08:56:48.660"
"Price Code","U","Update","price","E6BB0420","G","94.57","89.57","BRA502","2026-02-23 19:51:27.004"
"Price Code","U","Update","price","E6BB0420","G","89.57","84.57","BRA509","2026-03-18 11:34:44.961"
"Price Code","U","Update","price","E6BB0420","G","84.57","109.57","BRA502","2026-03-25 01:08:11.589"
"Price Code","U","Update","price","E6BB0420","G","109.57","104.57","BRA507","2026-03-28 08:39:52.822"
"Price Code","I","Insert",NA,"E6BB0420","H",NA,"85.82|85.82||I|Standard Pricing|75.82|0.00|0.00|10.00|0.00","BRA502","2025-11-13 02:39:04.449"
"Price Code","U","Update","price","E6BB0420","H","85.82","110.82","BRA506","2026-01-23 19:45:32.538"
"Price Code","U","Update","price","E6BB0420","H","110.82","130.82","BRA502","2026-02-24 21:12:16.061"
"Price Code","U","Update","price","E6BB0420","H","130.82","160.82","BRA502","2026-04-01 07:16:30.425"
"Price Code","I","Insert",NA,"E6BB0420","I",NA,"74.27|74.27||I|Standard Pricing|64.27|0.00|0.00|10.00|0.00","BRA501","2025-11-21 09:36:45.734"
"Price Code","U","Update","price","E6BB0420","I","74.27","94.27","BRA510","2026-02-03 17:57:03.928"
"Price Code","U","Update","price","E6BB0420","I","94.27","114.27","BRA502","2026-02-10 17:49:12.896"
"Price Code","U","Update","price","E6BB0420","I","114.27","119.27","BRA507","2026-04-13 00:46:25.118"
"Price Code","I","Insert",NA,"E6BB0420","J",NA,"71.37|71.37||I|Standard Pricing|61.37|0.00|0.00|10.00|0.00","BRA508","2025-12-14 04:37:53.465"
"Price Code","U","Update","price","E6BB0420","J","71.37","56.37","BRA509","2026-01-22 02:13:15.870"
"Price Code","U","Update","price","E6BB0420","J","56.37","86.37","BRA509","2026-03-03 03:14:01.691"
"Price Code","U","Update","price","E6BB0420","J","86.37","116.37","BRA503","2026-03-14 15:59:45.124"
"Price Code","U","Update","price","E6BB0420","J","116.37","111.37","BRA501","2026-03-27 11:00:22.301"
"Price Code","I","Insert",NA,"E6BB0420","K",NA,"59.23|59.23||I|Standard Pricing|49.23|0.00|0.00|10.00|0.00","BRA505","2025-11-01 15:50:14.173"
"Price Code","U","Update","price","E6BB0420","K","59.23","79.23","BRA507","2026-01-17 08:15:12.857"
"Price Code","U","Update","price","E6BB0420","K","79.23","64.23","BRA500","2026-01-26 08:33:29.746"
"Price Code","U","Update","price","E6BB0420","K","64.23","79.23","BRA509","2026-02-08 22:49:13.254"
"Price Code","U","Update","price","E6BB0420","K","79.23","84.23","BRA507","2026-04-07 02:48:56.666"
"Price Code","I","Insert",NA,"E6BB0420","L",NA,"38.74|38.74||I|Standard Pricing|28.74|0.00|0.00|10.00|0.00","BRA508","2025-11-30 17:05:05.352"
"Price Code","U","Update","price","E6BB0420","L","38.74","43.74","BRA502","2026-02-16 04:30:49.241"
"Price Code","U","Update","price","E6BB0420","L","43.74","68.74","BRA501","2026-03-10 09:27:20.395"
"Price Code","U","Update","price","E6BB0420","L","68.74","93.74","BRA510","2026-03-26 21:23:17.125"
"Price Code","U","Update","price","E6BB0420","L","93.74","98.74","BRA508","2026-04-12 22:35:13.634"
"Price Code","U","Update","price","E6BB0420","L","98.74","93.74","BRA510","2026-04-19 20:20:46.804"
"Price Code","I","Insert",NA,"E6BB0421","A",NA,"285.73|285.73||I|Standard Pricing|275.73|0.00|0.00|10.00|0.00","BRA502","2025-11-10 10:47:57.205"
"Price Code","U","Update","price","E6BB0421","A","285.73","315.73","BRA505","2026-02-13 18:35:00.376"
"Price Code","U","Update","price","E6BB0421","A","315.73","335.73","BRA509","2026-02-14 17:24:36.987"
"Price Code","U","Update","price","E6BB0421","A","335.73","350.73","BRA507","2026-02-26 09:31:01.692"
"Price Code","U","Update","price","E6BB0421","A","350.73","335.73","BRA509","2026-03-14 01:33:49.661"
"Price Code","U","Update","price","E6BB0421","A","335.73","355.73","BRA502","2026-04-16 03:51:12.903"
"Price Code","I","Insert",NA,"E6BB0421","B",NA,"212.59|212.59||I|Standard Pricing|202.59|0.00|0.00|10.00|0.00","BRA501","2025-11-03 05:10:06.573"
"Price Code","U","Update","price","E6BB0421","B","212.59","207.59","BRA506","2026-01-21 21:22:43.815"
"Price Code","U","Update","price","E6BB0421","B","207.59","212.59","BRA500","2026-04-13 23:21:07.819"
"Price Code","I","Insert",NA,"E6BB0421","C",NA,"177.79|177.79||I|Standard Pricing|167.79|0.00|0.00|10.00|0.00","BRA503","2025-11-22 04:03:31.305"
"Price Code","U","Update","price","E6BB0421","C","177.79","162.79","BRA506","2026-03-02 18:14:10.999"
"Price Code","U","Update","price","E6BB0421","C","162.79","177.79","BRA505","2026-04-01 22:47:41.299"
"Price Code","U","Update","price","E6BB0421","C","177.79","167.79","BRA509","2026-04-04 09:32:26.574"
"Price Code","I","Insert",NA,"E6BB0421","D",NA,"189.03|189.03||I|Standard Pricing|179.03|0.00|0.00|10.00|0.00","BRA510","2025-12-05 02:48:47.608"
"Price Code","U","Update","price","E6BB0421","D","189.03","219.03","BRA506","2026-02-22 15:20:58.255"
"Price Code","U","Update","price","E6BB0421","D","219.03","239.03","BRA500","2026-03-17 02:53:22.426"
"Price Code","U","Update","price","E6BB0421","D","239.03","249.03","BRA501","2026-04-10 07:23:28.220"
"Price Code","U","Update","price","E6BB0421","D","249.03","274.03","BRA509","2026-04-13 08:00:07.854"
"Price Code","I","Insert",NA,"E6BB0421","E",NA,"127.88|127.88||I|Standard Pricing|117.88|0.00|0.00|10.00|0.00","BRA502","2025-11-19 01:40:24.933"
"Price Code","U","Update","price","E6BB0421","E","127.88","142.88","BRA505","2026-04-12 03:55:19.637"
"Price Code","U","Update","price","E6BB0421","E","142.88","162.88","BRA505","2026-04-19 09:38:08.143"
"Price Code","I","Insert",NA,"E6BB0421","F",NA,"111.45|111.45||I|Standard Pricing|101.45|0.00|0.00|10.00|0.00","BRA508","2025-12-09 05:04:31.716"
"Price Code","U","Update","price","E6BB0421","F","111.45","96.45","BRA501","2026-02-11 17:39:57.404"
"Price Code","U","Update","price","E6BB0421","F","96.45","101.45","BRA505","2026-04-12 04:43:36.563"
"Price Code","I","Insert",NA,"E6BB0421","G",NA,"113.58|113.58||I|Standard Pricing|103.58|0.00|0.00|10.00|0.00","BRA504","2025-12-12 08:24:40.997"
"Price Code","U","Update","price","E6BB0421","G","113.58","128.58","BRA504","2026-02-07 09:32:30.125"
"Price Code","U","Update","price","E6BB0421","G","128.58","138.58","BRA500","2026-02-17 06:02:11.681"
"Price Code","U","Update","price","E6BB0421","G","138.58","123.58","BRA505","2026-03-17 05:31:46.331"
"Price Code","U","Update","price","E6BB0421","G","123.58","133.58","BRA508","2026-03-26 22:29:28.871"
"Price Code","U","Update","price","E6BB0421","G","133.58","123.58","BRA509","2026-04-12 00:22:52.110"
"Price Code","I","Insert",NA,"E6BB0421","H",NA,"83.94|83.94||I|Standard Pricing|73.94|0.00|0.00|10.00|0.00","BRA502","2025-12-15 19:49:37.611"
"Price Code","U","Update","price","E6BB0421","H","83.94","103.94","BRA501","2026-01-18 20:43:37.387"
"Price Code","U","Update","price","E6BB0421","H","103.94","133.94","BRA509","2026-02-13 23:08:03.736"
"Price Code","U","Update","price","E6BB0421","H","133.94","138.94","BRA504","2026-03-06 22:29:01.425"
"Price Code","I","Insert",NA,"E6BB0421","I",NA,"64.74|64.74||I|Standard Pricing|54.74|0.00|0.00|10.00|0.00","BRA500","2025-12-12 21:24:39.766"
"Price Code","U","Update","price","E6BB0421","I","64.74","94.74","BRA505","2026-01-27 02:43:21.817"
"Price Code","U","Update","price","E6BB0421","I","94.74","114.74","BRA501","2026-03-24 10:19:45.061"
"Price Code","I","Insert",NA,"E6BB0421","J",NA,"68.21|68.21||I|Standard Pricing|58.21|0.00|0.00|10.00|0.00","BRA508","2025-12-12 00:28:48.753"
"Price Code","U","Update","price","E6BB0421","J","68.21","53.21","BRA503","2026-01-23 01:14:51.267"
"Price Code","U","Update","price","E6BB0421","J","53.21","78.21","BRA509","2026-02-24 13:03:58.497"
"Price Code","U","Update","price","E6BB0421","J","78.21","88.21","BRA503","2026-04-14 00:43:42.959"
"Price Code","U","Update","price","E6BB0421","J","88.21","113.21","BRA510","2026-04-17 09:45:13.483"
"Price Code","I","Insert",NA,"E6BB0421","K",NA,"60.22|60.22||I|Standard Pricing|50.22|0.00|0.00|10.00|0.00","BRA504","2025-11-22 04:00:19.925"
"Price Code","U","Update","price","E6BB0421","K","60.22","45.22","BRA509","2026-02-03 13:01:48.322"
"Price Code","U","Update","price","E6BB0421","K","45.22","40.22","BRA504","2026-02-22 17:56:28.312"
"Price Code","U","Update","price","E6BB0421","K","40.22","65.22","BRA504","2026-03-19 04:22:53.767"
"Price Code","U","Update","price","E6BB0421","K","65.22","50.22","BRA502","2026-04-01 14:20:38.583"
"Price Code","I","Insert",NA,"E6BB0421","L",NA,"51.7|51.7||I|Standard Pricing|41.7|0.00|0.00|10.00|0.00","BRA503","2025-11-03 12:59:40.504"
"Price Code","U","Update","price","E6BB0421","L","51.7","41.7","BRA505","2026-03-03 17:49:00.421"
"Price Code","U","Update","price","E6BB0421","L","41.7","31.7","BRA504","2026-03-09 18:31:01.604"
"Price Code","I","Insert",NA,"E6BB0421","M",NA,"36.69|36.69||I|Standard Pricing|26.69|0.00|0.00|10.00|0.00","BRA500","2025-12-01 05:48:46.854"
"Price Code","U","Update","price","E6BB0421","M","36.69","31.69","BRA505","2026-01-19 23:58:08.301"
"Price Code","U","Update","price","E6BB0421","M","31.69","51.69","BRA505","2026-02-02 00:28:24.747"
"Price Code","U","Update","price","E6BB0421","M","51.69","46.69","BRA503","2026-02-03 20:27:37.458"
"Price Code","U","Update","price","E6BB0421","M","46.69","66.69","BRA504","2026-03-08 05:51:32.188"
"Price Code","U","Update","price","E6BB0421","M","66.69","96.69","BRA506","2026-04-17 14:07:21.361"
"Price Code","I","Insert",NA,"E6BB0421","N",NA,"30.07|30.07||I|Standard Pricing|20.07|0.00|0.00|10.00|0.00","BRA509","2025-12-14 22:09:19.319"
"Price Code","U","Update","price","E6BB0421","N","30.07","25.07","BRA506","2026-01-16 19:52:17.392"
"Price Code","U","Update","price","E6BB0421","N","25.07","55.07","BRA503","2026-01-28 22:38:03.801"
"Price Code","U","Update","price","E6BB0421","N","55.07","75.07","BRA508","2026-02-14 16:58:44.356"
"Price Code","U","Update","price","E6BB0421","N","75.07","100.07","BRA502","2026-04-01 03:28:30.014"
"Price Code","I","Insert",NA,"E6BB0421","O",NA,"23.19|23.19||I|Standard Pricing|13.19|0.00|0.00|10.00|0.00","BRA501","2025-11-16 23:10:15.435"
"Price Code","U","Update","price","E6BB0421","O","23.19","43.19","BRA500","2026-01-25 10:09:40.095"
"Price Code","U","Update","price","E6BB0421","O","43.19","28.19","BRA510","2026-02-22 17:00:21.313"
"Price Code","U","Update","price","E6BB0421","O","28.19","48.19","BRA500","2026-04-06 10:58:54.306"
"Price Code","I","Insert",NA,"E6BB0422","A",NA,"273.26|273.26||I|Standard Pricing|263.26|0.00|0.00|10.00|0.00","BRA506","2025-12-05 22:02:31.555"
"Price Code","U","Update","price","E6BB0422","A","273.26","283.26","BRA508","2026-02-04 12:06:46.866"
"Price Code","U","Update","price","E6BB0422","A","283.26","293.26","BRA504","2026-02-09 09:19:46.221"
"Price Code","U","Update","price","E6BB0422","A","293.26","313.26","BRA502","2026-03-01 06:42:39.016"
"Price Code","U","Update","price","E6BB0422","A","313.26","338.26","BRA504","2026-03-28 17:20:52.844"
"Price Code","I","Insert",NA,"E6BB0422","B",NA,"196.52|196.52||I|Standard Pricing|186.52|0.00|0.00|10.00|0.00","BRA508","2025-12-13 00:39:31.199"
"Price Code","U","Update","price","E6BB0422","B","196.52","201.52","BRA505","2026-01-21 12:50:35.386"
"Price Code","U","Update","price","E6BB0422","B","201.52","191.52","BRA502","2026-01-23 14:33:20.084"
"Price Code","I","Insert",NA,"E6BB0422","C",NA,"218.97|218.97||I|Standard Pricing|208.97|0.00|0.00|10.00|0.00","BRA508","2025-12-04 14:51:59.879"
"Price Code","U","Update","price","E6BB0422","C","218.97","228.97","BRA510","2026-02-05 03:58:51.407"
"Price Code","U","Update","price","E6BB0422","C","228.97","243.97","BRA508","2026-02-05 08:05:18.051"
"Price Code","I","Insert",NA,"E6BB0422","D",NA,"160.75|160.75||I|Standard Pricing|150.75|0.00|0.00|10.00|0.00","BRA501","2025-12-07 14:05:46.050"
"Price Code","U","Update","price","E6BB0422","D","160.75","150.75","BRA500","2026-02-27 14:11:08.969"
"Price Code","U","Update","price","E6BB0422","D","150.75","155.75","BRA507","2026-03-20 21:28:05.635"
"Price Code","U","Update","price","E6BB0422","D","155.75","160.75","BRA510","2026-03-23 04:36:46.939"
"Price Code","U","Update","price","E6BB0422","D","160.75","190.75","BRA510","2026-03-27 09:00:04.832"
"Price Code","I","Insert",NA,"E6BB0422","E",NA,"160.48|160.48||I|Standard Pricing|150.48|0.00|0.00|10.00|0.00","BRA502","2025-12-12 10:58:36.213"
"Price Code","U","Update","price","E6BB0422","E","160.48","185.48","BRA506","2026-01-28 14:58:32.312"
"Price Code","U","Update","price","E6BB0422","E","185.48","195.48","BRA508","2026-01-31 04:44:06.790"
"Price Code","U","Update","price","E6BB0422","E","195.48","200.48","BRA501","2026-02-02 07:58:16.719"
"Price Code","U","Update","price","E6BB0422","E","200.48","220.48","BRA503","2026-02-10 22:04:14.058"
"Price Code","U","Update","price","E6BB0422","E","220.48","215.48","BRA509","2026-03-27 11:59:25.766"
"Price Code","I","Insert",NA,"E6BB0422","F",NA,"106.74|106.74||I|Standard Pricing|96.74|0.00|0.00|10.00|0.00","BRA504","2025-12-03 03:21:07.856"
"Price Code","U","Update","price","E6BB0422","F","106.74","116.74","BRA504","2026-01-28 22:20:57.981"
"Price Code","U","Update","price","E6BB0422","F","116.74","106.74","BRA501","2026-02-26 00:47:30.953"
"Price Code","U","Update","price","E6BB0422","F","106.74","111.74","BRA509","2026-03-06 01:52:41.688"
"Price Code","U","Update","price","E6BB0422","F","111.74","101.74","BRA501","2026-03-25 04:29:20.093"
"Price Code","U","Update","price","E6BB0422","F","101.74","86.74","BRA508","2026-04-11 23:44:34.968"
"Price Code","I","Insert",NA,"E6BB0422","G",NA,"105.61|105.61||I|Standard Pricing|95.61|0.00|0.00|10.00|0.00","BRA504","2025-11-22 05:15:41.536"
"Price Code","U","Update","price","E6BB0422","G","105.61","110.61","BRA500","2026-01-20 00:42:36.573"
"Price Code","U","Update","price","E6BB0422","G","110.61","115.61","BRA501","2026-02-22 12:21:09.811"
"Price Code","U","Update","price","E6BB0422","G","115.61","130.61","BRA502","2026-03-07 21:48:15.809"
"Price Code","U","Update","price","E6BB0422","G","130.61","135.61","BRA510","2026-03-18 18:03:58.857"
"Price Code","U","Update","price","E6BB0422","G","135.61","165.61","BRA501","2026-04-13 11:24:45.543"
"Price Code","I","Insert",NA,"E6BB0422","H",NA,"95.53|95.53||I|Standard Pricing|85.53|0.00|0.00|10.00|0.00","BRA510","2025-11-09 23:47:37.884"
"Price Code","U","Update","price","E6BB0422","H","95.53","105.53","BRA509","2026-02-13 03:14:44.431"
"Price Code","U","Update","price","E6BB0422","H","105.53","130.53","BRA500","2026-02-17 05:46:19.236"
"Price Code","U","Update","price","E6BB0422","H","130.53","135.53","BRA507","2026-04-04 10:50:45.679"
"Price Code","U","Update","price","E6BB0422","H","135.53","140.53","BRA510","2026-04-12 12:49:23.004"
"Price Code","I","Insert",NA,"E6BB0422","I",NA,"81.86|81.86||I|Standard Pricing|71.86|0.00|0.00|10.00|0.00","BRA500","2025-11-26 07:52:33.354"
"Price Code","U","Update","price","E6BB0422","I","81.86","91.86","BRA510","2026-01-26 00:04:13.586"
"Price Code","U","Update","price","E6BB0422","I","91.86","96.86","BRA506","2026-04-11 14:43:10.184"
"Price Code","I","Insert",NA,"E6BB0422","J",NA,"58.93|58.93||I|Standard Pricing|48.93|0.00|0.00|10.00|0.00","BRA509","2025-12-16 06:58:31.785"
"Price Code","U","Update","price","E6BB0422","J","58.93","43.93","BRA504","2026-01-27 13:21:25.704"
"Price Code","U","Update","price","E6BB0422","J","43.93","53.93","BRA500","2026-02-04 07:23:57.647"
"Price Code","U","Update","price","E6BB0422","J","53.93","63.93","BRA502","2026-02-24 01:54:30.933"
"Price Code","U","Update","price","E6BB0422","J","63.93","93.93","BRA510","2026-04-02 08:51:04.595"
"Price Code","I","Insert",NA,"E6BB0422","K",NA,"61.55|61.55||I|Standard Pricing|51.55|0.00|0.00|10.00|0.00","BRA503","2025-12-06 19:04:11.572"
"Price Code","U","Update","price","E6BB0422","K","61.55","51.55","BRA501","2026-01-26 14:42:59.063"
"Price Code","U","Update","price","E6BB0422","K","51.55","56.55","BRA506","2026-04-18 13:53:28.877"
"Price Code","U","Update","price","E6BB0422","K","56.55","41.55","BRA501","2026-04-19 03:18:46.202"
"Price Code","I","Insert",NA,"E6BB0422","L",NA,"49.99|49.99||I|Standard Pricing|39.99|0.00|0.00|10.00|0.00","BRA501","2025-11-18 22:41:39.919"
"Price Code","U","Update","price","E6BB0422","L","49.99","39.99","BRA508","2026-02-28 03:01:31.222"
"Price Code","U","Update","price","E6BB0422","L","39.99","29.99","BRA506","2026-03-27 11:52:57.219"
"Price Code","U","Update","price","E6BB0422","L","29.99","49.99","BRA501","2026-03-31 01:48:36.933"
"Price Code","U","Update","price","E6BB0422","L","49.99","69.99","BRA509","2026-04-08 10:35:40.653"
"Price Code","I","Insert",NA,"E6BB0422","M",NA,"34.71|34.71||I|Standard Pricing|24.71|0.00|0.00|10.00|0.00","BRA507","2025-12-11 14:14:01.448"
"Price Code","U","Update","price","E6BB0422","M","34.71","24.71","BRA505","2026-03-17 02:37:56.538"
"Price Code","U","Update","price","E6BB0422","M","24.71","10","BRA506","2026-04-21 13:22:22.770"
"Price Code","I","Insert",NA,"E6BB0422","N",NA,"26.23|26.23||I|Standard Pricing|16.23|0.00|0.00|10.00|0.00","BRA510","2025-12-14 18:00:07.799"
"Price Code","U","Update","price","E6BB0422","N","26.23","51.23","BRA510","2026-01-17 08:30:52.056"
"Price Code","U","Update","price","E6BB0422","N","51.23","46.23","BRA503","2026-01-28 15:06:48.566"
"Price Code","U","Update","price","E6BB0422","N","46.23","31.23","BRA508","2026-02-16 07:47:33.062"
"Price Code","U","Update","price","E6BB0422","N","31.23","16.23","BRA508","2026-04-10 18:25:27.465"
"Price Code","U","Update","price","E6BB0422","N","16.23","36.23","BRA509","2026-04-16 15:20:43.529"
"Price Code","I","Insert",NA,"E6BB0422","O",NA,"19.64|19.64||I|Standard Pricing|9.64|0.00|0.00|10.00|0.00","BRA505","2025-11-07 19:10:46.566"
"Price Code","U","Update","price","E6BB0422","O","19.64","29.64","BRA506","2026-02-03 03:16:04.234"
"Price Code","U","Update","price","E6BB0422","O","29.64","39.64","BRA509","2026-03-14 21:30:22.007"
"Price Code","U","Update","price","E6BB0422","O","39.64","54.64","BRA508","2026-04-15 13:16:30.621"
"Price Code","I","Insert",NA,"E6BB0422","P",NA,"15.78|15.78||I|Standard Pricing|5.78|0.00|0.00|10.00|0.00","BRA506","2025-11-21 10:50:18.727"
"Price Code","U","Update","price","E6BB0422","P","15.78","10.78","BRA504","2026-01-19 21:40:20.218"
"Price Code","U","Update","price","E6BB0422","P","10.78","25.78","BRA509","2026-02-03 10:44:33.100"
"Price Code","U","Update","price","E6BB0422","P","25.78","55.78","BRA507","2026-03-07 16:01:16.816"
"Price Code","U","Update","price","E6BB0422","P","55.78","70.78","BRA509","2026-04-02 16:15:57.995"
"Price Code","I","Insert",NA,"E6BB0423","A",NA,"284.98|284.98||I|Standard Pricing|274.98|0.00|0.00|10.00|0.00","BRA510","2025-12-14 20:03:03.856"
"Price Code","U","Update","price","E6BB0423","A","284.98","274.98","BRA510","2026-01-19 18:47:02.134"
"Price Code","U","Update","price","E6BB0423","A","274.98","259.98","BRA505","2026-03-06 23:08:28.273"
"Price Code","U","Update","price","E6BB0423","A","259.98","249.98","BRA505","2026-03-24 02:18:44.233"
"Price Code","I","Insert",NA,"E6BB0423","B",NA,"191.88|191.88||I|Standard Pricing|181.88|0.00|0.00|10.00|0.00","BRA500","2025-11-16 07:31:37.382"
"Price Code","U","Update","price","E6BB0423","B","191.88","216.88","BRA507","2026-02-18 18:02:08.460"
"Price Code","U","Update","price","E6BB0423","B","216.88","236.88","BRA501","2026-02-20 04:34:43.627"
"Price Code","U","Update","price","E6BB0423","B","236.88","251.88","BRA507","2026-04-13 17:32:53.585"
"Price Code","U","Update","price","E6BB0423","B","251.88","236.88","BRA502","2026-04-13 22:42:30.030"
"Price Code","I","Insert",NA,"E6BB0423","C",NA,"219.76|219.76||I|Standard Pricing|209.76|0.00|0.00|10.00|0.00","BRA509","2025-11-15 17:49:05.364"
"Price Code","U","Update","price","E6BB0423","C","219.76","249.76","BRA508","2026-03-29 16:16:31.420"
"Price Code","U","Update","price","E6BB0423","C","249.76","279.76","BRA503","2026-04-12 05:13:33.580"
"Price Code","I","Insert",NA,"E6BB0423","D",NA,"152.76|152.76||I|Standard Pricing|142.76|0.00|0.00|10.00|0.00","BRA504","2025-11-30 22:38:40.853"
"Price Code","U","Update","price","E6BB0423","D","152.76","167.76","BRA503","2026-01-25 21:12:34.135"
"Price Code","U","Update","price","E6BB0423","D","167.76","172.76","BRA510","2026-02-01 03:40:52.257"
"Price Code","U","Update","price","E6BB0423","D","172.76","192.76","BRA501","2026-02-17 08:05:24.515"
"Price Code","I","Insert",NA,"E6BB0423","E",NA,"153.25|153.25||I|Standard Pricing|143.25|0.00|0.00|10.00|0.00","BRA504","2025-11-26 12:26:27.967"
"Price Code","U","Update","price","E6BB0423","E","153.25","138.25","BRA502","2026-01-25 02:41:06.726"
"Price Code","U","Update","price","E6BB0423","E","138.25","148.25","BRA507","2026-02-17 10:33:14.717"
"Price Code","U","Update","price","E6BB0423","E","148.25","158.25","BRA510","2026-03-20 02:53:06.232"
"Price Code","U","Update","price","E6BB0423","E","158.25","143.25","BRA503","2026-04-19 21:04:52.059"
"Price Code","I","Insert",NA,"E6BB0423","F",NA,"106.92|106.92||I|Standard Pricing|96.92|0.00|0.00|10.00|0.00","BRA510","2025-12-13 13:18:29.878"
"Price Code","U","Update","price","E6BB0423","F","106.92","131.92","BRA505","2026-01-30 08:26:51.321"
"Price Code","U","Update","price","E6BB0423","F","131.92","116.92","BRA500","2026-03-03 14:13:53.898"
"Price Code","I","Insert",NA,"E6BB0423","G",NA,"108.46|108.46||I|Standard Pricing|98.46|0.00|0.00|10.00|0.00","BRA501","2025-11-05 07:36:42.319"
"Price Code","U","Update","price","E6BB0423","G","108.46","138.46","BRA508","2026-02-10 03:41:56.185"
"Price Code","U","Update","price","E6BB0423","G","138.46","128.46","BRA503","2026-02-20 19:11:25.951"
"Price Code","U","Update","price","E6BB0423","G","128.46","153.46","BRA505","2026-03-16 21:19:35.780"
"Price Code","U","Update","price","E6BB0423","G","153.46","168.46","BRA501","2026-04-10 18:20:16.469"
"Price Code","I","Insert",NA,"E6BB0423","H",NA,"108.19|108.19||I|Standard Pricing|98.19|0.00|0.00|10.00|0.00","BRA505","2025-12-10 07:15:58.370"
"Price Code","U","Update","price","E6BB0423","H","108.19","133.19","BRA507","2026-01-20 17:00:51.952"
"Price Code","U","Update","price","E6BB0423","H","133.19","163.19","BRA507","2026-02-12 11:37:49.408"
"Price Code","U","Update","price","E6BB0423","H","163.19","188.19","BRA509","2026-03-13 01:20:44.599"
"Price Code","I","Insert",NA,"E6BB0423","I",NA,"72.93|72.93||I|Standard Pricing|62.93|0.00|0.00|10.00|0.00","BRA500","2025-11-16 03:50:42.552"
"Price Code","U","Update","price","E6BB0423","I","72.93","87.93","BRA506","2026-01-23 14:22:35.946"
"Price Code","U","Update","price","E6BB0423","I","87.93","97.93","BRA506","2026-01-25 06:26:59.776"
"Price Code","U","Update","price","E6BB0423","I","97.93","82.93","BRA500","2026-02-09 18:13:47.863"
"Price Code","U","Update","price","E6BB0423","I","82.93","112.93","BRA501","2026-03-24 16:32:17.645"
"Price Code","U","Update","price","E6BB0423","I","112.93","97.93","BRA507","2026-04-17 22:48:21.682"
"Price Code","I","Insert",NA,"E6BB0423","J",NA,"70.48|70.48||I|Standard Pricing|60.48|0.00|0.00|10.00|0.00","BRA500","2025-11-23 10:24:02.096"
"Price Code","U","Update","price","E6BB0423","J","70.48","65.48","BRA504","2026-02-14 09:20:02.257"
"Price Code","U","Update","price","E6BB0423","J","65.48","95.48","BRA501","2026-02-21 17:33:24.585"
"Price Code","U","Update","price","E6BB0423","J","95.48","110.48","BRA502","2026-03-18 18:54:09.640"
"Price Code","U","Update","price","E6BB0423","J","110.48","105.48","BRA506","2026-03-22 18:27:09.133"
"Price Code","U","Update","price","E6BB0423","J","105.48","95.48","BRA508","2026-04-11 11:35:56.819"
"Price Code","I","Insert",NA,"E6BB0423","K",NA,"54.4|54.4||I|Standard Pricing|44.4|0.00|0.00|10.00|0.00","BRA502","2025-11-18 13:49:22.860"
"Price Code","U","Update","price","E6BB0423","K","54.4","59.4","BRA505","2026-03-10 04:37:44.907"
"Price Code","U","Update","price","E6BB0423","K","59.4","84.4","BRA502","2026-04-08 01:21:40.984"
"Price Code","U","Update","price","E6BB0423","K","84.4","99.4","BRA501","2026-04-12 15:33:29.428"
"Price Code","I","Insert",NA,"E6BB0423","L",NA,"47.02|47.02||I|Standard Pricing|37.02|0.00|0.00|10.00|0.00","BRA503","2025-12-14 00:06:43.289"
"Price Code","U","Update","price","E6BB0423","L","47.02","72.02","BRA509","2026-01-31 03:48:43.357"
"Price Code","U","Update","price","E6BB0423","L","72.02","92.02","BRA502","2026-02-07 19:42:20.906"
"Price Code","U","Update","price","E6BB0423","L","92.02","102.02","BRA504","2026-02-15 21:05:51.346"
"Price Code","U","Update","price","E6BB0423","L","102.02","107.02","BRA501","2026-04-06 13:18:43.004"
"Price Code","U","Update","price","E6BB0423","L","107.02","92.02","BRA507","2026-04-11 12:56:31.491"
"Price Code","I","Insert",NA,"E6BB0423","M",NA,"38.49|38.49||I|Standard Pricing|28.49|0.00|0.00|10.00|0.00","BRA500","2025-12-11 03:21:39.281"
"Price Code","U","Update","price","E6BB0423","M","38.49","33.49","BRA505","2026-01-26 10:43:38.332"
"Price Code","U","Update","price","E6BB0423","M","33.49","63.49","BRA502","2026-01-29 19:01:58.186"
"Price Code","U","Update","price","E6BB0423","M","63.49","58.49","BRA506","2026-01-31 09:30:15.649"
"Price Code","U","Update","price","E6BB0423","M","58.49","48.49","BRA505","2026-02-20 03:50:52.221"
"Price Code","U","Update","price","E6BB0423","M","48.49","53.49","BRA504","2026-03-07 11:39:32.434"
"Price Code","I","Insert",NA,"E6BB0423","N",NA,"24.8|24.8||I|Standard Pricing|14.8|0.00|0.00|10.00|0.00","BRA502","2025-11-17 11:01:35.757"
"Price Code","U","Update","price","E6BB0423","N","24.8","44.8","BRA510","2026-02-22 11:45:42.839"
"Price Code","U","Update","price","E6BB0423","N","44.8","74.8","BRA510","2026-03-11 03:35:29.205"
"Price Code","U","Update","price","E6BB0423","N","74.8","59.8","BRA503","2026-03-27 01:09:32.725"
"Price Code","I","Insert",NA,"E6BB0423","O",NA,"19.36|19.36||I|Standard Pricing|9.36|0.00|0.00|10.00|0.00","BRA506","2025-11-11 22:01:07.904"
"Price Code","U","Update","price","E6BB0423","O","19.36","24.36","BRA510","2026-02-25 10:54:35.647"
"Price Code","U","Update","price","E6BB0423","O","24.36","34.36","BRA503","2026-03-27 06:09:59.991"
"Price Code","D","Delete",NA,"E6BB0423","C",NA,NA,"BRA503","2026-03-29 14:00:00.000"
"Price Code","I","Insert",NA,"E6BB0424","A",NA,"246.95|246.95||I|Standard Pricing|236.95|0.00|0.00|10.00|0.00","BRA501","2025-11-06 10:57:19.999"
"Price Code","U","Update","price","E6BB0424","A","246.95","266.95","BRA503","2026-03-02 15:33:15.406"
"Price Code","U","Update","price","E6BB0424","A","266.95","291.95","BRA509","2026-03-17 11:39:08.091"
"Price Code","U","Update","price","E6BB0424","A","291.95","311.95","BRA503","2026-03-31 15:28:38.059"
"Price Code","U","Update","price","E6BB0424","A","311.95","336.95","BRA510","2026-04-03 19:23:39.733"
"Price Code","I","Insert",NA,"E6BB0424","B",NA,"192.24|192.24||I|Standard Pricing|182.24|0.00|0.00|10.00|0.00","BRA505","2025-11-07 19:25:50.508"
"Price Code","U","Update","price","E6BB0424","B","192.24","212.24","BRA505","2026-03-13 07:41:21.669"
"Price Code","U","Update","price","E6BB0424","B","212.24","222.24","BRA502","2026-03-28 17:30:43.750"
"Price Code","I","Insert",NA,"E6BB0424","C",NA,"212.18|212.18||I|Standard Pricing|202.18|0.00|0.00|10.00|0.00","BRA503","2025-11-20 04:59:39.395"
"Price Code","U","Update","price","E6BB0424","C","212.18","237.18","BRA507","2026-01-25 19:39:48.762"
"Price Code","U","Update","price","E6BB0424","C","237.18","247.18","BRA508","2026-02-04 15:53:10.068"
"Price Code","U","Update","price","E6BB0424","C","247.18","277.18","BRA500","2026-03-04 21:12:43.041"
"Price Code","U","Update","price","E6BB0424","C","277.18","302.18","BRA507","2026-03-19 11:22:24.211"
"Price Code","I","Insert",NA,"E6BB0424","D",NA,"156.57|156.57||I|Standard Pricing|146.57|0.00|0.00|10.00|0.00","BRA508","2025-11-14 15:42:24.154"
"Price Code","U","Update","price","E6BB0424","D","156.57","181.57","BRA501","2026-02-11 20:18:16.992"
"Price Code","U","Update","price","E6BB0424","D","181.57","196.57","BRA505","2026-03-01 11:40:47.083"
"Price Code","U","Update","price","E6BB0424","D","196.57","221.57","BRA505","2026-03-17 18:25:54.760"
"Price Code","U","Update","price","E6BB0424","D","221.57","231.57","BRA508","2026-03-29 19:56:27.774"
"Price Code","U","Update","price","E6BB0424","D","231.57","241.57","BRA504","2026-03-30 18:19:48.440"
"Price Code","I","Insert",NA,"E6BB0424","E",NA,"126.67|126.67||I|Standard Pricing|116.67|0.00|0.00|10.00|0.00","BRA500","2025-11-29 12:54:00.583"
"Price Code","U","Update","price","E6BB0424","E","126.67","131.67","BRA506","2026-01-19 17:03:25.385"
"Price Code","U","Update","price","E6BB0424","E","131.67","136.67","BRA507","2026-02-09 07:43:18.019"
"Price Code","U","Update","price","E6BB0424","E","136.67","121.67","BRA501","2026-03-02 07:50:39.886"
"Price Code","U","Update","price","E6BB0424","E","121.67","141.67","BRA509","2026-03-30 19:09:06.794"
"Price Code","U","Update","price","E6BB0424","E","141.67","161.67","BRA510","2026-04-23 21:37:55.640"
"Price Code","I","Insert",NA,"E6BB0424","F",NA,"129.96|129.96||I|Standard Pricing|119.96|0.00|0.00|10.00|0.00","BRA510","2025-11-11 17:49:03.507"
"Price Code","U","Update","price","E6BB0424","F","129.96","139.96","BRA509","2026-02-09 08:46:50.357"
"Price Code","U","Update","price","E6BB0424","F","139.96","144.96","BRA502","2026-02-11 14:08:50.443"
"Price Code","U","Update","price","E6BB0424","F","144.96","174.96","BRA502","2026-02-12 21:31:55.434"
"Price Code","U","Update","price","E6BB0424","F","174.96","194.96","BRA508","2026-02-19 03:59:50.483"
"Price Code","U","Update","price","E6BB0424","F","194.96","209.96","BRA502","2026-04-06 18:35:43.229"
"Price Code","I","Insert",NA,"E6BB0424","G",NA,"93.84|93.84||I|Standard Pricing|83.84|0.00|0.00|10.00|0.00","BRA508","2025-12-14 03:00:01.116"
"Price Code","U","Update","price","E6BB0424","G","93.84","103.84","BRA503","2026-03-03 10:30:08.234"
"Price Code","U","Update","price","E6BB0424","G","103.84","128.84","BRA500","2026-03-16 07:52:10.846"
"Price Code","U","Update","price","E6BB0424","G","128.84","118.84","BRA503","2026-03-20 13:55:52.714"
"Price Code","U","Update","price","E6BB0424","G","118.84","128.84","BRA505","2026-04-16 10:37:15.895"
"Price Code","U","Update","price","E6BB0424","G","128.84","113.84","BRA506","2026-04-23 01:09:01.802"
"Price Code","I","Insert",NA,"E6BB0424","H",NA,"96.28|96.28||I|Standard Pricing|86.28|0.00|0.00|10.00|0.00","BRA506","2025-12-04 17:32:07.201"
"Price Code","U","Update","price","E6BB0424","H","96.28","126.28","BRA506","2026-01-15 16:08:36.113"
"Price Code","U","Update","price","E6BB0424","H","126.28","121.28","BRA500","2026-02-12 01:21:18.117"
"Price Code","U","Update","price","E6BB0424","H","121.28","141.28","BRA504","2026-03-12 15:29:47.889"
"Price Code","I","Insert",NA,"E6BB0424","I",NA,"69.68|69.68||I|Standard Pricing|59.68|0.00|0.00|10.00|0.00","BRA509","2025-12-11 08:26:57.920"
"Price Code","U","Update","price","E6BB0424","I","69.68","54.68","BRA509","2026-02-07 00:32:58.427"
"Price Code","U","Update","price","E6BB0424","I","54.68","39.68","BRA505","2026-03-22 13:22:11.659"
"Price Code","U","Update","price","E6BB0424","I","39.68","64.68","BRA508","2026-04-13 08:40:28.980"
"Price Code","I","Insert",NA,"E6BB0424","J",NA,"71.2|71.2||I|Standard Pricing|61.2|0.00|0.00|10.00|0.00","BRA509","2025-12-11 13:55:17.176"
"Price Code","U","Update","price","E6BB0424","J","71.2","86.2","BRA505","2026-02-18 16:22:20.234"
"Price Code","U","Update","price","E6BB0424","J","86.2","111.2","BRA505","2026-02-24 02:40:35.239"
"Price Code","U","Update","price","E6BB0424","J","111.2","136.2","BRA510","2026-03-13 16:20:41.113"
"Price Code","U","Update","price","E6BB0424","J","136.2","166.2","BRA509","2026-04-20 15:27:08.819"
"Price Code","I","Insert",NA,"E6BB0424","K",NA,"50.36|50.36||I|Standard Pricing|40.36|0.00|0.00|10.00|0.00","BRA507","2025-12-13 04:59:54.090"
"Price Code","U","Update","price","E6BB0424","K","50.36","60.36","BRA508","2026-02-03 18:57:40.101"
"Price Code","U","Update","price","E6BB0424","K","60.36","75.36","BRA504","2026-02-10 18:06:50.700"
"Price Code","U","Update","price","E6BB0424","K","75.36","70.36","BRA507","2026-03-03 17:30:25.904"
"Price Code","U","Update","price","E6BB0424","K","70.36","65.36","BRA502","2026-03-17 11:08:12.918"
"Price Code","U","Update","price","E6BB0424","K","65.36","95.36","BRA509","2026-03-20 11:31:20.794"
"Price Code","I","Insert",NA,"E6BB0424","L",NA,"48.68|48.68||I|Standard Pricing|38.68|0.00|0.00|10.00|0.00","BRA500","2025-11-16 05:21:38.084"
"Price Code","U","Update","price","E6BB0424","L","48.68","73.68","BRA504","2026-01-24 06:05:27.778"
"Price Code","U","Update","price","E6BB0424","L","73.68","88.68","BRA502","2026-02-23 10:28:32.444"
"Price Code","U","Update","price","E6BB0424","L","88.68","118.68","BRA509","2026-03-18 19:32:11.002"
"Price Code","U","Update","price","E6BB0424","L","118.68","103.68","BRA502","2026-03-20 14:45:56.333"
"Price Code","U","Update","price","E6BB0424","L","103.68","128.68","BRA501","2026-04-03 08:44:13.416"
"Price Code","I","Insert",NA,"E6BB0424","M",NA,"39.23|39.23||I|Standard Pricing|29.23|0.00|0.00|10.00|0.00","BRA501","2025-11-06 07:42:48.767"
"Price Code","U","Update","price","E6BB0424","M","39.23","44.23","BRA501","2026-03-01 10:37:20.458"
"Price Code","U","Update","price","E6BB0424","M","44.23","74.23","BRA508","2026-03-20 07:40:55.987"
"Price Code","U","Update","price","E6BB0424","M","74.23","104.23","BRA505","2026-03-30 04:02:18.611"
"Price Code","U","Update","price","E6BB0424","M","104.23","124.23","BRA502","2026-04-18 16:47:37.335"
"Price Code","I","Insert",NA,"E6BB0424","N",NA,"31.39|31.39||I|Standard Pricing|21.39|0.00|0.00|10.00|0.00","BRA502","2025-11-03 18:36:59.006"
"Price Code","U","Update","price","E6BB0424","N","31.39","51.39","BRA509","2026-03-24 12:06:57.724"
"Price Code","U","Update","price","E6BB0424","N","51.39","71.39","BRA510","2026-04-14 00:09:56.176"
"Price Code","I","Insert",NA,"E6BB0424","O",NA,"20.94|20.94||I|Standard Pricing|10.94|0.00|0.00|10.00|0.00","BRA506","2025-11-27 17:39:39.260"
"Price Code","U","Update","price","E6BB0424","O","20.94","30.94","BRA507","2026-01-25 12:04:00.339"
"Price Code","U","Update","price","E6BB0424","O","30.94","15.94","BRA501","2026-03-25 21:06:40.398"
"Price Code","U","Update","price","E6BB0424","O","15.94","45.94","BRA507","2026-04-23 00:03:25.681"
"Price Code","D","Delete",NA,"E6BB0424","H",NA,NA,"BRA501","2026-04-06 14:00:00.000"
"Price Code","I","Insert",NA,"E6BB0425","A",NA,"234.75|234.75||I|Standard Pricing|224.75|0.00|0.00|10.00|0.00","BRA510","2025-11-29 13:04:15.159"
"Price Code","U","Update","price","E6BB0425","A","234.75","259.75","BRA500","2026-03-12 06:30:04.174"
"Price Code","U","Update","price","E6BB0425","A","259.75","254.75","BRA506","2026-04-08 10:48:44.738"
"Price Code","U","Update","price","E6BB0425","A","254.75","259.75","BRA500","2026-04-08 20:41:05.318"
"Price Code","U","Update","price","E6BB0425","A","259.75","289.75","BRA501","2026-04-24 07:09:11.699"
"Price Code","I","Insert",NA,"E6BB0425","B",NA,"190.32|190.32||I|Standard Pricing|180.32|0.00|0.00|10.00|0.00","BRA503","2025-12-03 11:31:36.952"
"Price Code","U","Update","price","E6BB0425","B","190.32","210.32","BRA500","2026-02-15 08:04:08.405"
"Price Code","U","Update","price","E6BB0425","B","210.32","225.32","BRA505","2026-02-16 04:44:11.147"
"Price Code","U","Update","price","E6BB0425","B","225.32","250.32","BRA500","2026-03-30 10:09:13.005"
"Price Code","U","Update","price","E6BB0425","B","250.32","260.32","BRA505","2026-04-14 04:46:46.331"
"Price Code","I","Insert",NA,"E6BB0425","C",NA,"179.8|179.8||I|Standard Pricing|169.8|0.00|0.00|10.00|0.00","BRA504","2025-11-03 12:18:53.793"
"Price Code","U","Update","price","E6BB0425","C","179.8","189.8","BRA508","2026-02-14 00:11:24.751"
"Price Code","U","Update","price","E6BB0425","C","189.8","204.8","BRA500","2026-02-15 05:39:48.115"
"Price Code","U","Update","price","E6BB0425","C","204.8","209.8","BRA505","2026-02-16 06:49:46.251"
"Price Code","I","Insert",NA,"E6BB0425","D",NA,"152.32|152.32||I|Standard Pricing|142.32|0.00|0.00|10.00|0.00","BRA505","2025-12-06 11:43:02.942"
"Price Code","U","Update","price","E6BB0425","D","152.32","177.32","BRA505","2026-01-19 01:28:23.614"
"Price Code","U","Update","price","E6BB0425","D","177.32","202.32","BRA500","2026-02-19 17:48:09.272"
"Price Code","U","Update","price","E6BB0425","D","202.32","212.32","BRA504","2026-03-21 12:09:13.166"
"Price Code","I","Insert",NA,"E6BB0425","E",NA,"139.68|139.68||I|Standard Pricing|129.68|0.00|0.00|10.00|0.00","BRA500","2025-12-08 14:41:13.320"
"Price Code","U","Update","price","E6BB0425","E","139.68","129.68","BRA505","2026-02-21 17:12:11.137"
"Price Code","U","Update","price","E6BB0425","E","129.68","149.68","BRA505","2026-03-01 04:34:32.891"
"Price Code","U","Update","price","E6BB0425","E","149.68","169.68","BRA503","2026-03-27 10:10:32.986"
"Price Code","U","Update","price","E6BB0425","E","169.68","199.68","BRA507","2026-04-11 09:53:27.671"
"Price Code","I","Insert",NA,"E6BB0425","F",NA,"138.09|138.09||I|Standard Pricing|128.09|0.00|0.00|10.00|0.00","BRA501","2025-12-03 13:14:32.747"
"Price Code","U","Update","price","E6BB0425","F","138.09","133.09","BRA508","2026-02-01 07:55:59.702"
"Price Code","U","Update","price","E6BB0425","F","133.09","128.09","BRA501","2026-02-09 20:12:00.362"
"Price Code","U","Update","price","E6BB0425","F","128.09","158.09","BRA505","2026-02-20 18:42:30.088"
"Price Code","U","Update","price","E6BB0425","F","158.09","173.09","BRA509","2026-04-03 13:07:16.350"
"Price Code","I","Insert",NA,"E6BB0425","G",NA,"113.54|113.54||I|Standard Pricing|103.54|0.00|0.00|10.00|0.00","BRA508","2025-11-29 09:47:45.818"
"Price Code","U","Update","price","E6BB0425","G","113.54","108.54","BRA510","2026-01-15 14:52:19.165"
"Price Code","U","Update","price","E6BB0425","G","108.54","138.54","BRA510","2026-01-24 10:33:36.272"
"Price Code","U","Update","price","E6BB0425","G","138.54","123.54","BRA503","2026-02-27 20:37:26.906"
"Price Code","U","Update","price","E6BB0425","G","123.54","118.54","BRA503","2026-03-04 09:09:47.472"
"Price Code","U","Update","price","E6BB0425","G","118.54","113.54","BRA506","2026-04-07 12:55:15.941"
"Price Code","I","Insert",NA,"E6BB0425","H",NA,"81.94|81.94||I|Standard Pricing|71.94|0.00|0.00|10.00|0.00","BRA506","2025-11-28 08:11:20.364"
"Price Code","U","Update","price","E6BB0425","H","81.94","86.94","BRA507","2026-02-20 12:08:40.263"
"Price Code","U","Update","price","E6BB0425","H","86.94","106.94","BRA509","2026-02-25 05:46:54.807"
"Price Code","U","Update","price","E6BB0425","H","106.94","101.94","BRA510","2026-03-12 16:00:18.866"
"Price Code","U","Update","price","E6BB0425","H","101.94","131.94","BRA503","2026-04-05 19:11:12.374"
"Price Code","I","Insert",NA,"E6BB0425","I",NA,"64.54|64.54||I|Standard Pricing|54.54|0.00|0.00|10.00|0.00","BRA502","2025-11-29 15:12:26.728"
"Price Code","U","Update","price","E6BB0425","I","64.54","59.54","BRA504","2026-01-25 18:25:30.948"
"Price Code","U","Update","price","E6BB0425","I","59.54","54.54","BRA508","2026-02-01 05:23:32.839"
"Price Code","U","Update","price","E6BB0425","I","54.54","79.54","BRA508","2026-02-02 08:36:03.906"
"Price Code","U","Update","price","E6BB0425","I","79.54","84.54","BRA502","2026-02-13 01:52:24.035"
"Price Code","U","Update","price","E6BB0425","I","84.54","104.54","BRA502","2026-02-23 12:55:29.693"
"Price Code","I","Insert",NA,"E6BB0425","J",NA,"71.62|71.62||I|Standard Pricing|61.62|0.00|0.00|10.00|0.00","BRA507","2025-12-14 08:45:19.700"
"Price Code","U","Update","price","E6BB0425","J","71.62","91.62","BRA510","2026-02-02 02:40:49.354"
"Price Code","U","Update","price","E6BB0425","J","91.62","96.62","BRA500","2026-02-07 14:27:16.270"
"Price Code","U","Update","price","E6BB0425","J","96.62","111.62","BRA503","2026-03-04 02:15:17.518"
"Price Code","U","Update","price","E6BB0425","J","111.62","141.62","BRA502","2026-03-13 14:25:51.656"
"Price Code","U","Update","price","E6BB0425","J","141.62","161.62","BRA500","2026-03-17 23:51:14.921"
"Price Code","I","Insert",NA,"E6BB0425","K",NA,"60.68|60.68||I|Standard Pricing|50.68|0.00|0.00|10.00|0.00","BRA508","2025-11-11 23:58:08.804"
"Price Code","U","Update","price","E6BB0425","K","60.68","75.68","BRA501","2026-01-17 06:32:40.995"
"Price Code","U","Update","price","E6BB0425","K","75.68","90.68","BRA510","2026-01-21 06:36:24.938"
"Price Code","U","Update","price","E6BB0425","K","90.68","110.68","BRA504","2026-02-10 00:47:08.984"
"Price Code","U","Update","price","E6BB0425","K","110.68","135.68","BRA508","2026-03-26 09:39:51.191"
"Price Code","U","Update","price","E6BB0425","K","135.68","160.68","BRA500","2026-04-08 11:37:33.459"
"Price Code","I","Insert",NA,"E6BB0425","L",NA,"39.01|39.01||I|Standard Pricing|29.01|0.00|0.00|10.00|0.00","BRA509","2025-11-15 01:18:46.596"
"Price Code","U","Update","price","E6BB0425","L","39.01","64.01","BRA501","2026-03-04 17:14:07.118"
"Price Code","U","Update","price","E6BB0425","L","64.01","79.01","BRA509","2026-03-27 15:42:16.171"
"Price Code","I","Insert",NA,"E6BB0425","M",NA,"30.43|30.43||I|Standard Pricing|20.43|0.00|0.00|10.00|0.00","BRA503","2025-12-14 00:41:03.529"
"Price Code","U","Update","price","E6BB0425","M","30.43","60.43","BRA507","2026-02-03 18:16:49.156"
"Price Code","U","Update","price","E6BB0425","M","60.43","50.43","BRA500","2026-03-28 15:38:12.862"
"Price Code","I","Insert",NA,"E6BB0425","N",NA,"28.36|28.36||I|Standard Pricing|18.36|0.00|0.00|10.00|0.00","BRA503","2025-11-05 10:54:51.754"
"Price Code","U","Update","price","E6BB0425","N","28.36","43.36","BRA509","2026-01-26 18:25:05.970"
"Price Code","U","Update","price","E6BB0425","N","43.36","38.36","BRA506","2026-03-18 17:12:34.914"
"Price Code","U","Update","price","E6BB0425","N","38.36","43.36","BRA510","2026-03-25 11:00:58.779"
"Price Code","U","Update","price","E6BB0425","N","43.36","58.36","BRA504","2026-04-19 10:31:41.379"
"Price Code","I","Insert",NA,"E6BB0425","O",NA,"21.73|21.73||I|Standard Pricing|11.73|0.00|0.00|10.00|0.00","BRA502","2025-11-25 13:25:12.523"
"Price Code","U","Update","price","E6BB0425","O","21.73","36.73","BRA510","2026-02-23 03:36:37.456"
"Price Code","U","Update","price","E6BB0425","O","36.73","31.73","BRA509","2026-04-10 14:23:15.882"
"Price Code","I","Insert",NA,"E6BB0426","A",NA,"217.66|217.66||I|Standard Pricing|207.66|0.00|0.00|10.00|0.00","BRA505","2025-11-27 03:15:29.542"
"Price Code","U","Update","price","E6BB0426","A","217.66","202.66","BRA509","2026-03-03 20:06:25.602"
"Price Code","U","Update","price","E6BB0426","A","202.66","222.66","BRA508","2026-04-25 22:00:08.512"
"Price Code","I","Insert",NA,"E6BB0426","B",NA,"249.81|249.81||I|Standard Pricing|239.81|0.00|0.00|10.00|0.00","BRA508","2025-11-15 22:33:39.397"
"Price Code","U","Update","price","E6BB0426","B","249.81","239.81","BRA509","2026-01-16 11:09:38.290"
"Price Code","U","Update","price","E6BB0426","B","239.81","269.81","BRA500","2026-02-03 01:59:46.234"
"Price Code","I","Insert",NA,"E6BB0426","C",NA,"167.17|167.17||I|Standard Pricing|157.17|0.00|0.00|10.00|0.00","BRA510","2025-11-15 22:48:52.356"
"Price Code","U","Update","price","E6BB0426","C","167.17","152.17","BRA505","2026-03-29 16:22:38.353"
"Price Code","U","Update","price","E6BB0426","C","152.17","147.17","BRA505","2026-04-04 17:52:05.032"
"Price Code","U","Update","price","E6BB0426","C","147.17","152.17","BRA509","2026-04-07 22:48:58.463"
"Price Code","I","Insert",NA,"E6BB0426","D",NA,"181.28|181.28||I|Standard Pricing|171.28|0.00|0.00|10.00|0.00","BRA504","2025-12-16 08:04:18.413"
"Price Code","U","Update","price","E6BB0426","D","181.28","166.28","BRA507","2026-02-04 01:50:32.018"
"Price Code","U","Update","price","E6BB0426","D","166.28","181.28","BRA501","2026-02-16 23:00:06.319"
"Price Code","U","Update","price","E6BB0426","D","181.28","196.28","BRA500","2026-02-22 00:56:58.155"
"Price Code","U","Update","price","E6BB0426","D","196.28","181.28","BRA506","2026-03-11 19:42:16.059"
"Price Code","I","Insert",NA,"E6BB0426","E",NA,"133.52|133.52||I|Standard Pricing|123.52|0.00|0.00|10.00|0.00","BRA507","2025-12-02 02:03:16.414"
"Price Code","U","Update","price","E6BB0426","E","133.52","128.52","BRA500","2026-03-03 13:48:11.679"
"Price Code","U","Update","price","E6BB0426","E","128.52","153.52","BRA501","2026-03-09 12:08:41.063"
"Price Code","U","Update","price","E6BB0426","E","153.52","138.52","BRA505","2026-03-10 16:17:52.442"
"Price Code","U","Update","price","E6BB0426","E","138.52","143.52","BRA510","2026-04-06 09:51:23.023"
"Price Code","I","Insert",NA,"E6BB0426","F",NA,"134.56|134.56||I|Standard Pricing|124.56|0.00|0.00|10.00|0.00","BRA507","2025-11-28 14:41:18.050"
"Price Code","U","Update","price","E6BB0426","F","134.56","139.56","BRA508","2026-02-15 21:10:19.614"
"Price Code","U","Update","price","E6BB0426","F","139.56","129.56","BRA503","2026-03-13 14:51:34.965"
"Price Code","U","Update","price","E6BB0426","F","129.56","119.56","BRA505","2026-03-20 21:26:47.575"
"Price Code","U","Update","price","E6BB0426","F","119.56","144.56","BRA505","2026-04-24 16:18:42.245"
"Price Code","I","Insert",NA,"E6BB0426","G",NA,"117.92|117.92||I|Standard Pricing|107.92|0.00|0.00|10.00|0.00","BRA506","2025-11-07 06:23:02.887"
"Price Code","U","Update","price","E6BB0426","G","117.92","112.92","BRA500","2026-02-11 20:25:27.325"
"Price Code","U","Update","price","E6BB0426","G","112.92","122.92","BRA507","2026-02-19 08:35:01.542"
"Price Code","U","Update","price","E6BB0426","G","122.92","142.92","BRA506","2026-03-26 18:40:02.416"
"Price Code","I","Insert",NA,"E6BB0426","H",NA,"92.62|92.62||I|Standard Pricing|82.62|0.00|0.00|10.00|0.00","BRA500","2025-12-02 13:10:24.789"
"Price Code","U","Update","price","E6BB0426","H","92.62","102.62","BRA510","2026-02-06 16:10:58.338"
"Price Code","U","Update","price","E6BB0426","H","102.62","87.62","BRA506","2026-02-12 00:02:14.691"
"Price Code","U","Update","price","E6BB0426","H","87.62","112.62","BRA510","2026-04-07 23:27:54.210"
"Price Code","U","Update","price","E6BB0426","H","112.62","102.62","BRA501","2026-04-09 08:30:57.037"
"Price Code","U","Update","price","E6BB0426","H","102.62","122.62","BRA507","2026-04-09 14:44:21.794"
"Price Code","I","Insert",NA,"E6BB0426","I",NA,"72.98|72.98||I|Standard Pricing|62.98|0.00|0.00|10.00|0.00","BRA501","2025-11-17 14:52:18.714"
"Price Code","U","Update","price","E6BB0426","I","72.98","62.98","BRA506","2026-03-29 10:35:26.893"
"Price Code","U","Update","price","E6BB0426","I","62.98","82.98","BRA510","2026-04-23 04:36:52.791"
"Price Code","U","Update","price","E6BB0426","I","82.98","67.98","BRA501","2026-04-23 07:52:07.596"
"Price Code","I","Insert",NA,"E6BB0426","J",NA,"55.83|55.83||I|Standard Pricing|45.83|0.00|0.00|10.00|0.00","BRA500","2025-11-21 11:20:59.679"
"Price Code","U","Update","price","E6BB0426","J","55.83","40.83","BRA503","2026-02-12 07:53:43.018"
"Price Code","U","Update","price","E6BB0426","J","40.83","30.83","BRA500","2026-03-04 09:44:55.202"
"Price Code","U","Update","price","E6BB0426","J","30.83","50.83","BRA502","2026-03-10 18:34:24.332"
"Price Code","U","Update","price","E6BB0426","J","50.83","55.83","BRA508","2026-03-17 05:20:08.670"
"Price Code","U","Update","price","E6BB0426","J","55.83","70.83","BRA501","2026-04-09 15:17:08.439"
"Price Code","I","Insert",NA,"E6BB0426","K",NA,"50.14|50.14||I|Standard Pricing|40.14|0.00|0.00|10.00|0.00","BRA509","2025-12-02 16:53:40.025"
"Price Code","U","Update","price","E6BB0426","K","50.14","40.14","BRA509","2026-02-26 19:37:37.897"
"Price Code","U","Update","price","E6BB0426","K","40.14","25.14","BRA501","2026-03-05 21:26:54.370"
"Price Code","U","Update","price","E6BB0426","K","25.14","10.14","BRA508","2026-03-09 01:38:30.291"
"Price Code","U","Update","price","E6BB0426","K","10.14","40.14","BRA503","2026-04-09 13:19:41.697"
"Price Code","I","Insert",NA,"E6BB0426","L",NA,"44.59|44.59||I|Standard Pricing|34.59|0.00|0.00|10.00|0.00","BRA500","2025-11-10 01:36:41.484"
"Price Code","U","Update","price","E6BB0426","L","44.59","29.59","BRA507","2026-02-14 18:12:43.660"
"Price Code","U","Update","price","E6BB0426","L","29.59","59.59","BRA509","2026-02-17 19:54:23.012"
"Price Code","U","Update","price","E6BB0426","L","59.59","64.59","BRA508","2026-04-15 06:57:37.028"
"Price Code","I","Insert",NA,"E6BB0426","M",NA,"30.73|30.73||I|Standard Pricing|20.73|0.00|0.00|10.00|0.00","BRA506","2025-11-24 00:05:29.247"
"Price Code","U","Update","price","E6BB0426","M","30.73","40.73","BRA508","2026-01-17 14:08:29.338"
"Price Code","U","Update","price","E6BB0426","M","40.73","25.73","BRA504","2026-01-28 01:17:52.427"
"Price Code","I","Insert",NA,"E6BB0426","N",NA,"28.12|28.12||I|Standard Pricing|18.12|0.00|0.00|10.00|0.00","BRA510","2025-11-07 02:49:33.225"
"Price Code","U","Update","price","E6BB0426","N","28.12","58.12","BRA505","2026-01-30 05:40:50.979"
"Price Code","U","Update","price","E6BB0426","N","58.12","48.12","BRA506","2026-02-10 05:31:37.730"
"Price Code","I","Insert",NA,"E6BB0426","O",NA,"24.7|24.7||I|Standard Pricing|14.7|0.00|0.00|10.00|0.00","BRA506","2025-11-05 02:36:40.863"
"Price Code","U","Update","price","E6BB0426","O","24.7","19.7","BRA508","2026-01-18 01:23:18.956"
"Price Code","U","Update","price","E6BB0426","O","19.7","14.7","BRA506","2026-01-23 17:23:41.512"
"Price Code","U","Update","price","E6BB0426","O","14.7","10","BRA509","2026-03-02 05:11:34.271"
"Price Code","U","Update","price","E6BB0426","O","10","30","BRA510","2026-03-02 22:16:38.279"
"Price Code","U","Update","price","E6BB0426","O","30","50","BRA500","2026-04-16 15:44:23.251"
"Price Code","I","Insert",NA,"E6BB0426","P",NA,"20.61|20.61||I|Standard Pricing|10.61|0.00|0.00|10.00|0.00","BRA500","2025-12-06 13:06:48.566"
"Price Code","U","Update","price","E6BB0426","P","20.61","30.61","BRA500","2026-01-25 12:56:22.539"
"Price Code","U","Update","price","E6BB0426","P","30.61","15.61","BRA510","2026-03-20 09:28:29.805"
"Price Code","I","Insert",NA,"E6BB0427","A",NA,"243.65|243.65||I|Standard Pricing|233.65|0.00|0.00|10.00|0.00","BRA506","2025-11-03 12:40:04.905"
"Price Code","U","Update","price","E6BB0427","A","243.65","238.65","BRA502","2026-01-17 12:01:19.348"
"Price Code","U","Update","price","E6BB0427","A","238.65","223.65","BRA504","2026-02-12 00:11:37.188"
"Price Code","U","Update","price","E6BB0427","A","223.65","233.65","BRA508","2026-04-18 19:23:23.082"
"Price Code","I","Insert",NA,"E6BB0427","B",NA,"207.06|207.06||I|Standard Pricing|197.06|0.00|0.00|10.00|0.00","BRA503","2025-12-09 21:59:52.845"
"Price Code","U","Update","price","E6BB0427","B","207.06","237.06","BRA509","2026-02-06 02:57:25.813"
"Price Code","U","Update","price","E6BB0427","B","237.06","222.06","BRA500","2026-02-23 12:56:01.737"
"Price Code","U","Update","price","E6BB0427","B","222.06","242.06","BRA504","2026-03-02 00:55:14.965"
"Price Code","U","Update","price","E6BB0427","B","242.06","237.06","BRA507","2026-03-04 17:38:19.100"
"Price Code","U","Update","price","E6BB0427","B","237.06","247.06","BRA501","2026-03-17 01:30:22.625"
"Price Code","I","Insert",NA,"E6BB0427","C",NA,"203.65|203.65||I|Standard Pricing|193.65|0.00|0.00|10.00|0.00","BRA508","2025-12-02 02:26:19.476"
"Price Code","U","Update","price","E6BB0427","C","203.65","228.65","BRA504","2026-01-29 20:21:44.822"
"Price Code","U","Update","price","E6BB0427","C","228.65","218.65","BRA507","2026-02-07 12:36:12.103"
"Price Code","I","Insert",NA,"E6BB0427","D",NA,"172.98|172.98||I|Standard Pricing|162.98|0.00|0.00|10.00|0.00","BRA509","2025-11-19 22:29:09.011"
"Price Code","U","Update","price","E6BB0427","D","172.98","202.98","BRA508","2026-03-20 01:20:59.435"
"Price Code","U","Update","price","E6BB0427","D","202.98","222.98","BRA502","2026-03-26 22:15:47.716"
"Price Code","U","Update","price","E6BB0427","D","222.98","227.98","BRA509","2026-03-30 11:32:17.066"
"Price Code","U","Update","price","E6BB0427","D","227.98","237.98","BRA509","2026-04-06 02:26:02.353"
"Price Code","U","Update","price","E6BB0427","D","237.98","257.98","BRA501","2026-04-14 12:21:26.432"
"Price Code","I","Insert",NA,"E6BB0427","E",NA,"134.86|134.86||I|Standard Pricing|124.86|0.00|0.00|10.00|0.00","BRA507","2025-12-12 16:56:56.592"
"Price Code","U","Update","price","E6BB0427","E","134.86","164.86","BRA509","2026-01-22 01:19:04.200"
"Price Code","U","Update","price","E6BB0427","E","164.86","184.86","BRA509","2026-02-12 06:34:02.556"
"Price Code","I","Insert",NA,"E6BB0427","F",NA,"130.72|130.72||I|Standard Pricing|120.72|0.00|0.00|10.00|0.00","BRA500","2025-11-10 01:32:09.638"
"Price Code","U","Update","price","E6BB0427","F","130.72","135.72","BRA500","2026-03-15 05:33:42.083"
"Price Code","U","Update","price","E6BB0427","F","135.72","160.72","BRA506","2026-03-18 11:17:50.114"
"Price Code","U","Update","price","E6BB0427","F","160.72","150.72","BRA509","2026-04-02 19:24:59.256"
"Price Code","U","Update","price","E6BB0427","F","150.72","135.72","BRA509","2026-04-04 05:35:44.105"
"Price Code","U","Update","price","E6BB0427","F","135.72","120.72","BRA503","2026-04-06 06:19:34.329"
"Price Code","I","Insert",NA,"E6BB0427","G",NA,"103|103||I|Standard Pricing|93|0.00|0.00|10.00|0.00","BRA501","2025-11-19 11:51:29.944"
"Price Code","U","Update","price","E6BB0427","G","103","113","BRA500","2026-02-04 07:17:16.199"
"Price Code","U","Update","price","E6BB0427","G","113","143","BRA504","2026-02-26 00:23:50.151"
"Price Code","U","Update","price","E6BB0427","G","143","138","BRA505","2026-03-27 12:28:37.535"
"Price Code","U","Update","price","E6BB0427","G","138","168","BRA508","2026-04-26 12:41:37.103"
"Price Code","I","Insert",NA,"E6BB0427","H",NA,"83.4|83.4||I|Standard Pricing|73.4|0.00|0.00|10.00|0.00","BRA506","2025-12-07 08:00:02.780"
"Price Code","U","Update","price","E6BB0427","H","83.4","98.4","BRA503","2026-02-28 21:50:17.925"
"Price Code","U","Update","price","E6BB0427","H","98.4","83.4","BRA508","2026-03-22 12:22:38.532"
"Price Code","U","Update","price","E6BB0427","H","83.4","88.4","BRA506","2026-04-21 10:06:52.938"
"Price Code","U","Update","price","E6BB0427","H","88.4","83.4","BRA506","2026-04-23 09:59:02.082"
"Price Code","I","Insert",NA,"E6BB0427","I",NA,"75.31|75.31||I|Standard Pricing|65.31|0.00|0.00|10.00|0.00","BRA505","2025-11-22 04:02:40.386"
"Price Code","U","Update","price","E6BB0427","I","75.31","105.31","BRA510","2026-03-10 09:42:48.361"
"Price Code","U","Update","price","E6BB0427","I","105.31","125.31","BRA505","2026-03-19 02:00:14.283"
"Price Code","U","Update","price","E6BB0427","I","125.31","130.31","BRA501","2026-03-30 15:40:43.638"
"Price Code","U","Update","price","E6BB0427","I","130.31","155.31","BRA500","2026-04-19 09:55:00.742"
"Price Code","I","Insert",NA,"E6BB0427","J",NA,"64.59|64.59||I|Standard Pricing|54.59|0.00|0.00|10.00|0.00","BRA507","2025-11-17 20:22:55.749"
"Price Code","U","Update","price","E6BB0427","J","64.59","74.59","BRA505","2026-02-21 19:16:24.607"
"Price Code","U","Update","price","E6BB0427","J","74.59","84.59","BRA504","2026-03-26 11:14:40.609"
"Price Code","U","Update","price","E6BB0427","J","84.59","74.59","BRA507","2026-03-26 23:41:12.681"
"Price Code","U","Update","price","E6BB0427","J","74.59","89.59","BRA501","2026-04-09 23:43:41.243"
"Price Code","I","Insert",NA,"E6BB0427","K",NA,"61.91|61.91||I|Standard Pricing|51.91|0.00|0.00|10.00|0.00","BRA506","2025-11-09 09:12:18.398"
"Price Code","U","Update","price","E6BB0427","K","61.91","46.91","BRA500","2026-02-15 02:04:25.210"
"Price Code","U","Update","price","E6BB0427","K","46.91","31.91","BRA502","2026-02-17 15:14:04.143"
"Price Code","U","Update","price","E6BB0427","K","31.91","51.91","BRA501","2026-03-21 11:34:26.641"
"Price Code","U","Update","price","E6BB0427","K","51.91","56.91","BRA503","2026-03-23 21:48:50.171"
"Price Code","I","Insert",NA,"E6BB0427","L",NA,"51.62|51.62||I|Standard Pricing|41.62|0.00|0.00|10.00|0.00","BRA502","2025-11-21 05:09:03.271"
"Price Code","U","Update","price","E6BB0427","L","51.62","71.62","BRA506","2026-03-08 15:04:30.401"
"Price Code","U","Update","price","E6BB0427","L","71.62","81.62","BRA503","2026-03-30 06:06:27.618"
"Price Code","U","Update","price","E6BB0427","L","81.62","76.62","BRA504","2026-04-01 08:05:38.981"
"Price Code","U","Update","price","E6BB0427","L","76.62","86.62","BRA508","2026-04-14 14:17:38.646"
"Price Code","I","Insert",NA,"E6BB0427","M",NA,"36.87|36.87||I|Standard Pricing|26.87|0.00|0.00|10.00|0.00","BRA501","2025-12-05 18:50:42.362"
"Price Code","U","Update","price","E6BB0427","M","36.87","26.87","BRA503","2026-01-28 11:38:02.253"
"Price Code","U","Update","price","E6BB0427","M","26.87","16.87","BRA506","2026-04-10 01:45:34.133"
"Price Code","I","Insert",NA,"E6BB0429","A",NA,"239.47|239.47||I|Standard Pricing|229.47|0.00|0.00|10.00|0.00","BRA502","2025-11-12 17:56:33.359"
"Price Code","U","Update","price","E6BB0429","A","239.47","269.47","BRA506","2026-01-19 12:39:05.743"
"Price Code","U","Update","price","E6BB0429","A","269.47","299.47","BRA508","2026-02-03 06:40:01.472"
"Price Code","I","Insert",NA,"E6BB0429","B",NA,"227.79|227.79||I|Standard Pricing|217.79|0.00|0.00|10.00|0.00","BRA500","2025-11-07 04:50:12.496"
"Price Code","U","Update","price","E6BB0429","B","227.79","217.79","BRA500","2026-01-16 23:59:57.065"
"Price Code","U","Update","price","E6BB0429","B","217.79","207.79","BRA500","2026-02-10 10:58:18.250"
"Price Code","I","Insert",NA,"E6BB0429","C",NA,"215.49|215.49||I|Standard Pricing|205.49|0.00|0.00|10.00|0.00","BRA500","2025-11-19 21:07:07.534"
"Price Code","U","Update","price","E6BB0429","C","215.49","230.49","BRA502","2026-02-13 18:19:10.728"
"Price Code","U","Update","price","E6BB0429","C","230.49","225.49","BRA505","2026-02-20 17:26:29.763"
"Price Code","U","Update","price","E6BB0429","C","225.49","220.49","BRA501","2026-03-20 08:29:01.257"
"Price Code","U","Update","price","E6BB0429","C","220.49","245.49","BRA504","2026-04-13 14:20:02.204"
"Price Code","U","Update","price","E6BB0429","C","245.49","250.49","BRA501","2026-04-24 21:36:08.869"
"Price Code","I","Insert",NA,"E6BB0429","D",NA,"178.26|178.26||I|Standard Pricing|168.26|0.00|0.00|10.00|0.00","BRA506","2025-12-05 13:00:23.635"
"Price Code","U","Update","price","E6BB0429","D","178.26","168.26","BRA507","2026-02-12 03:31:00.774"
"Price Code","U","Update","price","E6BB0429","D","168.26","183.26","BRA510","2026-03-13 08:51:57.263"
"Price Code","U","Update","price","E6BB0429","D","183.26","208.26","BRA506","2026-03-23 16:52:41.133"
"Price Code","I","Insert",NA,"E6BB0429","E",NA,"152.1|152.1||I|Standard Pricing|142.1|0.00|0.00|10.00|0.00","BRA509","2025-11-11 05:29:45.242"
"Price Code","U","Update","price","E6BB0429","E","152.1","182.1","BRA508","2026-02-11 08:21:45.502"
"Price Code","U","Update","price","E6BB0429","E","182.1","192.1","BRA501","2026-03-20 04:38:24.530"
"Price Code","I","Insert",NA,"E6BB0429","F",NA,"129.08|129.08||I|Standard Pricing|119.08|0.00|0.00|10.00|0.00","BRA505","2025-11-02 16:40:19.293"
"Price Code","U","Update","price","E6BB0429","F","129.08","154.08","BRA502","2026-02-14 10:45:21.156"
"Price Code","U","Update","price","E6BB0429","F","154.08","139.08","BRA505","2026-02-19 17:12:50.106"
"Price Code","U","Update","price","E6BB0429","F","139.08","134.08","BRA503","2026-03-07 04:39:33.901"
"Price Code","U","Update","price","E6BB0429","F","134.08","159.08","BRA506","2026-03-07 05:23:08.592"
"Price Code","I","Insert",NA,"E6BB0429","G",NA,"124.18|124.18||I|Standard Pricing|114.18|0.00|0.00|10.00|0.00","BRA508","2025-12-08 06:29:14.740"
"Price Code","U","Update","price","E6BB0429","G","124.18","129.18","BRA506","2026-01-24 19:47:27.883"
"Price Code","U","Update","price","E6BB0429","G","129.18","149.18","BRA503","2026-02-05 07:46:11.173"
"Price Code","U","Update","price","E6BB0429","G","149.18","154.18","BRA501","2026-02-09 06:43:30.389"
"Price Code","U","Update","price","E6BB0429","G","154.18","169.18","BRA504","2026-02-21 12:21:50.213"
"Price Code","U","Update","price","E6BB0429","G","169.18","154.18","BRA510","2026-03-26 11:16:22.043"
"Price Code","I","Insert",NA,"E6BB0429","H",NA,"91.4|91.4||I|Standard Pricing|81.4|0.00|0.00|10.00|0.00","BRA509","2025-12-04 22:55:05.495"
"Price Code","U","Update","price","E6BB0429","H","91.4","86.4","BRA506","2026-01-18 14:30:20.005"
"Price Code","U","Update","price","E6BB0429","H","86.4","76.4","BRA503","2026-02-10 04:05:56.377"
"Price Code","U","Update","price","E6BB0429","H","76.4","66.4","BRA501","2026-03-11 11:24:47.334"
"Price Code","U","Update","price","E6BB0429","H","66.4","96.4","BRA510","2026-04-22 23:08:25.118"
"Price Code","I","Insert",NA,"E6BB0429","I",NA,"79.24|79.24||I|Standard Pricing|69.24|0.00|0.00|10.00|0.00","BRA503","2025-12-10 01:47:44.998"
"Price Code","U","Update","price","E6BB0429","I","79.24","64.24","BRA500","2026-01-16 03:39:15.823"
"Price Code","U","Update","price","E6BB0429","I","64.24","69.24","BRA510","2026-02-11 21:02:37.609"
"Price Code","U","Update","price","E6BB0429","I","69.24","94.24","BRA500","2026-02-23 09:19:01.792"
"Price Code","U","Update","price","E6BB0429","I","94.24","124.24","BRA501","2026-02-24 01:34:31.430"
"Price Code","I","Insert",NA,"E6BB0429","J",NA,"73.56|73.56||I|Standard Pricing|63.56|0.00|0.00|10.00|0.00","BRA504","2025-12-02 06:23:45.165"
"Price Code","U","Update","price","E6BB0429","J","73.56","103.56","BRA502","2026-01-18 02:37:14.761"
"Price Code","U","Update","price","E6BB0429","J","103.56","113.56","BRA504","2026-02-11 22:21:34.332"
"Price Code","U","Update","price","E6BB0429","J","113.56","98.56","BRA501","2026-03-20 07:00:19.251"
"Price Code","I","Insert",NA,"E6BB0429","K",NA,"58.24|58.24||I|Standard Pricing|48.24|0.00|0.00|10.00|0.00","BRA502","2025-11-02 13:03:26.379"
"Price Code","U","Update","price","E6BB0429","K","58.24","88.24","BRA504","2026-02-04 15:34:55.873"
"Price Code","U","Update","price","E6BB0429","K","88.24","98.24","BRA506","2026-03-05 18:41:12.364"
"Price Code","U","Update","price","E6BB0429","K","98.24","108.24","BRA500","2026-04-14 19:54:11.295"
"Price Code","U","Update","price","E6BB0429","K","108.24","123.24","BRA510","2026-04-27 05:46:07.396"
"Price Code","I","Insert",NA,"E6BB0429","L",NA,"44.04|44.04||I|Standard Pricing|34.04|0.00|0.00|10.00|0.00","BRA503","2025-11-04 05:32:25.094"
"Price Code","U","Update","price","E6BB0429","L","44.04","49.04","BRA509","2026-01-21 23:24:33.033"
"Price Code","U","Update","price","E6BB0429","L","49.04","69.04","BRA506","2026-01-22 20:05:41.282"
"Price Code","U","Update","price","E6BB0429","L","69.04","74.04","BRA505","2026-03-20 01:46:34.967"
"Price Code","U","Update","price","E6BB0429","L","74.04","79.04","BRA500","2026-03-24 05:30:05.091"
"Price Code","U","Update","price","E6BB0429","L","79.04","64.04","BRA500","2026-04-19 04:16:05.110"
"Price Code","I","Insert",NA,"E6BB0429","M",NA,"40.21|40.21||I|Standard Pricing|30.21|0.00|0.00|10.00|0.00","BRA500","2025-11-12 12:32:30.182"
"Price Code","U","Update","price","E6BB0429","M","40.21","65.21","BRA508","2026-02-05 07:40:08.246"
"Price Code","U","Update","price","E6BB0429","M","65.21","50.21","BRA507","2026-02-11 08:35:40.936"
"Price Code","U","Update","price","E6BB0429","M","50.21","70.21","BRA501","2026-02-11 15:33:45.447"
"Price Code","U","Update","price","E6BB0429","M","70.21","75.21","BRA500","2026-02-24 18:13:32.544"
"Price Code","U","Update","price","E6BB0429","M","75.21","105.21","BRA504","2026-04-21 13:36:27.704"
"Price Code","D","Delete",NA,"E6BB0429","I",NA,NA,"BRA503","2026-04-06 14:00:00.000"
"Price Code","I","Insert",NA,"E6BB0501","A",NA,"256.88|256.88||I|Standard Pricing|246.88|0.00|0.00|10.00|0.00","BRA500","2025-12-03 07:49:25.963"
"Price Code","U","Update","price","E6BB0501","A","256.88","241.88","BRA501","2026-03-02 17:46:20.542"
"Price Code","U","Update","price","E6BB0501","A","241.88","251.88","BRA501","2026-03-11 18:08:23.931"
"Price Code","U","Update","price","E6BB0501","A","251.88","281.88","BRA509","2026-03-15 09:11:09.149"
"Price Code","I","Insert",NA,"E6BB0501","B",NA,"242.43|242.43||I|Standard Pricing|232.43|0.00|0.00|10.00|0.00","BRA508","2025-11-02 20:03:34.240"
"Price Code","U","Update","price","E6BB0501","B","242.43","272.43","BRA507","2026-01-20 06:18:37.461"
"Price Code","U","Update","price","E6BB0501","B","272.43","287.43","BRA507","2026-04-23 18:21:12.551"
"Price Code","I","Insert",NA,"E6BB0501","C",NA,"215.99|215.99||I|Standard Pricing|205.99|0.00|0.00|10.00|0.00","BRA502","2025-12-06 09:18:53.162"
"Price Code","U","Update","price","E6BB0501","C","215.99","210.99","BRA502","2026-03-09 11:59:28.171"
"Price Code","U","Update","price","E6BB0501","C","210.99","195.99","BRA506","2026-04-02 23:09:09.505"
"Price Code","I","Insert",NA,"E6BB0501","D",NA,"150.04|150.04||I|Standard Pricing|140.04|0.00|0.00|10.00|0.00","BRA500","2025-11-21 07:56:50.593"
"Price Code","U","Update","price","E6BB0501","D","150.04","145.04","BRA503","2026-02-01 02:41:41.796"
"Price Code","U","Update","price","E6BB0501","D","145.04","165.04","BRA509","2026-02-27 21:03:39.420"
"Price Code","U","Update","price","E6BB0501","D","165.04","170.04","BRA507","2026-04-29 17:15:14.095"
"Price Code","U","Update","price","E6BB0501","D","170.04","190.04","BRA510","2026-04-29 19:04:16.905"
"Price Code","I","Insert",NA,"E6BB0501","E",NA,"157.79|157.79||I|Standard Pricing|147.79|0.00|0.00|10.00|0.00","BRA506","2025-11-14 16:41:24.701"
"Price Code","U","Update","price","E6BB0501","E","157.79","147.79","BRA507","2026-02-06 16:14:09.860"
"Price Code","U","Update","price","E6BB0501","E","147.79","137.79","BRA510","2026-03-26 16:33:49.052"
"Price Code","U","Update","price","E6BB0501","E","137.79","162.79","BRA509","2026-04-19 11:04:36.191"
"Price Code","U","Update","price","E6BB0501","E","162.79","172.79","BRA503","2026-04-26 11:05:03.425"
"Price Code","I","Insert",NA,"E6BB0501","F",NA,"130.89|130.89||I|Standard Pricing|120.89|0.00|0.00|10.00|0.00","BRA503","2025-11-19 19:12:39.603"
"Price Code","U","Update","price","E6BB0501","F","130.89","155.89","BRA501","2026-01-19 13:53:12.725"
"Price Code","U","Update","price","E6BB0501","F","155.89","185.89","BRA501","2026-01-22 12:15:54.774"
"Price Code","U","Update","price","E6BB0501","F","185.89","200.89","BRA501","2026-02-23 14:13:32.471"
"Price Code","I","Insert",NA,"E6BB0501","G",NA,"115.96|115.96||I|Standard Pricing|105.96|0.00|0.00|10.00|0.00","BRA508","2025-11-23 20:19:49.081"
"Price Code","U","Update","price","E6BB0501","G","115.96","100.96","BRA510","2026-02-07 14:13:13.674"
"Price Code","U","Update","price","E6BB0501","G","100.96","85.96","BRA509","2026-04-01 19:37:21.383"
"Price Code","U","Update","price","E6BB0501","G","85.96","110.96","BRA504","2026-04-06 03:31:46.901"
"Price Code","U","Update","price","E6BB0501","G","110.96","105.96","BRA500","2026-04-10 11:13:57.647"
"Price Code","U","Update","price","E6BB0501","G","105.96","110.96","BRA508","2026-04-21 07:03:05.823"
"Price Code","I","Insert",NA,"E6BB0501","H",NA,"87.64|87.64||I|Standard Pricing|77.64|0.00|0.00|10.00|0.00","BRA502","2025-11-18 12:50:05.499"
"Price Code","U","Update","price","E6BB0501","H","87.64","107.64","BRA501","2026-01-26 13:10:48.204"
"Price Code","U","Update","price","E6BB0501","H","107.64","122.64","BRA500","2026-04-05 07:36:57.604"
"Price Code","I","Insert",NA,"E6BB0501","I",NA,"72.4|72.4||I|Standard Pricing|62.4|0.00|0.00|10.00|0.00","BRA501","2025-12-12 19:22:53.886"
"Price Code","U","Update","price","E6BB0501","I","72.4","97.4","BRA508","2026-02-08 11:34:39.773"
"Price Code","U","Update","price","E6BB0501","I","97.4","117.4","BRA506","2026-02-08 18:28:21.738"
"Price Code","U","Update","price","E6BB0501","I","117.4","107.4","BRA504","2026-03-01 15:02:18.069"
"Price Code","I","Insert",NA,"E6BB0501","J",NA,"72.79|72.79||I|Standard Pricing|62.79|0.00|0.00|10.00|0.00","BRA509","2025-11-18 08:54:45.493"
"Price Code","U","Update","price","E6BB0501","J","72.79","82.79","BRA502","2026-02-13 11:14:34.670"
"Price Code","U","Update","price","E6BB0501","J","82.79","87.79","BRA500","2026-02-27 17:53:36.875"
"Price Code","U","Update","price","E6BB0501","J","87.79","77.79","BRA508","2026-03-09 06:08:36.514"
"Price Code","I","Insert",NA,"E6BB0501","K",NA,"58.11|58.11||I|Standard Pricing|48.11|0.00|0.00|10.00|0.00","BRA504","2025-12-16 01:44:37.463"
"Price Code","U","Update","price","E6BB0501","K","58.11","63.11","BRA509","2026-02-26 08:47:47.708"
"Price Code","U","Update","price","E6BB0501","K","63.11","58.11","BRA501","2026-03-06 13:28:09.478"
"Price Code","U","Update","price","E6BB0501","K","58.11","63.11","BRA500","2026-03-28 02:30:39.428"
"Price Code","I","Insert",NA,"E6BB0501","L",NA,"45.95|45.95||I|Standard Pricing|35.95|0.00|0.00|10.00|0.00","BRA500","2025-12-10 01:17:55.167"
"Price Code","U","Update","price","E6BB0501","L","45.95","70.95","BRA500","2026-01-18 20:23:54.167"
"Price Code","U","Update","price","E6BB0501","L","70.95","85.95","BRA509","2026-03-02 19:26:49.609"
"Price Code","U","Update","price","E6BB0501","L","85.95","110.95","BRA505","2026-03-06 17:04:17.140"
"Price Code","I","Insert",NA,"E6BB0502","A",NA,"222.28|222.28||I|Standard Pricing|212.28|0.00|0.00|10.00|0.00","BRA507","2025-12-08 08:25:38.549"
"Price Code","U","Update","price","E6BB0502","A","222.28","227.28","BRA506","2026-01-20 15:38:53.533"
"Price Code","U","Update","price","E6BB0502","A","227.28","237.28","BRA503","2026-02-26 14:27:56.502"
"Price Code","I","Insert",NA,"E6BB0502","B",NA,"221.88|221.88||I|Standard Pricing|211.88|0.00|0.00|10.00|0.00","BRA503","2025-11-14 17:03:20.255"
"Price Code","U","Update","price","E6BB0502","B","221.88","246.88","BRA509","2026-01-24 06:51:55.418"
"Price Code","U","Update","price","E6BB0502","B","246.88","271.88","BRA507","2026-02-16 13:44:41.862"
"Price Code","U","Update","price","E6BB0502","B","271.88","276.88","BRA506","2026-04-05 22:49:58.382"
"Price Code","I","Insert",NA,"E6BB0502","C",NA,"199.83|199.83||I|Standard Pricing|189.83|0.00|0.00|10.00|0.00","BRA502","2025-12-05 17:18:44.128"
"Price Code","U","Update","price","E6BB0502","C","199.83","229.83","BRA501","2026-01-22 11:01:45.498"
"Price Code","U","Update","price","E6BB0502","C","229.83","254.83","BRA509","2026-02-26 03:42:15.334"
"Price Code","U","Update","price","E6BB0502","C","254.83","274.83","BRA508","2026-04-27 05:33:05.251"
"Price Code","I","Insert",NA,"E6BB0502","D",NA,"184.41|184.41||I|Standard Pricing|174.41|0.00|0.00|10.00|0.00","BRA510","2025-11-12 17:03:48.478"
"Price Code","U","Update","price","E6BB0502","D","184.41","204.41","BRA507","2026-04-14 01:03:14.440"
"Price Code","U","Update","price","E6BB0502","D","204.41","219.41","BRA506","2026-04-22 14:11:28.891"
"Price Code","I","Insert",NA,"E6BB0502","E",NA,"124.58|124.58||I|Standard Pricing|114.58|0.00|0.00|10.00|0.00","BRA505","2025-12-12 15:43:16.015"
"Price Code","U","Update","price","E6BB0502","E","124.58","119.58","BRA503","2026-01-28 15:44:56.664"
"Price Code","U","Update","price","E6BB0502","E","119.58","124.58","BRA502","2026-02-01 16:27:50.398"
"Price Code","U","Update","price","E6BB0502","E","124.58","144.58","BRA506","2026-02-02 15:49:19.576"
"Price Code","U","Update","price","E6BB0502","E","144.58","129.58","BRA501","2026-02-12 05:08:08.562"
"Price Code","U","Update","price","E6BB0502","E","129.58","124.58","BRA501","2026-03-02 14:28:35.602"
"Price Code","I","Insert",NA,"E6BB0502","F",NA,"115.28|115.28||I|Standard Pricing|105.28|0.00|0.00|10.00|0.00","BRA503","2025-11-05 02:43:37.693"
"Price Code","U","Update","price","E6BB0502","F","115.28","145.28","BRA510","2026-02-16 03:18:50.217"
"Price Code","U","Update","price","E6BB0502","F","145.28","135.28","BRA510","2026-02-27 21:23:06.073"
"Price Code","U","Update","price","E6BB0502","F","135.28","130.28","BRA501","2026-03-08 00:16:52.563"
"Price Code","U","Update","price","E6BB0502","F","130.28","135.28","BRA504","2026-03-16 01:49:52.641"
"Price Code","I","Insert",NA,"E6BB0502","G",NA,"113.95|113.95||I|Standard Pricing|103.95|0.00|0.00|10.00|0.00","BRA501","2025-11-27 00:02:37.239"
"Price Code","U","Update","price","E6BB0502","G","113.95","133.95","BRA507","2026-01-15 19:45:40.981"
"Price Code","U","Update","price","E6BB0502","G","133.95","128.95","BRA501","2026-01-16 01:18:38.892"
"Price Code","U","Update","price","E6BB0502","G","128.95","148.95","BRA500","2026-02-05 18:26:11.485"
"Price Code","U","Update","price","E6BB0502","G","148.95","168.95","BRA501","2026-02-06 21:47:29.461"
"Price Code","I","Insert",NA,"E6BB0502","H",NA,"103.09|103.09||I|Standard Pricing|93.09|0.00|0.00|10.00|0.00","BRA500","2025-11-30 18:30:30.697"
"Price Code","U","Update","price","E6BB0502","H","103.09","128.09","BRA501","2026-02-04 04:09:07.333"
"Price Code","U","Update","price","E6BB0502","H","128.09","143.09","BRA502","2026-02-06 12:11:03.237"
"Price Code","U","Update","price","E6BB0502","H","143.09","153.09","BRA510","2026-02-23 18:33:07.471"
"Price Code","U","Update","price","E6BB0502","H","153.09","178.09","BRA500","2026-02-25 01:08:08.980"
"Price Code","U","Update","price","E6BB0502","H","178.09","188.09","BRA501","2026-04-30 02:59:13.566"
"Price Code","I","Insert",NA,"E6BB0502","I",NA,"85.98|85.98||I|Standard Pricing|75.98|0.00|0.00|10.00|0.00","BRA506","2025-11-19 08:18:53.866"
"Price Code","U","Update","price","E6BB0502","I","85.98","115.98","BRA509","2026-01-20 04:03:12.681"
"Price Code","U","Update","price","E6BB0502","I","115.98","145.98","BRA506","2026-02-11 15:55:40.576"
"Price Code","U","Update","price","E6BB0502","I","145.98","135.98","BRA507","2026-02-25 06:44:33.406"
"Price Code","U","Update","price","E6BB0502","I","135.98","125.98","BRA502","2026-04-22 16:06:28.149"
"Price Code","U","Update","price","E6BB0502","I","125.98","155.98","BRA508","2026-04-23 05:25:03.395"
"Price Code","I","Insert",NA,"E6BB0502","J",NA,"58.53|58.53||I|Standard Pricing|48.53|0.00|0.00|10.00|0.00","BRA505","2025-11-10 16:02:20.250"
"Price Code","U","Update","price","E6BB0502","J","58.53","63.53","BRA503","2026-01-28 17:07:03.137"
"Price Code","U","Update","price","E6BB0502","J","63.53","83.53","BRA504","2026-02-04 15:09:45.011"
"Price Code","U","Update","price","E6BB0502","J","83.53","98.53","BRA508","2026-03-06 13:15:43.429"
"Price Code","U","Update","price","E6BB0502","J","98.53","128.53","BRA509","2026-04-12 13:51:22.977"
"Price Code","U","Update","price","E6BB0502","J","128.53","148.53","BRA510","2026-04-23 05:07:26.114"
"Price Code","I","Insert",NA,"E6BB0502","K",NA,"56.12|56.12||I|Standard Pricing|46.12|0.00|0.00|10.00|0.00","BRA508","2025-11-09 17:36:16.153"
"Price Code","U","Update","price","E6BB0502","K","56.12","51.12","BRA506","2026-02-03 15:29:29.987"
"Price Code","U","Update","price","E6BB0502","K","51.12","46.12","BRA505","2026-03-13 15:47:58.057"
"Price Code","U","Update","price","E6BB0502","K","46.12","56.12","BRA503","2026-03-25 10:51:11.294"
"Price Code","I","Insert",NA,"E6BB0502","L",NA,"42.76|42.76||I|Standard Pricing|32.76|0.00|0.00|10.00|0.00","BRA502","2025-12-14 15:09:54.738"
"Price Code","U","Update","price","E6BB0502","L","42.76","62.76","BRA501","2026-02-03 15:53:56.418"
"Price Code","U","Update","price","E6BB0502","L","62.76","87.76","BRA504","2026-02-15 12:16:53.396"
"Price Code","U","Update","price","E6BB0502","L","87.76","82.76","BRA502","2026-02-28 14:40:15.157"
"Price Code","U","Update","price","E6BB0502","L","82.76","107.76","BRA501","2026-04-02 12:07:03.509"
"Price Code","U","Update","price","E6BB0502","L","107.76","97.76","BRA510","2026-04-11 23:48:27.058"
"Price Code","I","Insert",NA,"E6BB0502","M",NA,"33.55|33.55||I|Standard Pricing|23.55|0.00|0.00|10.00|0.00","BRA501","2025-11-29 04:20:58.821"
"Price Code","U","Update","price","E6BB0502","M","33.55","58.55","BRA507","2026-02-17 09:39:34.143"
"Price Code","U","Update","price","E6BB0502","M","58.55","63.55","BRA506","2026-02-21 07:56:53.215"
"Price Code","U","Update","price","E6BB0502","M","63.55","73.55","BRA504","2026-02-28 04:22:52.611"
"Price Code","U","Update","price","E6BB0502","M","73.55","93.55","BRA509","2026-04-25 21:32:36.664"
"Price Code","I","Insert",NA,"E6BB0502","N",NA,"27.14|27.14||I|Standard Pricing|17.14|0.00|0.00|10.00|0.00","BRA503","2025-11-07 04:13:16.732"
"Price Code","U","Update","price","E6BB0502","N","27.14","42.14","BRA502","2026-03-03 01:26:47.885"
"Price Code","U","Update","price","E6BB0502","N","42.14","72.14","BRA506","2026-03-24 12:59:38.165"
"Price Code","U","Update","price","E6BB0502","N","72.14","57.14","BRA500","2026-03-30 18:39:44.513"
"Price Code","U","Update","price","E6BB0502","N","57.14","82.14","BRA510","2026-04-11 17:16:01.828"
"Price Code","I","Insert",NA,"E6BB0502","O",NA,"24.01|24.01||I|Standard Pricing|14.01|0.00|0.00|10.00|0.00","BRA507","2025-11-01 20:17:13.236"
"Price Code","U","Update","price","E6BB0502","O","24.01","34.01","BRA508","2026-02-21 14:03:43.425"
"Price Code","U","Update","price","E6BB0502","O","34.01","44.01","BRA509","2026-03-08 22:49:59.715"
"Price Code","U","Update","price","E6BB0502","O","44.01","39.01","BRA507","2026-03-15 17:39:34.403"
"Price Code","U","Update","price","E6BB0502","O","39.01","34.01","BRA505","2026-03-29 12:56:42.196"
"Price Code","I","Insert",NA,"E6BB0502","P",NA,"16.82|16.82||I|Standard Pricing|6.82|0.00|0.00|10.00|0.00","BRA510","2025-11-15 06:58:42.712"
"Price Code","U","Update","price","E6BB0502","P","16.82","10","BRA501","2026-02-19 16:08:34.911"
"Price Code","U","Update","price","E6BB0502","P","10","25","BRA503","2026-03-21 15:17:18.238"
"Price Code","U","Update","price","E6BB0502","P","25","10","BRA507","2026-04-18 18:54:21.122"
"Price Code","U","Update","price","E6BB0502","P","10","35","BRA507","2026-04-22 00:35:31.678"
"Price Code","I","Insert",NA,"E6BB0503","A",NA,"270|270||I|Standard Pricing|260|0.00|0.00|10.00|0.00","BRA505","2025-11-17 02:46:42.909"
"Price Code","U","Update","price","E6BB0503","A","270","285","BRA508","2026-02-06 16:11:06.466"
"Price Code","U","Update","price","E6BB0503","A","285","280","BRA505","2026-03-04 21:45:46.169"
"Price Code","U","Update","price","E6BB0503","A","280","275","BRA501","2026-03-07 08:27:59.833"
"Price Code","I","Insert",NA,"E6BB0503","B",NA,"205.91|205.91||I|Standard Pricing|195.91|0.00|0.00|10.00|0.00","BRA507","2025-12-06 21:53:07.935"
"Price Code","U","Update","price","E6BB0503","B","205.91","195.91","BRA508","2026-01-16 08:02:33.030"
"Price Code","U","Update","price","E6BB0503","B","195.91","200.91","BRA509","2026-01-31 04:31:58.041"
"Price Code","U","Update","price","E6BB0503","B","200.91","220.91","BRA505","2026-01-31 08:31:16.287"
"Price Code","U","Update","price","E6BB0503","B","220.91","215.91","BRA501","2026-02-27 06:39:07.780"
"Price Code","U","Update","price","E6BB0503","B","215.91","205.91","BRA503","2026-03-14 20:34:33.149"
"Price Code","I","Insert",NA,"E6BB0503","C",NA,"188.86|188.86||I|Standard Pricing|178.86|0.00|0.00|10.00|0.00","BRA510","2025-11-11 20:46:48.469"
"Price Code","U","Update","price","E6BB0503","C","188.86","178.86","BRA504","2026-01-25 22:25:20.501"
"Price Code","U","Update","price","E6BB0503","C","178.86","198.86","BRA508","2026-04-01 12:32:39.169"
"Price Code","U","Update","price","E6BB0503","C","198.86","223.86","BRA501","2026-04-25 11:55:29.208"
"Price Code","I","Insert",NA,"E6BB0503","D",NA,"152.71|152.71||I|Standard Pricing|142.71|0.00|0.00|10.00|0.00","BRA510","2025-11-02 04:25:52.403"
"Price Code","U","Update","price","E6BB0503","D","152.71","182.71","BRA508","2026-01-26 16:15:20.746"
"Price Code","U","Update","price","E6BB0503","D","182.71","192.71","BRA506","2026-03-18 16:58:16.547"
"Price Code","U","Update","price","E6BB0503","D","192.71","177.71","BRA502","2026-03-30 15:05:45.946"
"Price Code","U","Update","price","E6BB0503","D","177.71","202.71","BRA506","2026-04-08 23:46:02.627"
"Price Code","U","Update","price","E6BB0503","D","202.71","197.71","BRA501","2026-04-09 11:05:01.968"
"Price Code","I","Insert",NA,"E6BB0503","E",NA,"153.15|153.15||I|Standard Pricing|143.15|0.00|0.00|10.00|0.00","BRA505","2025-11-13 00:35:41.721"
"Price Code","U","Update","price","E6BB0503","E","153.15","183.15","BRA508","2026-01-15 15:17:08.190"
"Price Code","U","Update","price","E6BB0503","E","183.15","188.15","BRA503","2026-02-06 08:59:00.514"
"Price Code","U","Update","price","E6BB0503","E","188.15","218.15","BRA505","2026-04-12 10:51:44.873"
"Price Code","U","Update","price","E6BB0503","E","218.15","208.15","BRA502","2026-04-12 18:39:30.064"
"Price Code","I","Insert",NA,"E6BB0503","F",NA,"123.33|123.33||I|Standard Pricing|113.33|0.00|0.00|10.00|0.00","BRA502","2025-12-10 21:26:31.255"
"Price Code","U","Update","price","E6BB0503","F","123.33","143.33","BRA509","2026-01-24 09:57:54.294"
"Price Code","U","Update","price","E6BB0503","F","143.33","158.33","BRA510","2026-02-14 00:14:02.792"
"Price Code","U","Update","price","E6BB0503","F","158.33","168.33","BRA502","2026-04-29 20:23:11.652"
"Price Code","I","Insert",NA,"E6BB0503","G",NA,"125.79|125.79||I|Standard Pricing|115.79|0.00|0.00|10.00|0.00","BRA504","2025-11-13 04:54:15.402"
"Price Code","U","Update","price","E6BB0503","G","125.79","135.79","BRA501","2026-02-01 11:39:56.382"
"Price Code","U","Update","price","E6BB0503","G","135.79","165.79","BRA506","2026-02-13 10:37:42.498"
"Price Code","U","Update","price","E6BB0503","G","165.79","150.79","BRA504","2026-03-08 19:02:56.218"
"Price Code","U","Update","price","E6BB0503","G","150.79","145.79","BRA509","2026-04-23 06:25:09.187"
"Price Code","I","Insert",NA,"E6BB0503","H",NA,"93.35|93.35||I|Standard Pricing|83.35|0.00|0.00|10.00|0.00","BRA507","2025-11-10 13:22:32.667"
"Price Code","U","Update","price","E6BB0503","H","93.35","78.35","BRA508","2026-01-20 05:29:31.368"
"Price Code","U","Update","price","E6BB0503","H","78.35","68.35","BRA510","2026-03-03 10:22:30.261"
"Price Code","U","Update","price","E6BB0503","H","68.35","53.35","BRA507","2026-04-11 14:30:19.751"
"Price Code","U","Update","price","E6BB0503","H","53.35","83.35","BRA501","2026-04-29 02:58:13.244"
"Price Code","I","Insert",NA,"E6BB0503","I",NA,"69.97|69.97||I|Standard Pricing|59.97|0.00|0.00|10.00|0.00","BRA504","2025-11-24 23:37:52.209"
"Price Code","U","Update","price","E6BB0503","I","69.97","74.97","BRA505","2026-02-25 08:00:56.043"
"Price Code","U","Update","price","E6BB0503","I","74.97","64.97","BRA509","2026-02-28 00:53:52.382"
"Price Code","U","Update","price","E6BB0503","I","64.97","89.97","BRA500","2026-04-07 21:25:00.807"
"Price Code","I","Insert",NA,"E6BB0503","J",NA,"65.84|65.84||I|Standard Pricing|55.84|0.00|0.00|10.00|0.00","BRA504","2025-11-11 22:34:17.458"
"Price Code","U","Update","price","E6BB0503","J","65.84","95.84","BRA508","2026-02-14 16:18:36.438"
"Price Code","U","Update","price","E6BB0503","J","95.84","120.84","BRA507","2026-03-15 17:38:56.883"
"Price Code","U","Update","price","E6BB0503","J","120.84","140.84","BRA507","2026-04-07 20:16:09.586"
"Price Code","I","Insert",NA,"E6BB0503","K",NA,"52.06|52.06||I|Standard Pricing|42.06|0.00|0.00|10.00|0.00","BRA502","2025-12-04 10:00:14.919"
"Price Code","U","Update","price","E6BB0503","K","52.06","42.06","BRA508","2026-01-24 09:24:00.457"
"Price Code","U","Update","price","E6BB0503","K","42.06","72.06","BRA510","2026-02-23 02:23:30.366"
"Price Code","U","Update","price","E6BB0503","K","72.06","102.06","BRA507","2026-03-28 09:56:42.884"
"Price Code","U","Update","price","E6BB0503","K","102.06","87.06","BRA507","2026-04-07 00:58:58.891"
"Price Code","I","Insert",NA,"E6BB0503","L",NA,"49.92|49.92||I|Standard Pricing|39.92|0.00|0.00|10.00|0.00","BRA505","2025-11-05 05:52:13.803"
"Price Code","U","Update","price","E6BB0503","L","49.92","39.92","BRA508","2026-02-11 06:53:45.065"
"Price Code","U","Update","price","E6BB0503","L","39.92","69.92","BRA506","2026-04-12 23:27:09.531"
"Price Code","I","Insert",NA,"E6BB0503","M",NA,"38.89|38.89||I|Standard Pricing|28.89|0.00|0.00|10.00|0.00","BRA510","2025-11-15 13:57:23.491"
"Price Code","U","Update","price","E6BB0503","M","38.89","28.89","BRA503","2026-02-09 04:36:50.540"
"Price Code","U","Update","price","E6BB0503","M","28.89","23.89","BRA500","2026-02-18 02:45:05.375"
"Price Code","U","Update","price","E6BB0503","M","23.89","53.89","BRA509","2026-03-11 01:50:43.839"
"Price Code","U","Update","price","E6BB0503","M","53.89","48.89","BRA506","2026-03-11 03:52:26.119"
"Price Code","U","Update","price","E6BB0503","M","48.89","78.89","BRA504","2026-04-01 17:39:08.558"
"Price Code","I","Insert",NA,"E6BB0505","A",NA,"237.91|237.91||I|Standard Pricing|227.91|0.00|0.00|10.00|0.00","BRA508","2025-11-30 13:01:05.466"
"Price Code","U","Update","price","E6BB0505","A","237.91","257.91","BRA507","2026-04-05 23:52:18.975"
"Price Code","U","Update","price","E6BB0505","A","257.91","252.91","BRA500","2026-04-15 02:35:15.575"
"Price Code","I","Insert",NA,"E6BB0505","B",NA,"228.71|228.71||I|Standard Pricing|218.71|0.00|0.00|10.00|0.00","BRA505","2025-11-01 19:26:23.659"
"Price Code","U","Update","price","E6BB0505","B","228.71","258.71","BRA509","2026-01-22 16:23:06.742"
"Price Code","U","Update","price","E6BB0505","B","258.71","268.71","BRA501","2026-02-26 14:52:49.823"
"Price Code","U","Update","price","E6BB0505","B","268.71","263.71","BRA508","2026-03-21 08:04:46.226"
"Price Code","U","Update","price","E6BB0505","B","263.71","248.71","BRA509","2026-03-21 15:27:25.898"
"Price Code","U","Update","price","E6BB0505","B","248.71","233.71","BRA509","2026-04-07 14:39:33.705"
"Price Code","I","Insert",NA,"E6BB0505","C",NA,"195.57|195.57||I|Standard Pricing|185.57|0.00|0.00|10.00|0.00","BRA505","2025-12-10 14:02:06.380"
"Price Code","U","Update","price","E6BB0505","C","195.57","185.57","BRA506","2026-01-26 05:40:39.389"
"Price Code","U","Update","price","E6BB0505","C","185.57","215.57","BRA510","2026-01-27 22:10:31.234"
"Price Code","U","Update","price","E6BB0505","C","215.57","225.57","BRA505","2026-02-07 12:29:09.979"
"Price Code","U","Update","price","E6BB0505","C","225.57","210.57","BRA508","2026-03-08 21:25:59.818"
"Price Code","I","Insert",NA,"E6BB0505","D",NA,"151.6|151.6||I|Standard Pricing|141.6|0.00|0.00|10.00|0.00","BRA507","2025-11-13 12:57:27.228"
"Price Code","U","Update","price","E6BB0505","D","151.6","181.6","BRA507","2026-02-07 18:25:13.494"
"Price Code","U","Update","price","E6BB0505","D","181.6","206.6","BRA503","2026-03-10 22:06:51.952"
"Price Code","I","Insert",NA,"E6BB0505","E",NA,"144.54|144.54||I|Standard Pricing|134.54|0.00|0.00|10.00|0.00","BRA510","2025-11-04 22:38:40.941"
"Price Code","U","Update","price","E6BB0505","E","144.54","149.54","BRA510","2026-01-18 08:16:39.871"
"Price Code","U","Update","price","E6BB0505","E","149.54","179.54","BRA510","2026-02-25 14:56:24.509"
"Price Code","U","Update","price","E6BB0505","E","179.54","194.54","BRA501","2026-03-10 03:18:24.763"
"Price Code","U","Update","price","E6BB0505","E","194.54","204.54","BRA510","2026-04-18 08:40:13.554"
"Price Code","I","Insert",NA,"E6BB0505","F",NA,"118.29|118.29||I|Standard Pricing|108.29|0.00|0.00|10.00|0.00","BRA509","2025-12-07 06:12:15.911"
"Price Code","U","Update","price","E6BB0505","F","118.29","113.29","BRA509","2026-01-25 23:41:36.961"
"Price Code","U","Update","price","E6BB0505","F","113.29","103.29","BRA504","2026-02-09 20:47:05.483"
"Price Code","U","Update","price","E6BB0505","F","103.29","108.29","BRA509","2026-02-15 02:42:06.122"
"Price Code","U","Update","price","E6BB0505","F","108.29","103.29","BRA510","2026-03-12 13:25:54.079"
"Price Code","I","Insert",NA,"E6BB0505","G",NA,"112.84|112.84||I|Standard Pricing|102.84|0.00|0.00|10.00|0.00","BRA510","2025-12-08 18:30:00.141"
"Price Code","U","Update","price","E6BB0505","G","112.84","97.84","BRA510","2026-01-15 09:52:20.377"
"Price Code","U","Update","price","E6BB0505","G","97.84","107.84","BRA504","2026-04-17 09:33:00.439"
"Price Code","U","Update","price","E6BB0505","G","107.84","92.84","BRA500","2026-04-19 13:24:54.732"
"Price Code","I","Insert",NA,"E6BB0505","H",NA,"97.86|97.86||I|Standard Pricing|87.86|0.00|0.00|10.00|0.00","BRA501","2025-11-24 04:52:30.847"
"Price Code","U","Update","price","E6BB0505","H","97.86","127.86","BRA504","2026-01-17 08:51:10.535"
"Price Code","U","Update","price","E6BB0505","H","127.86","122.86","BRA505","2026-01-28 17:21:06.997"
"Price Code","U","Update","price","E6BB0505","H","122.86","152.86","BRA506","2026-04-14 10:05:02.288"
"Price Code","I","Insert",NA,"E6BB0505","I",NA,"71.2|71.2||I|Standard Pricing|61.2|0.00|0.00|10.00|0.00","BRA503","2025-11-27 10:19:37.467"
"Price Code","U","Update","price","E6BB0505","I","71.2","66.2","BRA500","2026-01-31 03:38:45.426"
"Price Code","U","Update","price","E6BB0505","I","66.2","96.2","BRA503","2026-02-08 01:32:03.963"
"Price Code","U","Update","price","E6BB0505","I","96.2","91.2","BRA503","2026-03-30 06:46:46.535"
"Price Code","U","Update","price","E6BB0505","I","91.2","121.2","BRA505","2026-04-12 15:38:36.963"
"Price Code","I","Insert",NA,"E6BB0505","J",NA,"58|58||I|Standard Pricing|48|0.00|0.00|10.00|0.00","BRA500","2025-11-09 18:57:31.791"
"Price Code","U","Update","price","E6BB0505","J","58","68","BRA500","2026-03-09 11:22:59.193"
"Price Code","U","Update","price","E6BB0505","J","68","73","BRA502","2026-03-31 21:58:36.005"
"Price Code","U","Update","price","E6BB0505","J","73","83","BRA504","2026-04-01 02:14:52.057"
"Price Code","I","Insert",NA,"E6BB0505","K",NA,"55.88|55.88||I|Standard Pricing|45.88|0.00|0.00|10.00|0.00","BRA504","2025-11-30 18:35:46.781"
"Price Code","U","Update","price","E6BB0505","K","55.88","45.88","BRA501","2026-01-17 19:29:55.344"
"Price Code","U","Update","price","E6BB0505","K","45.88","55.88","BRA504","2026-04-30 11:53:13.297"
"Price Code","I","Insert",NA,"E6BB0505","L",NA,"49.86|49.86||I|Standard Pricing|39.86|0.00|0.00|10.00|0.00","BRA500","2025-11-14 09:20:18.389"
"Price Code","U","Update","price","E6BB0505","L","49.86","59.86","BRA501","2026-02-26 20:58:56.899"
"Price Code","U","Update","price","E6BB0505","L","59.86","89.86","BRA508","2026-04-08 15:33:59.707"
"Price Code","U","Update","price","E6BB0505","L","89.86","84.86","BRA503","2026-05-03 05:38:47.487"
"Price Code","I","Insert",NA,"E6BB0505","M",NA,"38.46|38.46||I|Standard Pricing|28.46|0.00|0.00|10.00|0.00","BRA507","2025-11-01 15:52:48.523"
"Price Code","U","Update","price","E6BB0505","M","38.46","43.46","BRA501","2026-01-17 01:34:31.449"
"Price Code","U","Update","price","E6BB0505","M","43.46","53.46","BRA502","2026-03-16 21:08:13.529"
"Price Code","I","Insert",NA,"E6BB0506","A",NA,"216.74|216.74||I|Standard Pricing|206.74|0.00|0.00|10.00|0.00","BRA505","2025-11-05 14:01:21.390"
"Price Code","U","Update","price","E6BB0506","A","216.74","206.74","BRA507","2026-01-17 19:02:19.459"
"Price Code","U","Update","price","E6BB0506","A","206.74","201.74","BRA509","2026-02-16 22:29:44.933"
"Price Code","U","Update","price","E6BB0506","A","201.74","226.74","BRA504","2026-02-28 05:57:11.028"
"Price Code","U","Update","price","E6BB0506","A","226.74","231.74","BRA503","2026-05-01 03:47:09.240"
"Price Code","I","Insert",NA,"E6BB0506","B",NA,"191.47|191.47||I|Standard Pricing|181.47|0.00|0.00|10.00|0.00","BRA506","2025-11-30 20:39:43.459"
"Price Code","U","Update","price","E6BB0506","B","191.47","206.47","BRA507","2026-01-17 17:14:17.153"
"Price Code","U","Update","price","E6BB0506","B","206.47","221.47","BRA501","2026-01-20 03:45:19.358"
"Price Code","U","Update","price","E6BB0506","B","221.47","226.47","BRA510","2026-01-31 12:04:07.063"
"Price Code","U","Update","price","E6BB0506","B","226.47","246.47","BRA502","2026-02-28 11:53:32.988"
"Price Code","U","Update","price","E6BB0506","B","246.47","241.47","BRA510","2026-03-10 01:47:56.869"
"Price Code","I","Insert",NA,"E6BB0506","C",NA,"218.09|218.09||I|Standard Pricing|208.09|0.00|0.00|10.00|0.00","BRA507","2025-11-26 13:35:35.643"
"Price Code","U","Update","price","E6BB0506","C","218.09","243.09","BRA507","2026-01-18 19:45:59.987"
"Price Code","U","Update","price","E6BB0506","C","243.09","258.09","BRA500","2026-03-18 23:28:20.347"
"Price Code","I","Insert",NA,"E6BB0506","D",NA,"194.08|194.08||I|Standard Pricing|184.08|0.00|0.00|10.00|0.00","BRA504","2025-11-27 14:34:12.471"
"Price Code","U","Update","price","E6BB0506","D","194.08","199.08","BRA505","2026-01-25 03:04:38.504"
"Price Code","U","Update","price","E6BB0506","D","199.08","184.08","BRA505","2026-03-14 11:06:40.599"
"Price Code","U","Update","price","E6BB0506","D","184.08","194.08","BRA500","2026-03-22 23:56:29.085"
"Price Code","I","Insert",NA,"E6BB0506","E",NA,"123.69|123.69||I|Standard Pricing|113.69|0.00|0.00|10.00|0.00","BRA504","2025-11-30 03:47:38.712"
"Price Code","U","Update","price","E6BB0506","E","123.69","138.69","BRA504","2026-02-15 09:21:30.295"
"Price Code","U","Update","price","E6BB0506","E","138.69","143.69","BRA503","2026-02-22 17:37:26.632"
"Price Code","U","Update","price","E6BB0506","E","143.69","128.69","BRA501","2026-03-27 04:32:21.087"
"Price Code","U","Update","price","E6BB0506","E","128.69","158.69","BRA503","2026-04-09 01:41:21.597"
"Price Code","I","Insert",NA,"E6BB0506","F",NA,"124.05|124.05||I|Standard Pricing|114.05|0.00|0.00|10.00|0.00","BRA500","2025-12-10 03:41:06.714"
"Price Code","U","Update","price","E6BB0506","F","124.05","134.05","BRA509","2026-02-07 00:52:44.136"
"Price Code","U","Update","price","E6BB0506","F","134.05","159.05","BRA505","2026-02-13 04:04:51.017"
"Price Code","U","Update","price","E6BB0506","F","159.05","164.05","BRA503","2026-03-13 20:17:58.759"
"Price Code","U","Update","price","E6BB0506","F","164.05","189.05","BRA501","2026-03-19 02:17:53.100"
"Price Code","U","Update","price","E6BB0506","F","189.05","209.05","BRA503","2026-03-24 10:33:13.427"
"Price Code","I","Insert",NA,"E6BB0506","G",NA,"96.29|96.29||I|Standard Pricing|86.29|0.00|0.00|10.00|0.00","BRA507","2025-11-04 04:19:42.438"
"Price Code","U","Update","price","E6BB0506","G","96.29","126.29","BRA508","2026-03-09 03:24:39.641"
"Price Code","U","Update","price","E6BB0506","G","126.29","151.29","BRA501","2026-04-20 11:07:24.642"
"Price Code","U","Update","price","E6BB0506","G","151.29","156.29","BRA506","2026-04-24 10:53:37.847"
"Price Code","I","Insert",NA,"E6BB0506","H",NA,"90.69|90.69||I|Standard Pricing|80.69|0.00|0.00|10.00|0.00","BRA502","2025-12-06 04:04:57.941"
"Price Code","U","Update","price","E6BB0506","H","90.69","95.69","BRA501","2026-02-10 10:26:56.856"
"Price Code","U","Update","price","E6BB0506","H","95.69","80.69","BRA510","2026-02-12 13:31:24.029"
"Price Code","U","Update","price","E6BB0506","H","80.69","85.69","BRA507","2026-02-15 01:30:41.868"
"Price Code","U","Update","price","E6BB0506","H","85.69","90.69","BRA504","2026-02-15 02:58:10.187"
"Price Code","U","Update","price","E6BB0506","H","90.69","100.69","BRA507","2026-03-15 02:44:53.817"
"Price Code","I","Insert",NA,"E6BB0506","I",NA,"79.15|79.15||I|Standard Pricing|69.15|0.00|0.00|10.00|0.00","BRA509","2025-11-15 17:07:42.700"
"Price Code","U","Update","price","E6BB0506","I","79.15","74.15","BRA501","2026-02-17 13:08:40.155"
"Price Code","U","Update","price","E6BB0506","I","74.15","99.15","BRA508","2026-04-01 16:31:39.674"
"Price Code","U","Update","price","E6BB0506","I","99.15","124.15","BRA510","2026-05-02 21:11:26.581"
"Price Code","I","Insert",NA,"E6BB0506","J",NA,"59.45|59.45||I|Standard Pricing|49.45|0.00|0.00|10.00|0.00","BRA500","2025-11-07 05:33:42.530"
"Price Code","U","Update","price","E6BB0506","J","59.45","69.45","BRA501","2026-01-24 21:18:28.642"
"Price Code","U","Update","price","E6BB0506","J","69.45","59.45","BRA500","2026-04-01 04:18:13.003"
"Price Code","U","Update","price","E6BB0506","J","59.45","84.45","BRA500","2026-04-11 12:56:21.742"
"Price Code","U","Update","price","E6BB0506","J","84.45","69.45","BRA507","2026-05-01 09:33:44.471"
"Price Code","I","Insert",NA,"E6BB0506","K",NA,"51.95|51.95||I|Standard Pricing|41.95|0.00|0.00|10.00|0.00","BRA505","2025-11-06 15:38:16.270"
"Price Code","U","Update","price","E6BB0506","K","51.95","36.95","BRA507","2026-02-07 21:34:08.619"
"Price Code","U","Update","price","E6BB0506","K","36.95","56.95","BRA501","2026-02-23 12:02:08.365"
"Price Code","U","Update","price","E6BB0506","K","56.95","86.95","BRA504","2026-03-16 02:33:35.472"
"Price Code","U","Update","price","E6BB0506","K","86.95","111.95","BRA508","2026-04-21 11:38:09.654"
"Price Code","U","Update","price","E6BB0506","K","111.95","101.95","BRA507","2026-04-25 13:11:21.812"
"Price Code","I","Insert",NA,"E6BB0506","L",NA,"46.85|46.85||I|Standard Pricing|36.85|0.00|0.00|10.00|0.00","BRA509","2025-12-10 03:52:05.844"
"Price Code","U","Update","price","E6BB0506","L","46.85","56.85","BRA504","2026-01-18 02:37:36.582"
"Price Code","U","Update","price","E6BB0506","L","56.85","81.85","BRA508","2026-03-03 22:24:56.574"
"Price Code","U","Update","price","E6BB0506","L","81.85","71.85","BRA504","2026-04-04 13:11:49.880"
"Price Code","I","Insert",NA,"E6BB0506","M",NA,"37.88|37.88||I|Standard Pricing|27.88|0.00|0.00|10.00|0.00","BRA508","2025-12-04 15:36:00.711"
"Price Code","U","Update","price","E6BB0506","M","37.88","57.88","BRA501","2026-03-02 18:10:58.853"
"Price Code","U","Update","price","E6BB0506","M","57.88","72.88","BRA510","2026-05-02 03:36:01.066"
"Price Code","I","Insert",NA,"E6BB0506","N",NA,"28.14|28.14||I|Standard Pricing|18.14|0.00|0.00|10.00|0.00","BRA502","2025-12-15 02:53:45.983"
"Price Code","U","Update","price","E6BB0506","N","28.14","18.14","BRA507","2026-02-02 09:34:54.821"
"Price Code","U","Update","price","E6BB0506","N","18.14","28.14","BRA504","2026-02-15 09:14:05.572"
"Price Code","I","Insert",NA,"E6BB0506","O",NA,"20.88|20.88||I|Standard Pricing|10.88|0.00|0.00|10.00|0.00","BRA501","2025-11-02 14:38:39.987"
"Price Code","U","Update","price","E6BB0506","O","20.88","35.88","BRA501","2026-01-30 10:19:24.006"
"Price Code","U","Update","price","E6BB0506","O","35.88","30.88","BRA502","2026-02-07 19:47:52.484"
"Price Code","U","Update","price","E6BB0506","O","30.88","20.88","BRA501","2026-04-20 15:34:20.981"
"Price Code","U","Update","price","E6BB0506","O","20.88","35.88","BRA502","2026-05-04 00:10:45.547"
"Price Code","I","Insert",NA,"E6BB0508","A",NA,"224.23|224.23||I|Standard Pricing|214.23|0.00|0.00|10.00|0.00","BRA500","2025-11-12 10:47:03.886"
"Price Code","U","Update","price","E6BB0508","A","224.23","214.23","BRA500","2026-01-27 01:59:15.643"
"Price Code","U","Update","price","E6BB0508","A","214.23","234.23","BRA508","2026-03-19 12:28:14.892"
"Price Code","I","Insert",NA,"E6BB0508","B",NA,"248.06|248.06||I|Standard Pricing|238.06|0.00|0.00|10.00|0.00","BRA509","2025-11-09 10:17:27.308"
"Price Code","U","Update","price","E6BB0508","B","248.06","238.06","BRA504","2026-03-13 09:53:27.158"
"Price Code","U","Update","price","E6BB0508","B","238.06","223.06","BRA509","2026-03-14 23:04:07.285"
"Price Code","I","Insert",NA,"E6BB0508","C",NA,"170.78|170.78||I|Standard Pricing|160.78|0.00|0.00|10.00|0.00","BRA500","2025-11-17 17:25:22.496"
"Price Code","U","Update","price","E6BB0508","C","170.78","160.78","BRA507","2026-02-02 02:08:40.123"
"Price Code","U","Update","price","E6BB0508","C","160.78","175.78","BRA509","2026-02-28 13:22:11.828"
"Price Code","U","Update","price","E6BB0508","C","175.78","200.78","BRA507","2026-03-24 23:09:01.378"
"Price Code","U","Update","price","E6BB0508","C","200.78","195.78","BRA507","2026-03-27 04:29:04.725"
"Price Code","U","Update","price","E6BB0508","C","195.78","185.78","BRA505","2026-04-08 01:34:44.686"
"Price Code","I","Insert",NA,"E6BB0508","D",NA,"181.78|181.78||I|Standard Pricing|171.78|0.00|0.00|10.00|0.00","BRA508","2025-12-01 14:21:03.434"
"Price Code","U","Update","price","E6BB0508","D","181.78","201.78","BRA510","2026-02-07 05:10:55.801"
"Price Code","U","Update","price","E6BB0508","D","201.78","186.78","BRA502","2026-02-24 14:31:24.653"
"Price Code","I","Insert",NA,"E6BB0508","E",NA,"159.89|159.89||I|Standard Pricing|149.89|0.00|0.00|10.00|0.00","BRA502","2025-11-08 01:11:52.355"
"Price Code","U","Update","price","E6BB0508","E","159.89","184.89","BRA506","2026-01-18 11:19:29.876"
"Price Code","U","Update","price","E6BB0508","E","184.89","179.89","BRA505","2026-02-27 10:11:35.639"
"Price Code","U","Update","price","E6BB0508","E","179.89","194.89","BRA506","2026-03-01 02:13:13.738"
"Price Code","U","Update","price","E6BB0508","E","194.89","219.89","BRA501","2026-04-27 11:23:45.178"
"Price Code","I","Insert",NA,"E6BB0508","F",NA,"106.66|106.66||I|Standard Pricing|96.66|0.00|0.00|10.00|0.00","BRA502","2025-12-10 17:31:36.746"
"Price Code","U","Update","price","E6BB0508","F","106.66","116.66","BRA500","2026-01-21 20:20:49.705"
"Price Code","U","Update","price","E6BB0508","F","116.66","106.66","BRA503","2026-01-25 09:36:20.014"
"Price Code","U","Update","price","E6BB0508","F","106.66","101.66","BRA510","2026-04-14 07:59:55.350"
"Price Code","U","Update","price","E6BB0508","F","101.66","126.66","BRA502","2026-04-16 13:35:43.511"
"Price Code","U","Update","price","E6BB0508","F","126.66","146.66","BRA504","2026-04-23 15:36:27.074"
"Price Code","I","Insert",NA,"E6BB0508","G",NA,"101.42|101.42||I|Standard Pricing|91.42|0.00|0.00|10.00|0.00","BRA507","2025-11-09 11:17:55.753"
"Price Code","U","Update","price","E6BB0508","G","101.42","131.42","BRA501","2026-02-02 00:57:21.866"
"Price Code","U","Update","price","E6BB0508","G","131.42","161.42","BRA504","2026-02-04 03:01:14.741"
"Price Code","U","Update","price","E6BB0508","G","161.42","171.42","BRA501","2026-02-26 23:16:56.673"
"Price Code","I","Insert",NA,"E6BB0508","H",NA,"86.57|86.57||I|Standard Pricing|76.57|0.00|0.00|10.00|0.00","BRA508","2025-11-30 07:36:05.506"
"Price Code","U","Update","price","E6BB0508","H","86.57","71.57","BRA502","2026-01-24 06:26:10.643"
"Price Code","U","Update","price","E6BB0508","H","71.57","81.57","BRA500","2026-02-08 18:16:05.783"
"Price Code","U","Update","price","E6BB0508","H","81.57","101.57","BRA509","2026-03-21 23:38:31.020"
"Price Code","I","Insert",NA,"E6BB0508","I",NA,"76.91|76.91||I|Standard Pricing|66.91|0.00|0.00|10.00|0.00","BRA502","2025-11-03 04:29:48.699"
"Price Code","U","Update","price","E6BB0508","I","76.91","81.91","BRA510","2026-01-29 22:32:11.963"
"Price Code","U","Update","price","E6BB0508","I","81.91","86.91","BRA500","2026-04-02 15:01:18.006"
"Price Code","U","Update","price","E6BB0508","I","86.91","96.91","BRA503","2026-04-05 04:10:37.957"
"Price Code","U","Update","price","E6BB0508","I","96.91","116.91","BRA506","2026-04-08 10:50:11.586"
"Price Code","I","Insert",NA,"E6BB0508","J",NA,"69.46|69.46||I|Standard Pricing|59.46|0.00|0.00|10.00|0.00","BRA505","2025-12-13 01:34:33.665"
"Price Code","U","Update","price","E6BB0508","J","69.46","94.46","BRA500","2026-01-17 20:34:57.751"
"Price Code","U","Update","price","E6BB0508","J","94.46","79.46","BRA501","2026-02-24 23:51:21.695"
"Price Code","I","Insert",NA,"E6BB0508","K",NA,"52.37|52.37||I|Standard Pricing|42.37|0.00|0.00|10.00|0.00","BRA507","2025-11-27 04:57:09.366"
"Price Code","U","Update","price","E6BB0508","K","52.37","77.37","BRA504","2026-03-03 06:49:00.889"
"Price Code","U","Update","price","E6BB0508","K","77.37","72.37","BRA506","2026-03-11 16:26:10.855"
"Price Code","U","Update","price","E6BB0508","K","72.37","67.37","BRA510","2026-03-15 11:38:55.338"
"Price Code","U","Update","price","E6BB0508","K","67.37","52.37","BRA507","2026-04-16 04:09:12.556"
"Price Code","U","Update","price","E6BB0508","K","52.37","37.37","BRA508","2026-05-04 11:09:27.655"
"Price Code","I","Insert",NA,"E6BB0508","L",NA,"48.63|48.63||I|Standard Pricing|38.63|0.00|0.00|10.00|0.00","BRA505","2025-12-13 19:40:57.231"
"Price Code","U","Update","price","E6BB0508","L","48.63","53.63","BRA510","2026-03-28 17:25:58.336"
"Price Code","U","Update","price","E6BB0508","L","53.63","68.63","BRA506","2026-04-25 08:16:03.270"
"Price Code","U","Update","price","E6BB0508","L","68.63","93.63","BRA507","2026-05-06 01:16:33.601"
"Price Code","I","Insert",NA,"E6BB0508","M",NA,"36.31|36.31||I|Standard Pricing|26.31|0.00|0.00|10.00|0.00","BRA509","2025-11-22 04:41:07.820"
"Price Code","U","Update","price","E6BB0508","M","36.31","41.31","BRA510","2026-01-19 22:44:25.225"
"Price Code","U","Update","price","E6BB0508","M","41.31","61.31","BRA502","2026-01-20 08:00:17.822"
"Price Code","U","Update","price","E6BB0508","M","61.31","56.31","BRA510","2026-01-26 22:34:38.378"
"Price Code","U","Update","price","E6BB0508","M","56.31","41.31","BRA505","2026-03-02 13:55:47.125"
"Price Code","U","Update","price","E6BB0508","M","41.31","61.31","BRA504","2026-03-27 08:26:54.815"
"Price Code","I","Insert",NA,"E6BB0508","N",NA,"26.85|26.85||I|Standard Pricing|16.85|0.00|0.00|10.00|0.00","BRA502","2025-12-09 07:24:53.887"
"Price Code","U","Update","price","E6BB0508","N","26.85","11.85","BRA500","2026-02-12 02:51:19.510"
"Price Code","U","Update","price","E6BB0508","N","11.85","10","BRA502","2026-04-18 09:53:51.468"
"Price Code","I","Insert",NA,"E6BB0508","O",NA,"19.53|19.53||I|Standard Pricing|9.53|0.00|0.00|10.00|0.00","BRA501","2025-11-17 10:33:41.817"
"Price Code","U","Update","price","E6BB0508","O","19.53","44.53","BRA501","2026-02-11 10:54:22.104"
"Price Code","U","Update","price","E6BB0508","O","44.53","29.53","BRA503","2026-03-30 03:20:35.568"
"Price Code","U","Update","price","E6BB0508","O","29.53","19.53","BRA509","2026-04-12 16:58:26.937"
"Price Code","I","Insert",NA,"E6BB0508","P",NA,"17.12|17.12||I|Standard Pricing|7.12|0.00|0.00|10.00|0.00","BRA501","2025-11-28 23:45:59.132"
"Price Code","U","Update","price","E6BB0508","P","17.12","32.12","BRA503","2026-01-29 03:27:15.651"
"Price Code","U","Update","price","E6BB0508","P","32.12","57.12","BRA508","2026-02-18 15:59:50.083"
"Price Code","U","Update","price","E6BB0508","P","57.12","87.12","BRA510","2026-02-19 03:39:36.567"
"Price Code","U","Update","price","E6BB0508","P","87.12","72.12","BRA510","2026-04-20 04:20:27.797"
"Price Code","U","Update","price","E6BB0508","P","72.12","102.12","BRA506","2026-05-05 05:03:37.449"
"Price Code","I","Insert",NA,"E6BB0509","A",NA,"262.01|262.01||I|Standard Pricing|252.01|0.00|0.00|10.00|0.00","BRA500","2025-12-12 08:52:53.919"
"Price Code","U","Update","price","E6BB0509","A","262.01","267.01","BRA510","2026-01-24 02:15:21.469"
"Price Code","U","Update","price","E6BB0509","A","267.01","277.01","BRA507","2026-02-22 13:45:14.464"
"Price Code","U","Update","price","E6BB0509","A","277.01","292.01","BRA500","2026-02-23 17:38:42.959"
"Price Code","U","Update","price","E6BB0509","A","292.01","317.01","BRA505","2026-03-19 13:09:42.170"
"Price Code","I","Insert",NA,"E6BB0509","B",NA,"236.26|236.26||I|Standard Pricing|226.26|0.00|0.00|10.00|0.00","BRA505","2025-11-06 18:43:01.786"
"Price Code","U","Update","price","E6BB0509","B","236.26","241.26","BRA502","2026-02-16 10:58:12.688"
"Price Code","U","Update","price","E6BB0509","B","241.26","231.26","BRA506","2026-02-20 02:11:03.108"
"Price Code","U","Update","price","E6BB0509","B","231.26","256.26","BRA505","2026-03-06 04:24:09.181"
"Price Code","U","Update","price","E6BB0509","B","256.26","286.26","BRA504","2026-03-14 11:01:43.490"
"Price Code","U","Update","price","E6BB0509","B","286.26","316.26","BRA501","2026-03-16 06:59:56.946"
"Price Code","I","Insert",NA,"E6BB0509","C",NA,"183.51|183.51||I|Standard Pricing|173.51|0.00|0.00|10.00|0.00","BRA509","2025-11-03 00:16:29.828"
"Price Code","U","Update","price","E6BB0509","C","183.51","188.51","BRA501","2026-01-18 16:52:08.714"
"Price Code","U","Update","price","E6BB0509","C","188.51","198.51","BRA501","2026-03-02 21:06:35.235"
"Price Code","U","Update","price","E6BB0509","C","198.51","223.51","BRA509","2026-03-28 14:13:15.892"
"Price Code","U","Update","price","E6BB0509","C","223.51","233.51","BRA504","2026-04-05 20:43:04.871"
"Price Code","U","Update","price","E6BB0509","C","233.51","228.51","BRA508","2026-04-23 11:18:33.212"
"Price Code","I","Insert",NA,"E6BB0509","D",NA,"189.48|189.48||I|Standard Pricing|179.48|0.00|0.00|10.00|0.00","BRA506","2025-11-11 20:59:26.169"
"Price Code","U","Update","price","E6BB0509","D","189.48","199.48","BRA502","2026-03-01 21:45:47.463"
"Price Code","U","Update","price","E6BB0509","D","199.48","224.48","BRA506","2026-05-08 03:52:58.153"
"Price Code","I","Insert",NA,"E6BB0509","E",NA,"165.39|165.39||I|Standard Pricing|155.39|0.00|0.00|10.00|0.00","BRA508","2025-11-10 15:23:14.678"
"Price Code","U","Update","price","E6BB0509","E","165.39","190.39","BRA508","2026-01-28 10:13:11.737"
"Price Code","U","Update","price","E6BB0509","E","190.39","215.39","BRA509","2026-04-26 16:56:06.426"
"Price Code","I","Insert",NA,"E6BB0509","F",NA,"129.87|129.87||I|Standard Pricing|119.87|0.00|0.00|10.00|0.00","BRA509","2025-12-11 23:20:52.360"
"Price Code","U","Update","price","E6BB0509","F","129.87","159.87","BRA504","2026-01-30 18:43:33.883"
"Price Code","U","Update","price","E6BB0509","F","159.87","164.87","BRA500","2026-04-15 02:12:07.142"
"Price Code","U","Update","price","E6BB0509","F","164.87","179.87","BRA502","2026-04-25 00:15:38.923"
"Price Code","I","Insert",NA,"E6BB0509","G",NA,"121.06|121.06||I|Standard Pricing|111.06|0.00|0.00|10.00|0.00","BRA500","2025-11-30 16:02:40.876"
"Price Code","U","Update","price","E6BB0509","G","121.06","126.06","BRA502","2026-02-05 09:57:30.654"
"Price Code","U","Update","price","E6BB0509","G","126.06","156.06","BRA501","2026-04-05 09:25:45.589"
"Price Code","I","Insert",NA,"E6BB0509","H",NA,"98.88|98.88||I|Standard Pricing|88.88|0.00|0.00|10.00|0.00","BRA505","2025-11-26 13:21:31.775"
"Price Code","U","Update","price","E6BB0509","H","98.88","103.88","BRA507","2026-01-19 03:46:21.078"
"Price Code","U","Update","price","E6BB0509","H","103.88","128.88","BRA501","2026-01-20 05:46:55.992"
"Price Code","U","Update","price","E6BB0509","H","128.88","138.88","BRA501","2026-02-18 05:43:17.750"
"Price Code","I","Insert",NA,"E6BB0509","I",NA,"81.68|81.68||I|Standard Pricing|71.68|0.00|0.00|10.00|0.00","BRA502","2025-11-02 05:57:53.480"
"Price Code","U","Update","price","E6BB0509","I","81.68","101.68","BRA500","2026-01-17 18:12:10.362"
"Price Code","U","Update","price","E6BB0509","I","101.68","121.68","BRA508","2026-03-26 16:43:17.769"
"Price Code","U","Update","price","E6BB0509","I","121.68","136.68","BRA506","2026-04-02 03:53:09.470"
"Price Code","U","Update","price","E6BB0509","I","136.68","146.68","BRA509","2026-04-12 06:50:27.812"
"Price Code","I","Insert",NA,"E6BB0509","J",NA,"58.33|58.33||I|Standard Pricing|48.33|0.00|0.00|10.00|0.00","BRA510","2025-11-07 02:34:24.806"
"Price Code","U","Update","price","E6BB0509","J","58.33","48.33","BRA505","2026-03-04 03:50:45.967"
"Price Code","U","Update","price","E6BB0509","J","48.33","43.33","BRA502","2026-03-07 14:43:47.655"
"Price Code","U","Update","price","E6BB0509","J","43.33","53.33","BRA507","2026-03-26 15:16:36.980"
"Price Code","U","Update","price","E6BB0509","J","53.33","68.33","BRA510","2026-04-13 08:11:57.946"
"Price Code","I","Insert",NA,"E6BB0509","K",NA,"53.32|53.32||I|Standard Pricing|43.32|0.00|0.00|10.00|0.00","BRA500","2025-12-02 15:28:55.151"
"Price Code","U","Update","price","E6BB0509","K","53.32","38.32","BRA503","2026-04-13 06:58:54.240"
"Price Code","U","Update","price","E6BB0509","K","38.32","68.32","BRA503","2026-04-27 19:17:59.243"
"Price Code","I","Insert",NA,"E6BB0509","L",NA,"42.45|42.45||I|Standard Pricing|32.45|0.00|0.00|10.00|0.00","BRA501","2025-11-01 17:14:38.558"
"Price Code","U","Update","price","E6BB0509","L","42.45","27.45","BRA500","2026-03-06 05:49:01.740"
"Price Code","U","Update","price","E6BB0509","L","27.45","17.45","BRA505","2026-03-31 13:08:25.207"
"Price Code","U","Update","price","E6BB0509","L","17.45","42.45","BRA500","2026-05-02 11:02:35.415"
"Price Code","I","Insert",NA,"E6BB0509","M",NA,"37.2|37.2||I|Standard Pricing|27.2|0.00|0.00|10.00|0.00","BRA510","2025-11-08 19:17:03.754"
"Price Code","U","Update","price","E6BB0509","M","37.2","47.2","BRA504","2026-04-07 18:22:01.286"
"Price Code","U","Update","price","E6BB0509","M","47.2","57.2","BRA506","2026-04-18 21:22:14.880"
"Price Code","I","Insert",NA,"E6BB0509","N",NA,"26.42|26.42||I|Standard Pricing|16.42|0.00|0.00|10.00|0.00","BRA500","2025-12-11 11:49:45.983"
"Price Code","U","Update","price","E6BB0509","N","26.42","36.42","BRA500","2026-03-17 13:11:24.693"
"Price Code","U","Update","price","E6BB0509","N","36.42","61.42","BRA501","2026-03-17 21:57:30.135"
"Price Code","I","Insert",NA,"E6BB0509","O",NA,"19.27|19.27||I|Standard Pricing|9.27|0.00|0.00|10.00|0.00","BRA507","2025-11-29 05:11:47.844"
"Price Code","U","Update","price","E6BB0509","O","19.27","39.27","BRA502","2026-02-18 02:02:26.865"
"Price Code","U","Update","price","E6BB0509","O","39.27","29.27","BRA508","2026-02-20 23:06:58.921"
"Price Code","U","Update","price","E6BB0509","O","29.27","14.27","BRA505","2026-04-14 21:45:00.815"
"Price Code","U","Update","price","E6BB0509","O","14.27","44.27","BRA503","2026-04-16 20:31:27.671"
"Price Code","U","Update","price","E6BB0509","O","44.27","59.27","BRA500","2026-05-08 08:46:51.142"
"Price Code","I","Insert",NA,"E6BB0510","A",NA,"253.85|253.85||I|Standard Pricing|243.85|0.00|0.00|10.00|0.00","BRA509","2025-11-24 12:39:28.652"
"Price Code","U","Update","price","E6BB0510","A","253.85","268.85","BRA507","2026-02-18 04:33:44.899"
"Price Code","U","Update","price","E6BB0510","A","268.85","263.85","BRA509","2026-02-25 00:05:02.909"
"Price Code","U","Update","price","E6BB0510","A","263.85","268.85","BRA501","2026-03-22 21:12:59.792"
"Price Code","U","Update","price","E6BB0510","A","268.85","283.85","BRA505","2026-05-05 03:04:53.984"
"Price Code","I","Insert",NA,"E6BB0510","B",NA,"225.95|225.95||I|Standard Pricing|215.95|0.00|0.00|10.00|0.00","BRA501","2025-11-13 06:12:02.855"
"Price Code","U","Update","price","E6BB0510","B","225.95","210.95","BRA505","2026-01-23 21:03:30.688"
"Price Code","U","Update","price","E6BB0510","B","210.95","230.95","BRA504","2026-04-08 07:48:50.127"
"Price Code","I","Insert",NA,"E6BB0510","C",NA,"198.95|198.95||I|Standard Pricing|188.95|0.00|0.00|10.00|0.00","BRA510","2025-11-25 21:09:43.201"
"Price Code","U","Update","price","E6BB0510","C","198.95","188.95","BRA506","2026-03-11 16:11:18.232"
"Price Code","U","Update","price","E6BB0510","C","188.95","213.95","BRA502","2026-05-08 12:28:14.559"
"Price Code","I","Insert",NA,"E6BB0510","D",NA,"173.04|173.04||I|Standard Pricing|163.04|0.00|0.00|10.00|0.00","BRA502","2025-11-20 00:55:53.840"
"Price Code","U","Update","price","E6BB0510","D","173.04","163.04","BRA508","2026-01-25 17:32:24.617"
"Price Code","U","Update","price","E6BB0510","D","163.04","178.04","BRA500","2026-03-14 19:45:48.898"
"Price Code","I","Insert",NA,"E6BB0510","E",NA,"137.32|137.32||I|Standard Pricing|127.32|0.00|0.00|10.00|0.00","BRA505","2025-12-01 04:17:31.819"
"Price Code","U","Update","price","E6BB0510","E","137.32","147.32","BRA503","2026-01-25 13:32:41.967"
"Price Code","U","Update","price","E6BB0510","E","147.32","132.32","BRA510","2026-02-08 07:04:09.735"
"Price Code","U","Update","price","E6BB0510","E","132.32","127.32","BRA500","2026-02-12 10:06:39.539"
"Price Code","U","Update","price","E6BB0510","E","127.32","132.32","BRA507","2026-03-09 14:05:57.201"
"Price Code","U","Update","price","E6BB0510","E","132.32","142.32","BRA508","2026-04-30 18:47:01.047"
"Price Code","I","Insert",NA,"E6BB0510","F",NA,"124.37|124.37||I|Standard Pricing|114.37|0.00|0.00|10.00|0.00","BRA501","2025-11-20 13:51:50.054"
"Price Code","U","Update","price","E6BB0510","F","124.37","119.37","BRA503","2026-02-10 02:25:50.122"
"Price Code","U","Update","price","E6BB0510","F","119.37","109.37","BRA510","2026-03-07 00:23:47.621"
"Price Code","U","Update","price","E6BB0510","F","109.37","104.37","BRA503","2026-04-14 00:24:31.528"
"Price Code","U","Update","price","E6BB0510","F","104.37","119.37","BRA506","2026-04-21 04:58:05.234"
"Price Code","I","Insert",NA,"E6BB0510","G",NA,"125.24|125.24||I|Standard Pricing|115.24|0.00|0.00|10.00|0.00","BRA503","2025-12-12 20:52:41.812"
"Price Code","U","Update","price","E6BB0510","G","125.24","115.24","BRA505","2026-02-04 21:39:27.241"
"Price Code","U","Update","price","E6BB0510","G","115.24","110.24","BRA509","2026-02-24 16:40:39.602"
"Price Code","U","Update","price","E6BB0510","G","110.24","120.24","BRA503","2026-05-09 10:08:16.439"
"Price Code","I","Insert",NA,"E6BB0510","H",NA,"88.25|88.25||I|Standard Pricing|78.25|0.00|0.00|10.00|0.00","BRA504","2025-11-17 15:29:38.742"
"Price Code","U","Update","price","E6BB0510","H","88.25","113.25","BRA510","2026-01-18 08:39:17.297"
"Price Code","U","Update","price","E6BB0510","H","113.25","98.25","BRA506","2026-01-21 19:36:27.571"
"Price Code","U","Update","price","E6BB0510","H","98.25","83.25","BRA503","2026-02-18 22:18:38.189"
"Price Code","U","Update","price","E6BB0510","H","83.25","98.25","BRA507","2026-04-19 10:50:01.486"
"Price Code","U","Update","price","E6BB0510","H","98.25","103.25","BRA500","2026-04-28 22:32:38.322"
"Price Code","I","Insert",NA,"E6BB0510","I",NA,"77.12|77.12||I|Standard Pricing|67.12|0.00|0.00|10.00|0.00","BRA506","2025-11-14 04:01:52.619"
"Price Code","U","Update","price","E6BB0510","I","77.12","97.12","BRA501","2026-02-13 00:41:59.838"
"Price Code","U","Update","price","E6BB0510","I","97.12","117.12","BRA510","2026-04-22 10:18:09.190"
"Price Code","I","Insert",NA,"E6BB0510","J",NA,"67.64|67.64||I|Standard Pricing|57.64|0.00|0.00|10.00|0.00","BRA507","2025-11-19 06:40:15.858"
"Price Code","U","Update","price","E6BB0510","J","67.64","57.64","BRA510","2026-02-11 21:45:01.051"
"Price Code","U","Update","price","E6BB0510","J","57.64","82.64","BRA510","2026-03-08 09:51:21.811"
"Price Code","U","Update","price","E6BB0510","J","82.64","107.64","BRA502","2026-04-23 20:13:45.950"
"Price Code","U","Update","price","E6BB0510","J","107.64","132.64","BRA508","2026-04-27 07:13:11.319"
"Price Code","I","Insert",NA,"E6BB0510","K",NA,"54.02|54.02||I|Standard Pricing|44.02|0.00|0.00|10.00|0.00","BRA505","2025-11-28 04:07:55.216"
"Price Code","U","Update","price","E6BB0510","K","54.02","64.02","BRA505","2026-01-16 21:19:07.089"
"Price Code","U","Update","price","E6BB0510","K","64.02","84.02","BRA502","2026-02-02 14:49:15.753"
"Price Code","U","Update","price","E6BB0510","K","84.02","104.02","BRA502","2026-02-10 19:38:06.344"
"Price Code","U","Update","price","E6BB0510","K","104.02","114.02","BRA509","2026-04-29 19:34:54.127"
"Price Code","I","Insert",NA,"E6BB0510","L",NA,"41.88|41.88||I|Standard Pricing|31.88|0.00|0.00|10.00|0.00","BRA502","2025-11-20 23:16:32.663"
"Price Code","U","Update","price","E6BB0510","L","41.88","31.88","BRA509","2026-02-05 21:26:21.743"
"Price Code","U","Update","price","E6BB0510","L","31.88","61.88","BRA502","2026-03-09 15:43:52.183"
"Price Code","U","Update","price","E6BB0510","L","61.88","66.88","BRA500","2026-03-13 02:03:58.019"
"Price Code","U","Update","price","E6BB0510","L","66.88","71.88","BRA504","2026-03-25 12:30:06.963"
"Price Code","U","Update","price","E6BB0510","L","71.88","81.88","BRA510","2026-04-20 12:01:13.406"
"Price Code","I","Insert",NA,"E6BB0510","M",NA,"35.47|35.47||I|Standard Pricing|25.47|0.00|0.00|10.00|0.00","BRA507","2025-12-12 01:35:57.949"
"Price Code","U","Update","price","E6BB0510","M","35.47","40.47","BRA506","2026-02-07 09:17:54.088"
"Price Code","U","Update","price","E6BB0510","M","40.47","65.47","BRA502","2026-03-18 05:42:56.291"
"Price Code","U","Update","price","E6BB0510","M","65.47","50.47","BRA508","2026-03-31 00:02:53.028"
"Price Code","U","Update","price","E6BB0510","M","50.47","80.47","BRA501","2026-04-13 08:02:22.822"
"Price Code","I","Insert",NA,"E6BB0510","N",NA,"29.26|29.26||I|Standard Pricing|19.26|0.00|0.00|10.00|0.00","BRA500","2025-11-21 11:31:37.444"
"Price Code","U","Update","price","E6BB0510","N","29.26","49.26","BRA505","2026-02-12 18:25:19.692"
"Price Code","U","Update","price","E6BB0510","N","49.26","64.26","BRA500","2026-02-14 17:35:27.707"
"Price Code","U","Update","price","E6BB0510","N","64.26","59.26","BRA504","2026-02-21 07:07:03.655"
"Price Code","U","Update","price","E6BB0510","N","59.26","89.26","BRA502","2026-04-10 06:02:43.351"
"Price Code","U","Update","price","E6BB0510","N","89.26","119.26","BRA502","2026-04-10 07:25:45.032"
"Price Code","I","Insert",NA,"E6BB0510","O",NA,"20.15|20.15||I|Standard Pricing|10.15|0.00|0.00|10.00|0.00","BRA506","2025-11-15 23:20:51.279"
"Price Code","U","Update","price","E6BB0510","O","20.15","45.15","BRA510","2026-01-29 08:44:55.203"
"Price Code","U","Update","price","E6BB0510","O","45.15","65.15","BRA509","2026-02-04 01:27:54.683"
"Price Code","U","Update","price","E6BB0510","O","65.15","50.15","BRA504","2026-02-12 16:53:39.782"
"Price Code","U","Update","price","E6BB0510","O","50.15","55.15","BRA500","2026-03-27 07:07:21.341"
"Price Code","D","Delete",NA,"E6BB0510","K",NA,NA,"BRA505","2026-04-21 14:00:00.000"
"Price Code","I","Insert",NA,"E6BB0511","A",NA,"220.39|220.39||I|Standard Pricing|210.39|0.00|0.00|10.00|0.00","BRA502","2025-12-14 04:05:15.324"
"Price Code","U","Update","price","E6BB0511","A","220.39","205.39","BRA509","2026-04-15 03:48:38.596"
"Price Code","U","Update","price","E6BB0511","A","205.39","195.39","BRA503","2026-04-20 16:09:40.467"
"Price Code","U","Update","price","E6BB0511","A","195.39","200.39","BRA505","2026-04-20 21:22:52.824"
"Price Code","U","Update","price","E6BB0511","A","200.39","225.39","BRA510","2026-04-27 17:43:40.093"
"Price Code","I","Insert",NA,"E6BB0511","B",NA,"238.43|238.43||I|Standard Pricing|228.43|0.00|0.00|10.00|0.00","BRA501","2025-12-02 11:31:24.762"
"Price Code","U","Update","price","E6BB0511","B","238.43","268.43","BRA508","2026-01-23 12:55:10.839"
"Price Code","U","Update","price","E6BB0511","B","268.43","283.43","BRA501","2026-03-06 06:00:26.990"
"Price Code","U","Update","price","E6BB0511","B","283.43","293.43","BRA500","2026-03-07 15:58:34.345"
"Price Code","I","Insert",NA,"E6BB0511","C",NA,"174.22|174.22||I|Standard Pricing|164.22|0.00|0.00|10.00|0.00","BRA501","2025-12-08 19:11:37.783"
"Price Code","U","Update","price","E6BB0511","C","174.22","189.22","BRA503","2026-01-24 15:00:17.519"
"Price Code","U","Update","price","E6BB0511","C","189.22","214.22","BRA500","2026-02-19 05:28:56.922"
"Price Code","I","Insert",NA,"E6BB0511","D",NA,"157.82|157.82||I|Standard Pricing|147.82|0.00|0.00|10.00|0.00","BRA501","2025-11-16 18:47:26.141"
"Price Code","U","Update","price","E6BB0511","D","157.82","177.82","BRA510","2026-02-15 12:31:35.823"
"Price Code","U","Update","price","E6BB0511","D","177.82","162.82","BRA501","2026-03-31 10:59:32.183"
"Price Code","I","Insert",NA,"E6BB0511","E",NA,"140.35|140.35||I|Standard Pricing|130.35|0.00|0.00|10.00|0.00","BRA506","2025-12-14 10:50:46.335"
"Price Code","U","Update","price","E6BB0511","E","140.35","130.35","BRA504","2026-01-25 18:35:58.846"
"Price Code","U","Update","price","E6BB0511","E","130.35","135.35","BRA505","2026-03-11 08:04:25.825"
"Price Code","U","Update","price","E6BB0511","E","135.35","160.35","BRA505","2026-04-17 14:37:09.633"
"Price Code","U","Update","price","E6BB0511","E","160.35","145.35","BRA504","2026-04-20 13:28:19.574"
"Price Code","U","Update","price","E6BB0511","E","145.35","165.35","BRA505","2026-05-09 08:59:06.583"
"Price Code","I","Insert",NA,"E6BB0511","F",NA,"108.85|108.85||I|Standard Pricing|98.85|0.00|0.00|10.00|0.00","BRA501","2025-11-21 03:28:40.668"
"Price Code","U","Update","price","E6BB0511","F","108.85","103.85","BRA500","2026-03-13 13:00:27.070"
"Price Code","U","Update","price","E6BB0511","F","103.85","108.85","BRA506","2026-05-06 16:10:22.463"
"Price Code","I","Insert",NA,"E6BB0511","G",NA,"94.26|94.26||I|Standard Pricing|84.26|0.00|0.00|10.00|0.00","BRA505","2025-12-10 00:38:22.028"
"Price Code","U","Update","price","E6BB0511","G","94.26","84.26","BRA509","2026-02-09 05:34:47.633"
"Price Code","U","Update","price","E6BB0511","G","84.26","94.26","BRA507","2026-03-29 15:13:59.800"
"Price Code","I","Insert",NA,"E6BB0511","H",NA,"92.75|92.75||I|Standard Pricing|82.75|0.00|0.00|10.00|0.00","BRA507","2025-12-16 05:21:06.493"
"Price Code","U","Update","price","E6BB0511","H","92.75","112.75","BRA505","2026-02-11 06:31:20.539"
"Price Code","U","Update","price","E6BB0511","H","112.75","117.75","BRA503","2026-03-04 21:42:39.842"
"Price Code","I","Insert",NA,"E6BB0511","I",NA,"72.76|72.76||I|Standard Pricing|62.76|0.00|0.00|10.00|0.00","BRA510","2025-12-09 17:26:30.838"
"Price Code","U","Update","price","E6BB0511","I","72.76","92.76","BRA509","2026-02-03 09:33:28.027"
"Price Code","U","Update","price","E6BB0511","I","92.76","107.76","BRA509","2026-02-26 19:16:07.110"
"Price Code","I","Insert",NA,"E6BB0511","J",NA,"67.47|67.47||I|Standard Pricing|57.47|0.00|0.00|10.00|0.00","BRA503","2025-11-02 20:06:19.220"
"Price Code","U","Update","price","E6BB0511","J","67.47","82.47","BRA507","2026-01-24 18:14:13.940"
"Price Code","U","Update","price","E6BB0511","J","82.47","112.47","BRA508","2026-02-13 13:05:46.212"
"Price Code","U","Update","price","E6BB0511","J","112.47","97.47","BRA506","2026-03-03 00:24:43.552"
"Price Code","U","Update","price","E6BB0511","J","97.47","117.47","BRA510","2026-03-08 01:30:31.350"
"Price Code","U","Update","price","E6BB0511","J","117.47","142.47","BRA505","2026-04-28 08:24:34.644"
"Price Code","I","Insert",NA,"E6BB0511","K",NA,"57.42|57.42||I|Standard Pricing|47.42|0.00|0.00|10.00|0.00","BRA500","2025-11-29 11:21:30.604"
"Price Code","U","Update","price","E6BB0511","K","57.42","82.42","BRA504","2026-02-10 15:43:26.328"
"Price Code","U","Update","price","E6BB0511","K","82.42","112.42","BRA506","2026-02-14 14:32:15.083"
"Price Code","U","Update","price","E6BB0511","K","112.42","142.42","BRA509","2026-05-09 12:44:53.685"
"Price Code","I","Insert",NA,"E6BB0511","L",NA,"46.26|46.26||I|Standard Pricing|36.26|0.00|0.00|10.00|0.00","BRA509","2025-12-01 20:47:14.045"
"Price Code","U","Update","price","E6BB0511","L","46.26","41.26","BRA509","2026-04-24 00:38:51.128"
"Price Code","U","Update","price","E6BB0511","L","41.26","36.26","BRA504","2026-04-24 23:52:13.251"
"Price Code","U","Update","price","E6BB0511","L","36.26","56.26","BRA501","2026-04-28 03:42:57.585"
"Price Code","I","Insert",NA,"E6BB0513","A",NA,"241.94|241.94||I|Standard Pricing|231.94|0.00|0.00|10.00|0.00","BRA501","2025-11-26 12:23:58.876"
"Price Code","U","Update","price","E6BB0513","A","241.94","261.94","BRA503","2026-01-30 15:43:48.097"
"Price Code","U","Update","price","E6BB0513","A","261.94","256.94","BRA506","2026-02-10 04:57:20.427"
"Price Code","U","Update","price","E6BB0513","A","256.94","241.94","BRA508","2026-04-22 20:07:15.962"
"Price Code","U","Update","price","E6BB0513","A","241.94","236.94","BRA510","2026-04-28 04:20:19.431"
"Price Code","I","Insert",NA,"E6BB0513","B",NA,"247.19|247.19||I|Standard Pricing|237.19|0.00|0.00|10.00|0.00","BRA502","2025-11-29 22:40:31.821"
"Price Code","U","Update","price","E6BB0513","B","247.19","242.19","BRA509","2026-01-16 12:24:24.117"
"Price Code","U","Update","price","E6BB0513","B","242.19","247.19","BRA505","2026-02-22 10:53:17.454"
"Price Code","U","Update","price","E6BB0513","B","247.19","237.19","BRA508","2026-03-29 05:11:51.187"
"Price Code","U","Update","price","E6BB0513","B","237.19","247.19","BRA503","2026-05-01 02:22:33.696"
"Price Code","I","Insert",NA,"E6BB0513","C",NA,"207.42|207.42||I|Standard Pricing|197.42|0.00|0.00|10.00|0.00","BRA501","2025-11-24 04:26:10.723"
"Price Code","U","Update","price","E6BB0513","C","207.42","232.42","BRA510","2026-01-24 23:50:01.766"
"Price Code","U","Update","price","E6BB0513","C","232.42","237.42","BRA508","2026-01-26 02:59:25.400"
"Price Code","U","Update","price","E6BB0513","C","237.42","222.42","BRA509","2026-05-04 00:14:37.457"
"Price Code","U","Update","price","E6BB0513","C","222.42","237.42","BRA509","2026-05-12 07:11:26.055"
"Price Code","I","Insert",NA,"E6BB0513","D",NA,"175.18|175.18||I|Standard Pricing|165.18|0.00|0.00|10.00|0.00","BRA510","2025-12-03 18:54:05.098"
"Price Code","U","Update","price","E6BB0513","D","175.18","195.18","BRA505","2026-02-16 08:19:58.400"
"Price Code","U","Update","price","E6BB0513","D","195.18","185.18","BRA501","2026-02-26 03:53:01.024"
"Price Code","U","Update","price","E6BB0513","D","185.18","180.18","BRA509","2026-04-26 05:02:17.690"
"Price Code","I","Insert",NA,"E6BB0513","E",NA,"128.73|128.73||I|Standard Pricing|118.73|0.00|0.00|10.00|0.00","BRA500","2025-11-19 13:44:49.811"
"Price Code","U","Update","price","E6BB0513","E","128.73","153.73","BRA502","2026-03-13 19:34:29.791"
"Price Code","U","Update","price","E6BB0513","E","153.73","183.73","BRA500","2026-03-21 13:08:04.040"
"Price Code","U","Update","price","E6BB0513","E","183.73","173.73","BRA510","2026-03-22 12:45:43.331"
"Price Code","U","Update","price","E6BB0513","E","173.73","158.73","BRA501","2026-04-22 16:00:48.775"
"Price Code","U","Update","price","E6BB0513","E","158.73","168.73","BRA501","2026-05-09 12:43:28.917"
"Price Code","I","Insert",NA,"E6BB0513","F",NA,"130.15|130.15||I|Standard Pricing|120.15|0.00|0.00|10.00|0.00","BRA505","2025-11-09 04:22:29.295"
"Price Code","U","Update","price","E6BB0513","F","130.15","150.15","BRA508","2026-03-08 08:19:03.334"
"Price Code","U","Update","price","E6BB0513","F","150.15","145.15","BRA505","2026-04-16 08:20:09.788"
"Price Code","U","Update","price","E6BB0513","F","145.15","155.15","BRA504","2026-04-16 12:33:26.092"
"Price Code","U","Update","price","E6BB0513","F","155.15","185.15","BRA508","2026-04-22 07:08:20.887"
"Price Code","I","Insert",NA,"E6BB0513","G",NA,"106.34|106.34||I|Standard Pricing|96.34|0.00|0.00|10.00|0.00","BRA508","2025-12-07 09:02:38.494"
"Price Code","U","Update","price","E6BB0513","G","106.34","121.34","BRA510","2026-02-05 00:44:14.026"
"Price Code","U","Update","price","E6BB0513","G","121.34","151.34","BRA508","2026-02-24 09:05:07.174"
"Price Code","U","Update","price","E6BB0513","G","151.34","171.34","BRA504","2026-03-18 06:41:44.664"
"Price Code","U","Update","price","E6BB0513","G","171.34","161.34","BRA507","2026-04-19 13:11:30.719"
"Price Code","U","Update","price","E6BB0513","G","161.34","171.34","BRA502","2026-04-26 20:15:32.066"
"Price Code","I","Insert",NA,"E6BB0513","H",NA,"90.02|90.02||I|Standard Pricing|80.02|0.00|0.00|10.00|0.00","BRA507","2025-11-23 00:39:02.223"
"Price Code","U","Update","price","E6BB0513","H","90.02","75.02","BRA500","2026-02-23 02:40:14.766"
"Price Code","U","Update","price","E6BB0513","H","75.02","65.02","BRA505","2026-04-06 06:23:36.406"
"Price Code","I","Insert",NA,"E6BB0513","I",NA,"71.16|71.16||I|Standard Pricing|61.16|0.00|0.00|10.00|0.00","BRA509","2025-12-08 03:34:15.674"
"Price Code","U","Update","price","E6BB0513","I","71.16","76.16","BRA506","2026-03-16 13:06:23.259"
"Price Code","U","Update","price","E6BB0513","I","76.16","96.16","BRA504","2026-04-13 10:30:02.553"
"Price Code","I","Insert",NA,"E6BB0513","J",NA,"55.75|55.75||I|Standard Pricing|45.75|0.00|0.00|10.00|0.00","BRA508","2025-11-08 10:34:01.733"
"Price Code","U","Update","price","E6BB0513","J","55.75","60.75","BRA510","2026-03-05 04:50:00.830"
"Price Code","U","Update","price","E6BB0513","J","60.75","70.75","BRA506","2026-04-30 08:00:08.151"
"Price Code","I","Insert",NA,"E6BB0513","K",NA,"59.29|59.29||I|Standard Pricing|49.29|0.00|0.00|10.00|0.00","BRA500","2025-12-16 01:35:54.044"
"Price Code","U","Update","price","E6BB0513","K","59.29","64.29","BRA506","2026-01-22 00:45:59.793"
"Price Code","U","Update","price","E6BB0513","K","64.29","79.29","BRA503","2026-01-24 20:37:31.169"
"Price Code","U","Update","price","E6BB0513","K","79.29","104.29","BRA507","2026-02-15 07:59:51.659"
"Price Code","U","Update","price","E6BB0513","K","104.29","114.29","BRA500","2026-04-05 01:36:14.096"
"Price Code","U","Update","price","E6BB0513","K","114.29","119.29","BRA507","2026-04-17 00:18:16.810"
"Price Code","I","Insert",NA,"E6BB0513","L",NA,"43.18|43.18||I|Standard Pricing|33.18|0.00|0.00|10.00|0.00","BRA507","2025-11-21 18:54:10.356"
"Price Code","U","Update","price","E6BB0513","L","43.18","33.18","BRA502","2026-01-17 19:35:51.532"
"Price Code","U","Update","price","E6BB0513","L","33.18","58.18","BRA501","2026-01-18 20:16:31.156"
"Price Code","U","Update","price","E6BB0513","L","58.18","43.18","BRA508","2026-01-21 03:11:43.055"
"Price Code","U","Update","price","E6BB0513","L","43.18","48.18","BRA500","2026-02-27 15:43:26.495"
"Price Code","U","Update","price","E6BB0513","L","48.18","63.18","BRA502","2026-05-08 20:36:15.328"
"Price Code","I","Insert",NA,"E6BB0513","M",NA,"32.37|32.37||I|Standard Pricing|22.37|0.00|0.00|10.00|0.00","BRA510","2025-11-18 17:13:15.940"
"Price Code","U","Update","price","E6BB0513","M","32.37","22.37","BRA503","2026-02-26 07:32:05.343"
"Price Code","U","Update","price","E6BB0513","M","22.37","47.37","BRA509","2026-03-05 16:31:49.265"
"Price Code","U","Update","price","E6BB0513","M","47.37","37.37","BRA508","2026-04-28 05:25:11.504"
"Price Code","I","Insert",NA,"E6BB0513","N",NA,"31.89|31.89||I|Standard Pricing|21.89|0.00|0.00|10.00|0.00","BRA502","2025-11-19 17:31:42.068"
"Price Code","U","Update","price","E6BB0513","N","31.89","26.89","BRA508","2026-02-27 09:42:28.293"
"Price Code","U","Update","price","E6BB0513","N","26.89","41.89","BRA506","2026-03-08 09:45:01.156"
"Price Code","U","Update","price","E6BB0513","N","41.89","56.89","BRA506","2026-03-10 08:06:16.064"
"Price Code","U","Update","price","E6BB0513","N","56.89","66.89","BRA506","2026-03-22 04:19:18.257"
"Price Code","U","Update","price","E6BB0513","N","66.89","56.89","BRA505","2026-04-10 15:05:57.862"
"Price Code","D","Delete",NA,"E6BB0513","K",NA,NA,"BRA502","2026-04-27 14:00:00.000"
"Price Code","I","Insert",NA,"E6BB0514","A",NA,"243.65|243.65||I|Standard Pricing|233.65|0.00|0.00|10.00|0.00","BRA510","2025-11-04 17:30:53.688"
"Price Code","U","Update","price","E6BB0514","A","243.65","253.65","BRA500","2026-01-16 19:35:41.364"
"Price Code","U","Update","price","E6BB0514","A","253.65","248.65","BRA506","2026-01-19 08:01:26.700"
"Price Code","U","Update","price","E6BB0514","A","248.65","273.65","BRA509","2026-02-20 06:02:44.027"
"Price Code","U","Update","price","E6BB0514","A","273.65","303.65","BRA507","2026-04-14 08:40:45.406"
"Price Code","U","Update","price","E6BB0514","A","303.65","298.65","BRA509","2026-04-22 19:25:40.554"
"Price Code","I","Insert",NA,"E6BB0514","B",NA,"194.35|194.35||I|Standard Pricing|184.35|0.00|0.00|10.00|0.00","BRA509","2025-12-11 04:07:01.273"
"Price Code","U","Update","price","E6BB0514","B","194.35","179.35","BRA506","2026-02-15 06:54:42.459"
"Price Code","U","Update","price","E6BB0514","B","179.35","174.35","BRA500","2026-04-30 03:47:35.576"
"Price Code","I","Insert",NA,"E6BB0514","C",NA,"214.07|214.07||I|Standard Pricing|204.07|0.00|0.00|10.00|0.00","BRA501","2025-12-01 02:36:09.977"
"Price Code","U","Update","price","E6BB0514","C","214.07","204.07","BRA508","2026-01-18 00:41:30.211"
"Price Code","U","Update","price","E6BB0514","C","204.07","224.07","BRA504","2026-01-23 06:18:10.321"
"Price Code","U","Update","price","E6BB0514","C","224.07","254.07","BRA501","2026-02-16 20:22:04.721"
"Price Code","U","Update","price","E6BB0514","C","254.07","264.07","BRA507","2026-05-01 06:06:50.085"
"Price Code","I","Insert",NA,"E6BB0514","D",NA,"192.85|192.85||I|Standard Pricing|182.85|0.00|0.00|10.00|0.00","BRA508","2025-11-23 15:28:32.838"
"Price Code","U","Update","price","E6BB0514","D","192.85","202.85","BRA505","2026-01-19 23:07:31.718"
"Price Code","U","Update","price","E6BB0514","D","202.85","192.85","BRA508","2026-01-27 16:04:05.975"
"Price Code","U","Update","price","E6BB0514","D","192.85","222.85","BRA500","2026-04-07 09:09:10.346"
"Price Code","U","Update","price","E6BB0514","D","222.85","247.85","BRA509","2026-05-04 00:44:56.237"
"Price Code","I","Insert",NA,"E6BB0514","E",NA,"138.41|138.41||I|Standard Pricing|128.41|0.00|0.00|10.00|0.00","BRA508","2025-11-13 23:02:26.118"
"Price Code","U","Update","price","E6BB0514","E","138.41","123.41","BRA504","2026-01-15 22:33:42.368"
"Price Code","U","Update","price","E6BB0514","E","123.41","153.41","BRA510","2026-01-19 13:05:17.940"
"Price Code","U","Update","price","E6BB0514","E","153.41","173.41","BRA502","2026-02-28 07:30:08.820"
"Price Code","U","Update","price","E6BB0514","E","173.41","203.41","BRA507","2026-05-08 23:57:36.619"
"Price Code","I","Insert",NA,"E6BB0514","F",NA,"110.03|110.03||I|Standard Pricing|100.03|0.00|0.00|10.00|0.00","BRA507","2025-11-22 10:11:05.437"
"Price Code","U","Update","price","E6BB0514","F","110.03","95.03","BRA509","2026-01-26 04:22:11.344"
"Price Code","U","Update","price","E6BB0514","F","95.03","85.03","BRA503","2026-03-25 04:57:55.240"
"Price Code","U","Update","price","E6BB0514","F","85.03","110.03","BRA501","2026-05-09 19:05:03.653"
"Price Code","I","Insert",NA,"E6BB0514","G",NA,"96.43|96.43||I|Standard Pricing|86.43|0.00|0.00|10.00|0.00","BRA509","2025-11-21 21:29:49.278"
"Price Code","U","Update","price","E6BB0514","G","96.43","106.43","BRA503","2026-02-01 12:54:30.376"
"Price Code","U","Update","price","E6BB0514","G","106.43","116.43","BRA507","2026-02-05 08:43:55.986"
"Price Code","U","Update","price","E6BB0514","G","116.43","126.43","BRA510","2026-02-24 19:27:32.055"
"Price Code","I","Insert",NA,"E6BB0514","H",NA,"94.48|94.48||I|Standard Pricing|84.48|0.00|0.00|10.00|0.00","BRA505","2025-11-12 08:16:06.913"
"Price Code","U","Update","price","E6BB0514","H","94.48","114.48","BRA504","2026-01-15 11:35:46.930"
"Price Code","U","Update","price","E6BB0514","H","114.48","129.48","BRA506","2026-03-29 09:14:29.400"
"Price Code","U","Update","price","E6BB0514","H","129.48","149.48","BRA508","2026-03-30 21:59:15.622"
"Price Code","U","Update","price","E6BB0514","H","149.48","174.48","BRA504","2026-05-04 03:08:08.079"
"Price Code","U","Update","price","E6BB0514","H","174.48","179.48","BRA503","2026-05-12 00:00:26.217"
"Price Code","I","Insert",NA,"E6BB0514","I",NA,"81.95|81.95||I|Standard Pricing|71.95|0.00|0.00|10.00|0.00","BRA503","2025-11-12 07:02:37.201"
"Price Code","U","Update","price","E6BB0514","I","81.95","86.95","BRA503","2026-01-25 23:43:38.146"
"Price Code","U","Update","price","E6BB0514","I","86.95","116.95","BRA504","2026-02-01 03:29:21.392"
"Price Code","I","Insert",NA,"E6BB0514","J",NA,"63.71|63.71||I|Standard Pricing|53.71|0.00|0.00|10.00|0.00","BRA500","2025-12-02 02:48:08.887"
"Price Code","U","Update","price","E6BB0514","J","63.71","53.71","BRA506","2026-01-20 17:35:07.504"
"Price Code","U","Update","price","E6BB0514","J","53.71","58.71","BRA504","2026-01-28 19:22:13.671"
"Price Code","U","Update","price","E6BB0514","J","58.71","48.71","BRA502","2026-02-09 06:55:48.971"
"Price Code","I","Insert",NA,"E6BB0514","K",NA,"58.65|58.65||I|Standard Pricing|48.65|0.00|0.00|10.00|0.00","BRA503","2025-11-12 23:44:28.423"
"Price Code","U","Update","price","E6BB0514","K","58.65","68.65","BRA500","2026-03-23 05:02:07.934"
"Price Code","U","Update","price","E6BB0514","K","68.65","78.65","BRA509","2026-05-07 16:24:09.048"
"Price Code","I","Insert",NA,"E6BB0514","L",NA,"50.92|50.92||I|Standard Pricing|40.92|0.00|0.00|10.00|0.00","BRA509","2025-11-26 13:18:05.368"
"Price Code","U","Update","price","E6BB0514","L","50.92","40.92","BRA508","2026-03-29 01:21:17.357"
"Price Code","U","Update","price","E6BB0514","L","40.92","30.92","BRA506","2026-04-17 16:56:28.993"
"Price Code","I","Insert",NA,"E6BB0514","M",NA,"38.78|38.78||I|Standard Pricing|28.78|0.00|0.00|10.00|0.00","BRA501","2025-11-03 21:37:37.606"
"Price Code","U","Update","price","E6BB0514","M","38.78","43.78","BRA500","2026-02-02 21:56:08.733"
"Price Code","U","Update","price","E6BB0514","M","43.78","58.78","BRA503","2026-02-24 11:09:36.216"
"Price Code","U","Update","price","E6BB0514","M","58.78","78.78","BRA507","2026-04-28 09:13:14.973"
"Price Code","I","Insert",NA,"E6BB0515","A",NA,"254.08|254.08||I|Standard Pricing|244.08|0.00|0.00|10.00|0.00","BRA502","2025-12-12 02:30:10.822"
"Price Code","U","Update","price","E6BB0515","A","254.08","284.08","BRA504","2026-03-10 22:47:06.089"
"Price Code","U","Update","price","E6BB0515","A","284.08","274.08","BRA503","2026-04-03 04:57:02.509"
"Price Code","U","Update","price","E6BB0515","A","274.08","259.08","BRA508","2026-04-19 09:11:49.473"
"Price Code","U","Update","price","E6BB0515","A","259.08","269.08","BRA502","2026-04-27 20:47:41.069"
"Price Code","U","Update","price","E6BB0515","A","269.08","294.08","BRA503","2026-05-13 11:55:18.773"
"Price Code","I","Insert",NA,"E6BB0515","B",NA,"233.77|233.77||I|Standard Pricing|223.77|0.00|0.00|10.00|0.00","BRA509","2025-12-07 17:35:21.059"
"Price Code","U","Update","price","E6BB0515","B","233.77","263.77","BRA504","2026-03-09 06:10:14.231"
"Price Code","U","Update","price","E6BB0515","B","263.77","288.77","BRA509","2026-03-28 18:22:23.245"
"Price Code","U","Update","price","E6BB0515","B","288.77","318.77","BRA505","2026-04-17 07:47:31.716"
"Price Code","U","Update","price","E6BB0515","B","318.77","303.77","BRA502","2026-04-26 15:30:13.969"
"Price Code","U","Update","price","E6BB0515","B","303.77","293.77","BRA504","2026-05-14 03:58:19.983"
"Price Code","I","Insert",NA,"E6BB0515","C",NA,"193.5|193.5||I|Standard Pricing|183.5|0.00|0.00|10.00|0.00","BRA503","2025-11-14 09:58:28.505"
"Price Code","U","Update","price","E6BB0515","C","193.5","218.5","BRA500","2026-02-15 12:31:25.469"
"Price Code","U","Update","price","E6BB0515","C","218.5","233.5","BRA501","2026-03-29 15:52:03.274"
"Price Code","I","Insert",NA,"E6BB0515","D",NA,"160.1|160.1||I|Standard Pricing|150.1|0.00|0.00|10.00|0.00","BRA506","2025-11-18 14:13:02.924"
"Price Code","U","Update","price","E6BB0515","D","160.1","185.1","BRA507","2026-03-06 18:32:31.791"
"Price Code","U","Update","price","E6BB0515","D","185.1","190.1","BRA509","2026-03-08 06:50:59.693"
"Price Code","U","Update","price","E6BB0515","D","190.1","175.1","BRA503","2026-03-26 05:37:41.803"
"Price Code","U","Update","price","E6BB0515","D","175.1","180.1","BRA507","2026-04-07 12:52:08.865"
"Price Code","U","Update","price","E6BB0515","D","180.1","165.1","BRA502","2026-05-09 16:16:26.946"
"Price Code","I","Insert",NA,"E6BB0515","E",NA,"129.75|129.75||I|Standard Pricing|119.75|0.00|0.00|10.00|0.00","BRA504","2025-11-23 19:30:27.612"
"Price Code","U","Update","price","E6BB0515","E","129.75","154.75","BRA500","2026-04-13 22:22:32.263"
"Price Code","U","Update","price","E6BB0515","E","154.75","149.75","BRA501","2026-04-15 05:28:50.459"
"Price Code","U","Update","price","E6BB0515","E","149.75","169.75","BRA505","2026-04-15 13:19:42.076"
"Price Code","U","Update","price","E6BB0515","E","169.75","194.75","BRA507","2026-04-24 04:49:39.403"
"Price Code","I","Insert",NA,"E6BB0515","F",NA,"143.4|143.4||I|Standard Pricing|133.4|0.00|0.00|10.00|0.00","BRA510","2025-11-10 22:55:53.111"
"Price Code","U","Update","price","E6BB0515","F","143.4","173.4","BRA509","2026-02-26 19:23:52.797"
"Price Code","U","Update","price","E6BB0515","F","173.4","178.4","BRA504","2026-03-18 19:38:32.796"
"Price Code","U","Update","price","E6BB0515","F","178.4","173.4","BRA509","2026-03-24 10:22:05.575"
"Price Code","I","Insert",NA,"E6BB0515","G",NA,"115.4|115.4||I|Standard Pricing|105.4|0.00|0.00|10.00|0.00","BRA500","2025-11-05 05:41:22.515"
"Price Code","U","Update","price","E6BB0515","G","115.4","130.4","BRA507","2026-03-18 15:27:03.795"
"Price Code","U","Update","price","E6BB0515","G","130.4","160.4","BRA502","2026-03-18 15:40:02.641"
"Price Code","U","Update","price","E6BB0515","G","160.4","190.4","BRA501","2026-04-22 03:36:25.519"
"Price Code","I","Insert",NA,"E6BB0515","H",NA,"96.96|96.96||I|Standard Pricing|86.96|0.00|0.00|10.00|0.00","BRA501","2025-11-06 01:29:57.464"
"Price Code","U","Update","price","E6BB0515","H","96.96","116.96","BRA507","2026-03-12 10:08:05.309"
"Price Code","U","Update","price","E6BB0515","H","116.96","106.96","BRA506","2026-03-15 03:35:02.450"
"Price Code","U","Update","price","E6BB0515","H","106.96","91.96","BRA500","2026-04-07 00:38:27.104"
"Price Code","U","Update","price","E6BB0515","H","91.96","96.96","BRA508","2026-04-29 19:28:38.088"
"Price Code","U","Update","price","E6BB0515","H","96.96","81.96","BRA502","2026-05-03 14:33:28.712"
"Price Code","I","Insert",NA,"E6BB0515","I",NA,"70.78|70.78||I|Standard Pricing|60.78|0.00|0.00|10.00|0.00","BRA504","2025-11-04 11:00:18.893"
"Price Code","U","Update","price","E6BB0515","I","70.78","65.78","BRA501","2026-03-18 14:48:45.380"
"Price Code","U","Update","price","E6BB0515","I","65.78","55.78","BRA502","2026-04-19 06:59:57.823"
"Price Code","U","Update","price","E6BB0515","I","55.78","60.78","BRA509","2026-04-29 17:48:49.653"
"Price Code","I","Insert",NA,"E6BB0515","J",NA,"60.89|60.89||I|Standard Pricing|50.89|0.00|0.00|10.00|0.00","BRA508","2025-11-25 00:23:04.669"
"Price Code","U","Update","price","E6BB0515","J","60.89","80.89","BRA510","2026-01-26 15:05:38.998"
"Price Code","U","Update","price","E6BB0515","J","80.89","65.89","BRA502","2026-02-06 13:39:10.298"
"Price Code","U","Update","price","E6BB0515","J","65.89","95.89","BRA504","2026-02-07 08:56:37.284"
"Price Code","U","Update","price","E6BB0515","J","95.89","100.89","BRA504","2026-02-20 07:02:11.559"
"Price Code","U","Update","price","E6BB0515","J","100.89","115.89","BRA504","2026-05-07 16:01:49.885"
"Price Code","I","Insert",NA,"E6BB0515","K",NA,"59.12|59.12||I|Standard Pricing|49.12|0.00|0.00|10.00|0.00","BRA510","2025-11-13 12:54:01.176"
"Price Code","U","Update","price","E6BB0515","K","59.12","89.12","BRA500","2026-01-25 06:36:43.397"
"Price Code","U","Update","price","E6BB0515","K","89.12","104.12","BRA500","2026-03-09 01:51:50.477"
"Price Code","U","Update","price","E6BB0515","K","104.12","129.12","BRA506","2026-04-10 22:31:03.619"
"Price Code","U","Update","price","E6BB0515","K","129.12","124.12","BRA500","2026-04-13 11:43:41.045"
"Price Code","I","Insert",NA,"E6BB0515","L",NA,"43.81|43.81||I|Standard Pricing|33.81|0.00|0.00|10.00|0.00","BRA500","2025-11-05 04:40:13.790"
"Price Code","U","Update","price","E6BB0515","L","43.81","28.81","BRA503","2026-01-23 03:22:15.537"
"Price Code","U","Update","price","E6BB0515","L","28.81","33.81","BRA505","2026-02-20 09:33:45.961"
"Price Code","U","Update","price","E6BB0515","L","33.81","28.81","BRA501","2026-04-11 13:48:57.729"
"Price Code","I","Insert",NA,"E6BB0515","M",NA,"36.14|36.14||I|Standard Pricing|26.14|0.00|0.00|10.00|0.00","BRA510","2025-12-01 20:39:35.567"
"Price Code","U","Update","price","E6BB0515","M","36.14","31.14","BRA510","2026-04-02 08:52:39.249"
"Price Code","U","Update","price","E6BB0515","M","31.14","36.14","BRA504","2026-04-03 10:07:48.808"
"Price Code","I","Insert",NA,"E6BB0516","A",NA,"244.7|244.7||I|Standard Pricing|234.7|0.00|0.00|10.00|0.00","BRA503","2025-11-14 08:23:31.951"
"Price Code","U","Update","price","E6BB0516","A","244.7","264.7","BRA510","2026-04-10 09:20:56.224"
"Price Code","U","Update","price","E6BB0516","A","264.7","249.7","BRA506","2026-05-10 04:44:15.827"
"Price Code","I","Insert",NA,"E6BB0516","B",NA,"199.07|199.07||I|Standard Pricing|189.07|0.00|0.00|10.00|0.00","BRA508","2025-11-15 02:19:20.314"
"Price Code","U","Update","price","E6BB0516","B","199.07","189.07","BRA508","2026-01-26 21:50:20.043"
"Price Code","U","Update","price","E6BB0516","B","189.07","214.07","BRA506","2026-04-06 20:15:50.086"
"Price Code","U","Update","price","E6BB0516","B","214.07","219.07","BRA510","2026-04-08 07:00:06.174"
"Price Code","U","Update","price","E6BB0516","B","219.07","239.07","BRA509","2026-05-15 09:18:44.875"
"Price Code","I","Insert",NA,"E6BB0516","C",NA,"171.15|171.15||I|Standard Pricing|161.15|0.00|0.00|10.00|0.00","BRA506","2025-12-08 03:04:12.688"
"Price Code","U","Update","price","E6BB0516","C","171.15","166.15","BRA503","2026-01-26 08:23:44.908"
"Price Code","U","Update","price","E6BB0516","C","166.15","156.15","BRA501","2026-02-27 09:04:45.769"
"Price Code","U","Update","price","E6BB0516","C","156.15","176.15","BRA510","2026-03-02 19:17:30.560"
"Price Code","U","Update","price","E6BB0516","C","176.15","186.15","BRA504","2026-04-04 04:42:13.876"
"Price Code","U","Update","price","E6BB0516","C","186.15","176.15","BRA509","2026-05-11 05:41:05.835"
"Price Code","I","Insert",NA,"E6BB0516","D",NA,"192.53|192.53||I|Standard Pricing|182.53|0.00|0.00|10.00|0.00","BRA502","2025-12-12 20:03:28.683"
"Price Code","U","Update","price","E6BB0516","D","192.53","217.53","BRA507","2026-02-14 07:39:43.145"
"Price Code","U","Update","price","E6BB0516","D","217.53","227.53","BRA510","2026-03-30 19:58:53.798"
"Price Code","U","Update","price","E6BB0516","D","227.53","237.53","BRA503","2026-04-19 17:25:03.049"
"Price Code","I","Insert",NA,"E6BB0516","E",NA,"126.18|126.18||I|Standard Pricing|116.18|0.00|0.00|10.00|0.00","BRA508","2025-11-26 16:25:49.739"
"Price Code","U","Update","price","E6BB0516","E","126.18","116.18","BRA510","2026-03-06 06:26:56.695"
"Price Code","U","Update","price","E6BB0516","E","116.18","126.18","BRA505","2026-04-11 13:41:44.040"
"Price Code","U","Update","price","E6BB0516","E","126.18","156.18","BRA501","2026-04-30 05:30:16.657"
"Price Code","I","Insert",NA,"E6BB0516","F",NA,"137|137||I|Standard Pricing|127|0.00|0.00|10.00|0.00","BRA509","2025-11-30 17:20:21.839"
"Price Code","U","Update","price","E6BB0516","F","137","162","BRA503","2026-02-01 15:07:43.218"
"Price Code","U","Update","price","E6BB0516","F","162","152","BRA508","2026-02-28 03:50:44.297"
"Price Code","U","Update","price","E6BB0516","F","152","182","BRA500","2026-04-04 12:49:17.686"
"Price Code","U","Update","price","E6BB0516","F","182","192","BRA509","2026-04-15 09:19:09.385"
"Price Code","I","Insert",NA,"E6BB0516","G",NA,"93.56|93.56||I|Standard Pricing|83.56|0.00|0.00|10.00|0.00","BRA505","2025-11-08 17:35:03.458"
"Price Code","U","Update","price","E6BB0516","G","93.56","103.56","BRA503","2026-02-14 07:40:10.531"
"Price Code","U","Update","price","E6BB0516","G","103.56","123.56","BRA504","2026-03-03 12:23:31.632"
"Price Code","U","Update","price","E6BB0516","G","123.56","113.56","BRA502","2026-04-27 15:30:48.976"
"Price Code","I","Insert",NA,"E6BB0516","H",NA,"85.88|85.88||I|Standard Pricing|75.88|0.00|0.00|10.00|0.00","BRA509","2025-12-10 06:28:52.571"
"Price Code","U","Update","price","E6BB0516","H","85.88","115.88","BRA503","2026-03-03 19:46:21.503"
"Price Code","U","Update","price","E6BB0516","H","115.88","140.88","BRA510","2026-04-06 13:23:13.334"
"Price Code","U","Update","price","E6BB0516","H","140.88","145.88","BRA510","2026-04-07 03:07:37.514"
"Price Code","U","Update","price","E6BB0516","H","145.88","175.88","BRA500","2026-05-12 04:47:30.829"
"Price Code","I","Insert",NA,"E6BB0516","I",NA,"72.57|72.57||I|Standard Pricing|62.57|0.00|0.00|10.00|0.00","BRA507","2025-11-11 10:38:13.173"
"Price Code","U","Update","price","E6BB0516","I","72.57","67.57","BRA504","2026-02-05 16:07:28.998"
"Price Code","U","Update","price","E6BB0516","I","67.57","87.57","BRA507","2026-02-21 19:47:07.234"
"Price Code","U","Update","price","E6BB0516","I","87.57","82.57","BRA506","2026-04-18 04:01:10.700"
"Price Code","I","Insert",NA,"E6BB0516","J",NA,"62.06|62.06||I|Standard Pricing|52.06|0.00|0.00|10.00|0.00","BRA510","2025-11-28 14:19:46.847"
"Price Code","U","Update","price","E6BB0516","J","62.06","47.06","BRA505","2026-01-17 05:37:18.523"
"Price Code","U","Update","price","E6BB0516","J","47.06","67.06","BRA501","2026-01-29 09:15:33.371"
"Price Code","U","Update","price","E6BB0516","J","67.06","57.06","BRA510","2026-02-12 06:56:31.864"
"Price Code","U","Update","price","E6BB0516","J","57.06","62.06","BRA503","2026-04-09 14:03:33.096"
"Price Code","U","Update","price","E6BB0516","J","62.06","92.06","BRA510","2026-04-30 02:47:35.231"
"Price Code","I","Insert",NA,"E6BB0516","K",NA,"53.62|53.62||I|Standard Pricing|43.62|0.00|0.00|10.00|0.00","BRA510","2025-11-07 13:07:35.374"
"Price Code","U","Update","price","E6BB0516","K","53.62","83.62","BRA510","2026-03-23 22:45:52.701"
"Price Code","U","Update","price","E6BB0516","K","83.62","78.62","BRA503","2026-04-04 14:08:36.135"
"Price Code","I","Insert",NA,"E6BB0516","L",NA,"46.52|46.52||I|Standard Pricing|36.52|0.00|0.00|10.00|0.00","BRA507","2025-11-30 19:53:30.708"
"Price Code","U","Update","price","E6BB0516","L","46.52","41.52","BRA504","2026-01-27 05:51:46.180"
"Price Code","U","Update","price","E6BB0516","L","41.52","71.52","BRA501","2026-02-01 15:12:32.233"
"Price Code","I","Insert",NA,"E6BB0516","M",NA,"35.58|35.58||I|Standard Pricing|25.58|0.00|0.00|10.00|0.00","BRA509","2025-11-27 05:32:49.552"
"Price Code","U","Update","price","E6BB0516","M","35.58","20.58","BRA510","2026-01-31 11:59:46.437"
"Price Code","U","Update","price","E6BB0516","M","20.58","10","BRA504","2026-03-30 02:45:51.594"
"Price Code","U","Update","price","E6BB0516","M","10","30","BRA509","2026-05-11 10:32:58.496"
"Price Code","I","Insert",NA,"E6BB0516","N",NA,"26.63|26.63||I|Standard Pricing|16.63|0.00|0.00|10.00|0.00","BRA507","2025-12-13 08:15:50.884"
"Price Code","U","Update","price","E6BB0516","N","26.63","41.63","BRA500","2026-02-10 05:59:27.858"
"Price Code","U","Update","price","E6BB0516","N","41.63","31.63","BRA506","2026-03-11 04:36:52.865"
"Price Code","U","Update","price","E6BB0516","N","31.63","46.63","BRA508","2026-03-29 03:44:35.861"
"Price Code","D","Delete",NA,"E6BB0516","K",NA,NA,"BRA502","2026-04-21 14:00:00.000"
"Price Code","I","Insert",NA,"E6BB0517","A",NA,"261.41|261.41||I|Standard Pricing|251.41|0.00|0.00|10.00|0.00","BRA500","2025-12-14 05:39:05.848"
"Price Code","U","Update","price","E6BB0517","A","261.41","271.41","BRA505","2026-03-06 05:17:31.103"
"Price Code","U","Update","price","E6BB0517","A","271.41","291.41","BRA508","2026-04-15 13:21:34.434"
"Price Code","U","Update","price","E6BB0517","A","291.41","301.41","BRA504","2026-04-30 17:10:46.567"
"Price Code","U","Update","price","E6BB0517","A","301.41","321.41","BRA506","2026-05-03 20:54:46.844"
"Price Code","I","Insert",NA,"E6BB0517","B",NA,"198.43|198.43||I|Standard Pricing|188.43|0.00|0.00|10.00|0.00","BRA509","2025-11-09 15:00:05.593"
"Price Code","U","Update","price","E6BB0517","B","198.43","213.43","BRA506","2026-02-16 20:39:21.797"
"Price Code","U","Update","price","E6BB0517","B","213.43","218.43","BRA509","2026-03-01 10:00:35.727"
"Price Code","U","Update","price","E6BB0517","B","218.43","223.43","BRA500","2026-03-02 01:44:11.008"
"Price Code","U","Update","price","E6BB0517","B","223.43","213.43","BRA504","2026-03-24 19:09:30.070"
"Price Code","U","Update","price","E6BB0517","B","213.43","243.43","BRA501","2026-03-30 00:15:09.560"
"Price Code","I","Insert",NA,"E6BB0517","C",NA,"183.48|183.48||I|Standard Pricing|173.48|0.00|0.00|10.00|0.00","BRA506","2025-12-08 15:58:04.766"
"Price Code","U","Update","price","E6BB0517","C","183.48","203.48","BRA500","2026-01-31 21:51:34.244"
"Price Code","U","Update","price","E6BB0517","C","203.48","208.48","BRA507","2026-04-14 10:18:28.072"
"Price Code","U","Update","price","E6BB0517","C","208.48","233.48","BRA510","2026-05-05 19:40:46.193"
"Price Code","U","Update","price","E6BB0517","C","233.48","248.48","BRA500","2026-05-14 23:45:13.471"
"Price Code","U","Update","price","E6BB0517","C","248.48","238.48","BRA506","2026-05-16 01:06:24.620"
"Price Code","I","Insert",NA,"E6BB0517","D",NA,"188.17|188.17||I|Standard Pricing|178.17|0.00|0.00|10.00|0.00","BRA508","2025-12-16 07:23:09.098"
"Price Code","U","Update","price","E6BB0517","D","188.17","198.17","BRA510","2026-02-25 01:45:07.283"
"Price Code","U","Update","price","E6BB0517","D","198.17","213.17","BRA502","2026-03-28 12:45:38.453"
"Price Code","I","Insert",NA,"E6BB0517","E",NA,"158.41|158.41||I|Standard Pricing|148.41|0.00|0.00|10.00|0.00","BRA505","2025-11-06 03:57:42.635"
"Price Code","U","Update","price","E6BB0517","E","158.41","163.41","BRA505","2026-01-26 16:15:27.022"
"Price Code","U","Update","price","E6BB0517","E","163.41","193.41","BRA509","2026-03-10 17:26:06.049"
"Price Code","U","Update","price","E6BB0517","E","193.41","213.41","BRA501","2026-05-07 02:23:32.508"
"Price Code","U","Update","price","E6BB0517","E","213.41","198.41","BRA506","2026-05-16 08:05:30.972"
"Price Code","I","Insert",NA,"E6BB0517","F",NA,"116.94|116.94||I|Standard Pricing|106.94|0.00|0.00|10.00|0.00","BRA508","2025-12-10 21:05:35.427"
"Price Code","U","Update","price","E6BB0517","F","116.94","111.94","BRA506","2026-03-22 12:16:22.129"
"Price Code","U","Update","price","E6BB0517","F","111.94","121.94","BRA504","2026-04-10 10:17:56.122"
"Price Code","U","Update","price","E6BB0517","F","121.94","141.94","BRA506","2026-04-15 18:17:30.338"
"Price Code","U","Update","price","E6BB0517","F","141.94","131.94","BRA501","2026-04-21 05:15:09.440"
"Price Code","I","Insert",NA,"E6BB0517","G",NA,"124.88|124.88||I|Standard Pricing|114.88|0.00|0.00|10.00|0.00","BRA508","2025-11-24 05:14:17.410"
"Price Code","U","Update","price","E6BB0517","G","124.88","154.88","BRA500","2026-01-17 14:32:43.537"
"Price Code","U","Update","price","E6BB0517","G","154.88","139.88","BRA507","2026-01-26 08:26:00.335"
"Price Code","U","Update","price","E6BB0517","G","139.88","129.88","BRA509","2026-02-27 12:03:03.769"
"Price Code","U","Update","price","E6BB0517","G","129.88","134.88","BRA506","2026-04-29 05:51:35.803"
"Price Code","U","Update","price","E6BB0517","G","134.88","144.88","BRA503","2026-05-09 20:16:19.247"
"Price Code","I","Insert",NA,"E6BB0517","H",NA,"81.78|81.78||I|Standard Pricing|71.78|0.00|0.00|10.00|0.00","BRA507","2025-11-30 07:05:16.373"
"Price Code","U","Update","price","E6BB0517","H","81.78","91.78","BRA502","2026-03-02 22:20:58.779"
"Price Code","U","Update","price","E6BB0517","H","91.78","86.78","BRA506","2026-03-20 23:57:23.656"
"Price Code","I","Insert",NA,"E6BB0517","I",NA,"74.77|74.77||I|Standard Pricing|64.77|0.00|0.00|10.00|0.00","BRA505","2025-11-26 01:40:16.174"
"Price Code","U","Update","price","E6BB0517","I","74.77","79.77","BRA508","2026-02-06 01:47:00.966"
"Price Code","U","Update","price","E6BB0517","I","79.77","99.77","BRA510","2026-03-22 03:13:10.249"
"Price Code","U","Update","price","E6BB0517","I","99.77","119.77","BRA502","2026-04-24 19:04:26.853"
"Price Code","I","Insert",NA,"E6BB0517","J",NA,"62.84|62.84||I|Standard Pricing|52.84|0.00|0.00|10.00|0.00","BRA505","2025-12-13 14:46:05.547"
"Price Code","U","Update","price","E6BB0517","J","62.84","57.84","BRA509","2026-02-23 08:40:37.623"
"Price Code","U","Update","price","E6BB0517","J","57.84","87.84","BRA503","2026-03-17 06:21:42.080"
"Price Code","I","Insert",NA,"E6BB0517","K",NA,"59.49|59.49||I|Standard Pricing|49.49|0.00|0.00|10.00|0.00","BRA506","2025-12-08 09:17:00.395"
"Price Code","U","Update","price","E6BB0517","K","59.49","84.49","BRA502","2026-01-27 23:23:34.402"
"Price Code","U","Update","price","E6BB0517","K","84.49","99.49","BRA504","2026-04-16 12:01:46.703"
"Price Code","U","Update","price","E6BB0517","K","99.49","129.49","BRA503","2026-05-09 02:56:30.520"
"Price Code","U","Update","price","E6BB0517","K","129.49","139.49","BRA503","2026-05-13 15:00:09.963"
"Price Code","I","Insert",NA,"E6BB0517","L",NA,"38.87|38.87||I|Standard Pricing|28.87|0.00|0.00|10.00|0.00","BRA508","2025-12-16 00:43:33.331"
"Price Code","U","Update","price","E6BB0517","L","38.87","28.87","BRA508","2026-03-22 14:30:46.348"
"Price Code","U","Update","price","E6BB0517","L","28.87","13.87","BRA501","2026-04-01 09:31:10.608"
"Price Code","U","Update","price","E6BB0517","L","13.87","33.87","BRA509","2026-04-11 21:40:21.895"
"Price Code","I","Insert",NA,"E6BB0517","M",NA,"33.85|33.85||I|Standard Pricing|23.85|0.00|0.00|10.00|0.00","BRA502","2025-11-07 20:47:04.928"
"Price Code","U","Update","price","E6BB0517","M","33.85","38.85","BRA509","2026-02-01 12:30:49.697"
"Price Code","U","Update","price","E6BB0517","M","38.85","58.85","BRA503","2026-03-15 01:43:17.633"
"Price Code","U","Update","price","E6BB0517","M","58.85","63.85","BRA506","2026-03-25 18:43:46.314"
"Price Code","U","Update","price","E6BB0517","M","63.85","93.85","BRA507","2026-03-28 10:03:33.047"
"Price Code","I","Insert",NA,"E6BB0520","A",NA,"282.11|282.11||I|Standard Pricing|272.11|0.00|0.00|10.00|0.00","BRA510","2025-11-07 07:36:13.223"
"Price Code","U","Update","price","E6BB0520","A","282.11","302.11","BRA500","2026-01-16 07:09:04.078"
"Price Code","U","Update","price","E6BB0520","A","302.11","312.11","BRA509","2026-02-01 00:08:01.010"
"Price Code","U","Update","price","E6BB0520","A","312.11","307.11","BRA500","2026-02-13 14:39:03.361"
"Price Code","U","Update","price","E6BB0520","A","307.11","317.11","BRA507","2026-04-03 09:02:11.595"
"Price Code","U","Update","price","E6BB0520","A","317.11","332.11","BRA504","2026-05-13 05:19:49.103"
"Price Code","I","Insert",NA,"E6BB0520","B",NA,"238.59|238.59||I|Standard Pricing|228.59|0.00|0.00|10.00|0.00","BRA505","2025-11-30 09:41:43.961"
"Price Code","U","Update","price","E6BB0520","B","238.59","258.59","BRA504","2026-02-27 02:13:02.937"
"Price Code","U","Update","price","E6BB0520","B","258.59","243.59","BRA508","2026-04-18 06:53:14.397"
"Price Code","U","Update","price","E6BB0520","B","243.59","253.59","BRA501","2026-04-19 10:03:58.867"
"Price Code","I","Insert",NA,"E6BB0520","C",NA,"167.16|167.16||I|Standard Pricing|157.16|0.00|0.00|10.00|0.00","BRA508","2025-11-10 04:58:10.752"
"Price Code","U","Update","price","E6BB0520","C","167.16","182.16","BRA500","2026-01-20 02:20:17.406"
"Price Code","U","Update","price","E6BB0520","C","182.16","177.16","BRA504","2026-02-06 23:15:04.320"
"Price Code","U","Update","price","E6BB0520","C","177.16","192.16","BRA506","2026-03-15 00:10:56.732"
"Price Code","U","Update","price","E6BB0520","C","192.16","187.16","BRA508","2026-04-13 20:10:17.410"
"Price Code","U","Update","price","E6BB0520","C","187.16","192.16","BRA507","2026-04-23 11:30:28.968"
"Price Code","I","Insert",NA,"E6BB0520","D",NA,"178.5|178.5||I|Standard Pricing|168.5|0.00|0.00|10.00|0.00","BRA503","2025-12-12 20:56:58.135"
"Price Code","U","Update","price","E6BB0520","D","178.5","183.5","BRA510","2026-03-21 00:20:09.188"
"Price Code","U","Update","price","E6BB0520","D","183.5","213.5","BRA509","2026-05-16 01:12:15.114"
"Price Code","I","Insert",NA,"E6BB0520","E",NA,"153.89|153.89||I|Standard Pricing|143.89|0.00|0.00|10.00|0.00","BRA504","2025-11-17 05:12:45.484"
"Price Code","U","Update","price","E6BB0520","E","153.89","158.89","BRA505","2026-01-25 16:01:47.818"
"Price Code","U","Update","price","E6BB0520","E","158.89","183.89","BRA504","2026-03-26 08:47:28.567"
"Price Code","U","Update","price","E6BB0520","E","183.89","193.89","BRA510","2026-04-24 18:45:38.626"
"Price Code","I","Insert",NA,"E6BB0520","F",NA,"132.03|132.03||I|Standard Pricing|122.03|0.00|0.00|10.00|0.00","BRA508","2025-11-09 23:55:54.763"
"Price Code","U","Update","price","E6BB0520","F","132.03","127.03","BRA503","2026-03-10 10:37:26.446"
"Price Code","U","Update","price","E6BB0520","F","127.03","137.03","BRA502","2026-03-21 07:56:02.161"
"Price Code","U","Update","price","E6BB0520","F","137.03","122.03","BRA502","2026-04-23 11:32:53.247"
"Price Code","U","Update","price","E6BB0520","F","122.03","112.03","BRA500","2026-05-15 09:19:47.758"
"Price Code","U","Update","price","E6BB0520","F","112.03","127.03","BRA503","2026-05-17 16:45:43.768"
"Price Code","I","Insert",NA,"E6BB0520","G",NA,"114.21|114.21||I|Standard Pricing|104.21|0.00|0.00|10.00|0.00","BRA505","2025-11-13 02:30:22.617"
"Price Code","U","Update","price","E6BB0520","G","114.21","134.21","BRA510","2026-01-27 05:54:47.448"
"Price Code","U","Update","price","E6BB0520","G","134.21","164.21","BRA506","2026-02-16 14:07:26.911"
"Price Code","U","Update","price","E6BB0520","G","164.21","194.21","BRA500","2026-02-21 07:40:11.257"
"Price Code","U","Update","price","E6BB0520","G","194.21","179.21","BRA501","2026-03-26 01:31:03.636"
"Price Code","I","Insert",NA,"E6BB0520","H",NA,"89.41|89.41||I|Standard Pricing|79.41|0.00|0.00|10.00|0.00","BRA510","2025-11-16 12:05:46.058"
"Price Code","U","Update","price","E6BB0520","H","89.41","109.41","BRA509","2026-01-23 22:36:03.936"
"Price Code","U","Update","price","E6BB0520","H","109.41","134.41","BRA506","2026-02-03 05:22:15.297"
"Price Code","U","Update","price","E6BB0520","H","134.41","144.41","BRA505","2026-02-27 10:55:50.446"
"Price Code","I","Insert",NA,"E6BB0520","I",NA,"65.1|65.1||I|Standard Pricing|55.1|0.00|0.00|10.00|0.00","BRA509","2025-11-26 12:41:20.047"
"Price Code","U","Update","price","E6BB0520","I","65.1","50.1","BRA507","2026-02-15 09:16:40.384"
"Price Code","U","Update","price","E6BB0520","I","50.1","80.1","BRA507","2026-04-10 12:26:45.425"
"Price Code","U","Update","price","E6BB0520","I","80.1","100.1","BRA510","2026-05-05 15:26:19.511"
"Price Code","I","Insert",NA,"E6BB0520","J",NA,"60.77|60.77||I|Standard Pricing|50.77|0.00|0.00|10.00|0.00","BRA506","2025-11-20 06:30:50.052"
"Price Code","U","Update","price","E6BB0520","J","60.77","80.77","BRA504","2026-01-30 21:39:01.587"
"Price Code","U","Update","price","E6BB0520","J","80.77","70.77","BRA508","2026-03-04 02:28:51.618"
"Price Code","U","Update","price","E6BB0520","J","70.77","55.77","BRA505","2026-05-17 08:19:18.043"
"Price Code","I","Insert",NA,"E6BB0520","K",NA,"47.08|47.08||I|Standard Pricing|37.08|0.00|0.00|10.00|0.00","BRA510","2025-12-06 04:09:01.677"
"Price Code","U","Update","price","E6BB0520","K","47.08","67.08","BRA505","2026-01-20 17:03:44.013"
"Price Code","U","Update","price","E6BB0520","K","67.08","52.08","BRA506","2026-02-11 21:10:36.830"
"Price Code","U","Update","price","E6BB0520","K","52.08","77.08","BRA505","2026-03-13 00:23:54.178"
"Price Code","I","Insert",NA,"E6BB0520","L",NA,"51.32|51.32||I|Standard Pricing|41.32|0.00|0.00|10.00|0.00","BRA503","2025-12-09 19:30:53.005"
"Price Code","U","Update","price","E6BB0520","L","51.32","41.32","BRA507","2026-03-05 06:17:20.801"
"Price Code","U","Update","price","E6BB0520","L","41.32","61.32","BRA503","2026-03-24 08:46:31.962"
"Price Code","U","Update","price","E6BB0520","L","61.32","86.32","BRA506","2026-03-31 07:20:50.883"
"Price Code","U","Update","price","E6BB0520","L","86.32","101.32","BRA505","2026-04-19 17:17:06.930"
"Price Code","U","Update","price","E6BB0520","L","101.32","91.32","BRA508","2026-04-23 04:57:34.195"
"Price Code","I","Insert",NA,"E6BB0520","M",NA,"39.83|39.83||I|Standard Pricing|29.83|0.00|0.00|10.00|0.00","BRA508","2025-11-26 19:26:02.874"
"Price Code","U","Update","price","E6BB0520","M","39.83","69.83","BRA507","2026-02-02 01:28:16.395"
"Price Code","U","Update","price","E6BB0520","M","69.83","64.83","BRA506","2026-02-09 11:52:22.295"
"Price Code","U","Update","price","E6BB0520","M","64.83","69.83","BRA505","2026-03-18 17:44:46.353"
"Price Code","U","Update","price","E6BB0520","M","69.83","84.83","BRA508","2026-04-16 19:00:40.165"
"Price Code","U","Update","price","E6BB0520","M","84.83","104.83","BRA506","2026-05-13 02:42:30.602"
"Price Code","I","Insert",NA,"E6BB0520","N",NA,"26.12|26.12||I|Standard Pricing|16.12|0.00|0.00|10.00|0.00","BRA504","2025-12-06 12:05:23.627"
"Price Code","U","Update","price","E6BB0520","N","26.12","36.12","BRA504","2026-01-20 00:49:26.257"
"Price Code","U","Update","price","E6BB0520","N","36.12","31.12","BRA500","2026-04-19 07:52:34.487"
"Price Code","U","Update","price","E6BB0520","N","31.12","56.12","BRA509","2026-05-05 14:20:57.075"
"Price Code","I","Insert",NA,"E6BB0520","O",NA,"20.66|20.66||I|Standard Pricing|10.66|0.00|0.00|10.00|0.00","BRA506","2025-12-02 09:26:09.449"
"Price Code","U","Update","price","E6BB0520","O","20.66","40.66","BRA500","2026-02-18 01:15:37.711"
"Price Code","U","Update","price","E6BB0520","O","40.66","55.66","BRA501","2026-03-13 08:36:20.180"
"Price Code","U","Update","price","E6BB0520","O","55.66","40.66","BRA500","2026-03-16 06:55:49.112"
"Price Code","I","Insert",NA,"E6BB0520","P",NA,"18.48|18.48||I|Standard Pricing|8.48|0.00|0.00|10.00|0.00","BRA509","2025-11-11 01:41:14.276"
"Price Code","U","Update","price","E6BB0520","P","18.48","10","BRA505","2026-03-05 14:26:46.946"
"Price Code","U","Update","price","E6BB0520","P","10","35","BRA501","2026-03-11 22:32:55.582"
"Price Code","U","Update","price","E6BB0520","P","35","55","BRA503","2026-03-21 11:46:15.290"
"Price Code","I","Insert",NA,"E6BB0522","A",NA,"286.9|286.9||I|Standard Pricing|276.9|0.00|0.00|10.00|0.00","BRA503","2025-11-16 09:51:06.327"
"Price Code","U","Update","price","E6BB0522","A","286.9","306.9","BRA502","2026-01-23 10:13:28.910"
"Price Code","U","Update","price","E6BB0522","A","306.9","296.9","BRA506","2026-01-25 01:48:32.471"
"Price Code","U","Update","price","E6BB0522","A","296.9","326.9","BRA509","2026-03-24 03:16:26.897"
"Price Code","U","Update","price","E6BB0522","A","326.9","346.9","BRA501","2026-04-07 16:48:47.444"
"Price Code","I","Insert",NA,"E6BB0522","B",NA,"198.65|198.65||I|Standard Pricing|188.65|0.00|0.00|10.00|0.00","BRA509","2025-12-02 19:16:17.900"
"Price Code","U","Update","price","E6BB0522","B","198.65","203.65","BRA501","2026-03-04 09:12:57.344"
"Price Code","U","Update","price","E6BB0522","B","203.65","213.65","BRA503","2026-03-17 18:07:27.901"
"Price Code","U","Update","price","E6BB0522","B","213.65","233.65","BRA504","2026-04-04 23:26:59.257"
"Price Code","U","Update","price","E6BB0522","B","233.65","263.65","BRA505","2026-04-29 00:46:53.446"
"Price Code","U","Update","price","E6BB0522","B","263.65","278.65","BRA510","2026-04-30 20:44:48.855"
"Price Code","I","Insert",NA,"E6BB0522","C",NA,"200.17|200.17||I|Standard Pricing|190.17|0.00|0.00|10.00|0.00","BRA506","2025-11-02 12:37:28.105"
"Price Code","U","Update","price","E6BB0522","C","200.17","215.17","BRA503","2026-01-25 03:51:05.812"
"Price Code","U","Update","price","E6BB0522","C","215.17","235.17","BRA500","2026-05-14 21:01:17.678"
"Price Code","U","Update","price","E6BB0522","C","235.17","225.17","BRA500","2026-05-15 20:53:50.173"
"Price Code","I","Insert",NA,"E6BB0522","D",NA,"157.25|157.25||I|Standard Pricing|147.25|0.00|0.00|10.00|0.00","BRA507","2025-12-08 06:37:49.967"
"Price Code","U","Update","price","E6BB0522","D","157.25","172.25","BRA503","2026-02-07 17:54:06.638"
"Price Code","U","Update","price","E6BB0522","D","172.25","177.25","BRA501","2026-03-27 15:41:08.136"
"Price Code","U","Update","price","E6BB0522","D","177.25","162.25","BRA503","2026-04-10 15:03:35.923"
"Price Code","I","Insert",NA,"E6BB0522","E",NA,"130.98|130.98||I|Standard Pricing|120.98|0.00|0.00|10.00|0.00","BRA505","2025-12-16 03:19:51.459"
"Price Code","U","Update","price","E6BB0522","E","130.98","120.98","BRA504","2026-02-24 05:56:57.659"
"Price Code","U","Update","price","E6BB0522","E","120.98","125.98","BRA508","2026-03-14 05:39:12.522"
"Price Code","U","Update","price","E6BB0522","E","125.98","135.98","BRA500","2026-03-29 09:48:37.345"
"Price Code","U","Update","price","E6BB0522","E","135.98","125.98","BRA506","2026-04-21 00:23:18.139"
"Price Code","I","Insert",NA,"E6BB0522","F",NA,"141|141||I|Standard Pricing|131|0.00|0.00|10.00|0.00","BRA505","2025-11-08 14:55:39.270"
"Price Code","U","Update","price","E6BB0522","F","141","166","BRA509","2026-02-01 17:15:27.517"
"Price Code","U","Update","price","E6BB0522","F","166","196","BRA510","2026-02-02 14:37:50.500"
"Price Code","U","Update","price","E6BB0522","F","196","181","BRA502","2026-02-21 13:31:01.768"
"Price Code","U","Update","price","E6BB0522","F","181","201","BRA510","2026-05-02 13:31:07.278"
"Price Code","U","Update","price","E6BB0522","F","201","196","BRA502","2026-05-17 04:45:37.669"
"Price Code","I","Insert",NA,"E6BB0522","G",NA,"102.84|102.84||I|Standard Pricing|92.84|0.00|0.00|10.00|0.00","BRA506","2025-12-13 00:34:00.344"
"Price Code","U","Update","price","E6BB0522","G","102.84","107.84","BRA506","2026-03-03 16:24:24.554"
"Price Code","U","Update","price","E6BB0522","G","107.84","132.84","BRA502","2026-03-19 17:32:58.710"
"Price Code","I","Insert",NA,"E6BB0522","H",NA,"108.69|108.69||I|Standard Pricing|98.69|0.00|0.00|10.00|0.00","BRA507","2025-12-05 03:06:45.006"
"Price Code","U","Update","price","E6BB0522","H","108.69","118.69","BRA510","2026-01-16 06:31:28.286"
"Price Code","U","Update","price","E6BB0522","H","118.69","148.69","BRA505","2026-02-19 07:40:28.730"
"Price Code","U","Update","price","E6BB0522","H","148.69","168.69","BRA506","2026-04-16 22:57:08.939"
"Price Code","U","Update","price","E6BB0522","H","168.69","178.69","BRA504","2026-05-09 03:19:36.122"
"Price Code","U","Update","price","E6BB0522","H","178.69","188.69","BRA507","2026-05-14 19:32:58.508"
"Price Code","I","Insert",NA,"E6BB0522","I",NA,"76.54|76.54||I|Standard Pricing|66.54|0.00|0.00|10.00|0.00","BRA506","2025-12-06 13:43:34.416"
"Price Code","U","Update","price","E6BB0522","I","76.54","61.54","BRA510","2026-03-21 20:16:30.594"
"Price Code","U","Update","price","E6BB0522","I","61.54","86.54","BRA504","2026-05-10 04:20:45.311"
"Price Code","I","Insert",NA,"E6BB0522","J",NA,"73.08|73.08||I|Standard Pricing|63.08|0.00|0.00|10.00|0.00","BRA508","2025-11-04 02:40:51.526"
"Price Code","U","Update","price","E6BB0522","J","73.08","78.08","BRA510","2026-01-16 05:22:49.502"
"Price Code","U","Update","price","E6BB0522","J","78.08","68.08","BRA503","2026-04-14 19:03:50.329"
"Price Code","U","Update","price","E6BB0522","J","68.08","58.08","BRA501","2026-05-09 02:29:32.798"
"Price Code","U","Update","price","E6BB0522","J","58.08","63.08","BRA500","2026-05-09 21:20:28.678"
"Price Code","I","Insert",NA,"E6BB0522","K",NA,"59.17|59.17||I|Standard Pricing|49.17|0.00|0.00|10.00|0.00","BRA510","2025-11-25 22:37:44.453"
"Price Code","U","Update","price","E6BB0522","K","59.17","54.17","BRA500","2026-02-07 19:13:59.485"
"Price Code","U","Update","price","E6BB0522","K","54.17","74.17","BRA505","2026-03-22 02:43:43.908"
"Price Code","I","Insert",NA,"E6BB0522","L",NA,"44.8|44.8||I|Standard Pricing|34.8|0.00|0.00|10.00|0.00","BRA510","2025-12-11 21:03:12.118"
"Price Code","U","Update","price","E6BB0522","L","44.8","29.8","BRA505","2026-02-04 01:02:48.577"
"Price Code","U","Update","price","E6BB0522","L","29.8","14.8","BRA506","2026-03-24 03:27:25.140"
"Price Code","U","Update","price","E6BB0522","L","14.8","10","BRA510","2026-03-26 10:41:32.445"
"Price Code","I","Insert",NA,"E6BB0522","M",NA,"37.26|37.26||I|Standard Pricing|27.26|0.00|0.00|10.00|0.00","BRA501","2025-11-19 11:08:07.842"
"Price Code","U","Update","price","E6BB0522","M","37.26","62.26","BRA503","2026-01-16 23:30:04.389"
"Price Code","U","Update","price","E6BB0522","M","62.26","87.26","BRA509","2026-02-16 07:36:04.270"
"Price Code","U","Update","price","E6BB0522","M","87.26","102.26","BRA507","2026-02-25 22:09:32.027"
"Price Code","U","Update","price","E6BB0522","M","102.26","122.26","BRA505","2026-05-13 16:19:06.046"
"Price Code","I","Insert",NA,"E6BB0523","A",NA,"236.76|236.76||I|Standard Pricing|226.76|0.00|0.00|10.00|0.00","BRA507","2025-11-19 22:10:33.889"
"Price Code","U","Update","price","E6BB0523","A","236.76","246.76","BRA503","2026-03-30 05:59:40.730"
"Price Code","U","Update","price","E6BB0523","A","246.76","256.76","BRA502","2026-04-02 23:37:20.060"
"Price Code","U","Update","price","E6BB0523","A","256.76","266.76","BRA510","2026-04-04 14:50:29.392"
"Price Code","I","Insert",NA,"E6BB0523","B",NA,"209.41|209.41||I|Standard Pricing|199.41|0.00|0.00|10.00|0.00","BRA506","2025-11-03 01:45:43.748"
"Price Code","U","Update","price","E6BB0523","B","209.41","239.41","BRA502","2026-03-07 21:06:22.477"
"Price Code","U","Update","price","E6BB0523","B","239.41","244.41","BRA502","2026-05-07 06:22:13.574"
"Price Code","I","Insert",NA,"E6BB0523","C",NA,"199.31|199.31||I|Standard Pricing|189.31|0.00|0.00|10.00|0.00","BRA507","2025-11-18 21:57:39.625"
"Price Code","U","Update","price","E6BB0523","C","199.31","229.31","BRA502","2026-02-27 07:21:26.054"
"Price Code","U","Update","price","E6BB0523","C","229.31","244.31","BRA504","2026-03-01 05:13:23.452"
"Price Code","U","Update","price","E6BB0523","C","244.31","239.31","BRA500","2026-03-26 20:50:42.424"
"Price Code","U","Update","price","E6BB0523","C","239.31","234.31","BRA504","2026-04-06 22:19:38.534"
"Price Code","U","Update","price","E6BB0523","C","234.31","219.31","BRA507","2026-04-29 00:07:28.074"
"Price Code","I","Insert",NA,"E6BB0523","D",NA,"176.71|176.71||I|Standard Pricing|166.71|0.00|0.00|10.00|0.00","BRA505","2025-12-15 10:02:58.943"
"Price Code","U","Update","price","E6BB0523","D","176.71","161.71","BRA510","2026-02-11 08:12:30.327"
"Price Code","U","Update","price","E6BB0523","D","161.71","146.71","BRA507","2026-02-18 16:14:47.870"
"Price Code","U","Update","price","E6BB0523","D","146.71","131.71","BRA506","2026-04-17 19:12:27.393"
"Price Code","I","Insert",NA,"E6BB0523","E",NA,"155.03|155.03||I|Standard Pricing|145.03|0.00|0.00|10.00|0.00","BRA504","2025-11-30 22:47:35.754"
"Price Code","U","Update","price","E6BB0523","E","155.03","145.03","BRA502","2026-03-22 09:16:38.291"
"Price Code","U","Update","price","E6BB0523","E","145.03","170.03","BRA500","2026-05-07 00:59:16.073"
"Price Code","U","Update","price","E6BB0523","E","170.03","200.03","BRA507","2026-05-22 03:16:57.667"
"Price Code","I","Insert",NA,"E6BB0523","F",NA,"106.81|106.81||I|Standard Pricing|96.81|0.00|0.00|10.00|0.00","BRA504","2025-12-11 04:17:55.078"
"Price Code","U","Update","price","E6BB0523","F","106.81","96.81","BRA501","2026-03-13 09:36:26.107"
"Price Code","U","Update","price","E6BB0523","F","96.81","126.81","BRA510","2026-03-13 14:44:28.365"
"Price Code","U","Update","price","E6BB0523","F","126.81","146.81","BRA503","2026-03-30 17:45:47.280"
"Price Code","U","Update","price","E6BB0523","F","146.81","141.81","BRA505","2026-03-31 11:33:07.930"
"Price Code","I","Insert",NA,"E6BB0523","G",NA,"101.56|101.56||I|Standard Pricing|91.56|0.00|0.00|10.00|0.00","BRA505","2025-11-11 10:27:33.344"
"Price Code","U","Update","price","E6BB0523","G","101.56","121.56","BRA507","2026-02-02 17:51:11.514"
"Price Code","U","Update","price","E6BB0523","G","121.56","116.56","BRA510","2026-03-19 05:46:23.748"
"Price Code","U","Update","price","E6BB0523","G","116.56","146.56","BRA506","2026-04-03 16:41:28.044"
"Price Code","U","Update","price","E6BB0523","G","146.56","141.56","BRA502","2026-04-17 14:47:10.051"
"Price Code","I","Insert",NA,"E6BB0523","H",NA,"82.52|82.52||I|Standard Pricing|72.52|0.00|0.00|10.00|0.00","BRA506","2025-12-02 20:51:29.518"
"Price Code","U","Update","price","E6BB0523","H","82.52","87.52","BRA500","2026-01-28 12:37:06.408"
"Price Code","U","Update","price","E6BB0523","H","87.52","117.52","BRA503","2026-02-11 17:47:31.363"
"Price Code","U","Update","price","E6BB0523","H","117.52","102.52","BRA501","2026-02-28 03:53:08.028"
"Price Code","U","Update","price","E6BB0523","H","102.52","132.52","BRA505","2026-03-15 10:52:11.642"
"Price Code","U","Update","price","E6BB0523","H","132.52","152.52","BRA500","2026-04-08 09:37:24.737"
"Price Code","I","Insert",NA,"E6BB0523","I",NA,"73.27|73.27||I|Standard Pricing|63.27|0.00|0.00|10.00|0.00","BRA504","2025-11-24 13:34:46.608"
"Price Code","U","Update","price","E6BB0523","I","73.27","93.27","BRA503","2026-03-30 22:34:48.459"
"Price Code","U","Update","price","E6BB0523","I","93.27","103.27","BRA504","2026-04-17 05:53:21.105"
"Price Code","U","Update","price","E6BB0523","I","103.27","128.27","BRA503","2026-05-03 02:33:09.847"
"Price Code","I","Insert",NA,"E6BB0523","J",NA,"74.14|74.14||I|Standard Pricing|64.14|0.00|0.00|10.00|0.00","BRA506","2025-11-24 05:00:40.973"
"Price Code","U","Update","price","E6BB0523","J","74.14","84.14","BRA506","2026-02-27 19:01:22.879"
"Price Code","U","Update","price","E6BB0523","J","84.14","109.14","BRA502","2026-03-25 04:42:21.362"
"Price Code","U","Update","price","E6BB0523","J","109.14","134.14","BRA506","2026-03-30 11:27:15.481"
"Price Code","I","Insert",NA,"E6BB0523","K",NA,"51.69|51.69||I|Standard Pricing|41.69|0.00|0.00|10.00|0.00","BRA505","2025-12-16 08:57:19.719"
"Price Code","U","Update","price","E6BB0523","K","51.69","46.69","BRA500","2026-04-16 19:32:52.858"
"Price Code","U","Update","price","E6BB0523","K","46.69","36.69","BRA501","2026-05-03 20:35:03.028"
"Price Code","U","Update","price","E6BB0523","K","36.69","51.69","BRA501","2026-05-06 19:21:52.419"
"Price Code","I","Insert",NA,"E6BB0523","L",NA,"46.43|46.43||I|Standard Pricing|36.43|0.00|0.00|10.00|0.00","BRA508","2025-11-22 03:46:02.770"
"Price Code","U","Update","price","E6BB0523","L","46.43","51.43","BRA504","2026-02-21 19:37:45.816"
"Price Code","U","Update","price","E6BB0523","L","51.43","36.43","BRA510","2026-02-24 14:58:29.439"
"Price Code","U","Update","price","E6BB0523","L","36.43","46.43","BRA508","2026-03-27 08:44:36.420"
"Price Code","U","Update","price","E6BB0523","L","46.43","51.43","BRA506","2026-04-06 08:30:45.199"
"Price Code","U","Update","price","E6BB0523","L","51.43","36.43","BRA507","2026-05-02 09:00:09.845"
"Price Code","I","Insert",NA,"E6BB0523","M",NA,"35.82|35.82||I|Standard Pricing|25.82|0.00|0.00|10.00|0.00","BRA507","2025-11-05 05:51:48.784"
"Price Code","U","Update","price","E6BB0523","M","35.82","50.82","BRA502","2026-01-28 20:26:16.485"
"Price Code","U","Update","price","E6BB0523","M","50.82","40.82","BRA506","2026-02-12 05:30:53.106"
"Price Code","U","Update","price","E6BB0523","M","40.82","55.82","BRA508","2026-03-22 11:30:01.423"
"Price Code","U","Update","price","E6BB0523","M","55.82","85.82","BRA501","2026-04-06 05:13:06.868"
"Price Code","I","Insert",NA,"E6BB0523","N",NA,"30.07|30.07||I|Standard Pricing|20.07|0.00|0.00|10.00|0.00","BRA504","2025-12-02 11:55:04.588"
"Price Code","U","Update","price","E6BB0523","N","30.07","35.07","BRA500","2026-01-20 18:48:02.834"
"Price Code","U","Update","price","E6BB0523","N","35.07","65.07","BRA509","2026-01-24 12:13:29.767"
"Price Code","U","Update","price","E6BB0523","N","65.07","85.07","BRA504","2026-03-11 03:08:23.526"
"Price Code","I","Insert",NA,"E6BB0523","O",NA,"23.36|23.36||I|Standard Pricing|13.36|0.00|0.00|10.00|0.00","BRA504","2025-11-07 00:33:38.593"
"Price Code","U","Update","price","E6BB0523","O","23.36","48.36","BRA506","2026-02-20 06:53:45.256"
"Price Code","U","Update","price","E6BB0523","O","48.36","73.36","BRA506","2026-02-22 17:33:10.704"
"Price Code","U","Update","price","E6BB0523","O","73.36","98.36","BRA502","2026-04-25 14:19:46.930"
"Price Code","U","Update","price","E6BB0523","O","98.36","103.36","BRA500","2026-05-22 20:47:49.498"
"Price Code","I","Insert",NA,"E6BB0524","A",NA,"278.71|278.71||I|Standard Pricing|268.71|0.00|0.00|10.00|0.00","BRA504","2025-11-07 20:58:55.523"
"Price Code","U","Update","price","E6BB0524","A","278.71","263.71","BRA501","2026-01-17 19:32:56.694"
"Price Code","U","Update","price","E6BB0524","A","263.71","248.71","BRA502","2026-02-09 07:28:20.605"
"Price Code","U","Update","price","E6BB0524","A","248.71","258.71","BRA507","2026-03-26 04:57:32.573"
"Price Code","U","Update","price","E6BB0524","A","258.71","283.71","BRA502","2026-05-07 05:44:00.825"
"Price Code","U","Update","price","E6BB0524","A","283.71","313.71","BRA510","2026-05-23 13:10:01.817"
"Price Code","I","Insert",NA,"E6BB0524","B",NA,"237.88|237.88||I|Standard Pricing|227.88|0.00|0.00|10.00|0.00","BRA502","2025-11-14 19:43:31.527"
"Price Code","U","Update","price","E6BB0524","B","237.88","247.88","BRA503","2026-02-23 05:46:53.886"
"Price Code","U","Update","price","E6BB0524","B","247.88","262.88","BRA501","2026-03-22 07:17:21.328"
"Price Code","I","Insert",NA,"E6BB0524","C",NA,"167.75|167.75||I|Standard Pricing|157.75|0.00|0.00|10.00|0.00","BRA500","2025-12-13 05:48:57.360"
"Price Code","U","Update","price","E6BB0524","C","167.75","162.75","BRA503","2026-03-08 16:00:47.701"
"Price Code","U","Update","price","E6BB0524","C","162.75","152.75","BRA508","2026-03-18 13:09:46.271"
"Price Code","U","Update","price","E6BB0524","C","152.75","147.75","BRA501","2026-04-30 21:22:19.616"
"Price Code","I","Insert",NA,"E6BB0524","D",NA,"189.33|189.33||I|Standard Pricing|179.33|0.00|0.00|10.00|0.00","BRA502","2025-11-23 07:52:14.652"
"Price Code","U","Update","price","E6BB0524","D","189.33","219.33","BRA500","2026-02-04 22:06:00.983"
"Price Code","U","Update","price","E6BB0524","D","219.33","244.33","BRA506","2026-02-22 16:21:01.703"
"Price Code","U","Update","price","E6BB0524","D","244.33","249.33","BRA509","2026-03-30 11:09:25.782"
"Price Code","U","Update","price","E6BB0524","D","249.33","259.33","BRA503","2026-05-11 16:16:33.221"
"Price Code","U","Update","price","E6BB0524","D","259.33","274.33","BRA503","2026-05-20 02:47:54.739"
"Price Code","I","Insert",NA,"E6BB0524","E",NA,"155.11|155.11||I|Standard Pricing|145.11|0.00|0.00|10.00|0.00","BRA509","2025-11-26 00:13:01.706"
"Price Code","U","Update","price","E6BB0524","E","155.11","160.11","BRA506","2026-01-18 16:48:56.216"
"Price Code","U","Update","price","E6BB0524","E","160.11","175.11","BRA505","2026-03-30 16:57:59.518"
"Price Code","U","Update","price","E6BB0524","E","175.11","165.11","BRA502","2026-05-20 15:38:40.691"
"Price Code","I","Insert",NA,"E6BB0524","F",NA,"132.1|132.1||I|Standard Pricing|122.1|0.00|0.00|10.00|0.00","BRA506","2025-11-10 12:34:21.164"
"Price Code","U","Update","price","E6BB0524","F","132.1","127.1","BRA506","2026-03-10 19:09:08.845"
"Price Code","U","Update","price","E6BB0524","F","127.1","137.1","BRA505","2026-05-10 02:31:51.370"
"Price Code","I","Insert",NA,"E6BB0524","G",NA,"118.64|118.64||I|Standard Pricing|108.64|0.00|0.00|10.00|0.00","BRA505","2025-12-01 03:11:38.109"
"Price Code","U","Update","price","E6BB0524","G","118.64","143.64","BRA502","2026-01-30 12:58:22.553"
"Price Code","U","Update","price","E6BB0524","G","143.64","133.64","BRA504","2026-02-28 15:58:11.815"
"Price Code","I","Insert",NA,"E6BB0524","H",NA,"85.39|85.39||I|Standard Pricing|75.39|0.00|0.00|10.00|0.00","BRA502","2025-11-04 09:49:20.004"
"Price Code","U","Update","price","E6BB0524","H","85.39","70.39","BRA509","2026-02-26 23:30:51.284"
"Price Code","U","Update","price","E6BB0524","H","70.39","80.39","BRA508","2026-03-14 10:05:45.373"
"Price Code","U","Update","price","E6BB0524","H","80.39","95.39","BRA510","2026-04-20 06:28:05.227"
"Price Code","U","Update","price","E6BB0524","H","95.39","80.39","BRA501","2026-05-09 09:24:41.294"
"Price Code","I","Insert",NA,"E6BB0524","I",NA,"68.13|68.13||I|Standard Pricing|58.13|0.00|0.00|10.00|0.00","BRA508","2025-11-12 02:34:31.126"
"Price Code","U","Update","price","E6BB0524","I","68.13","53.13","BRA500","2026-01-26 11:59:43.229"
"Price Code","U","Update","price","E6BB0524","I","53.13","78.13","BRA500","2026-01-29 19:52:03.977"
"Price Code","U","Update","price","E6BB0524","I","78.13","83.13","BRA508","2026-03-11 14:23:49.620"
"Price Code","U","Update","price","E6BB0524","I","83.13","68.13","BRA500","2026-05-15 08:37:40.532"
"Price Code","I","Insert",NA,"E6BB0524","J",NA,"56.17|56.17||I|Standard Pricing|46.17|0.00|0.00|10.00|0.00","BRA504","2025-11-13 10:16:55.521"
"Price Code","U","Update","price","E6BB0524","J","56.17","81.17","BRA501","2026-04-09 17:27:10.863"
"Price Code","U","Update","price","E6BB0524","J","81.17","91.17","BRA504","2026-05-13 15:48:26.099"
"Price Code","I","Insert",NA,"E6BB0524","K",NA,"58.43|58.43||I|Standard Pricing|48.43|0.00|0.00|10.00|0.00","BRA503","2025-11-15 13:14:16.320"
"Price Code","U","Update","price","E6BB0524","K","58.43","83.43","BRA501","2026-03-31 05:09:43.233"
"Price Code","U","Update","price","E6BB0524","K","83.43","78.43","BRA502","2026-04-01 01:48:09.092"
"Price Code","U","Update","price","E6BB0524","K","78.43","88.43","BRA506","2026-04-13 03:41:26.598"
"Price Code","U","Update","price","E6BB0524","K","88.43","73.43","BRA503","2026-04-28 00:15:11.424"
"Price Code","I","Insert",NA,"E6BB0524","L",NA,"50.96|50.96||I|Standard Pricing|40.96|0.00|0.00|10.00|0.00","BRA506","2025-11-09 12:04:58.759"
"Price Code","U","Update","price","E6BB0524","L","50.96","40.96","BRA510","2026-03-01 06:48:17.683"
"Price Code","U","Update","price","E6BB0524","L","40.96","65.96","BRA510","2026-03-26 09:17:09.220"
"Price Code","U","Update","price","E6BB0524","L","65.96","85.96","BRA502","2026-04-17 14:40:16.414"
"Price Code","U","Update","price","E6BB0524","L","85.96","110.96","BRA500","2026-05-06 11:59:26.727"
"Price Code","I","Insert",NA,"E6BB0524","M",NA,"32.17|32.17||I|Standard Pricing|22.17|0.00|0.00|10.00|0.00","BRA504","2025-12-08 06:56:08.824"
"Price Code","U","Update","price","E6BB0524","M","32.17","27.17","BRA500","2026-02-25 15:59:45.833"
"Price Code","U","Update","price","E6BB0524","M","27.17","42.17","BRA502","2026-03-18 01:26:16.995"
"Price Code","U","Update","price","E6BB0524","M","42.17","37.17","BRA505","2026-03-26 13:22:48.300"
"Price Code","I","Insert",NA,"E6BB0524","N",NA,"24.46|24.46||I|Standard Pricing|14.46|0.00|0.00|10.00|0.00","BRA505","2025-11-28 02:26:00.927"
"Price Code","U","Update","price","E6BB0524","N","24.46","10","BRA505","2026-02-10 13:35:23.923"
"Price Code","U","Update","price","E6BB0524","N","10","30","BRA503","2026-02-27 00:13:11.563"
"Price Code","I","Insert",NA,"E6BB0524","O",NA,"23.96|23.96||I|Standard Pricing|13.96|0.00|0.00|10.00|0.00","BRA504","2025-12-12 06:41:11.364"
"Price Code","U","Update","price","E6BB0524","O","23.96","43.96","BRA506","2026-01-20 05:33:16.110"
"Price Code","U","Update","price","E6BB0524","O","43.96","48.96","BRA501","2026-01-28 23:36:56.994"
"Price Code","U","Update","price","E6BB0524","O","48.96","43.96","BRA502","2026-04-20 18:26:36.659"
"Price Code","U","Update","price","E6BB0524","O","43.96","63.96","BRA506","2026-05-07 23:29:08.480"
"Price Code","U","Update","price","E6BB0524","O","63.96","53.96","BRA500","2026-05-19 05:06:13.103"
"Price Code","I","Insert",NA,"E6BB0525","A",NA,"223.01|223.01||I|Standard Pricing|213.01|0.00|0.00|10.00|0.00","BRA504","2025-12-04 23:17:45.516"
"Price Code","U","Update","price","E6BB0525","A","223.01","253.01","BRA507","2026-03-17 10:04:53.153"
"Price Code","U","Update","price","E6BB0525","A","253.01","243.01","BRA507","2026-03-24 16:13:07.599"
"Price Code","U","Update","price","E6BB0525","A","243.01","263.01","BRA506","2026-04-01 04:26:56.945"
"Price Code","U","Update","price","E6BB0525","A","263.01","248.01","BRA503","2026-05-06 01:44:00.632"
"Price Code","I","Insert",NA,"E6BB0525","B",NA,"206.06|206.06||I|Standard Pricing|196.06|0.00|0.00|10.00|0.00","BRA507","2025-12-01 03:07:31.027"
"Price Code","U","Update","price","E6BB0525","B","206.06","231.06","BRA502","2026-01-24 07:42:12.524"
"Price Code","U","Update","price","E6BB0525","B","231.06","221.06","BRA505","2026-01-30 12:46:52.324"
"Price Code","U","Update","price","E6BB0525","B","221.06","251.06","BRA507","2026-04-05 22:35:59.411"
"Price Code","U","Update","price","E6BB0525","B","251.06","271.06","BRA510","2026-04-09 17:32:08.807"
"Price Code","U","Update","price","E6BB0525","B","271.06","261.06","BRA500","2026-05-22 08:32:53.206"
"Price Code","I","Insert",NA,"E6BB0525","C",NA,"166.75|166.75||I|Standard Pricing|156.75|0.00|0.00|10.00|0.00","BRA506","2025-11-19 17:39:31.236"
"Price Code","U","Update","price","E6BB0525","C","166.75","181.75","BRA506","2026-01-25 14:34:54.072"
"Price Code","U","Update","price","E6BB0525","C","181.75","166.75","BRA506","2026-02-19 14:30:41.203"
"Price Code","U","Update","price","E6BB0525","C","166.75","186.75","BRA506","2026-04-26 13:38:57.174"
"Price Code","U","Update","price","E6BB0525","C","186.75","216.75","BRA510","2026-05-02 21:57:41.038"
"Price Code","I","Insert",NA,"E6BB0525","D",NA,"187.41|187.41||I|Standard Pricing|177.41|0.00|0.00|10.00|0.00","BRA508","2025-11-17 05:30:12.216"
"Price Code","U","Update","price","E6BB0525","D","187.41","212.41","BRA509","2026-03-09 12:47:10.552"
"Price Code","U","Update","price","E6BB0525","D","212.41","197.41","BRA500","2026-05-14 04:54:40.463"
"Price Code","I","Insert",NA,"E6BB0525","E",NA,"150.53|150.53||I|Standard Pricing|140.53|0.00|0.00|10.00|0.00","BRA500","2025-12-10 15:48:57.650"
"Price Code","U","Update","price","E6BB0525","E","150.53","140.53","BRA506","2026-02-23 16:36:16.166"
"Price Code","U","Update","price","E6BB0525","E","140.53","135.53","BRA506","2026-03-14 19:44:49.967"
"Price Code","U","Update","price","E6BB0525","E","135.53","145.53","BRA501","2026-04-01 00:10:52.376"
"Price Code","U","Update","price","E6BB0525","E","145.53","135.53","BRA503","2026-05-09 18:22:24.048"
"Price Code","U","Update","price","E6BB0525","E","135.53","120.53","BRA506","2026-05-13 02:50:17.893"
"Price Code","I","Insert",NA,"E6BB0525","F",NA,"121.9|121.9||I|Standard Pricing|111.9|0.00|0.00|10.00|0.00","BRA506","2025-11-09 04:38:08.831"
"Price Code","U","Update","price","E6BB0525","F","121.9","146.9","BRA502","2026-01-23 03:04:06.603"
"Price Code","U","Update","price","E6BB0525","F","146.9","156.9","BRA502","2026-01-24 10:51:50.684"
"Price Code","U","Update","price","E6BB0525","F","156.9","151.9","BRA505","2026-03-01 09:19:53.622"
"Price Code","U","Update","price","E6BB0525","F","151.9","181.9","BRA504","2026-05-24 14:31:57.763"
"Price Code","I","Insert",NA,"E6BB0525","G",NA,"94.48|94.48||I|Standard Pricing|84.48|0.00|0.00|10.00|0.00","BRA509","2025-11-26 16:46:59.960"
"Price Code","U","Update","price","E6BB0525","G","94.48","109.48","BRA501","2026-02-07 03:08:09.585"
"Price Code","U","Update","price","E6BB0525","G","109.48","114.48","BRA507","2026-03-04 08:28:40.526"
"Price Code","U","Update","price","E6BB0525","G","114.48","144.48","BRA508","2026-04-16 03:57:17.479"
"Price Code","U","Update","price","E6BB0525","G","144.48","134.48","BRA502","2026-04-26 03:59:28.241"
"Price Code","I","Insert",NA,"E6BB0525","H",NA,"90.56|90.56||I|Standard Pricing|80.56|0.00|0.00|10.00|0.00","BRA508","2025-11-28 20:02:13.296"
"Price Code","U","Update","price","E6BB0525","H","90.56","115.56","BRA509","2026-02-03 05:54:05.010"
"Price Code","U","Update","price","E6BB0525","H","115.56","130.56","BRA503","2026-02-18 10:16:41.449"
"Price Code","U","Update","price","E6BB0525","H","130.56","120.56","BRA501","2026-03-13 20:06:08.086"
"Price Code","U","Update","price","E6BB0525","H","120.56","130.56","BRA507","2026-03-17 15:46:22.172"
"Price Code","U","Update","price","E6BB0525","H","130.56","125.56","BRA500","2026-04-19 00:40:28.139"
"Price Code","I","Insert",NA,"E6BB0525","I",NA,"73.83|73.83||I|Standard Pricing|63.83|0.00|0.00|10.00|0.00","BRA503","2025-11-16 01:17:56.595"
"Price Code","U","Update","price","E6BB0525","I","73.83","88.83","BRA502","2026-02-09 17:16:39.578"
"Price Code","U","Update","price","E6BB0525","I","88.83","93.83","BRA507","2026-04-15 08:16:27.382"
"Price Code","U","Update","price","E6BB0525","I","93.83","123.83","BRA501","2026-05-16 02:41:25.112"
"Price Code","I","Insert",NA,"E6BB0525","J",NA,"59.13|59.13||I|Standard Pricing|49.13|0.00|0.00|10.00|0.00","BRA509","2025-12-01 05:37:01.954"
"Price Code","U","Update","price","E6BB0525","J","59.13","69.13","BRA510","2026-02-17 21:31:30.506"
"Price Code","U","Update","price","E6BB0525","J","69.13","94.13","BRA502","2026-04-27 09:05:37.403"
"Price Code","U","Update","price","E6BB0525","J","94.13","99.13","BRA503","2026-05-16 06:39:02.408"
"Price Code","I","Insert",NA,"E6BB0525","K",NA,"52.23|52.23||I|Standard Pricing|42.23|0.00|0.00|10.00|0.00","BRA510","2025-11-17 03:35:07.036"
"Price Code","U","Update","price","E6BB0525","K","52.23","42.23","BRA507","2026-04-23 06:50:37.104"
"Price Code","U","Update","price","E6BB0525","K","42.23","27.23","BRA507","2026-05-06 19:32:15.796"
"Price Code","U","Update","price","E6BB0525","K","27.23","52.23","BRA507","2026-05-08 18:39:40.266"
"Price Code","U","Update","price","E6BB0525","K","52.23","57.23","BRA500","2026-05-10 03:55:26.725"
"Price Code","I","Insert",NA,"E6BB0525","L",NA,"40.8|40.8||I|Standard Pricing|30.8|0.00|0.00|10.00|0.00","BRA506","2025-11-15 05:40:22.902"
"Price Code","U","Update","price","E6BB0525","L","40.8","65.8","BRA504","2026-02-09 18:01:25.153"
"Price Code","U","Update","price","E6BB0525","L","65.8","50.8","BRA503","2026-03-14 06:35:52.814"
"Price Code","U","Update","price","E6BB0525","L","50.8","45.8","BRA502","2026-04-09 02:39:16.014"
"Price Code","I","Insert",NA,"E6BB0525","M",NA,"32.69|32.69||I|Standard Pricing|22.69|0.00|0.00|10.00|0.00","BRA502","2025-12-05 16:30:05.921"
"Price Code","U","Update","price","E6BB0525","M","32.69","37.69","BRA500","2026-03-29 07:21:58.481"
"Price Code","U","Update","price","E6BB0525","M","37.69","42.69","BRA503","2026-05-14 01:10:08.911"
"Price Code","I","Insert",NA,"E6BB0525","N",NA,"27.58|27.58||I|Standard Pricing|17.58|0.00|0.00|10.00|0.00","BRA502","2025-11-02 05:27:50.486"
"Price Code","U","Update","price","E6BB0525","N","27.58","32.58","BRA509","2026-04-30 08:45:17.355"
"Price Code","U","Update","price","E6BB0525","N","32.58","57.58","BRA504","2026-05-15 10:21:17.092"
"Price Code","I","Insert",NA,"E6BB0525","O",NA,"20.16|20.16||I|Standard Pricing|10.16|0.00|0.00|10.00|0.00","BRA509","2025-11-11 21:53:15.010"
"Price Code","U","Update","price","E6BB0525","O","20.16","40.16","BRA502","2026-03-02 05:46:46.399"
"Price Code","U","Update","price","E6BB0525","O","40.16","55.16","BRA507","2026-03-10 11:34:14.235"
"Price Code","D","Delete",NA,"E6BB0525","B",NA,NA,"BRA503","2026-05-13 14:00:00.000"
"Price Code","I","Insert",NA,"E6BB0526","A",NA,"250.9|250.9||I|Standard Pricing|240.9|0.00|0.00|10.00|0.00","BRA501","2025-11-18 09:53:03.569"
"Price Code","U","Update","price","E6BB0526","A","250.9","265.9","BRA502","2026-02-08 13:42:18.809"
"Price Code","U","Update","price","E6BB0526","A","265.9","255.9","BRA502","2026-03-14 04:17:07.747"
"Price Code","U","Update","price","E6BB0526","A","255.9","245.9","BRA501","2026-05-03 05:23:02.673"
"Price Code","I","Insert",NA,"E6BB0526","B",NA,"216.23|216.23||I|Standard Pricing|206.23|0.00|0.00|10.00|0.00","BRA501","2025-12-01 14:39:11.308"
"Price Code","U","Update","price","E6BB0526","B","216.23","211.23","BRA504","2026-01-18 10:17:20.404"
"Price Code","U","Update","price","E6BB0526","B","211.23","231.23","BRA500","2026-04-10 15:20:55.559"
"Price Code","U","Update","price","E6BB0526","B","231.23","246.23","BRA507","2026-05-02 01:47:01.925"
"Price Code","I","Insert",NA,"E6BB0526","C",NA,"188.85|188.85||I|Standard Pricing|178.85|0.00|0.00|10.00|0.00","BRA508","2025-11-09 13:45:06.904"
"Price Code","U","Update","price","E6BB0526","C","188.85","193.85","BRA508","2026-01-20 11:33:51.347"
"Price Code","U","Update","price","E6BB0526","C","193.85","178.85","BRA505","2026-01-26 23:25:32.916"
"Price Code","U","Update","price","E6BB0526","C","178.85","163.85","BRA509","2026-03-02 03:42:11.562"
"Price Code","U","Update","price","E6BB0526","C","163.85","158.85","BRA509","2026-04-14 03:17:46.968"
"Price Code","I","Insert",NA,"E6BB0526","D",NA,"153.22|153.22||I|Standard Pricing|143.22|0.00|0.00|10.00|0.00","BRA505","2025-11-14 11:56:33.424"
"Price Code","U","Update","price","E6BB0526","D","153.22","173.22","BRA510","2026-02-20 12:26:08.922"
"Price Code","U","Update","price","E6BB0526","D","173.22","198.22","BRA503","2026-04-10 18:43:33.400"
"Price Code","I","Insert",NA,"E6BB0526","E",NA,"144.64|144.64||I|Standard Pricing|134.64|0.00|0.00|10.00|0.00","BRA501","2025-11-14 02:42:32.784"
"Price Code","U","Update","price","E6BB0526","E","144.64","129.64","BRA506","2026-01-24 12:34:06.812"
"Price Code","U","Update","price","E6BB0526","E","129.64","114.64","BRA507","2026-04-11 01:39:03.770"
"Price Code","U","Update","price","E6BB0526","E","114.64","104.64","BRA508","2026-05-05 09:30:21.181"
"Price Code","I","Insert",NA,"E6BB0526","F",NA,"140.11|140.11||I|Standard Pricing|130.11|0.00|0.00|10.00|0.00","BRA505","2025-11-22 02:08:22.382"
"Price Code","U","Update","price","E6BB0526","F","140.11","150.11","BRA507","2026-02-24 09:31:27.612"
"Price Code","U","Update","price","E6BB0526","F","150.11","170.11","BRA507","2026-03-25 10:54:26.875"
"Price Code","U","Update","price","E6BB0526","F","170.11","200.11","BRA510","2026-04-19 01:02:10.609"
"Price Code","U","Update","price","E6BB0526","F","200.11","195.11","BRA508","2026-04-28 18:30:55.094"
"Price Code","U","Update","price","E6BB0526","F","195.11","185.11","BRA505","2026-05-15 12:33:30.571"
"Price Code","I","Insert",NA,"E6BB0526","G",NA,"101.09|101.09||I|Standard Pricing|91.09|0.00|0.00|10.00|0.00","BRA506","2025-12-02 16:27:35.555"
"Price Code","U","Update","price","E6BB0526","G","101.09","91.09","BRA509","2026-03-01 23:49:02.525"
"Price Code","U","Update","price","E6BB0526","G","91.09","121.09","BRA510","2026-04-15 14:42:09.473"
"Price Code","U","Update","price","E6BB0526","G","121.09","136.09","BRA503","2026-04-27 11:00:23.702"
"Price Code","U","Update","price","E6BB0526","G","136.09","161.09","BRA506","2026-05-21 08:50:19.786"
"Price Code","U","Update","price","E6BB0526","G","161.09","156.09","BRA510","2026-05-22 00:55:33.130"
"Price Code","I","Insert",NA,"E6BB0526","H",NA,"107.01|107.01||I|Standard Pricing|97.01|0.00|0.00|10.00|0.00","BRA507","2025-12-10 01:00:29.764"
"Price Code","U","Update","price","E6BB0526","H","107.01","127.01","BRA508","2026-02-05 19:08:37.514"
"Price Code","U","Update","price","E6BB0526","H","127.01","122.01","BRA510","2026-03-01 14:44:28.062"
"Price Code","U","Update","price","E6BB0526","H","122.01","112.01","BRA502","2026-03-14 03:04:57.868"
"Price Code","U","Update","price","E6BB0526","H","112.01","137.01","BRA500","2026-05-07 16:09:37.017"
"Price Code","I","Insert",NA,"E6BB0526","I",NA,"81.22|81.22||I|Standard Pricing|71.22|0.00|0.00|10.00|0.00","BRA510","2025-11-06 21:44:18.412"
"Price Code","U","Update","price","E6BB0526","I","81.22","101.22","BRA506","2026-02-13 13:11:40.814"
"Price Code","U","Update","price","E6BB0526","I","101.22","116.22","BRA501","2026-02-17 13:16:23.939"
"Price Code","U","Update","price","E6BB0526","I","116.22","106.22","BRA500","2026-04-03 21:57:19.483"
"Price Code","U","Update","price","E6BB0526","I","106.22","101.22","BRA508","2026-04-17 01:46:56.160"
"Price Code","U","Update","price","E6BB0526","I","101.22","131.22","BRA508","2026-05-16 11:57:18.986"
"Price Code","I","Insert",NA,"E6BB0526","J",NA,"69.15|69.15||I|Standard Pricing|59.15|0.00|0.00|10.00|0.00","BRA508","2025-11-11 23:41:24.010"
"Price Code","U","Update","price","E6BB0526","J","69.15","94.15","BRA503","2026-01-25 17:42:32.151"
"Price Code","U","Update","price","E6BB0526","J","94.15","99.15","BRA504","2026-03-03 05:46:21.718"
"Price Code","U","Update","price","E6BB0526","J","99.15","89.15","BRA506","2026-05-01 18:37:29.567"
"Price Code","U","Update","price","E6BB0526","J","89.15","119.15","BRA500","2026-05-13 02:13:52.197"
"Price Code","I","Insert",NA,"E6BB0526","K",NA,"61.62|61.62||I|Standard Pricing|51.62|0.00|0.00|10.00|0.00","BRA508","2025-12-05 21:46:07.387"
"Price Code","U","Update","price","E6BB0526","K","61.62","86.62","BRA505","2026-03-14 08:48:13.241"
"Price Code","U","Update","price","E6BB0526","K","86.62","101.62","BRA508","2026-05-05 22:10:48.145"
"Price Code","I","Insert",NA,"E6BB0526","L",NA,"44.05|44.05||I|Standard Pricing|34.05|0.00|0.00|10.00|0.00","BRA503","2025-11-04 16:09:17.425"
"Price Code","U","Update","price","E6BB0526","L","44.05","49.05","BRA508","2026-02-02 22:24:41.678"
"Price Code","U","Update","price","E6BB0526","L","49.05","44.05","BRA501","2026-02-20 01:02:53.931"
"Price Code","U","Update","price","E6BB0526","L","44.05","74.05","BRA503","2026-02-22 14:31:57.000"
"Price Code","I","Insert",NA,"E6BB0526","M",NA,"32|32||I|Standard Pricing|22|0.00|0.00|10.00|0.00","BRA509","2025-12-03 13:17:32.853"
"Price Code","U","Update","price","E6BB0526","M","32","52","BRA501","2026-01-20 05:22:51.898"
"Price Code","U","Update","price","E6BB0526","M","52","47","BRA506","2026-01-25 02:56:53.003"
"Price Code","U","Update","price","E6BB0526","M","47","32","BRA507","2026-04-09 22:02:02.843"
"Price Code","U","Update","price","E6BB0526","M","32","27","BRA510","2026-04-15 17:19:56.269"
"Price Code","U","Update","price","E6BB0526","M","27","12","BRA504","2026-05-07 17:45:25.603"
"Price Code","I","Insert",NA,"E6BB0529","A",NA,"278.45|278.45||I|Standard Pricing|268.45|0.00|0.00|10.00|0.00","BRA509","2025-11-22 18:01:25.124"
"Price Code","U","Update","price","E6BB0529","A","278.45","273.45","BRA500","2026-05-02 03:54:13.793"
"Price Code","U","Update","price","E6BB0529","A","273.45","278.45","BRA507","2026-05-11 07:28:13.204"
"Price Code","U","Update","price","E6BB0529","A","278.45","263.45","BRA510","2026-05-21 15:25:48.322"
"Price Code","I","Insert",NA,"E6BB0529","B",NA,"250.03|250.03||I|Standard Pricing|240.03|0.00|0.00|10.00|0.00","BRA507","2025-11-03 20:59:25.762"
"Price Code","U","Update","price","E6BB0529","B","250.03","265.03","BRA501","2026-02-12 01:50:28.497"
"Price Code","U","Update","price","E6BB0529","B","265.03","255.03","BRA503","2026-02-26 22:27:40.737"
"Price Code","U","Update","price","E6BB0529","B","255.03","285.03","BRA504","2026-03-27 09:38:09.003"
"Price Code","U","Update","price","E6BB0529","B","285.03","295.03","BRA500","2026-05-05 07:53:12.099"
"Price Code","U","Update","price","E6BB0529","B","295.03","300.03","BRA500","2026-05-08 15:39:18.468"
"Price Code","I","Insert",NA,"E6BB0529","C",NA,"169.83|169.83||I|Standard Pricing|159.83|0.00|0.00|10.00|0.00","BRA508","2025-11-02 11:43:35.719"
"Price Code","U","Update","price","E6BB0529","C","169.83","164.83","BRA510","2026-02-03 16:05:19.449"
"Price Code","U","Update","price","E6BB0529","C","164.83","154.83","BRA508","2026-02-07 09:07:20.844"
"Price Code","U","Update","price","E6BB0529","C","154.83","159.83","BRA506","2026-03-13 21:16:08.263"
"Price Code","U","Update","price","E6BB0529","C","159.83","164.83","BRA507","2026-04-04 23:10:27.379"
"Price Code","U","Update","price","E6BB0529","C","164.83","169.83","BRA510","2026-04-21 22:53:37.034"
"Price Code","I","Insert",NA,"E6BB0529","D",NA,"146.93|146.93||I|Standard Pricing|136.93|0.00|0.00|10.00|0.00","BRA502","2025-11-20 03:39:42.306"
"Price Code","U","Update","price","E6BB0529","D","146.93","171.93","BRA501","2026-02-13 07:56:41.428"
"Price Code","U","Update","price","E6BB0529","D","171.93","161.93","BRA506","2026-03-15 14:05:35.981"
"Price Code","U","Update","price","E6BB0529","D","161.93","146.93","BRA500","2026-04-17 04:24:47.786"
"Price Code","U","Update","price","E6BB0529","D","146.93","171.93","BRA500","2026-04-22 20:17:21.145"
"Price Code","I","Insert",NA,"E6BB0529","E",NA,"161.33|161.33||I|Standard Pricing|151.33|0.00|0.00|10.00|0.00","BRA500","2025-11-13 18:10:13.212"
"Price Code","U","Update","price","E6BB0529","E","161.33","151.33","BRA507","2026-03-04 23:58:51.775"
"Price Code","U","Update","price","E6BB0529","E","151.33","146.33","BRA501","2026-03-22 01:46:42.046"
"Price Code","U","Update","price","E6BB0529","E","146.33","141.33","BRA506","2026-03-22 20:07:29.549"
"Price Code","I","Insert",NA,"E6BB0529","F",NA,"136.68|136.68||I|Standard Pricing|126.68|0.00|0.00|10.00|0.00","BRA500","2025-11-01 12:46:50.320"
"Price Code","U","Update","price","E6BB0529","F","136.68","121.68","BRA509","2026-01-16 19:18:58.800"
"Price Code","U","Update","price","E6BB0529","F","121.68","116.68","BRA507","2026-01-25 13:33:01.898"
"Price Code","U","Update","price","E6BB0529","F","116.68","141.68","BRA500","2026-03-22 01:35:25.719"
"Price Code","U","Update","price","E6BB0529","F","141.68","151.68","BRA503","2026-04-22 01:50:50.529"
"Price Code","I","Insert",NA,"E6BB0529","G",NA,"107.76|107.76||I|Standard Pricing|97.76|0.00|0.00|10.00|0.00","BRA505","2025-11-18 08:59:35.078"
"Price Code","U","Update","price","E6BB0529","G","107.76","127.76","BRA507","2026-01-23 14:20:05.599"
"Price Code","U","Update","price","E6BB0529","G","127.76","152.76","BRA506","2026-01-29 04:26:42.448"
"Price Code","U","Update","price","E6BB0529","G","152.76","182.76","BRA502","2026-02-06 16:27:49.428"
"Price Code","U","Update","price","E6BB0529","G","182.76","192.76","BRA507","2026-02-11 17:13:27.304"
"Price Code","U","Update","price","E6BB0529","G","192.76","187.76","BRA510","2026-05-05 13:50:37.429"
"Price Code","I","Insert",NA,"E6BB0529","H",NA,"95.17|95.17||I|Standard Pricing|85.17|0.00|0.00|10.00|0.00","BRA500","2025-11-28 20:35:44.281"
"Price Code","U","Update","price","E6BB0529","H","95.17","85.17","BRA507","2026-03-13 12:15:04.989"
"Price Code","U","Update","price","E6BB0529","H","85.17","95.17","BRA503","2026-03-29 02:40:09.516"
"Price Code","U","Update","price","E6BB0529","H","95.17","90.17","BRA504","2026-04-25 05:17:48.231"
"Price Code","U","Update","price","E6BB0529","H","90.17","115.17","BRA504","2026-05-17 01:23:01.025"
"Price Code","I","Insert",NA,"E6BB0529","I",NA,"75.6|75.6||I|Standard Pricing|65.6|0.00|0.00|10.00|0.00","BRA508","2025-11-23 03:29:27.298"
"Price Code","U","Update","price","E6BB0529","I","75.6","80.6","BRA504","2026-03-05 16:50:47.941"
"Price Code","U","Update","price","E6BB0529","I","80.6","75.6","BRA507","2026-04-15 09:33:56.382"
"Price Code","I","Insert",NA,"E6BB0529","J",NA,"57.64|57.64||I|Standard Pricing|47.64|0.00|0.00|10.00|0.00","BRA509","2025-11-26 17:21:51.388"
"Price Code","U","Update","price","E6BB0529","J","57.64","72.64","BRA509","2026-02-18 19:14:23.166"
"Price Code","U","Update","price","E6BB0529","J","72.64","57.64","BRA505","2026-02-19 10:07:59.197"
"Price Code","U","Update","price","E6BB0529","J","57.64","82.64","BRA503","2026-03-14 00:01:42.926"
"Price Code","U","Update","price","E6BB0529","J","82.64","72.64","BRA509","2026-05-16 04:58:56.917"
"Price Code","U","Update","price","E6BB0529","J","72.64","57.64","BRA507","2026-05-17 00:12:38.815"
"Price Code","I","Insert",NA,"E6BB0529","K",NA,"49.07|49.07||I|Standard Pricing|39.07|0.00|0.00|10.00|0.00","BRA507","2025-12-07 18:53:24.350"
"Price Code","U","Update","price","E6BB0529","K","49.07","54.07","BRA502","2026-03-22 19:14:17.301"
"Price Code","U","Update","price","E6BB0529","K","54.07","59.07","BRA502","2026-03-30 07:10:43.754"
"Price Code","U","Update","price","E6BB0529","K","59.07","44.07","BRA505","2026-04-27 09:07:49.420"
"Price Code","I","Insert",NA,"E6BB0529","L",NA,"45.55|45.55||I|Standard Pricing|35.55|0.00|0.00|10.00|0.00","BRA503","2025-12-03 06:02:09.538"
"Price Code","U","Update","price","E6BB0529","L","45.55","55.55","BRA507","2026-01-16 06:47:06.040"
"Price Code","U","Update","price","E6BB0529","L","55.55","45.55","BRA509","2026-05-10 05:28:37.485"
"Price Code","I","Insert",NA,"E6BB0529","M",NA,"37.72|37.72||I|Standard Pricing|27.72|0.00|0.00|10.00|0.00","BRA506","2025-11-07 11:01:19.424"
"Price Code","U","Update","price","E6BB0529","M","37.72","42.72","BRA506","2026-02-07 18:23:57.109"
"Price Code","U","Update","price","E6BB0529","M","42.72","57.72","BRA501","2026-03-03 07:48:44.363"
"Price Code","U","Update","price","E6BB0529","M","57.72","87.72","BRA507","2026-04-12 09:43:05.195"
"Price Code","U","Update","price","E6BB0529","M","87.72","112.72","BRA507","2026-04-29 07:51:01.001"
"Price Code","U","Update","price","E6BB0529","M","112.72","122.72","BRA510","2026-05-19 16:28:46.618"
"Price Code","I","Insert",NA,"E6BB0529","N",NA,"28.4|28.4||I|Standard Pricing|18.4|0.00|0.00|10.00|0.00","BRA509","2025-12-07 20:40:38.975"
"Price Code","U","Update","price","E6BB0529","N","28.4","38.4","BRA500","2026-02-16 14:24:06.261"
"Price Code","U","Update","price","E6BB0529","N","38.4","48.4","BRA503","2026-02-24 11:43:19.642"
"Price Code","U","Update","price","E6BB0529","N","48.4","43.4","BRA503","2026-03-03 13:57:27.105"
"Price Code","U","Update","price","E6BB0529","N","43.4","48.4","BRA509","2026-04-16 06:01:02.230"
"Price Code","U","Update","price","E6BB0529","N","48.4","58.4","BRA507","2026-05-27 23:02:13.849"
"Price Code","I","Insert",NA,"E6BB0530","A",NA,"217.52|217.52||I|Standard Pricing|207.52|0.00|0.00|10.00|0.00","BRA506","2025-11-21 02:44:16.054"
"Price Code","U","Update","price","E6BB0530","A","217.52","227.52","BRA508","2026-04-06 10:16:45.089"
"Price Code","U","Update","price","E6BB0530","A","227.52","212.52","BRA510","2026-04-29 07:03:38.704"
"Price Code","U","Update","price","E6BB0530","A","212.52","202.52","BRA503","2026-05-12 16:46:42.752"
"Price Code","I","Insert",NA,"E6BB0530","B",NA,"246.5|246.5||I|Standard Pricing|236.5|0.00|0.00|10.00|0.00","BRA502","2025-11-19 19:36:32.577"
"Price Code","U","Update","price","E6BB0530","B","246.5","241.5","BRA506","2026-01-25 16:28:13.186"
"Price Code","U","Update","price","E6BB0530","B","241.5","236.5","BRA509","2026-03-07 15:01:41.104"
"Price Code","U","Update","price","E6BB0530","B","236.5","251.5","BRA505","2026-04-13 19:42:44.704"
"Price Code","U","Update","price","E6BB0530","B","251.5","271.5","BRA504","2026-05-18 05:42:16.020"
"Price Code","I","Insert",NA,"E6BB0530","C",NA,"178.93|178.93||I|Standard Pricing|168.93|0.00|0.00|10.00|0.00","BRA500","2025-12-09 08:34:55.107"
"Price Code","U","Update","price","E6BB0530","C","178.93","198.93","BRA506","2026-02-24 11:59:40.229"
"Price Code","U","Update","price","E6BB0530","C","198.93","208.93","BRA510","2026-03-18 19:43:56.641"
"Price Code","U","Update","price","E6BB0530","C","208.93","233.93","BRA502","2026-04-30 17:38:43.445"
"Price Code","U","Update","price","E6BB0530","C","233.93","218.93","BRA506","2026-05-24 11:18:01.903"
"Price Code","I","Insert",NA,"E6BB0530","D",NA,"160.81|160.81||I|Standard Pricing|150.81|0.00|0.00|10.00|0.00","BRA507","2025-12-16 04:47:21.898"
"Price Code","U","Update","price","E6BB0530","D","160.81","155.81","BRA505","2026-03-12 22:20:15.952"
"Price Code","U","Update","price","E6BB0530","D","155.81","150.81","BRA509","2026-04-24 22:33:28.266"
"Price Code","I","Insert",NA,"E6BB0530","E",NA,"140.02|140.02||I|Standard Pricing|130.02|0.00|0.00|10.00|0.00","BRA507","2025-12-06 14:34:11.670"
"Price Code","U","Update","price","E6BB0530","E","140.02","130.02","BRA507","2026-02-15 10:18:08.056"
"Price Code","U","Update","price","E6BB0530","E","130.02","125.02","BRA506","2026-05-12 22:40:40.550"
"Price Code","U","Update","price","E6BB0530","E","125.02","120.02","BRA504","2026-05-17 15:48:29.703"
"Price Code","I","Insert",NA,"E6BB0530","F",NA,"109.53|109.53||I|Standard Pricing|99.53|0.00|0.00|10.00|0.00","BRA510","2025-12-04 03:43:21.894"
"Price Code","U","Update","price","E6BB0530","F","109.53","129.53","BRA500","2026-03-12 16:34:31.713"
"Price Code","U","Update","price","E6BB0530","F","129.53","159.53","BRA505","2026-03-24 18:59:49.719"
"Price Code","U","Update","price","E6BB0530","F","159.53","154.53","BRA500","2026-05-15 13:47:49.444"
"Price Code","U","Update","price","E6BB0530","F","154.53","179.53","BRA501","2026-05-16 09:03:54.883"
"Price Code","U","Update","price","E6BB0530","F","179.53","184.53","BRA506","2026-05-23 00:11:05.058"
"Price Code","I","Insert",NA,"E6BB0530","G",NA,"119.09|119.09||I|Standard Pricing|109.09|0.00|0.00|10.00|0.00","BRA502","2025-11-28 00:52:40.958"
"Price Code","U","Update","price","E6BB0530","G","119.09","114.09","BRA504","2026-02-02 11:02:13.908"
"Price Code","U","Update","price","E6BB0530","G","114.09","129.09","BRA501","2026-04-09 13:58:55.470"
"Price Code","U","Update","price","E6BB0530","G","129.09","144.09","BRA504","2026-04-12 07:06:10.391"
"Price Code","U","Update","price","E6BB0530","G","144.09","139.09","BRA506","2026-05-24 07:22:35.051"
"Price Code","I","Insert",NA,"E6BB0530","H",NA,"85.17|85.17||I|Standard Pricing|75.17|0.00|0.00|10.00|0.00","BRA509","2025-11-16 15:50:52.393"
"Price Code","U","Update","price","E6BB0530","H","85.17","115.17","BRA509","2026-03-30 22:29:58.622"
"Price Code","U","Update","price","E6BB0530","H","115.17","100.17","BRA508","2026-04-25 06:37:58.622"
"Price Code","I","Insert",NA,"E6BB0530","I",NA,"73|73||I|Standard Pricing|63|0.00|0.00|10.00|0.00","BRA506","2025-11-24 01:52:53.188"
"Price Code","U","Update","price","E6BB0530","I","73","58","BRA500","2026-01-18 07:57:44.356"
"Price Code","U","Update","price","E6BB0530","I","58","43","BRA508","2026-03-11 01:02:11.553"
"Price Code","U","Update","price","E6BB0530","I","43","58","BRA509","2026-04-22 15:03:12.941"
"Price Code","U","Update","price","E6BB0530","I","58","48","BRA507","2026-05-18 00:55:13.042"
"Price Code","I","Insert",NA,"E6BB0530","J",NA,"67.48|67.48||I|Standard Pricing|57.48|0.00|0.00|10.00|0.00","BRA501","2025-12-07 02:40:32.441"
"Price Code","U","Update","price","E6BB0530","J","67.48","57.48","BRA509","2026-01-16 21:17:42.938"
"Price Code","U","Update","price","E6BB0530","J","57.48","42.48","BRA500","2026-02-15 19:18:46.273"
"Price Code","U","Update","price","E6BB0530","J","42.48","52.48","BRA502","2026-03-05 00:53:07.317"
"Price Code","U","Update","price","E6BB0530","J","52.48","62.48","BRA502","2026-04-17 19:00:11.271"
"Price Code","U","Update","price","E6BB0530","J","62.48","87.48","BRA503","2026-04-26 23:40:54.463"
"Price Code","I","Insert",NA,"E6BB0530","K",NA,"53.65|53.65||I|Standard Pricing|43.65|0.00|0.00|10.00|0.00","BRA506","2025-11-24 07:57:58.520"
"Price Code","U","Update","price","E6BB0530","K","53.65","78.65","BRA503","2026-02-26 00:00:17.606"
"Price Code","U","Update","price","E6BB0530","K","78.65","88.65","BRA503","2026-02-27 05:57:43.646"
"Price Code","U","Update","price","E6BB0530","K","88.65","103.65","BRA506","2026-05-27 01:17:16.369"
"Price Code","I","Insert",NA,"E6BB0530","L",NA,"38.36|38.36||I|Standard Pricing|28.36|0.00|0.00|10.00|0.00","BRA507","2025-11-24 01:15:46.495"
"Price Code","U","Update","price","E6BB0530","L","38.36","58.36","BRA500","2026-02-15 15:49:32.451"
"Price Code","U","Update","price","E6BB0530","L","58.36","68.36","BRA507","2026-03-24 09:02:45.306"
"Price Code","U","Update","price","E6BB0530","L","68.36","53.36","BRA509","2026-04-11 19:34:37.811"
"Price Code","U","Update","price","E6BB0530","L","53.36","83.36","BRA504","2026-04-26 08:36:22.313"
"Price Code","I","Insert",NA,"E6BB0530","M",NA,"37.36|37.36||I|Standard Pricing|27.36|0.00|0.00|10.00|0.00","BRA501","2025-11-27 02:15:56.638"
"Price Code","U","Update","price","E6BB0530","M","37.36","57.36","BRA502","2026-02-05 07:54:44.792"
"Price Code","U","Update","price","E6BB0530","M","57.36","62.36","BRA508","2026-02-22 17:19:58.851"
"Price Code","U","Update","price","E6BB0530","M","62.36","52.36","BRA509","2026-03-11 14:44:53.336"
"Price Code","U","Update","price","E6BB0530","M","52.36","77.36","BRA507","2026-03-14 02:52:27.437"
"Price Code","U","Update","price","E6BB0530","M","77.36","92.36","BRA504","2026-04-24 00:06:13.457"
"Price Code","I","Insert",NA,"E6BB0530","N",NA,"28.28|28.28||I|Standard Pricing|18.28|0.00|0.00|10.00|0.00","BRA501","2025-11-14 14:17:19.143"
"Price Code","U","Update","price","E6BB0530","N","28.28","18.28","BRA503","2026-01-22 20:31:07.851"
"Price Code","U","Update","price","E6BB0530","N","18.28","23.28","BRA500","2026-02-02 06:38:47.846"
"Price Code","I","Insert",NA,"E6BB0530","O",NA,"24.45|24.45||I|Standard Pricing|14.45|0.00|0.00|10.00|0.00","BRA505","2025-11-02 08:04:29.669"
"Price Code","U","Update","price","E6BB0530","O","24.45","39.45","BRA504","2026-02-02 17:03:01.657"
"Price Code","U","Update","price","E6BB0530","O","39.45","64.45","BRA503","2026-03-07 02:22:32.684"
"Price Code","U","Update","price","E6BB0530","O","64.45","54.45","BRA508","2026-03-13 18:36:59.496"
"Price Code","U","Update","price","E6BB0530","O","54.45","69.45","BRA508","2026-05-23 07:50:50.317"
"Price Code","U","Update","price","E6BB0530","O","69.45","64.45","BRA510","2026-05-28 07:22:47.362"
"Price Code","I","Insert",NA,"E6BB0531","A",NA,"255.09|255.09||I|Standard Pricing|245.09|0.00|0.00|10.00|0.00","BRA509","2025-11-05 11:56:23.241"
"Price Code","U","Update","price","E6BB0531","A","255.09","260.09","BRA506","2026-03-16 16:01:41.099"
"Price Code","U","Update","price","E6BB0531","A","260.09","265.09","BRA506","2026-04-12 12:39:45.936"
"Price Code","U","Update","price","E6BB0531","A","265.09","260.09","BRA508","2026-04-30 11:54:37.326"
"Price Code","U","Update","price","E6BB0531","A","260.09","255.09","BRA507","2026-05-12 11:58:35.934"
"Price Code","U","Update","price","E6BB0531","A","255.09","260.09","BRA506","2026-05-12 17:35:05.880"
"Price Code","I","Insert",NA,"E6BB0531","B",NA,"242.6|242.6||I|Standard Pricing|232.6|0.00|0.00|10.00|0.00","BRA510","2025-12-08 21:30:23.538"
"Price Code","U","Update","price","E6BB0531","B","242.6","272.6","BRA508","2026-01-24 04:55:07.595"
"Price Code","U","Update","price","E6BB0531","B","272.6","287.6","BRA504","2026-01-26 19:20:47.291"
"Price Code","U","Update","price","E6BB0531","B","287.6","302.6","BRA510","2026-04-11 18:47:34.404"
"Price Code","U","Update","price","E6BB0531","B","302.6","322.6","BRA510","2026-04-29 22:09:26.194"
"Price Code","U","Update","price","E6BB0531","B","322.6","312.6","BRA508","2026-05-06 02:40:06.781"
"Price Code","I","Insert",NA,"E6BB0531","C",NA,"206.93|206.93||I|Standard Pricing|196.93|0.00|0.00|10.00|0.00","BRA504","2025-12-06 15:43:22.316"
"Price Code","U","Update","price","E6BB0531","C","206.93","196.93","BRA510","2026-03-07 21:31:12.377"
"Price Code","U","Update","price","E6BB0531","C","196.93","206.93","BRA503","2026-03-21 03:51:35.387"
"Price Code","U","Update","price","E6BB0531","C","206.93","226.93","BRA500","2026-05-19 20:32:18.628"
"Price Code","I","Insert",NA,"E6BB0531","D",NA,"163.6|163.6||I|Standard Pricing|153.6|0.00|0.00|10.00|0.00","BRA501","2025-11-05 19:07:18.789"
"Price Code","U","Update","price","E6BB0531","D","163.6","193.6","BRA502","2026-02-17 03:15:44.387"
"Price Code","U","Update","price","E6BB0531","D","193.6","213.6","BRA509","2026-03-07 07:50:24.201"
"Price Code","U","Update","price","E6BB0531","D","213.6","233.6","BRA501","2026-03-13 15:58:35.620"
"Price Code","U","Update","price","E6BB0531","D","233.6","218.6","BRA504","2026-03-15 01:22:29.709"
"Price Code","U","Update","price","E6BB0531","D","218.6","238.6","BRA510","2026-05-14 02:41:40.074"
"Price Code","I","Insert",NA,"E6BB0531","E",NA,"140.21|140.21||I|Standard Pricing|130.21|0.00|0.00|10.00|0.00","BRA505","2025-11-23 03:48:18.741"
"Price Code","U","Update","price","E6BB0531","E","140.21","145.21","BRA505","2026-02-21 00:58:58.589"
"Price Code","U","Update","price","E6BB0531","E","145.21","150.21","BRA509","2026-02-25 03:51:44.967"
"Price Code","I","Insert",NA,"E6BB0531","F",NA,"120.13|120.13||I|Standard Pricing|110.13|0.00|0.00|10.00|0.00","BRA509","2025-11-24 22:32:57.751"
"Price Code","U","Update","price","E6BB0531","F","120.13","125.13","BRA508","2026-02-10 08:34:17.995"
"Price Code","U","Update","price","E6BB0531","F","125.13","135.13","BRA506","2026-03-20 18:43:42.215"
"Price Code","U","Update","price","E6BB0531","F","135.13","145.13","BRA508","2026-04-13 23:36:20.070"
"Price Code","U","Update","price","E6BB0531","F","145.13","160.13","BRA504","2026-05-21 10:56:52.520"
"Price Code","U","Update","price","E6BB0531","F","160.13","185.13","BRA505","2026-05-21 17:17:38.632"
"Price Code","I","Insert",NA,"E6BB0531","G",NA,"111.71|111.71||I|Standard Pricing|101.71|0.00|0.00|10.00|0.00","BRA500","2025-11-02 13:41:42.763"
"Price Code","U","Update","price","E6BB0531","G","111.71","96.71","BRA505","2026-01-31 06:24:46.756"
"Price Code","U","Update","price","E6BB0531","G","96.71","111.71","BRA503","2026-03-06 11:40:59.156"
"Price Code","U","Update","price","E6BB0531","G","111.71","141.71","BRA500","2026-03-17 14:10:45.503"
"Price Code","U","Update","price","E6BB0531","G","141.71","146.71","BRA506","2026-05-02 03:25:11.285"
"Price Code","U","Update","price","E6BB0531","G","146.71","166.71","BRA501","2026-05-25 11:12:06.761"
"Price Code","I","Insert",NA,"E6BB0531","H",NA,"108.5|108.5||I|Standard Pricing|98.5|0.00|0.00|10.00|0.00","BRA507","2025-11-22 09:18:41.469"
"Price Code","U","Update","price","E6BB0531","H","108.5","123.5","BRA501","2026-04-02 07:28:18.915"
"Price Code","U","Update","price","E6BB0531","H","123.5","118.5","BRA506","2026-04-10 08:33:39.475"
"Price Code","U","Update","price","E6BB0531","H","118.5","148.5","BRA505","2026-05-10 07:22:46.744"
"Price Code","I","Insert",NA,"E6BB0531","I",NA,"75.54|75.54||I|Standard Pricing|65.54|0.00|0.00|10.00|0.00","BRA501","2025-11-02 17:27:39.958"
"Price Code","U","Update","price","E6BB0531","I","75.54","60.54","BRA502","2026-03-05 21:07:41.124"
"Price Code","U","Update","price","E6BB0531","I","60.54","75.54","BRA507","2026-04-23 11:58:47.827"
"Price Code","U","Update","price","E6BB0531","I","75.54","70.54","BRA509","2026-05-03 15:25:00.162"
"Price Code","I","Insert",NA,"E6BB0531","J",NA,"72.18|72.18||I|Standard Pricing|62.18|0.00|0.00|10.00|0.00","BRA510","2025-11-24 19:19:23.887"
"Price Code","U","Update","price","E6BB0531","J","72.18","97.18","BRA506","2026-02-25 07:54:18.047"
"Price Code","U","Update","price","E6BB0531","J","97.18","112.18","BRA504","2026-03-12 08:43:04.349"
"Price Code","U","Update","price","E6BB0531","J","112.18","122.18","BRA505","2026-04-03 09:27:40.353"
"Price Code","I","Insert",NA,"E6BB0531","K",NA,"61.69|61.69||I|Standard Pricing|51.69|0.00|0.00|10.00|0.00","BRA506","2025-11-19 03:16:19.571"
"Price Code","U","Update","price","E6BB0531","K","61.69","56.69","BRA510","2026-04-15 13:16:34.421"
"Price Code","U","Update","price","E6BB0531","K","56.69","86.69","BRA500","2026-04-27 01:18:54.357"
"Price Code","U","Update","price","E6BB0531","K","86.69","116.69","BRA510","2026-05-07 08:27:42.454"
"Price Code","I","Insert",NA,"E6BB0531","L",NA,"50.34|50.34||I|Standard Pricing|40.34|0.00|0.00|10.00|0.00","BRA503","2025-12-16 08:36:49.027"
"Price Code","U","Update","price","E6BB0531","L","50.34","80.34","BRA504","2026-01-31 07:48:09.001"
"Price Code","U","Update","price","E6BB0531","L","80.34","70.34","BRA504","2026-04-28 13:15:43.771"
"Price Code","I","Insert",NA,"E6BB0531","M",NA,"37.17|37.17||I|Standard Pricing|27.17|0.00|0.00|10.00|0.00","BRA504","2025-11-07 22:23:02.214"
"Price Code","U","Update","price","E6BB0531","M","37.17","47.17","BRA508","2026-01-17 04:06:28.591"
"Price Code","U","Update","price","E6BB0531","M","47.17","37.17","BRA505","2026-02-03 04:31:19.157"
"Price Code","U","Update","price","E6BB0531","M","37.17","52.17","BRA507","2026-04-12 12:12:58.817"
"Price Code","U","Update","price","E6BB0531","M","52.17","82.17","BRA508","2026-04-28 02:28:23.792"
"Price Code","I","Insert",NA,"E6BB0531","N",NA,"32|32||I|Standard Pricing|22|0.00|0.00|10.00|0.00","BRA504","2025-11-28 00:38:52.652"
"Price Code","U","Update","price","E6BB0531","N","32","47","BRA504","2026-02-26 01:18:55.706"
"Price Code","U","Update","price","E6BB0531","N","47","77","BRA510","2026-03-26 16:25:21.423"
"Price Code","U","Update","price","E6BB0531","N","77","72","BRA502","2026-05-16 19:16:49.591"
"Price Code","I","Insert",NA,"E6BB0531","O",NA,"19.89|19.89||I|Standard Pricing|9.89|0.00|0.00|10.00|0.00","BRA501","2025-12-01 12:15:59.603"
"Price Code","U","Update","price","E6BB0531","O","19.89","49.89","BRA500","2026-03-21 23:34:39.548"
"Price Code","U","Update","price","E6BB0531","O","49.89","59.89","BRA505","2026-03-23 19:21:17.814"
"Price Code","I","Insert",NA,"E6BB0602","A",NA,"221.55|221.55||I|Standard Pricing|211.55|0.00|0.00|10.00|0.00","BRA508","2025-11-17 22:39:32.129"
"Price Code","U","Update","price","E6BB0602","A","221.55","246.55","BRA502","2026-01-29 14:20:24.046"
"Price Code","U","Update","price","E6BB0602","A","246.55","256.55","BRA500","2026-02-23 13:10:53.764"
"Price Code","U","Update","price","E6BB0602","A","256.55","276.55","BRA507","2026-04-07 06:22:33.918"
"Price Code","U","Update","price","E6BB0602","A","276.55","266.55","BRA507","2026-05-29 00:43:50.567"
"Price Code","I","Insert",NA,"E6BB0602","B",NA,"225.41|225.41||I|Standard Pricing|215.41|0.00|0.00|10.00|0.00","BRA503","2025-12-09 08:32:50.179"
"Price Code","U","Update","price","E6BB0602","B","225.41","210.41","BRA510","2026-03-03 19:45:10.103"
"Price Code","U","Update","price","E6BB0602","B","210.41","235.41","BRA505","2026-03-30 13:54:39.234"
"Price Code","U","Update","price","E6BB0602","B","235.41","255.41","BRA507","2026-04-12 12:31:59.955"
"Price Code","U","Update","price","E6BB0602","B","255.41","245.41","BRA509","2026-04-20 21:20:51.658"
"Price Code","U","Update","price","E6BB0602","B","245.41","275.41","BRA502","2026-06-01 23:09:43.404"
"Price Code","I","Insert",NA,"E6BB0602","C",NA,"182.75|182.75||I|Standard Pricing|172.75|0.00|0.00|10.00|0.00","BRA500","2025-12-03 17:39:16.009"
"Price Code","U","Update","price","E6BB0602","C","182.75","202.75","BRA503","2026-02-01 18:18:11.317"
"Price Code","U","Update","price","E6BB0602","C","202.75","197.75","BRA505","2026-02-04 09:02:32.015"
"Price Code","U","Update","price","E6BB0602","C","197.75","202.75","BRA500","2026-04-29 15:16:46.191"
"Price Code","U","Update","price","E6BB0602","C","202.75","232.75","BRA504","2026-05-03 10:04:08.746"
"Price Code","I","Insert",NA,"E6BB0602","D",NA,"170.38|170.38||I|Standard Pricing|160.38|0.00|0.00|10.00|0.00","BRA504","2025-11-22 18:24:17.036"
"Price Code","U","Update","price","E6BB0602","D","170.38","200.38","BRA502","2026-02-13 03:42:52.943"
"Price Code","U","Update","price","E6BB0602","D","200.38","225.38","BRA509","2026-02-18 06:36:57.932"
"Price Code","U","Update","price","E6BB0602","D","225.38","250.38","BRA507","2026-04-02 19:09:20.445"
"Price Code","U","Update","price","E6BB0602","D","250.38","270.38","BRA500","2026-05-06 22:07:04.197"
"Price Code","I","Insert",NA,"E6BB0602","E",NA,"146.63|146.63||I|Standard Pricing|136.63|0.00|0.00|10.00|0.00","BRA507","2025-12-01 01:42:31.108"
"Price Code","U","Update","price","E6BB0602","E","146.63","166.63","BRA510","2026-04-24 12:07:21.693"
"Price Code","U","Update","price","E6BB0602","E","166.63","191.63","BRA504","2026-05-06 07:27:18.480"
"Price Code","U","Update","price","E6BB0602","E","191.63","211.63","BRA506","2026-05-28 15:57:11.772"
"Price Code","I","Insert",NA,"E6BB0602","F",NA,"122.53|122.53||I|Standard Pricing|112.53|0.00|0.00|10.00|0.00","BRA507","2025-12-05 07:32:18.401"
"Price Code","U","Update","price","E6BB0602","F","122.53","142.53","BRA505","2026-03-01 17:13:17.886"
"Price Code","U","Update","price","E6BB0602","F","142.53","172.53","BRA509","2026-03-09 21:51:51.961"
"Price Code","U","Update","price","E6BB0602","F","172.53","157.53","BRA505","2026-03-18 12:33:05.892"
"Price Code","U","Update","price","E6BB0602","F","157.53","167.53","BRA502","2026-03-21 21:59:49.638"
"Price Code","U","Update","price","E6BB0602","F","167.53","197.53","BRA508","2026-06-01 00:36:57.967"
"Price Code","I","Insert",NA,"E6BB0602","G",NA,"96.3|96.3||I|Standard Pricing|86.3|0.00|0.00|10.00|0.00","BRA502","2025-12-04 08:31:02.780"
"Price Code","U","Update","price","E6BB0602","G","96.3","116.3","BRA508","2026-02-05 09:59:03.326"
"Price Code","U","Update","price","E6BB0602","G","116.3","141.3","BRA507","2026-02-21 01:50:41.154"
"Price Code","I","Insert",NA,"E6BB0602","H",NA,"95.05|95.05||I|Standard Pricing|85.05|0.00|0.00|10.00|0.00","BRA502","2025-11-19 11:29:21.559"
"Price Code","U","Update","price","E6BB0602","H","95.05","90.05","BRA504","2026-01-26 05:56:14.533"
"Price Code","U","Update","price","E6BB0602","H","90.05","105.05","BRA510","2026-02-28 16:56:54.302"
"Price Code","U","Update","price","E6BB0602","H","105.05","95.05","BRA508","2026-03-22 18:54:32.195"
"Price Code","I","Insert",NA,"E6BB0602","I",NA,"80.93|80.93||I|Standard Pricing|70.93|0.00|0.00|10.00|0.00","BRA507","2025-11-02 22:52:16.025"
"Price Code","U","Update","price","E6BB0602","I","80.93","105.93","BRA501","2026-01-17 09:16:52.203"
"Price Code","U","Update","price","E6BB0602","I","105.93","130.93","BRA507","2026-05-05 09:50:21.932"
"Price Code","I","Insert",NA,"E6BB0602","J",NA,"64.35|64.35||I|Standard Pricing|54.35|0.00|0.00|10.00|0.00","BRA507","2025-11-19 06:26:52.921"
"Price Code","U","Update","price","E6BB0602","J","64.35","69.35","BRA508","2026-02-04 15:34:58.296"
"Price Code","U","Update","price","E6BB0602","J","69.35","99.35","BRA509","2026-03-14 01:59:21.630"
"Price Code","U","Update","price","E6BB0602","J","99.35","119.35","BRA500","2026-04-20 00:58:09.969"
"Price Code","U","Update","price","E6BB0602","J","119.35","144.35","BRA509","2026-04-25 19:09:51.891"
"Price Code","U","Update","price","E6BB0602","J","144.35","129.35","BRA503","2026-05-12 13:35:01.857"
"Price Code","I","Insert",NA,"E6BB0602","K",NA,"47.92|47.92||I|Standard Pricing|37.92|0.00|0.00|10.00|0.00","BRA503","2025-11-12 08:32:41.605"
"Price Code","U","Update","price","E6BB0602","K","47.92","67.92","BRA506","2026-03-25 10:41:10.005"
"Price Code","U","Update","price","E6BB0602","K","67.92","97.92","BRA508","2026-03-25 14:57:38.660"
"Price Code","U","Update","price","E6BB0602","K","97.92","87.92","BRA500","2026-05-09 17:23:21.481"
"Price Code","U","Update","price","E6BB0602","K","87.92","107.92","BRA503","2026-05-23 14:39:49.837"
"Price Code","U","Update","price","E6BB0602","K","107.92","112.92","BRA502","2026-05-23 17:07:58.137"
"Price Code","I","Insert",NA,"E6BB0602","L",NA,"41.17|41.17||I|Standard Pricing|31.17|0.00|0.00|10.00|0.00","BRA507","2025-12-11 12:27:10.024"
"Price Code","U","Update","price","E6BB0602","L","41.17","66.17","BRA500","2026-01-24 06:43:44.246"
"Price Code","U","Update","price","E6BB0602","L","66.17","56.17","BRA501","2026-03-09 22:56:39.088"
"Price Code","U","Update","price","E6BB0602","L","56.17","81.17","BRA507","2026-05-11 21:14:51.849"
"Price Code","I","Insert",NA,"E6BB0602","M",NA,"38.16|38.16||I|Standard Pricing|28.16|0.00|0.00|10.00|0.00","BRA500","2025-11-06 21:10:17.128"
"Price Code","U","Update","price","E6BB0602","M","38.16","53.16","BRA501","2026-03-01 16:00:03.944"
"Price Code","U","Update","price","E6BB0602","M","53.16","78.16","BRA508","2026-04-18 10:12:36.748"
"Price Code","U","Update","price","E6BB0602","M","78.16","73.16","BRA502","2026-05-19 18:56:47.249"
"Price Code","I","Insert",NA,"E6BB0602","N",NA,"26.25|26.25||I|Standard Pricing|16.25|0.00|0.00|10.00|0.00","BRA502","2025-11-22 21:05:07.849"
"Price Code","U","Update","price","E6BB0602","N","26.25","11.25","BRA506","2026-01-22 08:35:50.971"
"Price Code","U","Update","price","E6BB0602","N","11.25","10","BRA508","2026-04-10 06:56:02.087"
"Price Code","U","Update","price","E6BB0602","N","10","35","BRA501","2026-05-22 15:27:45.247"
"Price Code","I","Insert",NA,"E6BB0605","A",NA,"284.91|284.91||I|Standard Pricing|274.91|0.00|0.00|10.00|0.00","BRA506","2025-11-22 15:23:07.506"
"Price Code","U","Update","price","E6BB0605","A","284.91","279.91","BRA501","2026-02-14 00:04:20.772"
"Price Code","U","Update","price","E6BB0605","A","279.91","304.91","BRA504","2026-05-11 14:03:41.542"
"Price Code","U","Update","price","E6BB0605","A","304.91","319.91","BRA501","2026-05-23 05:02:11.689"
"Price Code","I","Insert",NA,"E6BB0605","B",NA,"230.22|230.22||I|Standard Pricing|220.22|0.00|0.00|10.00|0.00","BRA501","2025-12-09 23:42:22.203"
"Price Code","U","Update","price","E6BB0605","B","230.22","215.22","BRA502","2026-02-23 06:17:19.808"
"Price Code","U","Update","price","E6BB0605","B","215.22","200.22","BRA500","2026-03-16 13:19:02.730"
"Price Code","U","Update","price","E6BB0605","B","200.22","220.22","BRA507","2026-03-21 08:51:45.618"
"Price Code","U","Update","price","E6BB0605","B","220.22","240.22","BRA504","2026-05-22 20:15:26.416"
"Price Code","U","Update","price","E6BB0605","B","240.22","270.22","BRA500","2026-05-31 00:30:08.563"
"Price Code","I","Insert",NA,"E6BB0605","C",NA,"196.62|196.62||I|Standard Pricing|186.62|0.00|0.00|10.00|0.00","BRA502","2025-12-06 23:02:43.849"
"Price Code","U","Update","price","E6BB0605","C","196.62","201.62","BRA505","2026-02-23 19:00:42.972"
"Price Code","U","Update","price","E6BB0605","C","201.62","226.62","BRA501","2026-03-16 06:06:18.045"
"Price Code","U","Update","price","E6BB0605","C","226.62","256.62","BRA508","2026-04-15 03:57:57.464"
"Price Code","I","Insert",NA,"E6BB0605","D",NA,"189.24|189.24||I|Standard Pricing|179.24|0.00|0.00|10.00|0.00","BRA504","2025-12-01 00:38:44.345"
"Price Code","U","Update","price","E6BB0605","D","189.24","174.24","BRA506","2026-03-22 12:04:08.590"
"Price Code","U","Update","price","E6BB0605","D","174.24","179.24","BRA507","2026-05-10 02:51:24.290"
"Price Code","I","Insert",NA,"E6BB0605","E",NA,"143.11|143.11||I|Standard Pricing|133.11|0.00|0.00|10.00|0.00","BRA507","2025-12-08 13:12:27.906"
"Price Code","U","Update","price","E6BB0605","E","143.11","168.11","BRA510","2026-04-11 13:54:10.978"
"Price Code","U","Update","price","E6BB0605","E","168.11","163.11","BRA504","2026-04-17 12:31:07.724"
"Price Code","U","Update","price","E6BB0605","E","163.11","158.11","BRA501","2026-05-08 01:56:59.971"
"Price Code","U","Update","price","E6BB0605","E","158.11","178.11","BRA503","2026-05-27 19:34:29.668"
"Price Code","I","Insert",NA,"E6BB0605","F",NA,"122.71|122.71||I|Standard Pricing|112.71|0.00|0.00|10.00|0.00","BRA509","2025-11-27 19:11:45.761"
"Price Code","U","Update","price","E6BB0605","F","122.71","112.71","BRA508","2026-01-23 13:49:15.526"
"Price Code","U","Update","price","E6BB0605","F","112.71","132.71","BRA507","2026-02-08 23:57:33.136"
"Price Code","I","Insert",NA,"E6BB0605","G",NA,"93.6|93.6||I|Standard Pricing|83.6|0.00|0.00|10.00|0.00","BRA509","2025-12-07 10:39:34.073"
"Price Code","U","Update","price","E6BB0605","G","93.6","103.6","BRA501","2026-03-08 13:20:49.762"
"Price Code","U","Update","price","E6BB0605","G","103.6","113.6","BRA507","2026-04-22 19:40:47.711"
"Price Code","I","Insert",NA,"E6BB0605","H",NA,"82.46|82.46||I|Standard Pricing|72.46|0.00|0.00|10.00|0.00","BRA500","2025-12-09 16:05:08.007"
"Price Code","U","Update","price","E6BB0605","H","82.46","77.46","BRA507","2026-01-20 15:47:16.774"
"Price Code","U","Update","price","E6BB0605","H","77.46","107.46","BRA500","2026-02-10 12:32:53.049"
"Price Code","U","Update","price","E6BB0605","H","107.46","137.46","BRA510","2026-04-06 10:49:11.590"
"Price Code","I","Insert",NA,"E6BB0605","I",NA,"81.81|81.81||I|Standard Pricing|71.81|0.00|0.00|10.00|0.00","BRA508","2025-11-11 09:52:55.623"
"Price Code","U","Update","price","E6BB0605","I","81.81","101.81","BRA509","2026-01-25 08:26:38.588"
"Price Code","U","Update","price","E6BB0605","I","101.81","111.81","BRA507","2026-02-18 16:26:29.820"
"Price Code","U","Update","price","E6BB0605","I","111.81","126.81","BRA501","2026-03-02 10:27:56.977"
"Price Code","U","Update","price","E6BB0605","I","126.81","141.81","BRA505","2026-05-01 19:23:58.456"
"Price Code","U","Update","price","E6BB0605","I","141.81","131.81","BRA504","2026-05-25 02:38:00.941"
"Price Code","I","Insert",NA,"E6BB0605","J",NA,"57.18|57.18||I|Standard Pricing|47.18|0.00|0.00|10.00|0.00","BRA508","2025-11-18 03:59:10.274"
"Price Code","U","Update","price","E6BB0605","J","57.18","52.18","BRA504","2026-01-29 11:02:34.243"
"Price Code","U","Update","price","E6BB0605","J","52.18","42.18","BRA510","2026-04-17 11:04:28.089"
"Price Code","U","Update","price","E6BB0605","J","42.18","27.18","BRA507","2026-04-22 05:19:27.827"
"Price Code","I","Insert",NA,"E6BB0605","K",NA,"51.65|51.65||I|Standard Pricing|41.65|0.00|0.00|10.00|0.00","BRA508","2025-11-10 23:59:08.472"
"Price Code","U","Update","price","E6BB0605","K","51.65","76.65","BRA502","2026-04-01 09:30:16.936"
"Price Code","U","Update","price","E6BB0605","K","76.65","66.65","BRA505","2026-05-23 12:30:54.012"
"Price Code","I","Insert",NA,"E6BB0605","L",NA,"47.98|47.98||I|Standard Pricing|37.98|0.00|0.00|10.00|0.00","BRA508","2025-11-23 09:02:57.691"
"Price Code","U","Update","price","E6BB0605","L","47.98","42.98","BRA505","2026-02-06 04:08:34.774"
"Price Code","U","Update","price","E6BB0605","L","42.98","72.98","BRA503","2026-04-04 09:00:17.183"
"Price Code","U","Update","price","E6BB0605","L","72.98","97.98","BRA500","2026-05-05 23:46:34.976"
"Price Code","I","Insert",NA,"E6BB0605","M",NA,"33.79|33.79||I|Standard Pricing|23.79|0.00|0.00|10.00|0.00","BRA505","2025-12-05 22:15:32.345"
"Price Code","U","Update","price","E6BB0605","M","33.79","63.79","BRA501","2026-01-25 11:39:35.643"
"Price Code","U","Update","price","E6BB0605","M","63.79","78.79","BRA502","2026-02-06 23:19:27.666"
"Price Code","U","Update","price","E6BB0605","M","78.79","93.79","BRA505","2026-04-28 11:05:09.839"
"Price Code","U","Update","price","E6BB0605","M","93.79","83.79","BRA505","2026-04-30 23:55:11.220"
"Price Code","I","Insert",NA,"E6BB0605","N",NA,"30.53|30.53||I|Standard Pricing|20.53|0.00|0.00|10.00|0.00","BRA504","2025-12-02 15:16:46.449"
"Price Code","U","Update","price","E6BB0605","N","30.53","15.53","BRA507","2026-03-13 16:17:43.211"
"Price Code","U","Update","price","E6BB0605","N","15.53","45.53","BRA507","2026-04-30 07:57:05.667"
"Price Code","I","Insert",NA,"E6BB0606","A",NA,"235.61|235.61||I|Standard Pricing|225.61|0.00|0.00|10.00|0.00","BRA504","2025-11-12 06:34:35.123"
"Price Code","U","Update","price","E6BB0606","A","235.61","265.61","BRA510","2026-01-30 22:15:57.453"
"Price Code","U","Update","price","E6BB0606","A","265.61","255.61","BRA505","2026-02-09 00:20:10.374"
"Price Code","U","Update","price","E6BB0606","A","255.61","280.61","BRA501","2026-02-26 23:51:54.797"
"Price Code","U","Update","price","E6BB0606","A","280.61","300.61","BRA507","2026-03-09 21:19:56.842"
"Price Code","U","Update","price","E6BB0606","A","300.61","315.61","BRA504","2026-05-15 22:31:22.570"
"Price Code","I","Insert",NA,"E6BB0606","B",NA,"189.59|189.59||I|Standard Pricing|179.59|0.00|0.00|10.00|0.00","BRA504","2025-12-09 00:58:01.568"
"Price Code","U","Update","price","E6BB0606","B","189.59","184.59","BRA510","2026-02-02 02:09:26.503"
"Price Code","U","Update","price","E6BB0606","B","184.59","174.59","BRA502","2026-03-04 20:34:17.148"
"Price Code","U","Update","price","E6BB0606","B","174.59","194.59","BRA509","2026-03-17 22:09:41.589"
"Price Code","U","Update","price","E6BB0606","B","194.59","224.59","BRA501","2026-04-03 23:47:02.079"
"Price Code","U","Update","price","E6BB0606","B","224.59","254.59","BRA506","2026-05-25 21:22:55.472"
"Price Code","I","Insert",NA,"E6BB0606","C",NA,"220.91|220.91||I|Standard Pricing|210.91|0.00|0.00|10.00|0.00","BRA500","2025-11-29 11:21:58.158"
"Price Code","U","Update","price","E6BB0606","C","220.91","225.91","BRA503","2026-01-18 08:15:42.965"
"Price Code","U","Update","price","E6BB0606","C","225.91","240.91","BRA501","2026-02-26 18:38:57.935"
"Price Code","U","Update","price","E6BB0606","C","240.91","225.91","BRA506","2026-04-13 07:51:06.797"
"Price Code","I","Insert",NA,"E6BB0606","D",NA,"167.41|167.41||I|Standard Pricing|157.41|0.00|0.00|10.00|0.00","BRA501","2025-11-30 02:20:20.821"
"Price Code","U","Update","price","E6BB0606","D","167.41","182.41","BRA502","2026-04-05 16:59:51.741"
"Price Code","U","Update","price","E6BB0606","D","182.41","167.41","BRA503","2026-05-17 16:38:14.482"
"Price Code","I","Insert",NA,"E6BB0606","E",NA,"156.66|156.66||I|Standard Pricing|146.66|0.00|0.00|10.00|0.00","BRA504","2025-12-11 04:07:06.472"
"Price Code","U","Update","price","E6BB0606","E","156.66","176.66","BRA500","2026-03-06 20:47:48.278"
"Price Code","U","Update","price","E6BB0606","E","176.66","196.66","BRA502","2026-04-02 23:06:16.436"
"Price Code","U","Update","price","E6BB0606","E","196.66","211.66","BRA503","2026-04-06 20:40:10.798"
"Price Code","U","Update","price","E6BB0606","E","211.66","196.66","BRA506","2026-04-24 03:46:29.239"
"Price Code","I","Insert",NA,"E6BB0606","F",NA,"116.89|116.89||I|Standard Pricing|106.89|0.00|0.00|10.00|0.00","BRA503","2025-11-09 05:26:13.493"
"Price Code","U","Update","price","E6BB0606","F","116.89","121.89","BRA500","2026-02-11 05:40:43.100"
"Price Code","U","Update","price","E6BB0606","F","121.89","111.89","BRA504","2026-04-29 09:18:23.003"
"Price Code","I","Insert",NA,"E6BB0606","G",NA,"94.36|94.36||I|Standard Pricing|84.36|0.00|0.00|10.00|0.00","BRA503","2025-11-07 07:04:30.476"
"Price Code","U","Update","price","E6BB0606","G","94.36","114.36","BRA507","2026-02-14 04:59:32.724"
"Price Code","U","Update","price","E6BB0606","G","114.36","99.36","BRA510","2026-02-15 09:36:29.847"
"Price Code","U","Update","price","E6BB0606","G","99.36","109.36","BRA506","2026-03-29 03:45:59.778"
"Price Code","U","Update","price","E6BB0606","G","109.36","119.36","BRA504","2026-05-09 16:33:00.550"
"Price Code","U","Update","price","E6BB0606","G","119.36","134.36","BRA509","2026-05-19 17:39:29.505"
"Price Code","I","Insert",NA,"E6BB0606","H",NA,"108.21|108.21||I|Standard Pricing|98.21|0.00|0.00|10.00|0.00","BRA504","2025-12-12 13:24:20.971"
"Price Code","U","Update","price","E6BB0606","H","108.21","98.21","BRA507","2026-02-12 08:50:42.406"
"Price Code","U","Update","price","E6BB0606","H","98.21","123.21","BRA501","2026-02-16 18:59:31.312"
"Price Code","U","Update","price","E6BB0606","H","123.21","138.21","BRA501","2026-03-26 03:43:55.380"
"Price Code","U","Update","price","E6BB0606","H","138.21","148.21","BRA502","2026-05-12 08:42:05.545"
"Price Code","U","Update","price","E6BB0606","H","148.21","158.21","BRA505","2026-05-23 18:30:17.991"
"Price Code","I","Insert",NA,"E6BB0606","I",NA,"63.92|63.92||I|Standard Pricing|53.92|0.00|0.00|10.00|0.00","BRA505","2025-12-05 11:55:50.206"
"Price Code","U","Update","price","E6BB0606","I","63.92","83.92","BRA510","2026-01-17 14:41:42.499"
"Price Code","U","Update","price","E6BB0606","I","83.92","103.92","BRA503","2026-02-12 01:22:46.880"
"Price Code","U","Update","price","E6BB0606","I","103.92","108.92","BRA504","2026-03-24 22:12:57.915"
"Price Code","I","Insert",NA,"E6BB0606","J",NA,"57.54|57.54||I|Standard Pricing|47.54|0.00|0.00|10.00|0.00","BRA510","2025-12-09 15:43:16.556"
"Price Code","U","Update","price","E6BB0606","J","57.54","47.54","BRA500","2026-01-28 00:33:47.807"
"Price Code","U","Update","price","E6BB0606","J","47.54","42.54","BRA509","2026-02-28 21:05:47.846"
"Price Code","U","Update","price","E6BB0606","J","42.54","27.54","BRA503","2026-03-08 03:44:46.797"
"Price Code","U","Update","price","E6BB0606","J","27.54","12.54","BRA506","2026-03-14 05:52:46.639"
"Price Code","U","Update","price","E6BB0606","J","12.54","37.54","BRA504","2026-04-15 06:55:28.542"
"Price Code","I","Insert",NA,"E6BB0606","K",NA,"52.58|52.58||I|Standard Pricing|42.58|0.00|0.00|10.00|0.00","BRA500","2025-11-23 13:48:56.765"
"Price Code","U","Update","price","E6BB0606","K","52.58","62.58","BRA510","2026-03-25 17:54:37.873"
"Price Code","U","Update","price","E6BB0606","K","62.58","92.58","BRA503","2026-04-02 21:42:39.249"
"Price Code","I","Insert",NA,"E6BB0606","L",NA,"43.63|43.63||I|Standard Pricing|33.63|0.00|0.00|10.00|0.00","BRA509","2025-12-15 20:50:13.407"
"Price Code","U","Update","price","E6BB0606","L","43.63","68.63","BRA503","2026-02-11 20:07:32.261"
"Price Code","U","Update","price","E6BB0606","L","68.63","78.63","BRA506","2026-03-17 19:21:19.845"
"Price Code","I","Insert",NA,"E6BB0607","A",NA,"243.92|243.92||I|Standard Pricing|233.92|0.00|0.00|10.00|0.00","BRA500","2025-11-04 10:45:01.264"
"Price Code","U","Update","price","E6BB0607","A","243.92","248.92","BRA501","2026-01-20 01:56:21.787"
"Price Code","U","Update","price","E6BB0607","A","248.92","243.92","BRA503","2026-02-20 02:48:56.011"
"Price Code","U","Update","price","E6BB0607","A","243.92","258.92","BRA510","2026-02-28 09:15:09.274"
"Price Code","U","Update","price","E6BB0607","A","258.92","248.92","BRA509","2026-03-29 15:34:35.441"
"Price Code","U","Update","price","E6BB0607","A","248.92","278.92","BRA503","2026-05-21 11:21:14.211"
"Price Code","I","Insert",NA,"E6BB0607","B",NA,"239.25|239.25||I|Standard Pricing|229.25|0.00|0.00|10.00|0.00","BRA506","2025-11-05 07:20:56.099"
"Price Code","U","Update","price","E6BB0607","B","239.25","249.25","BRA501","2026-01-17 00:44:34.149"
"Price Code","U","Update","price","E6BB0607","B","249.25","239.25","BRA502","2026-02-14 20:36:42.512"
"Price Code","U","Update","price","E6BB0607","B","239.25","254.25","BRA508","2026-03-27 09:16:19.784"
"Price Code","U","Update","price","E6BB0607","B","254.25","274.25","BRA502","2026-04-24 12:58:41.762"
"Price Code","U","Update","price","E6BB0607","B","274.25","284.25","BRA508","2026-05-26 15:53:13.442"
"Price Code","I","Insert",NA,"E6BB0607","C",NA,"169.91|169.91||I|Standard Pricing|159.91|0.00|0.00|10.00|0.00","BRA508","2025-11-09 22:22:05.571"
"Price Code","U","Update","price","E6BB0607","C","169.91","154.91","BRA501","2026-01-25 22:47:43.072"
"Price Code","U","Update","price","E6BB0607","C","154.91","144.91","BRA509","2026-04-02 00:05:19.213"
"Price Code","U","Update","price","E6BB0607","C","144.91","174.91","BRA504","2026-04-25 21:31:44.904"
"Price Code","U","Update","price","E6BB0607","C","174.91","204.91","BRA510","2026-05-23 13:42:18.697"
"Price Code","U","Update","price","E6BB0607","C","204.91","229.91","BRA507","2026-05-30 20:13:14.030"
"Price Code","I","Insert",NA,"E6BB0607","D",NA,"195.25|195.25||I|Standard Pricing|185.25|0.00|0.00|10.00|0.00","BRA502","2025-11-26 03:31:28.296"
"Price Code","U","Update","price","E6BB0607","D","195.25","205.25","BRA508","2026-02-03 02:36:43.203"
"Price Code","U","Update","price","E6BB0607","D","205.25","190.25","BRA502","2026-02-27 12:31:54.673"
"Price Code","U","Update","price","E6BB0607","D","190.25","200.25","BRA505","2026-03-03 19:11:02.765"
"Price Code","U","Update","price","E6BB0607","D","200.25","185.25","BRA502","2026-03-14 06:48:51.570"
"Price Code","U","Update","price","E6BB0607","D","185.25","175.25","BRA506","2026-05-08 07:21:45.992"
"Price Code","I","Insert",NA,"E6BB0607","E",NA,"140.43|140.43||I|Standard Pricing|130.43|0.00|0.00|10.00|0.00","BRA508","2025-12-10 11:45:34.916"
"Price Code","U","Update","price","E6BB0607","E","140.43","125.43","BRA502","2026-03-31 23:23:14.601"
"Price Code","U","Update","price","E6BB0607","E","125.43","150.43","BRA510","2026-05-13 05:44:36.246"
"Price Code","U","Update","price","E6BB0607","E","150.43","135.43","BRA508","2026-05-19 08:06:39.151"
"Price Code","I","Insert",NA,"E6BB0607","F",NA,"126.12|126.12||I|Standard Pricing|116.12|0.00|0.00|10.00|0.00","BRA506","2025-11-12 09:46:13.249"
"Price Code","U","Update","price","E6BB0607","F","126.12","151.12","BRA502","2026-01-31 19:07:38.076"
"Price Code","U","Update","price","E6BB0607","F","151.12","181.12","BRA506","2026-02-02 00:58:27.281"
"Price Code","U","Update","price","E6BB0607","F","181.12","176.12","BRA500","2026-03-17 20:42:05.201"
"Price Code","U","Update","price","E6BB0607","F","176.12","161.12","BRA509","2026-04-01 17:28:05.995"
"Price Code","U","Update","price","E6BB0607","F","161.12","171.12","BRA505","2026-05-29 15:57:15.249"
"Price Code","I","Insert",NA,"E6BB0607","G",NA,"118.92|118.92||I|Standard Pricing|108.92|0.00|0.00|10.00|0.00","BRA509","2025-11-07 22:50:16.684"
"Price Code","U","Update","price","E6BB0607","G","118.92","113.92","BRA505","2026-01-17 11:18:13.068"
"Price Code","U","Update","price","E6BB0607","G","113.92","133.92","BRA510","2026-03-10 15:50:25.720"
"Price Code","U","Update","price","E6BB0607","G","133.92","118.92","BRA508","2026-03-11 19:37:41.665"
"Price Code","U","Update","price","E6BB0607","G","118.92","143.92","BRA506","2026-03-25 17:15:10.904"
"Price Code","U","Update","price","E6BB0607","G","143.92","168.92","BRA508","2026-04-26 03:18:28.058"
"Price Code","I","Insert",NA,"E6BB0607","H",NA,"90.53|90.53||I|Standard Pricing|80.53|0.00|0.00|10.00|0.00","BRA508","2025-11-04 09:55:28.805"
"Price Code","U","Update","price","E6BB0607","H","90.53","115.53","BRA504","2026-02-13 23:52:46.344"
"Price Code","U","Update","price","E6BB0607","H","115.53","135.53","BRA505","2026-03-01 07:47:59.345"
"Price Code","U","Update","price","E6BB0607","H","135.53","125.53","BRA504","2026-03-03 10:31:37.912"
"Price Code","U","Update","price","E6BB0607","H","125.53","135.53","BRA510","2026-05-11 06:34:46.163"
"Price Code","U","Update","price","E6BB0607","H","135.53","120.53","BRA501","2026-06-06 23:09:14.108"
"Price Code","I","Insert",NA,"E6BB0607","I",NA,"79.51|79.51||I|Standard Pricing|69.51|0.00|0.00|10.00|0.00","BRA502","2025-11-05 14:35:16.400"
"Price Code","U","Update","price","E6BB0607","I","79.51","69.51","BRA507","2026-01-22 18:25:42.304"
"Price Code","U","Update","price","E6BB0607","I","69.51","99.51","BRA510","2026-03-23 18:10:21.351"
"Price Code","U","Update","price","E6BB0607","I","99.51","119.51","BRA503","2026-05-09 11:38:22.210"
"Price Code","I","Insert",NA,"E6BB0607","J",NA,"68.51|68.51||I|Standard Pricing|58.51|0.00|0.00|10.00|0.00","BRA509","2025-11-27 08:01:30.523"
"Price Code","U","Update","price","E6BB0607","J","68.51","83.51","BRA507","2026-01-27 17:57:10.188"
"Price Code","U","Update","price","E6BB0607","J","83.51","113.51","BRA507","2026-01-31 05:07:29.597"
"Price Code","U","Update","price","E6BB0607","J","113.51","133.51","BRA508","2026-04-07 05:26:33.647"
"Price Code","U","Update","price","E6BB0607","J","133.51","123.51","BRA506","2026-04-20 10:11:01.340"
"Price Code","U","Update","price","E6BB0607","J","123.51","153.51","BRA510","2026-06-02 16:50:35.556"
"Price Code","I","Insert",NA,"E6BB0607","K",NA,"60.96|60.96||I|Standard Pricing|50.96|0.00|0.00|10.00|0.00","BRA510","2025-12-05 16:33:28.820"
"Price Code","U","Update","price","E6BB0607","K","60.96","75.96","BRA502","2026-01-21 20:41:21.347"
"Price Code","U","Update","price","E6BB0607","K","75.96","65.96","BRA510","2026-05-26 17:11:51.715"
"Price Code","I","Insert",NA,"E6BB0607","L",NA,"44.22|44.22||I|Standard Pricing|34.22|0.00|0.00|10.00|0.00","BRA501","2025-11-15 13:23:41.638"
"Price Code","U","Update","price","E6BB0607","L","44.22","59.22","BRA509","2026-01-25 17:24:11.734"
"Price Code","U","Update","price","E6BB0607","L","59.22","44.22","BRA510","2026-03-03 14:12:04.709"
"Price Code","U","Update","price","E6BB0607","L","44.22","34.22","BRA503","2026-04-03 08:53:30.363"
"Price Code","I","Insert",NA,"E6BB0609","A",NA,"287.34|287.34||I|Standard Pricing|277.34|0.00|0.00|10.00|0.00","BRA510","2025-11-24 20:42:15.888"
"Price Code","U","Update","price","E6BB0609","A","287.34","277.34","BRA508","2026-03-04 05:25:33.640"
"Price Code","U","Update","price","E6BB0609","A","277.34","292.34","BRA501","2026-05-13 05:48:09.456"
"Price Code","I","Insert",NA,"E6BB0609","B",NA,"195.59|195.59||I|Standard Pricing|185.59|0.00|0.00|10.00|0.00","BRA507","2025-12-06 15:33:35.808"
"Price Code","U","Update","price","E6BB0609","B","195.59","190.59","BRA500","2026-02-22 02:34:43.205"
"Price Code","U","Update","price","E6BB0609","B","190.59","215.59","BRA501","2026-05-08 16:34:18.854"
"Price Code","I","Insert",NA,"E6BB0609","C",NA,"168.13|168.13||I|Standard Pricing|158.13|0.00|0.00|10.00|0.00","BRA508","2025-11-18 06:42:46.773"
"Price Code","U","Update","price","E6BB0609","C","168.13","183.13","BRA500","2026-01-25 09:37:01.534"
"Price Code","U","Update","price","E6BB0609","C","183.13","188.13","BRA505","2026-03-08 22:00:58.271"
"Price Code","U","Update","price","E6BB0609","C","188.13","178.13","BRA502","2026-03-13 19:22:14.701"
"Price Code","U","Update","price","E6BB0609","C","178.13","163.13","BRA504","2026-05-16 23:03:21.593"
"Price Code","I","Insert",NA,"E6BB0609","D",NA,"144.94|144.94||I|Standard Pricing|134.94|0.00|0.00|10.00|0.00","BRA508","2025-11-22 10:29:46.770"
"Price Code","U","Update","price","E6BB0609","D","144.94","159.94","BRA506","2026-02-13 13:56:58.332"
"Price Code","U","Update","price","E6BB0609","D","159.94","164.94","BRA501","2026-03-09 05:28:36.511"
"Price Code","U","Update","price","E6BB0609","D","164.94","189.94","BRA505","2026-03-15 16:17:04.871"
"Price Code","U","Update","price","E6BB0609","D","189.94","174.94","BRA503","2026-04-11 22:09:26.509"
"Price Code","U","Update","price","E6BB0609","D","174.94","164.94","BRA500","2026-06-03 22:48:53.280"
"Price Code","I","Insert",NA,"E6BB0609","E",NA,"166.45|166.45||I|Standard Pricing|156.45|0.00|0.00|10.00|0.00","BRA505","2025-11-02 00:46:44.486"
"Price Code","U","Update","price","E6BB0609","E","166.45","196.45","BRA510","2026-05-26 04:37:07.576"
"Price Code","U","Update","price","E6BB0609","E","196.45","181.45","BRA504","2026-05-26 22:52:27.377"
"Price Code","I","Insert",NA,"E6BB0609","F",NA,"121.68|121.68||I|Standard Pricing|111.68|0.00|0.00|10.00|0.00","BRA510","2025-11-18 22:57:55.114"
"Price Code","U","Update","price","E6BB0609","F","121.68","106.68","BRA510","2026-01-23 15:37:41.287"
"Price Code","U","Update","price","E6BB0609","F","106.68","136.68","BRA510","2026-05-17 14:08:08.614"
"Price Code","I","Insert",NA,"E6BB0609","G",NA,"102.55|102.55||I|Standard Pricing|92.55|0.00|0.00|10.00|0.00","BRA510","2025-12-15 11:41:39.040"
"Price Code","U","Update","price","E6BB0609","G","102.55","87.55","BRA504","2026-03-20 14:39:30.637"
"Price Code","U","Update","price","E6BB0609","G","87.55","107.55","BRA507","2026-04-17 18:50:38.789"
"Price Code","U","Update","price","E6BB0609","G","107.55","132.55","BRA501","2026-05-07 06:54:53.788"
"Price Code","U","Update","price","E6BB0609","G","132.55","127.55","BRA500","2026-05-13 17:00:02.000"
"Price Code","I","Insert",NA,"E6BB0609","H",NA,"95.24|95.24||I|Standard Pricing|85.24|0.00|0.00|10.00|0.00","BRA501","2025-11-06 01:48:58.581"
"Price Code","U","Update","price","E6BB0609","H","95.24","120.24","BRA504","2026-03-16 16:49:02.261"
"Price Code","U","Update","price","E6BB0609","H","120.24","125.24","BRA506","2026-04-24 15:41:52.999"
"Price Code","I","Insert",NA,"E6BB0609","I",NA,"75.48|75.48||I|Standard Pricing|65.48|0.00|0.00|10.00|0.00","BRA505","2025-11-05 16:23:13.724"
"Price Code","U","Update","price","E6BB0609","I","75.48","70.48","BRA500","2026-03-16 00:01:42.736"
"Price Code","U","Update","price","E6BB0609","I","70.48","95.48","BRA505","2026-06-08 05:45:16.371"
"Price Code","I","Insert",NA,"E6BB0609","J",NA,"58.12|58.12||I|Standard Pricing|48.12|0.00|0.00|10.00|0.00","BRA503","2025-11-08 08:27:14.937"
"Price Code","U","Update","price","E6BB0609","J","58.12","43.12","BRA509","2026-02-07 16:49:44.168"
"Price Code","U","Update","price","E6BB0609","J","43.12","48.12","BRA510","2026-05-10 02:12:18.635"
"Price Code","U","Update","price","E6BB0609","J","48.12","58.12","BRA509","2026-05-18 14:36:16.322"
"Price Code","I","Insert",NA,"E6BB0609","K",NA,"54.39|54.39||I|Standard Pricing|44.39|0.00|0.00|10.00|0.00","BRA502","2025-11-21 19:52:47.822"
"Price Code","U","Update","price","E6BB0609","K","54.39","59.39","BRA502","2026-01-23 02:21:32.990"
"Price Code","U","Update","price","E6BB0609","K","59.39","84.39","BRA500","2026-04-28 10:53:33.516"
"Price Code","U","Update","price","E6BB0609","K","84.39","79.39","BRA507","2026-05-23 05:12:27.864"
"Price Code","U","Update","price","E6BB0609","K","79.39","104.39","BRA504","2026-05-25 20:30:10.241"
"Price Code","I","Insert",NA,"E6BB0609","L",NA,"42.21|42.21||I|Standard Pricing|32.21|0.00|0.00|10.00|0.00","BRA508","2025-12-09 12:43:12.315"
"Price Code","U","Update","price","E6BB0609","L","42.21","52.21","BRA506","2026-03-21 23:21:37.512"
"Price Code","U","Update","price","E6BB0609","L","52.21","77.21","BRA505","2026-03-31 10:15:09.608"
"Price Code","U","Update","price","E6BB0609","L","77.21","92.21","BRA504","2026-04-30 19:38:59.125"
"Price Code","U","Update","price","E6BB0609","L","92.21","97.21","BRA504","2026-05-21 09:27:55.357"
"Price Code","U","Update","price","E6BB0609","L","97.21","112.21","BRA507","2026-06-08 11:44:50.714"
"Price Code","I","Insert",NA,"E6BB0609","M",NA,"34.89|34.89||I|Standard Pricing|24.89|0.00|0.00|10.00|0.00","BRA504","2025-11-04 20:57:36.157"
"Price Code","U","Update","price","E6BB0609","M","34.89","54.89","BRA501","2026-02-01 12:34:07.043"
"Price Code","U","Update","price","E6BB0609","M","54.89","79.89","BRA502","2026-04-11 10:46:39.560"
"Price Code","I","Insert",NA,"E6BB0609","N",NA,"25.98|25.98||I|Standard Pricing|15.98|0.00|0.00|10.00|0.00","BRA508","2025-11-28 21:12:00.893"
"Price Code","U","Update","price","E6BB0609","N","25.98","55.98","BRA504","2026-03-20 18:08:07.766"
"Price Code","U","Update","price","E6BB0609","N","55.98","40.98","BRA508","2026-04-03 21:50:07.104"
"Price Code","U","Update","price","E6BB0609","N","40.98","70.98","BRA502","2026-04-23 15:37:42.499"
"Price Code","U","Update","price","E6BB0609","N","70.98","95.98","BRA510","2026-05-15 16:15:35.531"
"Price Code","I","Insert",NA,"E6BB0609","O",NA,"19.75|19.75||I|Standard Pricing|9.75|0.00|0.00|10.00|0.00","BRA510","2025-11-24 11:26:20.375"
"Price Code","U","Update","price","E6BB0609","O","19.75","14.75","BRA508","2026-02-15 06:14:58.936"
"Price Code","U","Update","price","E6BB0609","O","14.75","44.75","BRA502","2026-04-05 22:32:48.233"
"Price Code","U","Update","price","E6BB0609","O","44.75","64.75","BRA509","2026-05-13 08:38:58.867"
"Price Code","I","Insert",NA,"E6BB0612","A",NA,"232.5|232.5||I|Standard Pricing|222.5|0.00|0.00|10.00|0.00","BRA508","2025-12-13 00:51:42.943"
"Price Code","U","Update","price","E6BB0612","A","232.5","237.5","BRA503","2026-02-22 07:32:02.269"
"Price Code","U","Update","price","E6BB0612","A","237.5","227.5","BRA504","2026-03-25 11:17:51.033"
"Price Code","U","Update","price","E6BB0612","A","227.5","237.5","BRA505","2026-04-06 17:08:24.294"
"Price Code","U","Update","price","E6BB0612","A","237.5","232.5","BRA506","2026-04-26 20:01:00.352"
"Price Code","U","Update","price","E6BB0612","A","232.5","217.5","BRA503","2026-06-07 17:05:43.224"
"Price Code","I","Insert",NA,"E6BB0612","B",NA,"250.83|250.83||I|Standard Pricing|240.83|0.00|0.00|10.00|0.00","BRA500","2025-12-08 08:15:54.174"
"Price Code","U","Update","price","E6BB0612","B","250.83","240.83","BRA502","2026-02-20 04:01:48.069"
"Price Code","U","Update","price","E6BB0612","B","240.83","250.83","BRA503","2026-04-03 07:17:15.968"
"Price Code","U","Update","price","E6BB0612","B","250.83","275.83","BRA504","2026-05-24 17:02:29.599"
"Price Code","I","Insert",NA,"E6BB0612","C",NA,"201.19|201.19||I|Standard Pricing|191.19|0.00|0.00|10.00|0.00","BRA510","2025-12-01 02:05:21.437"
"Price Code","U","Update","price","E6BB0612","C","201.19","186.19","BRA507","2026-02-20 11:52:19.993"
"Price Code","U","Update","price","E6BB0612","C","186.19","171.19","BRA500","2026-03-11 18:47:11.549"
"Price Code","I","Insert",NA,"E6BB0612","D",NA,"193.44|193.44||I|Standard Pricing|183.44|0.00|0.00|10.00|0.00","BRA508","2025-11-06 15:52:21.545"
"Price Code","U","Update","price","E6BB0612","D","193.44","198.44","BRA509","2026-03-11 16:37:24.200"
"Price Code","U","Update","price","E6BB0612","D","198.44","193.44","BRA510","2026-03-24 19:49:56.145"
"Price Code","I","Insert",NA,"E6BB0612","E",NA,"125.32|125.32||I|Standard Pricing|115.32|0.00|0.00|10.00|0.00","BRA502","2025-12-02 08:25:59.989"
"Price Code","U","Update","price","E6BB0612","E","125.32","130.32","BRA505","2026-03-07 11:18:05.303"
"Price Code","U","Update","price","E6BB0612","E","130.32","155.32","BRA501","2026-03-18 16:41:58.355"
"Price Code","U","Update","price","E6BB0612","E","155.32","145.32","BRA510","2026-04-29 18:30:19.812"
"Price Code","I","Insert",NA,"E6BB0612","F",NA,"119.39|119.39||I|Standard Pricing|109.39|0.00|0.00|10.00|0.00","BRA509","2025-11-03 16:55:10.739"
"Price Code","U","Update","price","E6BB0612","F","119.39","124.39","BRA504","2026-02-01 23:56:56.217"
"Price Code","U","Update","price","E6BB0612","F","124.39","119.39","BRA504","2026-04-18 16:21:09.782"
"Price Code","U","Update","price","E6BB0612","F","119.39","124.39","BRA505","2026-05-17 15:03:12.194"
"Price Code","U","Update","price","E6BB0612","F","124.39","114.39","BRA500","2026-05-28 21:45:40.591"
"Price Code","U","Update","price","E6BB0612","F","114.39","104.39","BRA503","2026-06-09 15:15:01.719"
"Price Code","I","Insert",NA,"E6BB0612","G",NA,"100.73|100.73||I|Standard Pricing|90.73|0.00|0.00|10.00|0.00","BRA501","2025-11-12 01:12:21.643"
"Price Code","U","Update","price","E6BB0612","G","100.73","85.73","BRA505","2026-01-16 18:19:13.915"
"Price Code","U","Update","price","E6BB0612","G","85.73","95.73","BRA509","2026-03-06 13:33:32.987"
"Price Code","U","Update","price","E6BB0612","G","95.73","120.73","BRA504","2026-04-28 13:59:49.063"
"Price Code","U","Update","price","E6BB0612","G","120.73","150.73","BRA503","2026-05-22 20:13:59.578"
"Price Code","U","Update","price","E6BB0612","G","150.73","135.73","BRA502","2026-06-11 15:36:24.645"
"Price Code","I","Insert",NA,"E6BB0612","H",NA,"85.49|85.49||I|Standard Pricing|75.49|0.00|0.00|10.00|0.00","BRA504","2025-12-03 05:08:09.731"
"Price Code","U","Update","price","E6BB0612","H","85.49","110.49","BRA500","2026-01-22 05:36:19.486"
"Price Code","U","Update","price","E6BB0612","H","110.49","120.49","BRA505","2026-03-26 17:21:06.341"
"Price Code","I","Insert",NA,"E6BB0612","I",NA,"81.85|81.85||I|Standard Pricing|71.85|0.00|0.00|10.00|0.00","BRA506","2025-11-27 19:31:40.486"
"Price Code","U","Update","price","E6BB0612","I","81.85","96.85","BRA502","2026-03-02 20:34:08.247"
"Price Code","U","Update","price","E6BB0612","I","96.85","81.85","BRA508","2026-03-20 18:46:55.503"
"Price Code","I","Insert",NA,"E6BB0612","J",NA,"55.28|55.28||I|Standard Pricing|45.28|0.00|0.00|10.00|0.00","BRA505","2025-11-29 20:22:13.505"
"Price Code","U","Update","price","E6BB0612","J","55.28","40.28","BRA510","2026-02-09 07:26:15.339"
"Price Code","U","Update","price","E6BB0612","J","40.28","45.28","BRA501","2026-02-13 20:09:36.923"
"Price Code","U","Update","price","E6BB0612","J","45.28","75.28","BRA500","2026-02-25 21:18:16.261"
"Price Code","U","Update","price","E6BB0612","J","75.28","80.28","BRA509","2026-04-07 21:21:27.807"
"Price Code","U","Update","price","E6BB0612","J","80.28","105.28","BRA502","2026-06-04 22:06:54.376"
"Price Code","I","Insert",NA,"E6BB0612","K",NA,"56.52|56.52||I|Standard Pricing|46.52|0.00|0.00|10.00|0.00","BRA507","2025-11-08 05:02:07.188"
"Price Code","U","Update","price","E6BB0612","K","56.52","66.52","BRA500","2026-02-19 14:04:52.582"
"Price Code","U","Update","price","E6BB0612","K","66.52","81.52","BRA500","2026-03-02 03:42:36.983"
"Price Code","U","Update","price","E6BB0612","K","81.52","86.52","BRA500","2026-03-02 22:01:01.476"
"Price Code","U","Update","price","E6BB0612","K","86.52","91.52","BRA504","2026-03-09 20:18:20.292"
"Price Code","U","Update","price","E6BB0612","K","91.52","96.52","BRA503","2026-05-26 03:18:20.084"
"Price Code","I","Insert",NA,"E6BB0612","L",NA,"45.33|45.33||I|Standard Pricing|35.33|0.00|0.00|10.00|0.00","BRA503","2025-12-01 11:57:57.090"
"Price Code","U","Update","price","E6BB0612","L","45.33","75.33","BRA505","2026-02-12 21:53:19.976"
"Price Code","U","Update","price","E6BB0612","L","75.33","70.33","BRA503","2026-03-14 17:28:26.035"
"Price Code","U","Update","price","E6BB0612","L","70.33","60.33","BRA507","2026-04-14 15:41:50.644"
"Price Code","U","Update","price","E6BB0612","L","60.33","50.33","BRA503","2026-05-04 17:18:11.491"
"Price Code","U","Update","price","E6BB0612","L","50.33","80.33","BRA510","2026-06-09 01:02:23.435"
"Price Code","I","Insert",NA,"E6BB0612","M",NA,"39.32|39.32||I|Standard Pricing|29.32|0.00|0.00|10.00|0.00","BRA506","2025-11-15 12:54:39.381"
"Price Code","U","Update","price","E6BB0612","M","39.32","44.32","BRA501","2026-01-26 05:33:01.709"
"Price Code","U","Update","price","E6BB0612","M","44.32","64.32","BRA509","2026-03-04 23:53:31.151"
"Price Code","U","Update","price","E6BB0612","M","64.32","89.32","BRA508","2026-03-09 10:20:27.223"
"Price Code","U","Update","price","E6BB0612","M","89.32","99.32","BRA500","2026-04-07 16:24:09.336"
"Price Code","U","Update","price","E6BB0612","M","99.32","89.32","BRA506","2026-06-08 22:40:58.725"
"Price Code","I","Insert",NA,"E6BB0613","A",NA,"271.74|271.74||I|Standard Pricing|261.74|0.00|0.00|10.00|0.00","BRA502","2025-11-09 23:16:04.035"
"Price Code","U","Update","price","E6BB0613","A","271.74","281.74","BRA502","2026-03-03 18:16:11.023"
"Price Code","U","Update","price","E6BB0613","A","281.74","311.74","BRA502","2026-04-06 07:43:19.497"
"Price Code","U","Update","price","E6BB0613","A","311.74","336.74","BRA501","2026-05-08 22:43:45.506"
"Price Code","I","Insert",NA,"E6BB0613","B",NA,"204.36|204.36||I|Standard Pricing|194.36|0.00|0.00|10.00|0.00","BRA500","2025-11-20 10:40:37.351"
"Price Code","U","Update","price","E6BB0613","B","204.36","214.36","BRA502","2026-02-27 22:22:12.331"
"Price Code","U","Update","price","E6BB0613","B","214.36","239.36","BRA510","2026-03-31 01:59:36.261"
"Price Code","U","Update","price","E6BB0613","B","239.36","224.36","BRA510","2026-04-04 13:29:56.003"
"Price Code","U","Update","price","E6BB0613","B","224.36","244.36","BRA508","2026-05-08 17:18:53.096"
"Price Code","U","Update","price","E6BB0613","B","244.36","274.36","BRA500","2026-06-10 06:54:26.365"
"Price Code","I","Insert",NA,"E6BB0613","C",NA,"183.5|183.5||I|Standard Pricing|173.5|0.00|0.00|10.00|0.00","BRA504","2025-11-20 05:15:21.956"
"Price Code","U","Update","price","E6BB0613","C","183.5","178.5","BRA500","2026-02-16 17:37:36.029"
"Price Code","U","Update","price","E6BB0613","C","178.5","203.5","BRA501","2026-06-12 15:55:11.881"
"Price Code","I","Insert",NA,"E6BB0613","D",NA,"172.19|172.19||I|Standard Pricing|162.19|0.00|0.00|10.00|0.00","BRA500","2025-11-02 12:32:27.828"
"Price Code","U","Update","price","E6BB0613","D","172.19","182.19","BRA503","2026-03-16 07:28:48.139"
"Price Code","U","Update","price","E6BB0613","D","182.19","202.19","BRA502","2026-04-17 13:59:24.724"
"Price Code","U","Update","price","E6BB0613","D","202.19","212.19","BRA508","2026-05-07 09:30:33.738"
"Price Code","U","Update","price","E6BB0613","D","212.19","217.19","BRA510","2026-06-03 07:20:21.453"
"Price Code","I","Insert",NA,"E6BB0613","E",NA,"146.53|146.53||I|Standard Pricing|136.53|0.00|0.00|10.00|0.00","BRA502","2025-11-26 00:30:02.849"
"Price Code","U","Update","price","E6BB0613","E","146.53","136.53","BRA509","2026-03-12 02:38:29.048"
"Price Code","U","Update","price","E6BB0613","E","136.53","166.53","BRA502","2026-03-28 21:10:58.544"
"Price Code","U","Update","price","E6BB0613","E","166.53","156.53","BRA510","2026-04-19 13:12:37.399"
"Price Code","U","Update","price","E6BB0613","E","156.53","181.53","BRA510","2026-06-06 20:43:37.707"
"Price Code","I","Insert",NA,"E6BB0613","F",NA,"109.41|109.41||I|Standard Pricing|99.41|0.00|0.00|10.00|0.00","BRA510","2025-11-07 17:54:56.528"
"Price Code","U","Update","price","E6BB0613","F","109.41","104.41","BRA509","2026-01-30 23:18:02.623"
"Price Code","U","Update","price","E6BB0613","F","104.41","89.41","BRA507","2026-02-10 03:00:25.462"
"Price Code","U","Update","price","E6BB0613","F","89.41","99.41","BRA507","2026-04-06 18:53:03.721"
"Price Code","U","Update","price","E6BB0613","F","99.41","94.41","BRA505","2026-05-21 05:01:31.401"
"Price Code","I","Insert",NA,"E6BB0613","G",NA,"119.81|119.81||I|Standard Pricing|109.81|0.00|0.00|10.00|0.00","BRA506","2025-12-04 04:44:19.952"
"Price Code","U","Update","price","E6BB0613","G","119.81","114.81","BRA507","2026-04-03 09:41:32.708"
"Price Code","U","Update","price","E6BB0613","G","114.81","104.81","BRA509","2026-04-23 05:40:14.449"
"Price Code","U","Update","price","E6BB0613","G","104.81","119.81","BRA510","2026-05-01 20:27:15.858"
"Price Code","U","Update","price","E6BB0613","G","119.81","149.81","BRA500","2026-05-21 18:31:38.759"
"Price Code","U","Update","price","E6BB0613","G","149.81","174.81","BRA500","2026-05-23 12:42:36.639"
"Price Code","I","Insert",NA,"E6BB0613","H",NA,"106.95|106.95||I|Standard Pricing|96.95|0.00|0.00|10.00|0.00","BRA503","2025-12-15 23:39:26.099"
"Price Code","U","Update","price","E6BB0613","H","106.95","121.95","BRA505","2026-01-24 00:15:36.035"
"Price Code","U","Update","price","E6BB0613","H","121.95","126.95","BRA503","2026-02-10 10:49:41.767"
"Price Code","U","Update","price","E6BB0613","H","126.95","136.95","BRA510","2026-02-22 21:24:13.933"
"Price Code","I","Insert",NA,"E6BB0613","I",NA,"84.24|84.24||I|Standard Pricing|74.24|0.00|0.00|10.00|0.00","BRA504","2025-12-06 04:18:11.036"
"Price Code","U","Update","price","E6BB0613","I","84.24","94.24","BRA505","2026-03-11 14:33:53.932"
"Price Code","U","Update","price","E6BB0613","I","94.24","124.24","BRA507","2026-03-20 09:50:19.022"
"Price Code","U","Update","price","E6BB0613","I","124.24","109.24","BRA501","2026-05-21 21:46:25.521"
"Price Code","U","Update","price","E6BB0613","I","109.24","119.24","BRA510","2026-05-28 08:06:15.515"
"Price Code","I","Insert",NA,"E6BB0613","J",NA,"73.82|73.82||I|Standard Pricing|63.82|0.00|0.00|10.00|0.00","BRA505","2025-11-21 00:12:45.886"
"Price Code","U","Update","price","E6BB0613","J","73.82","68.82","BRA502","2026-04-24 08:38:22.475"
"Price Code","U","Update","price","E6BB0613","J","68.82","88.82","BRA502","2026-05-15 15:26:06.563"
"Price Code","I","Insert",NA,"E6BB0613","K",NA,"50.98|50.98||I|Standard Pricing|40.98|0.00|0.00|10.00|0.00","BRA503","2025-11-09 10:46:13.654"
"Price Code","U","Update","price","E6BB0613","K","50.98","60.98","BRA509","2026-04-15 01:19:39.174"
"Price Code","U","Update","price","E6BB0613","K","60.98","45.98","BRA502","2026-05-20 00:43:58.643"
"Price Code","U","Update","price","E6BB0613","K","45.98","30.98","BRA501","2026-05-20 02:47:18.241"
"Price Code","I","Insert",NA,"E6BB0613","L",NA,"47.73|47.73||I|Standard Pricing|37.73|0.00|0.00|10.00|0.00","BRA509","2025-11-23 02:06:20.809"
"Price Code","U","Update","price","E6BB0613","L","47.73","52.73","BRA508","2026-03-07 07:26:52.627"
"Price Code","U","Update","price","E6BB0613","L","52.73","47.73","BRA503","2026-04-04 04:21:50.128"
"Price Code","I","Insert",NA,"E6BB0613","M",NA,"33.3|33.3||I|Standard Pricing|23.3|0.00|0.00|10.00|0.00","BRA504","2025-11-05 10:59:00.767"
"Price Code","U","Update","price","E6BB0613","M","33.3","18.3","BRA503","2026-01-17 19:57:25.023"
"Price Code","U","Update","price","E6BB0613","M","18.3","10","BRA507","2026-03-10 11:55:55.409"
"Price Code","U","Update","price","E6BB0613","M","10","10","BRA506","2026-03-14 06:07:33.526"
"Price Code","U","Update","price","E6BB0613","M","10","35","BRA504","2026-05-06 21:56:06.164"
"Price Code","I","Insert",NA,"E6BB0613","N",NA,"25.38|25.38||I|Standard Pricing|15.38|0.00|0.00|10.00|0.00","BRA509","2025-11-30 20:09:22.796"
"Price Code","U","Update","price","E6BB0613","N","25.38","55.38","BRA509","2026-01-23 22:58:43.556"
"Price Code","U","Update","price","E6BB0613","N","55.38","40.38","BRA508","2026-03-17 01:46:49.886"
"Price Code","U","Update","price","E6BB0613","N","40.38","65.38","BRA508","2026-04-17 19:51:37.703"
"Price Code","U","Update","price","E6BB0613","N","65.38","50.38","BRA500","2026-04-19 00:37:22.732"
"Price Code","U","Update","price","E6BB0613","N","50.38","65.38","BRA504","2026-06-10 12:48:00.838"
"Price Code","I","Insert",NA,"E6BB0614","A",NA,"281.26|281.26||I|Standard Pricing|271.26|0.00|0.00|10.00|0.00","BRA501","2025-12-09 07:56:29.261"
"Price Code","U","Update","price","E6BB0614","A","281.26","266.26","BRA501","2026-01-29 15:05:48.820"
"Price Code","U","Update","price","E6BB0614","A","266.26","281.26","BRA501","2026-02-27 23:44:24.081"
"Price Code","U","Update","price","E6BB0614","A","281.26","301.26","BRA509","2026-05-10 15:11:11.792"
"Price Code","U","Update","price","E6BB0614","A","301.26","291.26","BRA503","2026-06-08 06:21:50.315"
"Price Code","I","Insert",NA,"E6BB0614","B",NA,"251.08|251.08||I|Standard Pricing|241.08|0.00|0.00|10.00|0.00","BRA504","2025-12-09 16:40:45.223"
"Price Code","U","Update","price","E6BB0614","B","251.08","281.08","BRA508","2026-02-15 19:51:27.435"
"Price Code","U","Update","price","E6BB0614","B","281.08","301.08","BRA501","2026-04-07 20:20:46.681"
"Price Code","U","Update","price","E6BB0614","B","301.08","331.08","BRA504","2026-05-01 02:08:06.581"
"Price Code","I","Insert",NA,"E6BB0614","C",NA,"211.23|211.23||I|Standard Pricing|201.23|0.00|0.00|10.00|0.00","BRA504","2025-12-06 14:52:24.672"
"Price Code","U","Update","price","E6BB0614","C","211.23","236.23","BRA506","2026-02-27 12:41:34.785"
"Price Code","U","Update","price","E6BB0614","C","236.23","246.23","BRA507","2026-03-02 18:12:01.710"
"Price Code","U","Update","price","E6BB0614","C","246.23","266.23","BRA508","2026-03-22 05:59:30.817"
"Price Code","U","Update","price","E6BB0614","C","266.23","271.23","BRA510","2026-05-08 16:52:51.447"
"Price Code","U","Update","price","E6BB0614","C","271.23","281.23","BRA510","2026-05-30 13:11:23.442"
"Price Code","I","Insert",NA,"E6BB0614","D",NA,"184.46|184.46||I|Standard Pricing|174.46|0.00|0.00|10.00|0.00","BRA501","2025-11-03 03:52:17.013"
"Price Code","U","Update","price","E6BB0614","D","184.46","199.46","BRA510","2026-02-20 16:30:27.038"
"Price Code","U","Update","price","E6BB0614","D","199.46","214.46","BRA510","2026-03-28 23:46:53.658"
"Price Code","I","Insert",NA,"E6BB0614","E",NA,"133.66|133.66||I|Standard Pricing|123.66|0.00|0.00|10.00|0.00","BRA502","2025-12-13 17:41:19.608"
"Price Code","U","Update","price","E6BB0614","E","133.66","123.66","BRA502","2026-02-06 06:30:13.492"
"Price Code","U","Update","price","E6BB0614","E","123.66","153.66","BRA508","2026-04-19 05:22:07.217"
"Price Code","I","Insert",NA,"E6BB0614","F",NA,"130.12|130.12||I|Standard Pricing|120.12|0.00|0.00|10.00|0.00","BRA501","2025-12-06 07:21:29.935"
"Price Code","U","Update","price","E6BB0614","F","130.12","135.12","BRA505","2026-04-08 14:46:36.883"
"Price Code","U","Update","price","E6BB0614","F","135.12","160.12","BRA501","2026-05-12 11:01:57.191"
"Price Code","I","Insert",NA,"E6BB0614","G",NA,"100.23|100.23||I|Standard Pricing|90.23|0.00|0.00|10.00|0.00","BRA509","2025-11-27 03:42:36.241"
"Price Code","U","Update","price","E6BB0614","G","100.23","105.23","BRA504","2026-02-20 15:52:36.824"
"Price Code","U","Update","price","E6BB0614","G","105.23","100.23","BRA510","2026-04-18 03:50:36.387"
"Price Code","U","Update","price","E6BB0614","G","100.23","85.23","BRA509","2026-04-25 07:00:56.283"
"Price Code","U","Update","price","E6BB0614","G","85.23","115.23","BRA506","2026-04-29 04:50:48.610"
"Price Code","U","Update","price","E6BB0614","G","115.23","145.23","BRA505","2026-05-02 14:33:49.776"
"Price Code","I","Insert",NA,"E6BB0614","H",NA,"106.99|106.99||I|Standard Pricing|96.99|0.00|0.00|10.00|0.00","BRA502","2025-11-14 19:05:38.127"
"Price Code","U","Update","price","E6BB0614","H","106.99","96.99","BRA505","2026-01-20 04:18:46.488"
"Price Code","U","Update","price","E6BB0614","H","96.99","126.99","BRA504","2026-01-26 19:16:25.450"
"Price Code","U","Update","price","E6BB0614","H","126.99","146.99","BRA501","2026-03-30 21:26:54.840"
"Price Code","I","Insert",NA,"E6BB0614","I",NA,"80.42|80.42||I|Standard Pricing|70.42|0.00|0.00|10.00|0.00","BRA500","2025-12-01 19:30:04.503"
"Price Code","U","Update","price","E6BB0614","I","80.42","85.42","BRA503","2026-04-12 07:59:21.893"
"Price Code","U","Update","price","E6BB0614","I","85.42","105.42","BRA502","2026-04-16 19:37:51.103"
"Price Code","U","Update","price","E6BB0614","I","105.42","95.42","BRA500","2026-05-03 19:10:58.537"
"Price Code","U","Update","price","E6BB0614","I","95.42","110.42","BRA502","2026-05-20 12:01:52.406"
"Price Code","U","Update","price","E6BB0614","I","110.42","135.42","BRA509","2026-05-24 02:15:20.847"
"Price Code","I","Insert",NA,"E6BB0614","J",NA,"73.01|73.01||I|Standard Pricing|63.01|0.00|0.00|10.00|0.00","BRA510","2025-11-19 01:33:45.510"
"Price Code","U","Update","price","E6BB0614","J","73.01","93.01","BRA509","2026-02-06 13:29:35.725"
"Price Code","U","Update","price","E6BB0614","J","93.01","98.01","BRA510","2026-02-14 09:12:33.429"
"Price Code","U","Update","price","E6BB0614","J","98.01","113.01","BRA502","2026-02-24 21:05:31.407"
"Price Code","U","Update","price","E6BB0614","J","113.01","103.01","BRA505","2026-03-06 05:15:09.048"
"Price Code","U","Update","price","E6BB0614","J","103.01","88.01","BRA501","2026-03-16 12:06:38.297"
"Price Code","I","Insert",NA,"E6BB0614","K",NA,"49.05|49.05||I|Standard Pricing|39.05|0.00|0.00|10.00|0.00","BRA506","2025-12-14 07:41:02.914"
"Price Code","U","Update","price","E6BB0614","K","49.05","54.05","BRA508","2026-01-20 11:02:23.354"
"Price Code","U","Update","price","E6BB0614","K","54.05","39.05","BRA500","2026-02-17 21:47:19.711"
"Price Code","U","Update","price","E6BB0614","K","39.05","54.05","BRA508","2026-04-20 01:18:16.508"
"Price Code","U","Update","price","E6BB0614","K","54.05","59.05","BRA507","2026-05-27 18:58:55.254"
"Price Code","U","Update","price","E6BB0614","K","59.05","89.05","BRA510","2026-05-29 02:33:23.085"
"Price Code","I","Insert",NA,"E6BB0614","L",NA,"49.86|49.86||I|Standard Pricing|39.86|0.00|0.00|10.00|0.00","BRA503","2025-11-25 15:17:24.099"
"Price Code","U","Update","price","E6BB0614","L","49.86","39.86","BRA506","2026-01-17 22:01:43.847"
"Price Code","U","Update","price","E6BB0614","L","39.86","59.86","BRA503","2026-01-22 09:36:33.383"
"Price Code","U","Update","price","E6BB0614","L","59.86","79.86","BRA505","2026-02-17 06:10:35.199"
"Price Code","U","Update","price","E6BB0614","L","79.86","94.86","BRA507","2026-03-26 12:28:28.500"
"Price Code","U","Update","price","E6BB0614","L","94.86","119.86","BRA502","2026-03-31 02:14:29.246"
"Price Code","I","Insert",NA,"E6BB0614","M",NA,"31.86|31.86||I|Standard Pricing|21.86|0.00|0.00|10.00|0.00","BRA508","2025-11-17 06:17:48.694"
"Price Code","U","Update","price","E6BB0614","M","31.86","36.86","BRA502","2026-03-01 22:13:46.846"
"Price Code","U","Update","price","E6BB0614","M","36.86","21.86","BRA507","2026-04-28 15:17:46.569"
"Price Code","U","Update","price","E6BB0614","M","21.86","46.86","BRA504","2026-05-17 21:07:52.663"
"Price Code","I","Insert",NA,"E6BB0615","A",NA,"260.45|260.45||I|Standard Pricing|250.45|0.00|0.00|10.00|0.00","BRA505","2025-12-04 04:02:44.382"
"Price Code","U","Update","price","E6BB0615","A","260.45","285.45","BRA503","2026-01-29 07:37:27.315"
"Price Code","U","Update","price","E6BB0615","A","285.45","315.45","BRA506","2026-04-08 20:19:55.779"
"Price Code","I","Insert",NA,"E6BB0615","B",NA,"207.46|207.46||I|Standard Pricing|197.46|0.00|0.00|10.00|0.00","BRA506","2025-12-06 11:07:34.446"
"Price Code","U","Update","price","E6BB0615","B","207.46","237.46","BRA505","2026-04-14 16:16:17.055"
"Price Code","U","Update","price","E6BB0615","B","237.46","247.46","BRA507","2026-04-16 03:06:50.077"
"Price Code","U","Update","price","E6BB0615","B","247.46","242.46","BRA501","2026-04-16 15:16:56.146"
"Price Code","I","Insert",NA,"E6BB0615","C",NA,"166.79|166.79||I|Standard Pricing|156.79|0.00|0.00|10.00|0.00","BRA504","2025-11-22 08:00:56.860"
"Price Code","U","Update","price","E6BB0615","C","166.79","191.79","BRA503","2026-03-29 00:43:00.044"
"Price Code","U","Update","price","E6BB0615","C","191.79","181.79","BRA509","2026-03-31 11:14:03.476"
"Price Code","U","Update","price","E6BB0615","C","181.79","186.79","BRA510","2026-05-01 02:56:32.338"
"Price Code","I","Insert",NA,"E6BB0615","D",NA,"195.24|195.24||I|Standard Pricing|185.24|0.00|0.00|10.00|0.00","BRA500","2025-11-07 05:35:25.049"
"Price Code","U","Update","price","E6BB0615","D","195.24","180.24","BRA510","2026-02-02 00:02:14.801"
"Price Code","U","Update","price","E6BB0615","D","180.24","205.24","BRA509","2026-02-25 18:42:16.601"
"Price Code","I","Insert",NA,"E6BB0615","E",NA,"142.24|142.24||I|Standard Pricing|132.24|0.00|0.00|10.00|0.00","BRA508","2025-11-28 22:54:57.214"
"Price Code","U","Update","price","E6BB0615","E","142.24","147.24","BRA510","2026-02-22 04:51:42.409"
"Price Code","U","Update","price","E6BB0615","E","147.24","162.24","BRA507","2026-04-20 07:06:54.763"
"Price Code","I","Insert",NA,"E6BB0615","F",NA,"111.36|111.36||I|Standard Pricing|101.36|0.00|0.00|10.00|0.00","BRA510","2025-11-29 23:24:10.618"
"Price Code","U","Update","price","E6BB0615","F","111.36","136.36","BRA509","2026-04-16 02:27:02.828"
"Price Code","U","Update","price","E6BB0615","F","136.36","126.36","BRA500","2026-05-02 11:18:18.549"
"Price Code","U","Update","price","E6BB0615","F","126.36","116.36","BRA510","2026-05-13 06:55:38.762"
"Price Code","I","Insert",NA,"E6BB0615","G",NA,"104.06|104.06||I|Standard Pricing|94.06|0.00|0.00|10.00|0.00","BRA505","2025-12-01 22:53:42.678"
"Price Code","U","Update","price","E6BB0615","G","104.06","99.06","BRA505","2026-02-02 15:31:34.777"
"Price Code","U","Update","price","E6BB0615","G","99.06","89.06","BRA503","2026-02-22 14:05:09.822"
"Price Code","U","Update","price","E6BB0615","G","89.06","74.06","BRA501","2026-04-07 13:44:23.028"
"Price Code","U","Update","price","E6BB0615","G","74.06","104.06","BRA502","2026-05-26 18:25:54.711"
"Price Code","U","Update","price","E6BB0615","G","104.06","119.06","BRA500","2026-06-14 08:34:38.402"
"Price Code","I","Insert",NA,"E6BB0615","H",NA,"98.13|98.13||I|Standard Pricing|88.13|0.00|0.00|10.00|0.00","BRA507","2025-11-02 14:35:46.505"
"Price Code","U","Update","price","E6BB0615","H","98.13","88.13","BRA510","2026-02-20 07:44:01.458"
"Price Code","U","Update","price","E6BB0615","H","88.13","98.13","BRA500","2026-03-26 05:04:47.652"
"Price Code","U","Update","price","E6BB0615","H","98.13","93.13","BRA503","2026-04-10 03:38:57.303"
"Price Code","U","Update","price","E6BB0615","H","93.13","88.13","BRA501","2026-05-29 11:15:16.751"
"Price Code","I","Insert",NA,"E6BB0615","I",NA,"72.03|72.03||I|Standard Pricing|62.03|0.00|0.00|10.00|0.00","BRA501","2025-11-25 23:31:30.914"
"Price Code","U","Update","price","E6BB0615","I","72.03","92.03","BRA510","2026-05-26 14:28:22.478"
"Price Code","U","Update","price","E6BB0615","I","92.03","97.03","BRA506","2026-05-31 01:04:50.699"
"Price Code","I","Insert",NA,"E6BB0615","J",NA,"67.73|67.73||I|Standard Pricing|57.73|0.00|0.00|10.00|0.00","BRA506","2025-11-02 15:54:16.379"
"Price Code","U","Update","price","E6BB0615","J","67.73","62.73","BRA505","2026-01-16 22:18:42.358"
"Price Code","U","Update","price","E6BB0615","J","62.73","57.73","BRA507","2026-04-29 12:17:56.863"
"Price Code","I","Insert",NA,"E6BB0615","K",NA,"49.14|49.14||I|Standard Pricing|39.14|0.00|0.00|10.00|0.00","BRA501","2025-11-27 15:00:06.916"
"Price Code","U","Update","price","E6BB0615","K","49.14","74.14","BRA510","2026-01-31 14:59:32.572"
"Price Code","U","Update","price","E6BB0615","K","74.14","89.14","BRA510","2026-02-08 02:41:20.818"
"Price Code","U","Update","price","E6BB0615","K","89.14","94.14","BRA503","2026-05-18 11:58:40.872"
"Price Code","U","Update","price","E6BB0615","K","94.14","79.14","BRA503","2026-05-30 09:47:37.190"
"Price Code","I","Insert",NA,"E6BB0615","L",NA,"49.96|49.96||I|Standard Pricing|39.96|0.00|0.00|10.00|0.00","BRA510","2025-12-02 17:25:25.471"
"Price Code","U","Update","price","E6BB0615","L","49.96","64.96","BRA508","2026-02-18 05:52:48.560"
"Price Code","U","Update","price","E6BB0615","L","64.96","84.96","BRA502","2026-03-20 10:42:42.432"
"Price Code","I","Insert",NA,"E6BB0615","M",NA,"37.32|37.32||I|Standard Pricing|27.32|0.00|0.00|10.00|0.00","BRA501","2025-12-10 19:43:43.267"
"Price Code","U","Update","price","E6BB0615","M","37.32","42.32","BRA503","2026-03-06 22:59:07.717"
"Price Code","U","Update","price","E6BB0615","M","42.32","37.32","BRA509","2026-04-29 11:26:41.635"
"Price Code","I","Insert",NA,"E6BB0615","N",NA,"25.73|25.73||I|Standard Pricing|15.73|0.00|0.00|10.00|0.00","BRA510","2025-11-19 15:05:44.156"
"Price Code","U","Update","price","E6BB0615","N","25.73","30.73","BRA504","2026-02-01 19:53:07.786"
"Price Code","U","Update","price","E6BB0615","N","30.73","35.73","BRA502","2026-02-26 02:27:21.758"
"Price Code","U","Update","price","E6BB0615","N","35.73","65.73","BRA507","2026-04-27 14:54:06.980"
"Price Code","U","Update","price","E6BB0615","N","65.73","80.73","BRA504","2026-05-30 06:20:41.884"
"Price Code","I","Insert",NA,"E6BB0615","O",NA,"22.82|22.82||I|Standard Pricing|12.82|0.00|0.00|10.00|0.00","BRA501","2025-12-11 02:57:17.129"
"Price Code","U","Update","price","E6BB0615","O","22.82","47.82","BRA501","2026-02-25 18:23:10.935"
"Price Code","U","Update","price","E6BB0615","O","47.82","67.82","BRA505","2026-03-05 23:06:27.095"
"Price Code","U","Update","price","E6BB0615","O","67.82","97.82","BRA507","2026-03-31 06:37:09.224"
"Price Code","U","Update","price","E6BB0615","O","97.82","87.82","BRA509","2026-05-20 10:11:09.854"
"Price Code","U","Update","price","E6BB0615","O","87.82","102.82","BRA507","2026-05-27 16:05:23.706"
"Price Code","I","Insert",NA,"E6BB0619","A",NA,"275.38|275.38||I|Standard Pricing|265.38|0.00|0.00|10.00|0.00","BRA502","2025-11-04 03:54:58.609"
"Price Code","U","Update","price","E6BB0619","A","275.38","280.38","BRA502","2026-04-13 01:54:49.882"
"Price Code","U","Update","price","E6BB0619","A","280.38","275.38","BRA502","2026-04-28 11:32:43.335"
"Price Code","U","Update","price","E6BB0619","A","275.38","270.38","BRA501","2026-06-11 23:19:26.499"
"Price Code","I","Insert",NA,"E6BB0619","B",NA,"202.71|202.71||I|Standard Pricing|192.71|0.00|0.00|10.00|0.00","BRA501","2025-12-12 16:47:44.220"
"Price Code","U","Update","price","E6BB0619","B","202.71","212.71","BRA506","2026-02-07 14:12:56.892"
"Price Code","U","Update","price","E6BB0619","B","212.71","222.71","BRA507","2026-04-15 01:04:52.412"
"Price Code","U","Update","price","E6BB0619","B","222.71","252.71","BRA501","2026-06-03 07:03:59.269"
"Price Code","U","Update","price","E6BB0619","B","252.71","257.71","BRA504","2026-06-08 23:46:35.226"
"Price Code","I","Insert",NA,"E6BB0619","C",NA,"171.13|171.13||I|Standard Pricing|161.13|0.00|0.00|10.00|0.00","BRA505","2025-12-13 08:29:14.707"
"Price Code","U","Update","price","E6BB0619","C","171.13","201.13","BRA507","2026-02-27 08:59:38.183"
"Price Code","U","Update","price","E6BB0619","C","201.13","221.13","BRA507","2026-06-09 09:11:01.281"
"Price Code","I","Insert",NA,"E6BB0619","D",NA,"183.77|183.77||I|Standard Pricing|173.77|0.00|0.00|10.00|0.00","BRA505","2025-11-02 01:04:20.178"
"Price Code","U","Update","price","E6BB0619","D","183.77","178.77","BRA504","2026-01-16 18:58:09.409"
"Price Code","U","Update","price","E6BB0619","D","178.77","188.77","BRA507","2026-01-17 22:52:44.638"
"Price Code","U","Update","price","E6BB0619","D","188.77","193.77","BRA503","2026-03-14 16:04:46.440"
"Price Code","U","Update","price","E6BB0619","D","193.77","208.77","BRA505","2026-03-22 00:07:06.861"
"Price Code","I","Insert",NA,"E6BB0619","E",NA,"145.46|145.46||I|Standard Pricing|135.46|0.00|0.00|10.00|0.00","BRA500","2025-12-15 09:05:25.133"
"Price Code","U","Update","price","E6BB0619","E","145.46","160.46","BRA508","2026-02-02 19:39:42.789"
"Price Code","U","Update","price","E6BB0619","E","160.46","180.46","BRA510","2026-05-28 05:30:34.154"
"Price Code","I","Insert",NA,"E6BB0619","F",NA,"108.88|108.88||I|Standard Pricing|98.88|0.00|0.00|10.00|0.00","BRA501","2025-11-15 16:04:29.723"
"Price Code","U","Update","price","E6BB0619","F","108.88","103.88","BRA508","2026-01-26 07:39:27.130"
"Price Code","U","Update","price","E6BB0619","F","103.88","113.88","BRA501","2026-01-26 09:56:37.794"
"Price Code","U","Update","price","E6BB0619","F","113.88","128.88","BRA504","2026-02-27 02:26:38.248"
"Price Code","U","Update","price","E6BB0619","F","128.88","138.88","BRA504","2026-05-23 17:58:49.217"
"Price Code","U","Update","price","E6BB0619","F","138.88","123.88","BRA504","2026-06-08 03:45:33.795"
"Price Code","I","Insert",NA,"E6BB0619","G",NA,"125.97|125.97||I|Standard Pricing|115.97|0.00|0.00|10.00|0.00","BRA502","2025-11-25 08:56:27.410"
"Price Code","U","Update","price","E6BB0619","G","125.97","130.97","BRA506","2026-02-19 23:37:00.013"
"Price Code","U","Update","price","E6BB0619","G","130.97","125.97","BRA505","2026-04-03 04:17:38.495"
"Price Code","U","Update","price","E6BB0619","G","125.97","145.97","BRA506","2026-04-10 17:55:48.018"
"Price Code","U","Update","price","E6BB0619","G","145.97","135.97","BRA502","2026-05-29 14:39:02.142"
"Price Code","I","Insert",NA,"E6BB0619","H",NA,"102.14|102.14||I|Standard Pricing|92.14|0.00|0.00|10.00|0.00","BRA510","2025-11-06 03:09:20.713"
"Price Code","U","Update","price","E6BB0619","H","102.14","92.14","BRA506","2026-01-19 07:49:20.735"
"Price Code","U","Update","price","E6BB0619","H","92.14","82.14","BRA509","2026-02-10 11:47:13.055"
"Price Code","U","Update","price","E6BB0619","H","82.14","107.14","BRA509","2026-06-13 09:18:52.926"
"Price Code","U","Update","price","E6BB0619","H","107.14","122.14","BRA506","2026-06-15 13:48:57.818"
"Price Code","I","Insert",NA,"E6BB0619","I",NA,"78.89|78.89||I|Standard Pricing|68.89|0.00|0.00|10.00|0.00","BRA501","2025-11-01 21:58:21.020"
"Price Code","U","Update","price","E6BB0619","I","78.89","68.89","BRA509","2026-01-20 19:05:54.145"
"Price Code","U","Update","price","E6BB0619","I","68.89","73.89","BRA502","2026-03-26 16:44:19.525"
"Price Code","I","Insert",NA,"E6BB0619","J",NA,"64.79|64.79||I|Standard Pricing|54.79|0.00|0.00|10.00|0.00","BRA503","2025-12-10 22:40:21.930"
"Price Code","U","Update","price","E6BB0619","J","64.79","84.79","BRA504","2026-01-16 11:46:48.406"
"Price Code","U","Update","price","E6BB0619","J","84.79","94.79","BRA507","2026-02-21 18:19:53.255"
"Price Code","U","Update","price","E6BB0619","J","94.79","119.79","BRA506","2026-03-11 19:23:04.043"
"Price Code","U","Update","price","E6BB0619","J","119.79","109.79","BRA510","2026-06-12 04:48:37.555"
"Price Code","U","Update","price","E6BB0619","J","109.79","104.79","BRA500","2026-06-13 16:31:40.494"
"Price Code","I","Insert",NA,"E6BB0619","K",NA,"59.91|59.91||I|Standard Pricing|49.91|0.00|0.00|10.00|0.00","BRA508","2025-12-07 07:10:07.148"
"Price Code","U","Update","price","E6BB0619","K","59.91","89.91","BRA503","2026-02-16 21:44:01.392"
"Price Code","U","Update","price","E6BB0619","K","89.91","114.91","BRA510","2026-03-17 16:43:34.824"
"Price Code","U","Update","price","E6BB0619","K","114.91","134.91","BRA506","2026-03-18 09:24:23.652"
"Price Code","U","Update","price","E6BB0619","K","134.91","164.91","BRA509","2026-05-26 01:17:13.144"
"Price Code","I","Insert",NA,"E6BB0619","L",NA,"42.87|42.87||I|Standard Pricing|32.87|0.00|0.00|10.00|0.00","BRA501","2025-12-14 13:58:08.628"
"Price Code","U","Update","price","E6BB0619","L","42.87","57.87","BRA504","2026-02-14 00:04:54.268"
"Price Code","U","Update","price","E6BB0619","L","57.87","47.87","BRA502","2026-02-20 16:32:52.528"
"Price Code","U","Update","price","E6BB0619","L","47.87","37.87","BRA503","2026-02-25 06:05:35.123"
"Price Code","U","Update","price","E6BB0619","L","37.87","67.87","BRA503","2026-03-11 11:18:30.344"
"Price Code","U","Update","price","E6BB0619","L","67.87","72.87","BRA505","2026-05-27 02:13:24.395"
"Price Code","I","Insert",NA,"E6BB0620","A",NA,"256.06|256.06||I|Standard Pricing|246.06|0.00|0.00|10.00|0.00","BRA503","2025-11-08 18:21:18.581"
"Price Code","U","Update","price","E6BB0620","A","256.06","271.06","BRA508","2026-03-03 11:27:53.549"
"Price Code","U","Update","price","E6BB0620","A","271.06","281.06","BRA503","2026-04-20 21:23:56.743"
"Price Code","U","Update","price","E6BB0620","A","281.06","266.06","BRA509","2026-06-19 12:54:42.049"
"Price Code","I","Insert",NA,"E6BB0620","B",NA,"234.73|234.73||I|Standard Pricing|224.73|0.00|0.00|10.00|0.00","BRA501","2025-11-10 08:17:57.420"
"Price Code","U","Update","price","E6BB0620","B","234.73","264.73","BRA500","2026-02-24 14:55:33.557"
"Price Code","U","Update","price","E6BB0620","B","264.73","274.73","BRA507","2026-03-07 18:35:15.102"
"Price Code","U","Update","price","E6BB0620","B","274.73","284.73","BRA500","2026-05-29 08:52:43.036"
"Price Code","U","Update","price","E6BB0620","B","284.73","314.73","BRA502","2026-06-18 10:10:19.291"
"Price Code","I","Insert",NA,"E6BB0620","C",NA,"185.2|185.2||I|Standard Pricing|175.2|0.00|0.00|10.00|0.00","BRA509","2025-12-09 06:28:28.125"
"Price Code","U","Update","price","E6BB0620","C","185.2","170.2","BRA506","2026-01-23 13:04:27.989"
"Price Code","U","Update","price","E6BB0620","C","170.2","175.2","BRA506","2026-06-07 14:21:36.716"
"Price Code","I","Insert",NA,"E6BB0620","D",NA,"146.36|146.36||I|Standard Pricing|136.36|0.00|0.00|10.00|0.00","BRA501","2025-11-28 22:16:38.812"
"Price Code","U","Update","price","E6BB0620","D","146.36","176.36","BRA506","2026-02-28 07:40:59.143"
"Price Code","U","Update","price","E6BB0620","D","176.36","171.36","BRA508","2026-03-08 19:44:07.226"
"Price Code","U","Update","price","E6BB0620","D","171.36","191.36","BRA502","2026-04-12 07:04:55.234"
"Price Code","U","Update","price","E6BB0620","D","191.36","201.36","BRA501","2026-06-02 22:10:29.621"
"Price Code","U","Update","price","E6BB0620","D","201.36","206.36","BRA505","2026-06-08 19:37:13.372"
"Price Code","I","Insert",NA,"E6BB0620","E",NA,"136.97|136.97||I|Standard Pricing|126.97|0.00|0.00|10.00|0.00","BRA506","2025-11-04 04:41:53.452"
"Price Code","U","Update","price","E6BB0620","E","136.97","131.97","BRA510","2026-04-13 18:07:48.355"
"Price Code","U","Update","price","E6BB0620","E","131.97","116.97","BRA500","2026-04-18 00:45:05.752"
"Price Code","U","Update","price","E6BB0620","E","116.97","131.97","BRA510","2026-05-18 17:36:23.917"
"Price Code","U","Update","price","E6BB0620","E","131.97","151.97","BRA510","2026-05-21 12:09:17.408"
"Price Code","I","Insert",NA,"E6BB0620","F",NA,"116.32|116.32||I|Standard Pricing|106.32|0.00|0.00|10.00|0.00","BRA505","2025-11-20 02:51:22.448"
"Price Code","U","Update","price","E6BB0620","F","116.32","131.32","BRA508","2026-02-18 02:24:36.007"
"Price Code","U","Update","price","E6BB0620","F","131.32","141.32","BRA503","2026-03-28 02:03:37.529"
"Price Code","I","Insert",NA,"E6BB0620","G",NA,"99.55|99.55||I|Standard Pricing|89.55|0.00|0.00|10.00|0.00","BRA500","2025-11-06 00:53:44.652"
"Price Code","U","Update","price","E6BB0620","G","99.55","104.55","BRA506","2026-01-27 20:40:31.253"
"Price Code","U","Update","price","E6BB0620","G","104.55","124.55","BRA505","2026-01-29 08:17:00.599"
"Price Code","U","Update","price","E6BB0620","G","124.55","149.55","BRA502","2026-02-06 10:13:13.098"
"Price Code","U","Update","price","E6BB0620","G","149.55","159.55","BRA505","2026-03-19 00:53:18.487"
"Price Code","U","Update","price","E6BB0620","G","159.55","184.55","BRA505","2026-05-05 22:17:15.792"
"Price Code","I","Insert",NA,"E6BB0620","H",NA,"107.09|107.09||I|Standard Pricing|97.09|0.00|0.00|10.00|0.00","BRA501","2025-12-06 23:00:08.636"
"Price Code","U","Update","price","E6BB0620","H","107.09","122.09","BRA508","2026-03-14 16:01:03.342"
"Price Code","U","Update","price","E6BB0620","H","122.09","107.09","BRA508","2026-03-31 17:39:09.399"
"Price Code","U","Update","price","E6BB0620","H","107.09","132.09","BRA509","2026-06-14 16:45:12.232"
"Price Code","I","Insert",NA,"E6BB0620","I",NA,"67.73|67.73||I|Standard Pricing|57.73|0.00|0.00|10.00|0.00","BRA503","2025-11-24 17:33:30.390"
"Price Code","U","Update","price","E6BB0620","I","67.73","87.73","BRA509","2026-02-03 16:14:26.235"
"Price Code","U","Update","price","E6BB0620","I","87.73","117.73","BRA509","2026-05-22 23:08:38.723"
"Price Code","I","Insert",NA,"E6BB0620","J",NA,"58.13|58.13||I|Standard Pricing|48.13|0.00|0.00|10.00|0.00","BRA500","2025-11-23 17:56:36.518"
"Price Code","U","Update","price","E6BB0620","J","58.13","63.13","BRA507","2026-01-28 01:42:08.798"
"Price Code","U","Update","price","E6BB0620","J","63.13","83.13","BRA500","2026-02-11 22:58:45.711"
"Price Code","U","Update","price","E6BB0620","J","83.13","73.13","BRA500","2026-03-04 10:25:23.994"
"Price Code","U","Update","price","E6BB0620","J","73.13","58.13","BRA500","2026-06-15 07:51:14.550"
"Price Code","I","Insert",NA,"E6BB0620","K",NA,"55.54|55.54||I|Standard Pricing|45.54|0.00|0.00|10.00|0.00","BRA502","2025-11-08 08:20:17.554"
"Price Code","U","Update","price","E6BB0620","K","55.54","85.54","BRA504","2026-01-18 15:00:09.583"
"Price Code","U","Update","price","E6BB0620","K","85.54","90.54","BRA510","2026-01-20 17:06:12.497"
"Price Code","I","Insert",NA,"E6BB0620","L",NA,"46.76|46.76||I|Standard Pricing|36.76|0.00|0.00|10.00|0.00","BRA502","2025-11-20 13:58:49.458"
"Price Code","U","Update","price","E6BB0620","L","46.76","41.76","BRA503","2026-01-17 21:04:44.313"
"Price Code","U","Update","price","E6BB0620","L","41.76","36.76","BRA509","2026-02-14 04:14:08.167"
"Price Code","U","Update","price","E6BB0620","L","36.76","51.76","BRA509","2026-03-05 00:33:49.748"
"Price Code","U","Update","price","E6BB0620","L","51.76","46.76","BRA500","2026-05-18 22:48:35.407"
"Price Code","U","Update","price","E6BB0620","L","46.76","61.76","BRA504","2026-05-21 08:27:36.836"
"Price Code","I","Insert",NA,"E6BB0620","M",NA,"38.77|38.77||I|Standard Pricing|28.77|0.00|0.00|10.00|0.00","BRA501","2025-11-20 01:39:20.703"
"Price Code","U","Update","price","E6BB0620","M","38.77","53.77","BRA506","2026-02-12 18:52:25.905"
"Price Code","U","Update","price","E6BB0620","M","53.77","78.77","BRA509","2026-03-12 15:38:12.996"
"Price Code","U","Update","price","E6BB0620","M","78.77","108.77","BRA509","2026-03-20 23:07:11.436"
"Price Code","U","Update","price","E6BB0620","M","108.77","128.77","BRA508","2026-03-31 17:54:40.052"
"Price Code","U","Update","price","E6BB0620","M","128.77","118.77","BRA501","2026-06-04 18:33:37.914"
"Price Code","I","Insert",NA,"E6BB0620","N",NA,"31.45|31.45||I|Standard Pricing|21.45|0.00|0.00|10.00|0.00","BRA501","2025-11-30 15:58:14.894"
"Price Code","U","Update","price","E6BB0620","N","31.45","41.45","BRA506","2026-03-08 01:27:24.790"
"Price Code","U","Update","price","E6BB0620","N","41.45","26.45","BRA504","2026-03-24 02:54:27.065"
"Price Code","U","Update","price","E6BB0620","N","26.45","21.45","BRA509","2026-04-03 08:30:18.994"
"Price Code","U","Update","price","E6BB0620","N","21.45","41.45","BRA507","2026-04-25 01:22:22.893"
"Price Code","U","Update","price","E6BB0620","N","41.45","61.45","BRA505","2026-05-14 15:18:07.977"
"Price Code","I","Insert",NA,"E6BB0620","O",NA,"19.22|19.22||I|Standard Pricing|9.22|0.00|0.00|10.00|0.00","BRA503","2025-12-05 21:03:49.598"
"Price Code","U","Update","price","E6BB0620","O","19.22","24.22","BRA504","2026-02-02 21:54:05.884"
"Price Code","U","Update","price","E6BB0620","O","24.22","39.22","BRA510","2026-06-06 10:19:34.292"
"Price Code","I","Insert",NA,"E6BB0620","P",NA,"15.67|15.67||I|Standard Pricing|5.67|0.00|0.00|10.00|0.00","BRA500","2025-11-13 04:11:08.186"
"Price Code","U","Update","price","E6BB0620","P","15.67","45.67","BRA507","2026-01-28 04:32:14.869"
"Price Code","U","Update","price","E6BB0620","P","45.67","70.67","BRA506","2026-02-27 07:46:05.956"
"Price Code","U","Update","price","E6BB0620","P","70.67","95.67","BRA508","2026-03-21 06:36:47.330"
"Price Code","U","Update","price","E6BB0620","P","95.67","85.67","BRA505","2026-04-16 14:46:37.609"
"Price Code","U","Update","price","E6BB0620","P","85.67","110.67","BRA510","2026-04-19 12:05:48.104"
"Price Code","I","Insert",NA,"E6BB0621","A",NA,"269.15|269.15||I|Standard Pricing|259.15|0.00|0.00|10.00|0.00","BRA504","2025-11-07 14:03:38.431"
"Price Code","U","Update","price","E6BB0621","A","269.15","279.15","BRA506","2026-02-25 11:32:13.064"
"Price Code","U","Update","price","E6BB0621","A","279.15","284.15","BRA505","2026-03-14 09:55:42.328"
"Price Code","U","Update","price","E6BB0621","A","284.15","294.15","BRA510","2026-05-10 07:21:48.413"
"Price Code","U","Update","price","E6BB0621","A","294.15","299.15","BRA501","2026-05-23 06:41:16.055"
"Price Code","U","Update","price","E6BB0621","A","299.15","319.15","BRA506","2026-06-13 14:53:48.241"
"Price Code","I","Insert",NA,"E6BB0621","B",NA,"195.36|195.36||I|Standard Pricing|185.36|0.00|0.00|10.00|0.00","BRA509","2025-12-05 07:44:20.338"
"Price Code","U","Update","price","E6BB0621","B","195.36","190.36","BRA506","2026-04-03 01:50:35.250"
"Price Code","U","Update","price","E6BB0621","B","190.36","200.36","BRA509","2026-04-27 00:37:25.851"
"Price Code","U","Update","price","E6BB0621","B","200.36","225.36","BRA510","2026-05-07 16:27:27.466"
"Price Code","I","Insert",NA,"E6BB0621","C",NA,"173.28|173.28||I|Standard Pricing|163.28|0.00|0.00|10.00|0.00","BRA503","2025-12-02 13:17:17.784"
"Price Code","U","Update","price","E6BB0621","C","173.28","193.28","BRA504","2026-02-01 16:24:47.320"
"Price Code","U","Update","price","E6BB0621","C","193.28","208.28","BRA503","2026-02-12 21:27:59.039"
"Price Code","U","Update","price","E6BB0621","C","208.28","238.28","BRA502","2026-03-16 07:26:35.121"
"Price Code","I","Insert",NA,"E6BB0621","D",NA,"183|183||I|Standard Pricing|173|0.00|0.00|10.00|0.00","BRA510","2025-11-23 07:57:49.456"
"Price Code","U","Update","price","E6BB0621","D","183","178","BRA508","2026-01-22 08:20:22.748"
"Price Code","U","Update","price","E6BB0621","D","178","188","BRA500","2026-04-27 00:31:21.437"
"Price Code","U","Update","price","E6BB0621","D","188","193","BRA504","2026-05-26 03:35:14.377"
"Price Code","U","Update","price","E6BB0621","D","193","183","BRA502","2026-05-29 16:52:44.643"
"Price Code","U","Update","price","E6BB0621","D","183","173","BRA504","2026-06-06 05:25:03.961"
"Price Code","I","Insert",NA,"E6BB0621","E",NA,"158.98|158.98||I|Standard Pricing|148.98|0.00|0.00|10.00|0.00","BRA506","2025-12-12 03:39:02.787"
"Price Code","U","Update","price","E6BB0621","E","158.98","173.98","BRA500","2026-02-01 12:06:55.396"
"Price Code","U","Update","price","E6BB0621","E","173.98","188.98","BRA506","2026-03-07 14:43:31.407"
"Price Code","U","Update","price","E6BB0621","E","188.98","173.98","BRA500","2026-03-18 15:28:53.124"
"Price Code","I","Insert",NA,"E6BB0621","F",NA,"139.98|139.98||I|Standard Pricing|129.98|0.00|0.00|10.00|0.00","BRA502","2025-11-19 02:24:15.040"
"Price Code","U","Update","price","E6BB0621","F","139.98","149.98","BRA509","2026-04-29 20:19:25.347"
"Price Code","U","Update","price","E6BB0621","F","149.98","179.98","BRA505","2026-05-31 02:56:37.909"
"Price Code","I","Insert",NA,"E6BB0621","G",NA,"102.55|102.55||I|Standard Pricing|92.55|0.00|0.00|10.00|0.00","BRA502","2025-11-24 20:37:57.982"
"Price Code","U","Update","price","E6BB0621","G","102.55","122.55","BRA500","2026-01-25 08:23:38.186"
"Price Code","U","Update","price","E6BB0621","G","122.55","117.55","BRA503","2026-03-23 08:09:11.154"
"Price Code","U","Update","price","E6BB0621","G","117.55","102.55","BRA506","2026-04-28 12:25:17.283"
"Price Code","U","Update","price","E6BB0621","G","102.55","122.55","BRA509","2026-06-08 18:38:20.410"
"Price Code","I","Insert",NA,"E6BB0621","H",NA,"84.52|84.52||I|Standard Pricing|74.52|0.00|0.00|10.00|0.00","BRA509","2025-11-20 01:34:57.979"
"Price Code","U","Update","price","E6BB0621","H","84.52","109.52","BRA504","2026-02-23 14:33:43.017"
"Price Code","U","Update","price","E6BB0621","H","109.52","114.52","BRA505","2026-04-17 21:06:52.332"
"Price Code","I","Insert",NA,"E6BB0621","I",NA,"68.98|68.98||I|Standard Pricing|58.98|0.00|0.00|10.00|0.00","BRA504","2025-11-09 15:43:47.043"
"Price Code","U","Update","price","E6BB0621","I","68.98","63.98","BRA510","2026-01-15 17:54:52.939"
"Price Code","U","Update","price","E6BB0621","I","63.98","58.98","BRA500","2026-01-26 20:31:41.640"
"Price Code","U","Update","price","E6BB0621","I","58.98","78.98","BRA505","2026-01-28 00:48:04.482"
"Price Code","U","Update","price","E6BB0621","I","78.98","108.98","BRA510","2026-05-10 22:45:26.167"
"Price Code","I","Insert",NA,"E6BB0621","J",NA,"58.05|58.05||I|Standard Pricing|48.05|0.00|0.00|10.00|0.00","BRA504","2025-11-21 08:07:01.049"
"Price Code","U","Update","price","E6BB0621","J","58.05","83.05","BRA506","2026-01-21 15:01:32.748"
"Price Code","U","Update","price","E6BB0621","J","83.05","88.05","BRA507","2026-05-15 00:31:12.077"
"Price Code","I","Insert",NA,"E6BB0621","K",NA,"50.79|50.79||I|Standard Pricing|40.79|0.00|0.00|10.00|0.00","BRA506","2025-12-12 08:03:18.152"
"Price Code","U","Update","price","E6BB0621","K","50.79","35.79","BRA501","2026-02-12 11:03:45.722"
"Price Code","U","Update","price","E6BB0621","K","35.79","55.79","BRA508","2026-03-13 08:03:31.807"
"Price Code","U","Update","price","E6BB0621","K","55.79","85.79","BRA509","2026-04-25 21:22:37.209"
"Price Code","U","Update","price","E6BB0621","K","85.79","80.79","BRA503","2026-04-26 18:17:24.871"
"Price Code","U","Update","price","E6BB0621","K","80.79","65.79","BRA504","2026-04-30 20:56:23.350"
"Price Code","I","Insert",NA,"E6BB0621","L",NA,"42.87|42.87||I|Standard Pricing|32.87|0.00|0.00|10.00|0.00","BRA510","2025-11-17 01:03:08.589"
"Price Code","U","Update","price","E6BB0621","L","42.87","67.87","BRA504","2026-02-13 01:30:24.484"
"Price Code","U","Update","price","E6BB0621","L","67.87","72.87","BRA504","2026-02-19 03:26:39.456"
"Price Code","U","Update","price","E6BB0621","L","72.87","97.87","BRA503","2026-02-22 16:28:54.154"
"Price Code","U","Update","price","E6BB0621","L","97.87","107.87","BRA504","2026-06-07 10:25:42.544"
"Price Code","I","Insert",NA,"E6BB0623","A",NA,"225.73|225.73||I|Standard Pricing|215.73|0.00|0.00|10.00|0.00","BRA502","2025-11-11 08:01:01.687"
"Price Code","U","Update","price","E6BB0623","A","225.73","240.73","BRA510","2026-02-11 09:14:07.369"
"Price Code","U","Update","price","E6BB0623","A","240.73","260.73","BRA506","2026-03-24 14:45:19.138"
"Price Code","U","Update","price","E6BB0623","A","260.73","265.73","BRA500","2026-05-20 02:12:19.019"
"Price Code","U","Update","price","E6BB0623","A","265.73","295.73","BRA506","2026-05-27 04:17:40.826"
"Price Code","I","Insert",NA,"E6BB0623","B",NA,"220.78|220.78||I|Standard Pricing|210.78|0.00|0.00|10.00|0.00","BRA502","2025-11-09 02:31:17.999"
"Price Code","U","Update","price","E6BB0623","B","220.78","215.78","BRA502","2026-03-31 12:42:47.300"
"Price Code","U","Update","price","E6BB0623","B","215.78","230.78","BRA507","2026-04-04 10:16:14.011"
"Price Code","U","Update","price","E6BB0623","B","230.78","220.78","BRA505","2026-04-20 19:47:52.992"
"Price Code","U","Update","price","E6BB0623","B","220.78","210.78","BRA501","2026-05-07 02:45:48.680"
"Price Code","U","Update","price","E6BB0623","B","210.78","215.78","BRA510","2026-05-19 05:53:05.872"
"Price Code","I","Insert",NA,"E6BB0623","C",NA,"190.86|190.86||I|Standard Pricing|180.86|0.00|0.00|10.00|0.00","BRA503","2025-11-13 05:49:04.026"
"Price Code","U","Update","price","E6BB0623","C","190.86","185.86","BRA508","2026-02-09 13:48:53.812"
"Price Code","U","Update","price","E6BB0623","C","185.86","215.86","BRA501","2026-03-06 01:19:39.313"
"Price Code","U","Update","price","E6BB0623","C","215.86","245.86","BRA510","2026-05-23 18:39:15.166"
"Price Code","I","Insert",NA,"E6BB0623","D",NA,"189.72|189.72||I|Standard Pricing|179.72|0.00|0.00|10.00|0.00","BRA509","2025-11-01 21:13:23.282"
"Price Code","U","Update","price","E6BB0623","D","189.72","214.72","BRA501","2026-02-03 22:56:01.629"
"Price Code","U","Update","price","E6BB0623","D","214.72","224.72","BRA504","2026-02-21 07:57:50.500"
"Price Code","U","Update","price","E6BB0623","D","224.72","239.72","BRA510","2026-03-25 05:25:45.621"
"Price Code","U","Update","price","E6BB0623","D","239.72","269.72","BRA502","2026-05-01 15:05:01.191"
"Price Code","U","Update","price","E6BB0623","D","269.72","279.72","BRA502","2026-06-12 10:28:28.473"
"Price Code","I","Insert",NA,"E6BB0623","E",NA,"140.53|140.53||I|Standard Pricing|130.53|0.00|0.00|10.00|0.00","BRA500","2025-11-11 17:56:39.468"
"Price Code","U","Update","price","E6BB0623","E","140.53","145.53","BRA502","2026-01-30 08:26:04.424"
"Price Code","U","Update","price","E6BB0623","E","145.53","160.53","BRA505","2026-02-27 12:36:23.286"
"Price Code","U","Update","price","E6BB0623","E","160.53","190.53","BRA509","2026-04-04 15:40:39.565"
"Price Code","U","Update","price","E6BB0623","E","190.53","215.53","BRA501","2026-04-26 21:16:02.410"
"Price Code","U","Update","price","E6BB0623","E","215.53","205.53","BRA500","2026-06-17 03:02:38.735"
"Price Code","I","Insert",NA,"E6BB0623","F",NA,"117.09|117.09||I|Standard Pricing|107.09|0.00|0.00|10.00|0.00","BRA500","2025-12-13 18:29:02.310"
"Price Code","U","Update","price","E6BB0623","F","117.09","107.09","BRA503","2026-01-26 23:08:30.305"
"Price Code","U","Update","price","E6BB0623","F","107.09","132.09","BRA502","2026-03-07 03:51:21.934"
"Price Code","I","Insert",NA,"E6BB0623","G",NA,"126.26|126.26||I|Standard Pricing|116.26|0.00|0.00|10.00|0.00","BRA501","2025-11-15 08:55:47.623"
"Price Code","U","Update","price","E6BB0623","G","126.26","131.26","BRA503","2026-04-24 13:48:12.076"
"Price Code","U","Update","price","E6BB0623","G","131.26","126.26","BRA505","2026-05-03 13:35:00.346"
"Price Code","U","Update","price","E6BB0623","G","126.26","116.26","BRA508","2026-05-22 07:37:48.934"
"Price Code","U","Update","price","E6BB0623","G","116.26","111.26","BRA506","2026-05-24 04:32:39.295"
"Price Code","U","Update","price","E6BB0623","G","111.26","141.26","BRA506","2026-06-21 22:16:31.080"
"Price Code","I","Insert",NA,"E6BB0623","H",NA,"104.55|104.55||I|Standard Pricing|94.55|0.00|0.00|10.00|0.00","BRA500","2025-12-10 03:27:47.229"
"Price Code","U","Update","price","E6BB0623","H","104.55","134.55","BRA502","2026-01-24 01:42:55.322"
"Price Code","U","Update","price","E6BB0623","H","134.55","154.55","BRA506","2026-02-03 16:06:29.777"
"Price Code","U","Update","price","E6BB0623","H","154.55","164.55","BRA509","2026-03-03 10:26:16.791"
"Price Code","I","Insert",NA,"E6BB0623","I",NA,"84.21|84.21||I|Standard Pricing|74.21|0.00|0.00|10.00|0.00","BRA510","2025-11-23 19:13:54.846"
"Price Code","U","Update","price","E6BB0623","I","84.21","74.21","BRA500","2026-03-17 13:20:08.634"
"Price Code","U","Update","price","E6BB0623","I","74.21","89.21","BRA506","2026-03-30 12:25:13.300"
"Price Code","U","Update","price","E6BB0623","I","89.21","114.21","BRA504","2026-05-17 08:46:28.624"
"Price Code","U","Update","price","E6BB0623","I","114.21","139.21","BRA503","2026-06-21 10:10:53.488"
"Price Code","I","Insert",NA,"E6BB0623","J",NA,"67.51|67.51||I|Standard Pricing|57.51|0.00|0.00|10.00|0.00","BRA509","2025-11-10 03:12:56.358"
"Price Code","U","Update","price","E6BB0623","J","67.51","92.51","BRA502","2026-03-05 15:54:18.305"
"Price Code","U","Update","price","E6BB0623","J","92.51","107.51","BRA500","2026-04-15 04:08:49.186"
"Price Code","U","Update","price","E6BB0623","J","107.51","132.51","BRA500","2026-05-05 19:59:18.393"
"Price Code","U","Update","price","E6BB0623","J","132.51","157.51","BRA510","2026-06-11 03:20:20.732"
"Price Code","I","Insert",NA,"E6BB0623","K",NA,"55.12|55.12||I|Standard Pricing|45.12|0.00|0.00|10.00|0.00","BRA505","2025-11-19 15:54:50.510"
"Price Code","U","Update","price","E6BB0623","K","55.12","60.12","BRA509","2026-01-31 09:23:38.919"
"Price Code","U","Update","price","E6BB0623","K","60.12","65.12","BRA500","2026-03-11 02:35:43.054"
"Price Code","I","Insert",NA,"E6BB0623","L",NA,"42.98|42.98||I|Standard Pricing|32.98|0.00|0.00|10.00|0.00","BRA506","2025-11-17 06:22:06.981"
"Price Code","U","Update","price","E6BB0623","L","42.98","57.98","BRA505","2026-01-17 01:30:37.048"
"Price Code","U","Update","price","E6BB0623","L","57.98","82.98","BRA507","2026-03-29 13:21:59.971"
"Price Code","U","Update","price","E6BB0623","L","82.98","97.98","BRA500","2026-04-19 06:42:14.580"
"Price Code","U","Update","price","E6BB0623","L","97.98","102.98","BRA506","2026-05-05 04:43:39.883"
"Price Code","U","Update","price","E6BB0623","L","102.98","127.98","BRA506","2026-06-16 15:00:10.250"
"Price Code","I","Insert",NA,"E6BB0623","M",NA,"37.58|37.58||I|Standard Pricing|27.58|0.00|0.00|10.00|0.00","BRA507","2025-11-20 04:28:13.813"
"Price Code","U","Update","price","E6BB0623","M","37.58","32.58","BRA503","2026-03-19 20:12:04.600"
"Price Code","U","Update","price","E6BB0623","M","32.58","27.58","BRA500","2026-05-12 07:08:52.124"
"Price Code","I","Insert",NA,"E6BB0623","N",NA,"27.32|27.32||I|Standard Pricing|17.32|0.00|0.00|10.00|0.00","BRA506","2025-11-22 10:06:37.893"
"Price Code","U","Update","price","E6BB0623","N","27.32","47.32","BRA500","2026-04-06 16:54:25.649"
"Price Code","U","Update","price","E6BB0623","N","47.32","37.32","BRA510","2026-06-02 03:06:04.752"
"Price Code","I","Insert",NA,"E6BB0623","O",NA,"23.46|23.46||I|Standard Pricing|13.46|0.00|0.00|10.00|0.00","BRA505","2025-11-06 09:02:12.753"
"Price Code","U","Update","price","E6BB0623","O","23.46","53.46","BRA509","2026-01-26 22:21:06.942"
"Price Code","U","Update","price","E6BB0623","O","53.46","63.46","BRA501","2026-01-28 16:25:52.755"
"Price Code","U","Update","price","E6BB0623","O","63.46","78.46","BRA505","2026-02-27 18:37:37.207"
"Price Code","U","Update","price","E6BB0623","O","78.46","93.46","BRA506","2026-03-09 17:47:01.835"
"Price Code","U","Update","price","E6BB0623","O","93.46","123.46","BRA508","2026-06-09 09:26:18.066"
"Price Code","D","Delete",NA,"E6BB0623","H",NA,NA,"BRA509","2026-06-05 14:00:00.000"
"Price Code","I","Insert",NA,"E6BB0624","A",NA,"286.2|286.2||I|Standard Pricing|276.2|0.00|0.00|10.00|0.00","BRA507","2025-12-09 19:23:15.943"
"Price Code","U","Update","price","E6BB0624","A","286.2","281.2","BRA508","2026-02-05 05:18:17.840"
"Price Code","U","Update","price","E6BB0624","A","281.2","301.2","BRA503","2026-02-05 22:20:42.335"
"Price Code","U","Update","price","E6BB0624","A","301.2","326.2","BRA508","2026-03-29 23:05:57.663"
"Price Code","U","Update","price","E6BB0624","A","326.2","351.2","BRA504","2026-04-07 05:19:26.893"
"Price Code","U","Update","price","E6BB0624","A","351.2","361.2","BRA502","2026-05-09 12:21:13.497"
"Price Code","I","Insert",NA,"E6BB0624","B",NA,"243.48|243.48||I|Standard Pricing|233.48|0.00|0.00|10.00|0.00","BRA508","2025-12-10 14:24:54.039"
"Price Code","U","Update","price","E6BB0624","B","243.48","273.48","BRA500","2026-03-05 22:14:19.192"
"Price Code","U","Update","price","E6BB0624","B","273.48","298.48","BRA503","2026-05-27 16:51:04.295"
"Price Code","I","Insert",NA,"E6BB0624","C",NA,"214.42|214.42||I|Standard Pricing|204.42|0.00|0.00|10.00|0.00","BRA500","2025-11-11 00:33:20.795"
"Price Code","U","Update","price","E6BB0624","C","214.42","234.42","BRA502","2026-04-14 06:01:22.346"
"Price Code","U","Update","price","E6BB0624","C","234.42","249.42","BRA504","2026-05-15 11:23:18.101"
"Price Code","U","Update","price","E6BB0624","C","249.42","264.42","BRA503","2026-06-07 13:54:59.637"
"Price Code","U","Update","price","E6BB0624","C","264.42","279.42","BRA501","2026-06-14 03:44:17.501"
"Price Code","U","Update","price","E6BB0624","C","279.42","309.42","BRA507","2026-06-23 12:40:29.774"
"Price Code","I","Insert",NA,"E6BB0624","D",NA,"184.65|184.65||I|Standard Pricing|174.65|0.00|0.00|10.00|0.00","BRA504","2025-11-08 10:59:16.394"
"Price Code","U","Update","price","E6BB0624","D","184.65","169.65","BRA507","2026-02-01 07:29:22.474"
"Price Code","U","Update","price","E6BB0624","D","169.65","164.65","BRA508","2026-05-15 07:11:24.672"
"Price Code","I","Insert",NA,"E6BB0624","E",NA,"162.15|162.15||I|Standard Pricing|152.15|0.00|0.00|10.00|0.00","BRA507","2025-11-11 07:29:44.865"
"Price Code","U","Update","price","E6BB0624","E","162.15","182.15","BRA505","2026-01-25 01:16:57.752"
"Price Code","U","Update","price","E6BB0624","E","182.15","167.15","BRA506","2026-02-24 16:58:09.921"
"Price Code","I","Insert",NA,"E6BB0624","F",NA,"130.97|130.97||I|Standard Pricing|120.97|0.00|0.00|10.00|0.00","BRA507","2025-11-12 07:42:48.751"
"Price Code","U","Update","price","E6BB0624","F","130.97","120.97","BRA501","2026-02-21 20:15:27.622"
"Price Code","U","Update","price","E6BB0624","F","120.97","115.97","BRA501","2026-04-14 17:42:35.899"
"Price Code","U","Update","price","E6BB0624","F","115.97","145.97","BRA501","2026-04-15 15:44:12.055"
"Price Code","I","Insert",NA,"E6BB0624","G",NA,"122.78|122.78||I|Standard Pricing|112.78|0.00|0.00|10.00|0.00","BRA510","2025-12-09 05:53:07.813"
"Price Code","U","Update","price","E6BB0624","G","122.78","112.78","BRA500","2026-02-13 13:32:11.098"
"Price Code","U","Update","price","E6BB0624","G","112.78","97.78","BRA503","2026-03-09 21:49:53.305"
"Price Code","U","Update","price","E6BB0624","G","97.78","117.78","BRA508","2026-04-17 14:22:38.336"
"Price Code","U","Update","price","E6BB0624","G","117.78","132.78","BRA509","2026-04-24 12:52:25.632"
"Price Code","I","Insert",NA,"E6BB0624","H",NA,"101.92|101.92||I|Standard Pricing|91.92|0.00|0.00|10.00|0.00","BRA501","2025-11-14 09:46:11.293"
"Price Code","U","Update","price","E6BB0624","H","101.92","116.92","BRA503","2026-02-10 19:51:07.804"
"Price Code","U","Update","price","E6BB0624","H","116.92","126.92","BRA502","2026-03-22 20:26:29.962"
"Price Code","U","Update","price","E6BB0624","H","126.92","136.92","BRA509","2026-04-07 03:40:59.532"
"Price Code","U","Update","price","E6BB0624","H","136.92","141.92","BRA501","2026-04-15 18:30:59.436"
"Price Code","U","Update","price","E6BB0624","H","141.92","151.92","BRA504","2026-04-25 19:19:47.231"
"Price Code","I","Insert",NA,"E6BB0624","I",NA,"75.44|75.44||I|Standard Pricing|65.44|0.00|0.00|10.00|0.00","BRA506","2025-11-17 19:21:05.614"
"Price Code","U","Update","price","E6BB0624","I","75.44","60.44","BRA501","2026-01-24 03:24:49.990"
"Price Code","U","Update","price","E6BB0624","I","60.44","70.44","BRA508","2026-05-04 13:09:37.378"
"Price Code","U","Update","price","E6BB0624","I","70.44","75.44","BRA509","2026-06-04 12:40:48.899"
"Price Code","I","Insert",NA,"E6BB0624","J",NA,"65.54|65.54||I|Standard Pricing|55.54|0.00|0.00|10.00|0.00","BRA507","2025-12-07 21:52:08.686"
"Price Code","U","Update","price","E6BB0624","J","65.54","50.54","BRA509","2026-03-02 02:49:35.473"
"Price Code","U","Update","price","E6BB0624","J","50.54","75.54","BRA500","2026-04-15 06:11:20.987"
"Price Code","U","Update","price","E6BB0624","J","75.54","65.54","BRA508","2026-04-20 00:07:26.860"
"Price Code","U","Update","price","E6BB0624","J","65.54","80.54","BRA503","2026-04-23 20:09:42.149"
"Price Code","I","Insert",NA,"E6BB0624","K",NA,"48.39|48.39||I|Standard Pricing|38.39|0.00|0.00|10.00|0.00","BRA500","2025-11-15 16:06:31.239"
"Price Code","U","Update","price","E6BB0624","K","48.39","33.39","BRA510","2026-02-10 23:02:23.716"
"Price Code","U","Update","price","E6BB0624","K","33.39","53.39","BRA500","2026-02-14 04:55:26.459"
"Price Code","U","Update","price","E6BB0624","K","53.39","43.39","BRA501","2026-02-26 16:13:15.339"
"Price Code","U","Update","price","E6BB0624","K","43.39","63.39","BRA500","2026-03-14 15:04:29.531"
"Price Code","I","Insert",NA,"E6BB0624","L",NA,"38.6|38.6||I|Standard Pricing|28.6|0.00|0.00|10.00|0.00","BRA501","2025-12-09 13:40:41.431"
"Price Code","U","Update","price","E6BB0624","L","38.6","68.6","BRA507","2026-01-30 17:24:17.138"
"Price Code","U","Update","price","E6BB0624","L","68.6","88.6","BRA501","2026-03-04 12:18:05.834"
"Price Code","U","Update","price","E6BB0624","L","88.6","78.6","BRA505","2026-05-30 09:56:31.890"
"Price Code","I","Insert",NA,"E6BB0626","A",NA,"247.27|247.27||I|Standard Pricing|237.27|0.00|0.00|10.00|0.00","BRA510","2025-12-07 11:07:14.384"
"Price Code","U","Update","price","E6BB0626","A","247.27","232.27","BRA508","2026-01-21 04:05:32.774"
"Price Code","U","Update","price","E6BB0626","A","232.27","222.27","BRA504","2026-01-31 06:29:30.378"
"Price Code","U","Update","price","E6BB0626","A","222.27","207.27","BRA503","2026-02-25 02:45:51.939"
"Price Code","U","Update","price","E6BB0626","A","207.27","197.27","BRA507","2026-06-10 06:40:52.967"
"Price Code","I","Insert",NA,"E6BB0626","B",NA,"241.96|241.96||I|Standard Pricing|231.96|0.00|0.00|10.00|0.00","BRA502","2025-11-10 19:19:49.024"
"Price Code","U","Update","price","E6BB0626","B","241.96","266.96","BRA502","2026-02-15 14:44:12.911"
"Price Code","U","Update","price","E6BB0626","B","266.96","281.96","BRA508","2026-02-17 10:03:09.701"
"Price Code","U","Update","price","E6BB0626","B","281.96","286.96","BRA505","2026-06-17 04:23:43.466"
"Price Code","I","Insert",NA,"E6BB0626","C",NA,"178.79|178.79||I|Standard Pricing|168.79|0.00|0.00|10.00|0.00","BRA509","2025-11-07 20:08:04.913"
"Price Code","U","Update","price","E6BB0626","C","178.79","188.79","BRA507","2026-03-04 08:55:22.804"
"Price Code","U","Update","price","E6BB0626","C","188.79","198.79","BRA504","2026-05-07 20:45:13.678"
"Price Code","I","Insert",NA,"E6BB0626","D",NA,"166.52|166.52||I|Standard Pricing|156.52|0.00|0.00|10.00|0.00","BRA504","2025-11-21 02:56:37.648"
"Price Code","U","Update","price","E6BB0626","D","166.52","186.52","BRA503","2026-04-03 22:26:19.097"
"Price Code","U","Update","price","E6BB0626","D","186.52","176.52","BRA503","2026-04-27 21:22:21.823"
"Price Code","I","Insert",NA,"E6BB0626","E",NA,"161.43|161.43||I|Standard Pricing|151.43|0.00|0.00|10.00|0.00","BRA501","2025-11-16 14:19:13.313"
"Price Code","U","Update","price","E6BB0626","E","161.43","191.43","BRA504","2026-05-23 01:12:13.395"
"Price Code","U","Update","price","E6BB0626","E","191.43","211.43","BRA504","2026-05-31 04:09:08.912"
"Price Code","U","Update","price","E6BB0626","E","211.43","196.43","BRA510","2026-06-11 23:40:44.359"
"Price Code","U","Update","price","E6BB0626","E","196.43","221.43","BRA503","2026-06-13 08:28:01.381"
"Price Code","U","Update","price","E6BB0626","E","221.43","231.43","BRA502","2026-06-25 23:42:33.370"
"Price Code","I","Insert",NA,"E6BB0626","F",NA,"129.35|129.35||I|Standard Pricing|119.35|0.00|0.00|10.00|0.00","BRA504","2025-12-01 05:45:43.362"
"Price Code","U","Update","price","E6BB0626","F","129.35","154.35","BRA507","2026-03-08 06:41:43.597"
"Price Code","U","Update","price","E6BB0626","F","154.35","184.35","BRA509","2026-06-03 21:47:09.696"
"Price Code","U","Update","price","E6BB0626","F","184.35","209.35","BRA500","2026-06-22 11:23:19.415"
"Price Code","I","Insert",NA,"E6BB0626","G",NA,"110.19|110.19||I|Standard Pricing|100.19|0.00|0.00|10.00|0.00","BRA506","2025-11-15 15:00:32.457"
"Price Code","U","Update","price","E6BB0626","G","110.19","115.19","BRA506","2026-02-13 10:40:05.062"
"Price Code","U","Update","price","E6BB0626","G","115.19","100.19","BRA500","2026-04-06 13:37:41.407"
"Price Code","U","Update","price","E6BB0626","G","100.19","95.19","BRA508","2026-04-24 07:59:44.344"
"Price Code","U","Update","price","E6BB0626","G","95.19","115.19","BRA510","2026-05-01 08:31:21.915"
"Price Code","U","Update","price","E6BB0626","G","115.19","140.19","BRA502","2026-06-12 08:18:53.650"
"Price Code","I","Insert",NA,"E6BB0626","H",NA,"108.45|108.45||I|Standard Pricing|98.45|0.00|0.00|10.00|0.00","BRA506","2025-11-16 06:52:03.235"
"Price Code","U","Update","price","E6BB0626","H","108.45","138.45","BRA509","2026-04-18 17:39:00.100"
"Price Code","U","Update","price","E6BB0626","H","138.45","168.45","BRA507","2026-04-25 04:38:10.135"
"Price Code","U","Update","price","E6BB0626","H","168.45","193.45","BRA507","2026-06-02 11:45:54.452"
"Price Code","U","Update","price","E6BB0626","H","193.45","208.45","BRA506","2026-06-16 16:18:35.288"
"Price Code","I","Insert",NA,"E6BB0626","I",NA,"74.27|74.27||I|Standard Pricing|64.27|0.00|0.00|10.00|0.00","BRA508","2025-12-01 08:16:17.465"
"Price Code","U","Update","price","E6BB0626","I","74.27","99.27","BRA509","2026-02-06 07:10:37.480"
"Price Code","U","Update","price","E6BB0626","I","99.27","124.27","BRA500","2026-05-04 06:11:38.035"
"Price Code","U","Update","price","E6BB0626","I","124.27","114.27","BRA501","2026-06-01 02:30:38.566"
"Price Code","U","Update","price","E6BB0626","I","114.27","109.27","BRA508","2026-06-17 20:57:10.402"
"Price Code","I","Insert",NA,"E6BB0626","J",NA,"60.84|60.84||I|Standard Pricing|50.84|0.00|0.00|10.00|0.00","BRA510","2025-12-02 15:10:08.581"
"Price Code","U","Update","price","E6BB0626","J","60.84","55.84","BRA506","2026-02-01 07:46:17.993"
"Price Code","U","Update","price","E6BB0626","J","55.84","70.84","BRA504","2026-02-08 05:50:08.201"
"Price Code","U","Update","price","E6BB0626","J","70.84","55.84","BRA506","2026-04-16 05:29:14.578"
"Price Code","I","Insert",NA,"E6BB0626","K",NA,"60.34|60.34||I|Standard Pricing|50.34|0.00|0.00|10.00|0.00","BRA510","2025-11-12 05:22:22.391"
"Price Code","U","Update","price","E6BB0626","K","60.34","65.34","BRA508","2026-01-19 09:55:24.944"
"Price Code","U","Update","price","E6BB0626","K","65.34","95.34","BRA509","2026-01-19 21:24:02.985"
"Price Code","U","Update","price","E6BB0626","K","95.34","90.34","BRA508","2026-04-13 11:25:58.646"
"Price Code","U","Update","price","E6BB0626","K","90.34","115.34","BRA509","2026-06-25 02:09:46.997"
"Price Code","I","Insert",NA,"E6BB0626","L",NA,"51.28|51.28||I|Standard Pricing|41.28|0.00|0.00|10.00|0.00","BRA502","2025-11-21 05:18:11.178"
"Price Code","U","Update","price","E6BB0626","L","51.28","81.28","BRA503","2026-02-11 15:42:54.460"
"Price Code","U","Update","price","E6BB0626","L","81.28","76.28","BRA502","2026-03-06 12:35:33.141"
"Price Code","U","Update","price","E6BB0626","L","76.28","91.28","BRA506","2026-06-23 04:15:38.290"
"Price Code","I","Insert",NA,"E6BB0626","M",NA,"36.34|36.34||I|Standard Pricing|26.34|0.00|0.00|10.00|0.00","BRA506","2025-12-04 17:11:53.208"
"Price Code","U","Update","price","E6BB0626","M","36.34","46.34","BRA503","2026-02-10 11:08:07.206"
"Price Code","U","Update","price","E6BB0626","M","46.34","56.34","BRA509","2026-06-05 21:25:12.900"
"Price Code","I","Insert",NA,"E6BB0627","A",NA,"250.16|250.16||I|Standard Pricing|240.16|0.00|0.00|10.00|0.00","BRA500","2025-11-13 16:31:00.420"
"Price Code","U","Update","price","E6BB0627","A","250.16","260.16","BRA503","2026-02-14 03:06:21.290"
"Price Code","U","Update","price","E6BB0627","A","260.16","255.16","BRA500","2026-04-16 05:50:00.879"
"Price Code","U","Update","price","E6BB0627","A","255.16","285.16","BRA509","2026-05-13 14:18:36.532"
"Price Code","I","Insert",NA,"E6BB0627","B",NA,"232|232||I|Standard Pricing|222|0.00|0.00|10.00|0.00","BRA506","2025-11-29 13:29:06.407"
"Price Code","U","Update","price","E6BB0627","B","232","242","BRA505","2026-02-12 04:58:41.184"
"Price Code","U","Update","price","E6BB0627","B","242","262","BRA500","2026-02-26 11:28:44.367"
"Price Code","U","Update","price","E6BB0627","B","262","272","BRA504","2026-03-22 06:00:18.276"
"Price Code","U","Update","price","E6BB0627","B","272","277","BRA504","2026-05-29 22:27:14.790"
"Price Code","I","Insert",NA,"E6BB0627","C",NA,"184.76|184.76||I|Standard Pricing|174.76|0.00|0.00|10.00|0.00","BRA503","2025-11-03 06:32:09.122"
"Price Code","U","Update","price","E6BB0627","C","184.76","194.76","BRA500","2026-02-18 22:40:30.729"
"Price Code","U","Update","price","E6BB0627","C","194.76","199.76","BRA500","2026-03-14 06:48:03.535"
"Price Code","I","Insert",NA,"E6BB0627","D",NA,"192.75|192.75||I|Standard Pricing|182.75|0.00|0.00|10.00|0.00","BRA505","2025-12-13 12:56:08.065"
"Price Code","U","Update","price","E6BB0627","D","192.75","207.75","BRA500","2026-02-07 03:04:29.558"
"Price Code","U","Update","price","E6BB0627","D","207.75","232.75","BRA502","2026-02-07 10:41:33.832"
"Price Code","U","Update","price","E6BB0627","D","232.75","257.75","BRA509","2026-02-19 09:49:02.619"
"Price Code","U","Update","price","E6BB0627","D","257.75","267.75","BRA509","2026-05-03 11:14:40.856"
"Price Code","U","Update","price","E6BB0627","D","267.75","287.75","BRA502","2026-06-06 18:32:55.263"
"Price Code","I","Insert",NA,"E6BB0627","E",NA,"151.24|151.24||I|Standard Pricing|141.24|0.00|0.00|10.00|0.00","BRA501","2025-11-19 18:41:00.303"
"Price Code","U","Update","price","E6BB0627","E","151.24","136.24","BRA509","2026-01-17 18:03:03.879"
"Price Code","U","Update","price","E6BB0627","E","136.24","151.24","BRA505","2026-01-29 19:36:28.092"
"Price Code","U","Update","price","E6BB0627","E","151.24","176.24","BRA500","2026-04-04 05:06:13.749"
"Price Code","U","Update","price","E6BB0627","E","176.24","201.24","BRA501","2026-04-13 04:24:23.595"
"Price Code","I","Insert",NA,"E6BB0627","F",NA,"113.66|113.66||I|Standard Pricing|103.66|0.00|0.00|10.00|0.00","BRA501","2025-11-03 17:38:40.132"
"Price Code","U","Update","price","E6BB0627","F","113.66","98.66","BRA504","2026-03-14 10:18:19.220"
"Price Code","U","Update","price","E6BB0627","F","98.66","113.66","BRA500","2026-03-24 21:07:08.942"
"Price Code","U","Update","price","E6BB0627","F","113.66","133.66","BRA506","2026-04-23 03:13:06.402"
"Price Code","U","Update","price","E6BB0627","F","133.66","148.66","BRA507","2026-05-21 18:25:25.238"
"Price Code","U","Update","price","E6BB0627","F","148.66","158.66","BRA503","2026-05-23 17:48:57.064"
"Price Code","I","Insert",NA,"E6BB0627","G",NA,"94.98|94.98||I|Standard Pricing|84.98|0.00|0.00|10.00|0.00","BRA510","2025-11-16 04:06:31.739"
"Price Code","U","Update","price","E6BB0627","G","94.98","124.98","BRA502","2026-01-20 12:18:53.480"
"Price Code","U","Update","price","E6BB0627","G","124.98","129.98","BRA504","2026-03-17 08:36:41.180"
"Price Code","U","Update","price","E6BB0627","G","129.98","119.98","BRA509","2026-03-29 16:29:19.264"
"Price Code","U","Update","price","E6BB0627","G","119.98","129.98","BRA501","2026-06-01 04:07:26.274"
"Price Code","U","Update","price","E6BB0627","G","129.98","139.98","BRA507","2026-06-16 08:43:18.899"
"Price Code","I","Insert",NA,"E6BB0627","H",NA,"93.53|93.53||I|Standard Pricing|83.53|0.00|0.00|10.00|0.00","BRA503","2025-11-15 00:10:52.428"
"Price Code","U","Update","price","E6BB0627","H","93.53","103.53","BRA505","2026-04-12 12:39:41.694"
"Price Code","U","Update","price","E6BB0627","H","103.53","98.53","BRA500","2026-05-10 08:08:20.015"
"Price Code","I","Insert",NA,"E6BB0627","I",NA,"74.86|74.86||I|Standard Pricing|64.86|0.00|0.00|10.00|0.00","BRA501","2025-11-09 04:27:57.548"
"Price Code","U","Update","price","E6BB0627","I","74.86","104.86","BRA510","2026-02-25 03:10:01.496"
"Price Code","U","Update","price","E6BB0627","I","104.86","119.86","BRA503","2026-06-02 02:15:12.032"
"Price Code","I","Insert",NA,"E6BB0627","J",NA,"63.07|63.07||I|Standard Pricing|53.07|0.00|0.00|10.00|0.00","BRA506","2025-11-14 07:29:31.467"
"Price Code","U","Update","price","E6BB0627","J","63.07","93.07","BRA506","2026-02-03 06:39:17.496"
"Price Code","U","Update","price","E6BB0627","J","93.07","88.07","BRA509","2026-03-26 22:45:17.048"
"Price Code","U","Update","price","E6BB0627","J","88.07","83.07","BRA510","2026-04-26 03:33:46.370"
"Price Code","U","Update","price","E6BB0627","J","83.07","108.07","BRA500","2026-05-28 03:46:51.979"
"Price Code","U","Update","price","E6BB0627","J","108.07","103.07","BRA508","2026-06-11 11:00:55.627"
"Price Code","I","Insert",NA,"E6BB0627","K",NA,"49.68|49.68||I|Standard Pricing|39.68|0.00|0.00|10.00|0.00","BRA500","2025-11-12 23:44:49.360"
"Price Code","U","Update","price","E6BB0627","K","49.68","64.68","BRA502","2026-01-18 01:59:19.895"
"Price Code","U","Update","price","E6BB0627","K","64.68","89.68","BRA507","2026-03-27 07:24:44.261"
"Price Code","I","Insert",NA,"E6BB0627","L",NA,"48.16|48.16||I|Standard Pricing|38.16|0.00|0.00|10.00|0.00","BRA507","2025-11-03 17:32:52.891"
"Price Code","U","Update","price","E6BB0627","L","48.16","33.16","BRA505","2026-03-22 16:06:35.829"
"Price Code","U","Update","price","E6BB0627","L","33.16","58.16","BRA503","2026-05-10 09:10:26.401"
"Price Code","U","Update","price","E6BB0627","L","58.16","88.16","BRA502","2026-06-11 02:59:40.000"
"Price Code","U","Update","price","E6BB0627","L","88.16","73.16","BRA502","2026-06-16 00:28:13.757"
"Price Code","I","Insert",NA,"E6BB0628","A",NA,"269.13|269.13||I|Standard Pricing|259.13|0.00|0.00|10.00|0.00","BRA507","2025-11-10 23:38:18.796"
"Price Code","U","Update","price","E6BB0628","A","269.13","254.13","BRA507","2026-01-25 19:37:25.375"
"Price Code","U","Update","price","E6BB0628","A","254.13","284.13","BRA501","2026-03-23 14:05:47.318"
"Price Code","I","Insert",NA,"E6BB0628","B",NA,"205.03|205.03||I|Standard Pricing|195.03|0.00|0.00|10.00|0.00","BRA508","2025-11-28 07:03:30.087"
"Price Code","U","Update","price","E6BB0628","B","205.03","235.03","BRA503","2026-02-08 13:51:11.048"
"Price Code","U","Update","price","E6BB0628","B","235.03","220.03","BRA502","2026-06-04 21:15:12.069"
"Price Code","U","Update","price","E6BB0628","B","220.03","240.03","BRA504","2026-06-18 22:49:03.973"
"Price Code","I","Insert",NA,"E6BB0628","C",NA,"170.23|170.23||I|Standard Pricing|160.23|0.00|0.00|10.00|0.00","BRA506","2025-12-05 15:02:10.416"
"Price Code","U","Update","price","E6BB0628","C","170.23","175.23","BRA502","2026-01-30 20:48:28.517"
"Price Code","U","Update","price","E6BB0628","C","175.23","165.23","BRA504","2026-04-04 17:32:38.766"
"Price Code","I","Insert",NA,"E6BB0628","D",NA,"168.26|168.26||I|Standard Pricing|158.26|0.00|0.00|10.00|0.00","BRA502","2025-12-12 01:12:13.748"
"Price Code","U","Update","price","E6BB0628","D","168.26","178.26","BRA509","2026-04-17 05:54:41.912"
"Price Code","U","Update","price","E6BB0628","D","178.26","198.26","BRA505","2026-05-03 12:22:27.964"
"Price Code","U","Update","price","E6BB0628","D","198.26","213.26","BRA507","2026-05-21 18:43:46.804"
"Price Code","I","Insert",NA,"E6BB0628","E",NA,"137.5|137.5||I|Standard Pricing|127.5|0.00|0.00|10.00|0.00","BRA501","2025-11-17 05:29:14.516"
"Price Code","U","Update","price","E6BB0628","E","137.5","147.5","BRA507","2026-05-27 08:45:50.984"
"Price Code","U","Update","price","E6BB0628","E","147.5","142.5","BRA505","2026-06-14 04:58:16.523"
"Price Code","I","Insert",NA,"E6BB0628","F",NA,"125.19|125.19||I|Standard Pricing|115.19|0.00|0.00|10.00|0.00","BRA501","2025-11-29 12:19:44.989"
"Price Code","U","Update","price","E6BB0628","F","125.19","140.19","BRA507","2026-01-18 14:47:21.113"
"Price Code","U","Update","price","E6BB0628","F","140.19","135.19","BRA508","2026-02-03 11:52:35.733"
"Price Code","U","Update","price","E6BB0628","F","135.19","125.19","BRA506","2026-05-22 14:50:03.830"
"Price Code","U","Update","price","E6BB0628","F","125.19","150.19","BRA507","2026-06-21 06:46:53.979"
"Price Code","I","Insert",NA,"E6BB0628","G",NA,"122.66|122.66||I|Standard Pricing|112.66|0.00|0.00|10.00|0.00","BRA502","2025-11-12 08:02:44.477"
"Price Code","U","Update","price","E6BB0628","G","122.66","117.66","BRA500","2026-06-09 20:40:59.770"
"Price Code","U","Update","price","E6BB0628","G","117.66","132.66","BRA507","2026-06-11 22:19:21.549"
"Price Code","I","Insert",NA,"E6BB0628","H",NA,"89|89||I|Standard Pricing|79|0.00|0.00|10.00|0.00","BRA500","2025-11-10 05:45:51.855"
"Price Code","U","Update","price","E6BB0628","H","89","84","BRA506","2026-01-21 04:11:03.213"
"Price Code","U","Update","price","E6BB0628","H","84","104","BRA500","2026-02-07 09:56:03.607"
"Price Code","U","Update","price","E6BB0628","H","104","89","BRA510","2026-05-14 01:23:43.368"
"Price Code","U","Update","price","E6BB0628","H","89","119","BRA508","2026-06-14 14:10:21.599"
"Price Code","I","Insert",NA,"E6BB0628","I",NA,"76.17|76.17||I|Standard Pricing|66.17|0.00|0.00|10.00|0.00","BRA504","2025-11-17 01:10:07.702"
"Price Code","U","Update","price","E6BB0628","I","76.17","66.17","BRA501","2026-03-05 11:02:53.991"
"Price Code","U","Update","price","E6BB0628","I","66.17","86.17","BRA506","2026-04-17 08:49:20.205"
"Price Code","U","Update","price","E6BB0628","I","86.17","111.17","BRA500","2026-04-25 09:36:11.646"
"Price Code","U","Update","price","E6BB0628","I","111.17","96.17","BRA510","2026-05-26 07:05:25.987"
"Price Code","I","Insert",NA,"E6BB0628","J",NA,"63.28|63.28||I|Standard Pricing|53.28|0.00|0.00|10.00|0.00","BRA507","2025-11-03 15:49:18.385"
"Price Code","U","Update","price","E6BB0628","J","63.28","88.28","BRA503","2026-02-22 22:03:34.056"
"Price Code","U","Update","price","E6BB0628","J","88.28","103.28","BRA506","2026-03-12 17:56:03.506"
"Price Code","U","Update","price","E6BB0628","J","103.28","93.28","BRA510","2026-04-03 02:29:50.590"
"Price Code","U","Update","price","E6BB0628","J","93.28","98.28","BRA504","2026-04-17 00:53:19.915"
"Price Code","U","Update","price","E6BB0628","J","98.28","108.28","BRA504","2026-05-12 16:08:48.164"
"Price Code","I","Insert",NA,"E6BB0628","K",NA,"49.23|49.23||I|Standard Pricing|39.23|0.00|0.00|10.00|0.00","BRA510","2025-12-05 01:07:38.594"
"Price Code","U","Update","price","E6BB0628","K","49.23","74.23","BRA501","2026-03-01 15:58:09.241"
"Price Code","U","Update","price","E6BB0628","K","74.23","104.23","BRA501","2026-04-13 14:54:33.061"
"Price Code","U","Update","price","E6BB0628","K","104.23","114.23","BRA508","2026-05-22 02:43:16.909"
"Price Code","U","Update","price","E6BB0628","K","114.23","134.23","BRA510","2026-05-29 06:17:29.103"
"Price Code","I","Insert",NA,"E6BB0628","L",NA,"46.9|46.9||I|Standard Pricing|36.9|0.00|0.00|10.00|0.00","BRA509","2025-12-07 14:51:39.990"
"Price Code","U","Update","price","E6BB0628","L","46.9","66.9","BRA504","2026-03-26 02:04:07.491"
"Price Code","U","Update","price","E6BB0628","L","66.9","81.9","BRA501","2026-04-03 23:02:55.248"
"Price Code","I","Insert",NA,"E6BB0629","A",NA,"228.74|228.74||I|Standard Pricing|218.74|0.00|0.00|10.00|0.00","BRA500","2025-11-14 06:51:50.028"
"Price Code","U","Update","price","E6BB0629","A","228.74","223.74","BRA510","2026-02-15 17:25:45.407"
"Price Code","U","Update","price","E6BB0629","A","223.74","253.74","BRA503","2026-03-02 14:43:49.907"
"Price Code","U","Update","price","E6BB0629","A","253.74","283.74","BRA505","2026-05-16 17:22:49.917"
"Price Code","I","Insert",NA,"E6BB0629","B",NA,"220.06|220.06||I|Standard Pricing|210.06|0.00|0.00|10.00|0.00","BRA508","2025-11-28 06:10:35.471"
"Price Code","U","Update","price","E6BB0629","B","220.06","235.06","BRA508","2026-01-31 06:25:44.043"
"Price Code","U","Update","price","E6BB0629","B","235.06","250.06","BRA502","2026-04-13 16:28:09.532"
"Price Code","U","Update","price","E6BB0629","B","250.06","255.06","BRA505","2026-05-23 16:00:51.393"
"Price Code","U","Update","price","E6BB0629","B","255.06","280.06","BRA510","2026-05-27 23:14:49.847"
"Price Code","U","Update","price","E6BB0629","B","280.06","310.06","BRA500","2026-06-11 12:41:36.643"
"Price Code","I","Insert",NA,"E6BB0629","C",NA,"167.44|167.44||I|Standard Pricing|157.44|0.00|0.00|10.00|0.00","BRA500","2025-11-13 02:28:24.623"
"Price Code","U","Update","price","E6BB0629","C","167.44","197.44","BRA509","2026-01-29 04:40:03.380"
"Price Code","U","Update","price","E6BB0629","C","197.44","207.44","BRA505","2026-02-21 23:08:51.734"
"Price Code","U","Update","price","E6BB0629","C","207.44","197.44","BRA508","2026-03-06 01:25:53.030"
"Price Code","U","Update","price","E6BB0629","C","197.44","212.44","BRA507","2026-04-01 17:33:58.494"
"Price Code","U","Update","price","E6BB0629","C","212.44","242.44","BRA507","2026-06-28 06:38:13.688"
"Price Code","I","Insert",NA,"E6BB0629","D",NA,"179.03|179.03||I|Standard Pricing|169.03|0.00|0.00|10.00|0.00","BRA505","2025-12-09 13:43:31.790"
"Price Code","U","Update","price","E6BB0629","D","179.03","209.03","BRA507","2026-01-21 17:05:26.970"
"Price Code","U","Update","price","E6BB0629","D","209.03","239.03","BRA510","2026-02-10 07:50:50.263"
"Price Code","U","Update","price","E6BB0629","D","239.03","269.03","BRA506","2026-02-24 07:48:34.049"
"Price Code","U","Update","price","E6BB0629","D","269.03","274.03","BRA500","2026-03-17 13:25:04.524"
"Price Code","U","Update","price","E6BB0629","D","274.03","284.03","BRA506","2026-06-21 22:26:45.676"
"Price Code","I","Insert",NA,"E6BB0629","E",NA,"145.01|145.01||I|Standard Pricing|135.01|0.00|0.00|10.00|0.00","BRA501","2025-12-07 23:29:26.562"
"Price Code","U","Update","price","E6BB0629","E","145.01","155.01","BRA506","2026-03-01 23:51:12.874"
"Price Code","U","Update","price","E6BB0629","E","155.01","170.01","BRA503","2026-06-27 03:57:34.612"
"Price Code","I","Insert",NA,"E6BB0629","F",NA,"128.85|128.85||I|Standard Pricing|118.85|0.00|0.00|10.00|0.00","BRA507","2025-12-13 08:18:00.894"
"Price Code","U","Update","price","E6BB0629","F","128.85","138.85","BRA505","2026-02-24 17:51:31.345"
"Price Code","U","Update","price","E6BB0629","F","138.85","128.85","BRA506","2026-03-27 13:04:07.522"
"Price Code","U","Update","price","E6BB0629","F","128.85","148.85","BRA508","2026-05-11 07:23:18.367"
"Price Code","I","Insert",NA,"E6BB0629","G",NA,"113.08|113.08||I|Standard Pricing|103.08|0.00|0.00|10.00|0.00","BRA508","2025-11-03 02:02:23.644"
"Price Code","U","Update","price","E6BB0629","G","113.08","128.08","BRA501","2026-03-18 08:24:37.122"
"Price Code","U","Update","price","E6BB0629","G","128.08","113.08","BRA509","2026-03-30 21:20:32.228"
"Price Code","U","Update","price","E6BB0629","G","113.08","108.08","BRA506","2026-05-15 11:03:52.609"
"Price Code","I","Insert",NA,"E6BB0629","H",NA,"94.8|94.8||I|Standard Pricing|84.8|0.00|0.00|10.00|0.00","BRA500","2025-12-07 09:57:04.932"
"Price Code","U","Update","price","E6BB0629","H","94.8","79.8","BRA501","2026-04-22 09:15:18.756"
"Price Code","U","Update","price","E6BB0629","H","79.8","104.8","BRA500","2026-05-19 05:57:58.712"
"Price Code","I","Insert",NA,"E6BB0629","I",NA,"64.07|64.07||I|Standard Pricing|54.07|0.00|0.00|10.00|0.00","BRA510","2025-11-09 20:43:52.345"
"Price Code","U","Update","price","E6BB0629","I","64.07","94.07","BRA505","2026-05-05 20:21:44.189"
"Price Code","U","Update","price","E6BB0629","I","94.07","79.07","BRA506","2026-05-09 21:46:04.331"
"Price Code","I","Insert",NA,"E6BB0629","J",NA,"58.82|58.82||I|Standard Pricing|48.82|0.00|0.00|10.00|0.00","BRA507","2025-11-09 23:59:55.896"
"Price Code","U","Update","price","E6BB0629","J","58.82","83.82","BRA506","2026-02-13 06:29:08.191"
"Price Code","U","Update","price","E6BB0629","J","83.82","93.82","BRA500","2026-04-08 19:00:18.256"
"Price Code","I","Insert",NA,"E6BB0629","K",NA,"61.22|61.22||I|Standard Pricing|51.22|0.00|0.00|10.00|0.00","BRA504","2025-11-30 01:39:11.902"
"Price Code","U","Update","price","E6BB0629","K","61.22","56.22","BRA504","2026-06-05 14:20:58.580"
"Price Code","U","Update","price","E6BB0629","K","56.22","81.22","BRA502","2026-06-18 19:38:52.752"
"Price Code","I","Insert",NA,"E6BB0629","L",NA,"49.77|49.77||I|Standard Pricing|39.77|0.00|0.00|10.00|0.00","BRA508","2025-12-09 06:34:28.482"
"Price Code","U","Update","price","E6BB0629","L","49.77","59.77","BRA503","2026-01-24 05:08:03.680"
"Price Code","U","Update","price","E6BB0629","L","59.77","74.77","BRA510","2026-02-25 09:12:25.826"
"Price Code","U","Update","price","E6BB0629","L","74.77","84.77","BRA508","2026-05-18 00:48:42.573"
"Price Code","U","Update","price","E6BB0629","L","84.77","99.77","BRA502","2026-06-11 03:15:17.312"
"Price Code","I","Insert",NA,"E6BB0629","M",NA,"36.11|36.11||I|Standard Pricing|26.11|0.00|0.00|10.00|0.00","BRA507","2025-11-15 08:03:50.979"
"Price Code","U","Update","price","E6BB0629","M","36.11","31.11","BRA501","2026-04-05 00:20:09.321"
"Price Code","U","Update","price","E6BB0629","M","31.11","36.11","BRA509","2026-04-26 10:31:56.234"
"Price Code","U","Update","price","E6BB0629","M","36.11","56.11","BRA500","2026-05-15 03:43:59.376"
"Price Code","I","Insert",NA,"E6BB0630","A",NA,"216.98|216.98||I|Standard Pricing|206.98|0.00|0.00|10.00|0.00","BRA501","2025-11-02 07:38:48.415"
"Price Code","U","Update","price","E6BB0630","A","216.98","226.98","BRA503","2026-01-24 07:55:52.719"
"Price Code","U","Update","price","E6BB0630","A","226.98","231.98","BRA500","2026-06-01 11:51:56.639"
"Price Code","I","Insert",NA,"E6BB0630","B",NA,"244.91|244.91||I|Standard Pricing|234.91|0.00|0.00|10.00|0.00","BRA510","2025-11-20 05:03:48.283"
"Price Code","U","Update","price","E6BB0630","B","244.91","234.91","BRA504","2026-03-06 00:46:00.537"
"Price Code","U","Update","price","E6BB0630","B","234.91","264.91","BRA507","2026-04-12 03:31:55.566"
"Price Code","I","Insert",NA,"E6BB0630","C",NA,"181.09|181.09||I|Standard Pricing|171.09|0.00|0.00|10.00|0.00","BRA508","2025-12-10 10:45:48.637"
"Price Code","U","Update","price","E6BB0630","C","181.09","211.09","BRA507","2026-01-24 07:00:55.620"
"Price Code","U","Update","price","E6BB0630","C","211.09","201.09","BRA506","2026-01-26 10:35:31.949"
"Price Code","U","Update","price","E6BB0630","C","201.09","206.09","BRA508","2026-03-26 17:42:19.631"
"Price Code","U","Update","price","E6BB0630","C","206.09","191.09","BRA505","2026-04-27 11:04:28.571"
"Price Code","I","Insert",NA,"E6BB0630","D",NA,"146.86|146.86||I|Standard Pricing|136.86|0.00|0.00|10.00|0.00","BRA510","2025-11-11 00:12:46.405"
"Price Code","U","Update","price","E6BB0630","D","146.86","136.86","BRA500","2026-02-14 21:46:39.157"
"Price Code","U","Update","price","E6BB0630","D","136.86","141.86","BRA505","2026-06-05 08:15:55.090"
"Price Code","U","Update","price","E6BB0630","D","141.86","151.86","BRA501","2026-06-05 09:32:02.763"
"Price Code","U","Update","price","E6BB0630","D","151.86","136.86","BRA507","2026-06-28 15:16:25.635"
"Price Code","I","Insert",NA,"E6BB0630","E",NA,"151.84|151.84||I|Standard Pricing|141.84|0.00|0.00|10.00|0.00","BRA509","2025-11-13 06:19:32.873"
"Price Code","U","Update","price","E6BB0630","E","151.84","171.84","BRA503","2026-01-21 17:53:13.116"
"Price Code","U","Update","price","E6BB0630","E","171.84","181.84","BRA500","2026-02-24 20:05:45.551"
"Price Code","U","Update","price","E6BB0630","E","181.84","186.84","BRA504","2026-04-11 11:22:54.770"
"Price Code","U","Update","price","E6BB0630","E","186.84","206.84","BRA508","2026-05-26 05:14:43.175"
"Price Code","U","Update","price","E6BB0630","E","206.84","216.84","BRA503","2026-05-27 16:49:46.035"
"Price Code","I","Insert",NA,"E6BB0630","F",NA,"129.89|129.89||I|Standard Pricing|119.89|0.00|0.00|10.00|0.00","BRA503","2025-11-09 23:58:08.841"
"Price Code","U","Update","price","E6BB0630","F","129.89","154.89","BRA501","2026-02-11 20:13:27.807"
"Price Code","U","Update","price","E6BB0630","F","154.89","184.89","BRA506","2026-04-28 21:01:53.696"
"Price Code","U","Update","price","E6BB0630","F","184.89","174.89","BRA509","2026-05-19 13:47:44.693"
"Price Code","U","Update","price","E6BB0630","F","174.89","169.89","BRA509","2026-06-15 06:34:30.933"
"Price Code","I","Insert",NA,"E6BB0630","G",NA,"113.96|113.96||I|Standard Pricing|103.96|0.00|0.00|10.00|0.00","BRA505","2025-11-02 15:58:27.209"
"Price Code","U","Update","price","E6BB0630","G","113.96","128.96","BRA510","2026-01-26 04:43:13.104"
"Price Code","U","Update","price","E6BB0630","G","128.96","138.96","BRA510","2026-02-16 10:31:55.824"
"Price Code","I","Insert",NA,"E6BB0630","H",NA,"92.21|92.21||I|Standard Pricing|82.21|0.00|0.00|10.00|0.00","BRA509","2025-12-04 17:16:45.045"
"Price Code","U","Update","price","E6BB0630","H","92.21","82.21","BRA505","2026-03-04 15:48:42.441"
"Price Code","U","Update","price","E6BB0630","H","82.21","102.21","BRA500","2026-03-07 09:13:09.788"
"Price Code","U","Update","price","E6BB0630","H","102.21","117.21","BRA504","2026-05-06 11:51:45.994"
"Price Code","U","Update","price","E6BB0630","H","117.21","137.21","BRA509","2026-05-18 05:31:55.753"
"Price Code","U","Update","price","E6BB0630","H","137.21","157.21","BRA508","2026-05-25 23:16:40.465"
"Price Code","I","Insert",NA,"E6BB0630","I",NA,"84.81|84.81||I|Standard Pricing|74.81|0.00|0.00|10.00|0.00","BRA503","2025-12-08 08:49:16.112"
"Price Code","U","Update","price","E6BB0630","I","84.81","94.81","BRA510","2026-04-11 15:14:47.019"
"Price Code","U","Update","price","E6BB0630","I","94.81","89.81","BRA508","2026-06-03 03:13:57.106"
"Price Code","I","Insert",NA,"E6BB0630","J",NA,"73.42|73.42||I|Standard Pricing|63.42|0.00|0.00|10.00|0.00","BRA509","2025-12-05 06:08:28.231"
"Price Code","U","Update","price","E6BB0630","J","73.42","98.42","BRA502","2026-03-31 20:01:12.172"
"Price Code","U","Update","price","E6BB0630","J","98.42","108.42","BRA510","2026-05-07 14:35:33.275"
"Price Code","U","Update","price","E6BB0630","J","108.42","118.42","BRA510","2026-05-12 03:07:45.756"
"Price Code","U","Update","price","E6BB0630","J","118.42","133.42","BRA507","2026-06-10 10:47:53.252"
"Price Code","I","Insert",NA,"E6BB0630","K",NA,"51.83|51.83||I|Standard Pricing|41.83|0.00|0.00|10.00|0.00","BRA502","2025-12-09 22:13:56.680"
"Price Code","U","Update","price","E6BB0630","K","51.83","41.83","BRA506","2026-02-25 08:36:05.927"
"Price Code","U","Update","price","E6BB0630","K","41.83","51.83","BRA502","2026-03-06 01:36:23.085"
"Price Code","U","Update","price","E6BB0630","K","51.83","66.83","BRA507","2026-04-26 14:21:00.333"
"Price Code","U","Update","price","E6BB0630","K","66.83","96.83","BRA503","2026-05-25 14:39:23.172"
"Price Code","U","Update","price","E6BB0630","K","96.83","121.83","BRA502","2026-06-28 01:48:14.145"
"Price Code","I","Insert",NA,"E6BB0630","L",NA,"48.38|48.38||I|Standard Pricing|38.38|0.00|0.00|10.00|0.00","BRA506","2025-12-05 03:36:18.438"
"Price Code","U","Update","price","E6BB0630","L","48.38","78.38","BRA509","2026-02-08 23:37:36.748"
"Price Code","U","Update","price","E6BB0630","L","78.38","93.38","BRA509","2026-05-30 06:49:01.063"
"Price Code","I","Insert",NA,"E6BB0630","M",NA,"30.16|30.16||I|Standard Pricing|20.16|0.00|0.00|10.00|0.00","BRA504","2025-11-10 15:47:50.105"
"Price Code","U","Update","price","E6BB0630","M","30.16","35.16","BRA501","2026-03-25 04:57:26.860"
"Price Code","U","Update","price","E6BB0630","M","35.16","30.16","BRA505","2026-04-15 07:35:18.607"
"Price Code","U","Update","price","E6BB0630","M","30.16","60.16","BRA503","2026-04-23 17:58:08.847"
"Price Code","I","Insert",NA,"E6BB0630","N",NA,"26.77|26.77||I|Standard Pricing|16.77|0.00|0.00|10.00|0.00","BRA500","2025-11-15 19:53:22.297"
"Price Code","U","Update","price","E6BB0630","N","26.77","36.77","BRA506","2026-03-17 23:13:45.844"
"Price Code","U","Update","price","E6BB0630","N","36.77","56.77","BRA500","2026-05-18 02:10:04.925"
"Price Code","I","Insert",NA,"E6BB0630","O",NA,"20.05|20.05||I|Standard Pricing|10.05|0.00|0.00|10.00|0.00","BRA500","2025-11-30 21:51:54.228"
"Price Code","U","Update","price","E6BB0630","O","20.05","15.05","BRA504","2026-01-26 16:37:19.020"
"Price Code","U","Update","price","E6BB0630","O","15.05","30.05","BRA504","2026-04-20 14:30:22.952"
"Price Code","U","Update","price","E6BB0630","O","30.05","60.05","BRA508","2026-05-01 00:02:27.348"
"Price Code","U","Update","price","E6BB0630","O","60.05","45.05","BRA509","2026-06-25 12:11:09.918"
"Price Code","I","Insert",NA,"E6BB0630","P",NA,"17.92|17.92||I|Standard Pricing|7.92|0.00|0.00|10.00|0.00","BRA500","2025-12-04 13:03:26.487"
"Price Code","U","Update","price","E6BB0630","P","17.92","47.92","BRA509","2026-01-19 22:10:56.643"
"Price Code","U","Update","price","E6BB0630","P","47.92","72.92","BRA508","2026-03-11 12:32:32.158"
"Price Code","U","Update","price","E6BB0630","P","72.92","57.92","BRA505","2026-06-04 12:34:30.785"
"Price Code","I","Insert",NA,"E6BB0702","A",NA,"220.94|220.94||I|Standard Pricing|210.94|0.00|0.00|10.00|0.00","BRA510","2025-11-05 15:28:30.482"
"Price Code","U","Update","price","E6BB0702","A","220.94","230.94","BRA510","2026-02-12 17:21:08.782"
"Price Code","U","Update","price","E6BB0702","A","230.94","235.94","BRA506","2026-03-31 22:33:32.812"
"Price Code","I","Insert",NA,"E6BB0702","B",NA,"229.24|229.24||I|Standard Pricing|219.24|0.00|0.00|10.00|0.00","BRA508","2025-12-14 04:27:39.432"
"Price Code","U","Update","price","E6BB0702","B","229.24","244.24","BRA508","2026-01-24 00:02:55.443"
"Price Code","U","Update","price","E6BB0702","B","244.24","274.24","BRA510","2026-02-08 02:56:41.190"
"Price Code","U","Update","price","E6BB0702","B","274.24","269.24","BRA500","2026-04-01 00:25:23.691"
"Price Code","U","Update","price","E6BB0702","B","269.24","264.24","BRA507","2026-04-27 16:16:56.048"
"Price Code","I","Insert",NA,"E6BB0702","C",NA,"182.07|182.07||I|Standard Pricing|172.07|0.00|0.00|10.00|0.00","BRA506","2025-11-30 00:54:02.838"
"Price Code","U","Update","price","E6BB0702","C","182.07","197.07","BRA509","2026-06-26 06:56:19.752"
"Price Code","U","Update","price","E6BB0702","C","197.07","227.07","BRA503","2026-06-26 08:59:26.247"
"Price Code","I","Insert",NA,"E6BB0702","D",NA,"160.93|160.93||I|Standard Pricing|150.93|0.00|0.00|10.00|0.00","BRA507","2025-11-19 01:53:58.687"
"Price Code","U","Update","price","E6BB0702","D","160.93","175.93","BRA510","2026-01-20 21:18:21.866"
"Price Code","U","Update","price","E6BB0702","D","175.93","160.93","BRA509","2026-03-22 06:10:51.200"
"Price Code","U","Update","price","E6BB0702","D","160.93","190.93","BRA505","2026-03-28 21:16:28.300"
"Price Code","U","Update","price","E6BB0702","D","190.93","215.93","BRA507","2026-04-14 07:47:01.716"
"Price Code","I","Insert",NA,"E6BB0702","E",NA,"162.34|162.34||I|Standard Pricing|152.34|0.00|0.00|10.00|0.00","BRA502","2025-12-08 01:48:50.495"
"Price Code","U","Update","price","E6BB0702","E","162.34","172.34","BRA503","2026-02-21 13:06:17.075"
"Price Code","U","Update","price","E6BB0702","E","172.34","187.34","BRA507","2026-03-28 03:11:47.661"
"Price Code","U","Update","price","E6BB0702","E","187.34","172.34","BRA503","2026-04-08 19:47:31.862"
"Price Code","U","Update","price","E6BB0702","E","172.34","202.34","BRA503","2026-06-07 14:32:55.377"
"Price Code","I","Insert",NA,"E6BB0702","F",NA,"143.15|143.15||I|Standard Pricing|133.15|0.00|0.00|10.00|0.00","BRA507","2025-12-11 14:37:30.192"
"Price Code","U","Update","price","E6BB0702","F","143.15","133.15","BRA510","2026-01-16 09:03:04.427"
"Price Code","U","Update","price","E6BB0702","F","133.15","163.15","BRA507","2026-01-17 19:11:30.918"
"Price Code","U","Update","price","E6BB0702","F","163.15","158.15","BRA507","2026-03-16 20:59:14.220"
"Price Code","U","Update","price","E6BB0702","F","158.15","163.15","BRA500","2026-04-29 15:41:46.221"
"Price Code","U","Update","price","E6BB0702","F","163.15","158.15","BRA510","2026-05-22 13:07:18.013"
"Price Code","I","Insert",NA,"E6BB0702","G",NA,"110.59|110.59||I|Standard Pricing|100.59|0.00|0.00|10.00|0.00","BRA509","2025-12-15 10:55:42.575"
"Price Code","U","Update","price","E6BB0702","G","110.59","120.59","BRA508","2026-03-14 04:06:42.982"
"Price Code","U","Update","price","E6BB0702","G","120.59","135.59","BRA509","2026-05-10 14:08:12.974"
"Price Code","U","Update","price","E6BB0702","G","135.59","145.59","BRA507","2026-05-13 23:39:00.395"
"Price Code","U","Update","price","E6BB0702","G","145.59","170.59","BRA504","2026-06-21 02:03:34.679"
"Price Code","I","Insert",NA,"E6BB0702","H",NA,"89.05|89.05||I|Standard Pricing|79.05|0.00|0.00|10.00|0.00","BRA500","2025-12-04 10:35:53.645"
"Price Code","U","Update","price","E6BB0702","H","89.05","119.05","BRA500","2026-02-24 13:57:31.381"
"Price Code","U","Update","price","E6BB0702","H","119.05","109.05","BRA503","2026-03-18 12:14:34.182"
"Price Code","U","Update","price","E6BB0702","H","109.05","139.05","BRA506","2026-05-11 03:42:17.688"
"Price Code","U","Update","price","E6BB0702","H","139.05","164.05","BRA503","2026-06-14 01:17:35.549"
"Price Code","I","Insert",NA,"E6BB0702","I",NA,"78.89|78.89||I|Standard Pricing|68.89|0.00|0.00|10.00|0.00","BRA504","2025-11-30 13:41:25.343"
"Price Code","U","Update","price","E6BB0702","I","78.89","83.89","BRA509","2026-02-19 21:44:08.759"
"Price Code","U","Update","price","E6BB0702","I","83.89","93.89","BRA500","2026-04-01 00:22:24.913"
"Price Code","U","Update","price","E6BB0702","I","93.89","83.89","BRA506","2026-06-03 18:33:26.484"
"Price Code","I","Insert",NA,"E6BB0702","J",NA,"56.7|56.7||I|Standard Pricing|46.7|0.00|0.00|10.00|0.00","BRA510","2025-11-23 09:09:39.493"
"Price Code","U","Update","price","E6BB0702","J","56.7","76.7","BRA504","2026-02-19 00:38:40.217"
"Price Code","U","Update","price","E6BB0702","J","76.7","96.7","BRA505","2026-02-28 12:57:42.772"
"Price Code","U","Update","price","E6BB0702","J","96.7","121.7","BRA510","2026-04-15 03:22:31.977"
"Price Code","U","Update","price","E6BB0702","J","121.7","111.7","BRA509","2026-05-18 00:33:17.634"
"Price Code","U","Update","price","E6BB0702","J","111.7","116.7","BRA503","2026-06-25 13:12:36.530"
"Price Code","I","Insert",NA,"E6BB0702","K",NA,"58.89|58.89||I|Standard Pricing|48.89|0.00|0.00|10.00|0.00","BRA504","2025-11-09 13:10:02.656"
"Price Code","U","Update","price","E6BB0702","K","58.89","43.89","BRA510","2026-01-27 12:02:04.073"
"Price Code","U","Update","price","E6BB0702","K","43.89","28.89","BRA506","2026-05-03 09:55:58.875"
"Price Code","U","Update","price","E6BB0702","K","28.89","38.89","BRA507","2026-05-07 12:18:00.977"
"Price Code","U","Update","price","E6BB0702","K","38.89","58.89","BRA503","2026-05-26 22:09:47.242"
"Price Code","I","Insert",NA,"E6BB0702","L",NA,"46.21|46.21||I|Standard Pricing|36.21|0.00|0.00|10.00|0.00","BRA509","2025-11-18 05:27:32.685"
"Price Code","U","Update","price","E6BB0702","L","46.21","41.21","BRA501","2026-01-23 20:48:43.664"
"Price Code","U","Update","price","E6BB0702","L","41.21","71.21","BRA501","2026-05-30 04:27:45.306"
"Price Code","I","Insert",NA,"E6BB0702","M",NA,"33.86|33.86||I|Standard Pricing|23.86|0.00|0.00|10.00|0.00","BRA505","2025-11-04 23:45:29.054"
"Price Code","U","Update","price","E6BB0702","M","33.86","38.86","BRA505","2026-01-20 17:16:50.433"
"Price Code","U","Update","price","E6BB0702","M","38.86","58.86","BRA503","2026-01-30 03:54:52.485"
"Price Code","U","Update","price","E6BB0702","M","58.86","83.86","BRA504","2026-05-29 07:50:04.173"
"Price Code","U","Update","price","E6BB0702","M","83.86","113.86","BRA504","2026-06-12 05:27:11.411"
"Price Code","I","Insert",NA,"E6BB0702","N",NA,"25.57|25.57||I|Standard Pricing|15.57|0.00|0.00|10.00|0.00","BRA507","2025-11-13 20:25:41.562"
"Price Code","U","Update","price","E6BB0702","N","25.57","40.57","BRA507","2026-02-17 17:57:01.625"
"Price Code","U","Update","price","E6BB0702","N","40.57","25.57","BRA505","2026-04-24 17:47:54.500"
"Price Code","I","Insert",NA,"E6BB0703","A",NA,"276.77|276.77||I|Standard Pricing|266.77|0.00|0.00|10.00|0.00","BRA507","2025-12-09 16:13:59.995"
"Price Code","U","Update","price","E6BB0703","A","276.77","271.77","BRA500","2026-02-10 02:47:04.358"
"Price Code","U","Update","price","E6BB0703","A","271.77","266.77","BRA506","2026-02-11 07:06:33.060"
"Price Code","U","Update","price","E6BB0703","A","266.77","286.77","BRA502","2026-03-10 06:50:37.051"
"Price Code","U","Update","price","E6BB0703","A","286.77","296.77","BRA503","2026-05-18 07:50:27.485"
"Price Code","I","Insert",NA,"E6BB0703","B",NA,"219.56|219.56||I|Standard Pricing|209.56|0.00|0.00|10.00|0.00","BRA508","2025-11-26 20:47:40.692"
"Price Code","U","Update","price","E6BB0703","B","219.56","209.56","BRA502","2026-02-13 13:40:00.165"
"Price Code","U","Update","price","E6BB0703","B","209.56","224.56","BRA503","2026-03-28 11:54:26.558"
"Price Code","U","Update","price","E6BB0703","B","224.56","244.56","BRA500","2026-04-07 04:15:16.900"
"Price Code","U","Update","price","E6BB0703","B","244.56","229.56","BRA506","2026-06-17 01:57:58.645"
"Price Code","I","Insert",NA,"E6BB0703","C",NA,"171.37|171.37||I|Standard Pricing|161.37|0.00|0.00|10.00|0.00","BRA503","2025-12-03 17:53:01.600"
"Price Code","U","Update","price","E6BB0703","C","171.37","181.37","BRA504","2026-03-23 19:59:45.876"
"Price Code","U","Update","price","E6BB0703","C","181.37","201.37","BRA501","2026-04-03 08:20:36.208"
"Price Code","U","Update","price","E6BB0703","C","201.37","211.37","BRA503","2026-04-06 23:47:21.700"
"Price Code","U","Update","price","E6BB0703","C","211.37","196.37","BRA507","2026-05-15 10:51:20.340"
"Price Code","U","Update","price","E6BB0703","C","196.37","221.37","BRA506","2026-06-21 18:14:30.618"
"Price Code","I","Insert",NA,"E6BB0703","D",NA,"162.49|162.49||I|Standard Pricing|152.49|0.00|0.00|10.00|0.00","BRA507","2025-11-17 11:32:02.441"
"Price Code","U","Update","price","E6BB0703","D","162.49","182.49","BRA501","2026-01-26 04:06:24.816"
"Price Code","U","Update","price","E6BB0703","D","182.49","167.49","BRA510","2026-01-29 01:36:53.417"
"Price Code","U","Update","price","E6BB0703","D","167.49","152.49","BRA505","2026-04-04 11:08:51.015"
"Price Code","U","Update","price","E6BB0703","D","152.49","137.49","BRA500","2026-06-11 12:17:18.019"
"Price Code","U","Update","price","E6BB0703","D","137.49","147.49","BRA506","2026-06-29 01:08:37.512"
"Price Code","I","Insert",NA,"E6BB0703","E",NA,"129.93|129.93||I|Standard Pricing|119.93|0.00|0.00|10.00|0.00","BRA500","2025-11-14 18:20:34.966"
"Price Code","U","Update","price","E6BB0703","E","129.93","144.93","BRA510","2026-02-10 20:44:33.871"
"Price Code","U","Update","price","E6BB0703","E","144.93","139.93","BRA503","2026-03-17 23:47:33.254"
"Price Code","U","Update","price","E6BB0703","E","139.93","164.93","BRA501","2026-04-05 03:40:56.951"
"Price Code","I","Insert",NA,"E6BB0703","F",NA,"123.26|123.26||I|Standard Pricing|113.26|0.00|0.00|10.00|0.00","BRA509","2025-11-30 12:26:06.391"
"Price Code","U","Update","price","E6BB0703","F","123.26","118.26","BRA509","2026-02-14 05:14:55.831"
"Price Code","U","Update","price","E6BB0703","F","118.26","143.26","BRA500","2026-03-18 08:09:29.436"
"Price Code","U","Update","price","E6BB0703","F","143.26","138.26","BRA503","2026-04-02 18:59:29.854"
"Price Code","U","Update","price","E6BB0703","F","138.26","123.26","BRA510","2026-06-19 13:50:53.255"
"Price Code","I","Insert",NA,"E6BB0703","G",NA,"107.49|107.49||I|Standard Pricing|97.49|0.00|0.00|10.00|0.00","BRA506","2025-12-02 21:29:35.008"
"Price Code","U","Update","price","E6BB0703","G","107.49","127.49","BRA504","2026-04-10 17:59:54.504"
"Price Code","U","Update","price","E6BB0703","G","127.49","142.49","BRA506","2026-06-22 19:37:41.196"
"Price Code","I","Insert",NA,"E6BB0703","H",NA,"100.19|100.19||I|Standard Pricing|90.19|0.00|0.00|10.00|0.00","BRA500","2025-11-21 23:52:06.278"
"Price Code","U","Update","price","E6BB0703","H","100.19","130.19","BRA505","2026-02-05 16:46:49.237"
"Price Code","U","Update","price","E6BB0703","H","130.19","155.19","BRA505","2026-02-06 17:11:32.642"
"Price Code","U","Update","price","E6BB0703","H","155.19","145.19","BRA500","2026-02-26 15:26:16.564"
"Price Code","U","Update","price","E6BB0703","H","145.19","150.19","BRA500","2026-06-24 22:05:08.484"
"Price Code","I","Insert",NA,"E6BB0703","I",NA,"66.99|66.99||I|Standard Pricing|56.99|0.00|0.00|10.00|0.00","BRA508","2025-12-06 08:50:48.052"
"Price Code","U","Update","price","E6BB0703","I","66.99","56.99","BRA506","2026-02-16 15:57:42.996"
"Price Code","U","Update","price","E6BB0703","I","56.99","51.99","BRA507","2026-02-17 16:43:15.282"
"Price Code","U","Update","price","E6BB0703","I","51.99","46.99","BRA503","2026-03-11 21:23:17.756"
"Price Code","U","Update","price","E6BB0703","I","46.99","76.99","BRA502","2026-06-16 08:21:54.845"
"Price Code","I","Insert",NA,"E6BB0703","J",NA,"60.24|60.24||I|Standard Pricing|50.24|0.00|0.00|10.00|0.00","BRA501","2025-11-19 20:21:37.601"
"Price Code","U","Update","price","E6BB0703","J","60.24","85.24","BRA501","2026-02-04 06:01:20.213"
"Price Code","U","Update","price","E6BB0703","J","85.24","105.24","BRA500","2026-02-16 04:58:39.611"
"Price Code","U","Update","price","E6BB0703","J","105.24","130.24","BRA503","2026-03-14 16:25:34.232"
"Price Code","U","Update","price","E6BB0703","J","130.24","160.24","BRA506","2026-06-04 04:28:11.912"
"Price Code","I","Insert",NA,"E6BB0703","K",NA,"54.64|54.64||I|Standard Pricing|44.64|0.00|0.00|10.00|0.00","BRA503","2025-12-01 11:53:52.093"
"Price Code","U","Update","price","E6BB0703","K","54.64","74.64","BRA501","2026-02-14 21:06:13.077"
"Price Code","U","Update","price","E6BB0703","K","74.64","79.64","BRA508","2026-03-17 07:21:17.240"
"Price Code","U","Update","price","E6BB0703","K","79.64","64.64","BRA505","2026-03-23 11:25:39.098"
"Price Code","U","Update","price","E6BB0703","K","64.64","94.64","BRA501","2026-06-07 17:54:08.763"
"Price Code","I","Insert",NA,"E6BB0703","L",NA,"48.14|48.14||I|Standard Pricing|38.14|0.00|0.00|10.00|0.00","BRA507","2025-11-29 19:44:55.966"
"Price Code","U","Update","price","E6BB0703","L","48.14","53.14","BRA505","2026-02-06 12:48:29.652"
"Price Code","U","Update","price","E6BB0703","L","53.14","48.14","BRA507","2026-02-18 07:30:56.467"
"Price Code","U","Update","price","E6BB0703","L","48.14","38.14","BRA510","2026-04-10 21:06:37.106"
"Price Code","U","Update","price","E6BB0703","L","38.14","68.14","BRA506","2026-06-22 20:04:42.680"
"Price Code","I","Insert",NA,"E6BB0703","M",NA,"39.34|39.34||I|Standard Pricing|29.34|0.00|0.00|10.00|0.00","BRA505","2025-11-20 11:13:30.676"
"Price Code","U","Update","price","E6BB0703","M","39.34","54.34","BRA502","2026-02-15 19:10:15.655"
"Price Code","U","Update","price","E6BB0703","M","54.34","39.34","BRA500","2026-02-20 14:37:34.672"
"Price Code","U","Update","price","E6BB0703","M","39.34","54.34","BRA507","2026-04-09 06:06:24.527"
"Price Code","I","Insert",NA,"E6BB0703","N",NA,"25.41|25.41||I|Standard Pricing|15.41|0.00|0.00|10.00|0.00","BRA501","2025-12-12 13:30:02.552"
"Price Code","U","Update","price","E6BB0703","N","25.41","50.41","BRA508","2026-03-01 20:01:57.735"
"Price Code","U","Update","price","E6BB0703","N","50.41","35.41","BRA501","2026-05-22 02:05:02.993"
"Price Code","U","Update","price","E6BB0703","N","35.41","25.41","BRA502","2026-06-10 23:25:02.410"
"Price Code","I","Insert",NA,"E6BB0704","A",NA,"273.33|273.33||I|Standard Pricing|263.33|0.00|0.00|10.00|0.00","BRA504","2025-11-23 15:04:32.564"
"Price Code","U","Update","price","E6BB0704","A","273.33","258.33","BRA505","2026-04-20 14:57:26.451"
"Price Code","U","Update","price","E6BB0704","A","258.33","288.33","BRA502","2026-06-09 00:10:25.701"
"Price Code","I","Insert",NA,"E6BB0704","B",NA,"202.1|202.1||I|Standard Pricing|192.1|0.00|0.00|10.00|0.00","BRA509","2025-11-30 18:44:22.592"
"Price Code","U","Update","price","E6BB0704","B","202.1","222.1","BRA510","2026-03-14 11:51:06.414"
"Price Code","U","Update","price","E6BB0704","B","222.1","237.1","BRA501","2026-06-27 06:19:22.293"
"Price Code","U","Update","price","E6BB0704","B","237.1","252.1","BRA505","2026-07-03 23:58:55.503"
"Price Code","I","Insert",NA,"E6BB0704","C",NA,"212.94|212.94||I|Standard Pricing|202.94|0.00|0.00|10.00|0.00","BRA508","2025-11-20 17:24:42.749"
"Price Code","U","Update","price","E6BB0704","C","212.94","232.94","BRA508","2026-01-17 15:23:16.924"
"Price Code","U","Update","price","E6BB0704","C","232.94","222.94","BRA509","2026-04-07 13:58:41.481"
"Price Code","U","Update","price","E6BB0704","C","222.94","212.94","BRA500","2026-05-12 21:05:10.493"
"Price Code","I","Insert",NA,"E6BB0704","D",NA,"155.04|155.04||I|Standard Pricing|145.04|0.00|0.00|10.00|0.00","BRA502","2025-11-06 20:08:23.035"
"Price Code","U","Update","price","E6BB0704","D","155.04","180.04","BRA501","2026-02-09 09:39:12.327"
"Price Code","U","Update","price","E6BB0704","D","180.04","170.04","BRA500","2026-05-12 15:09:17.290"
"Price Code","I","Insert",NA,"E6BB0704","E",NA,"152.5|152.5||I|Standard Pricing|142.5|0.00|0.00|10.00|0.00","BRA501","2025-11-27 08:34:10.650"
"Price Code","U","Update","price","E6BB0704","E","152.5","147.5","BRA500","2026-02-16 07:23:21.587"
"Price Code","U","Update","price","E6BB0704","E","147.5","132.5","BRA509","2026-03-10 21:27:35.076"
"Price Code","U","Update","price","E6BB0704","E","132.5","142.5","BRA502","2026-04-30 08:58:08.399"
"Price Code","U","Update","price","E6BB0704","E","142.5","152.5","BRA505","2026-06-21 03:15:57.748"
"Price Code","I","Insert",NA,"E6BB0704","F",NA,"135.59|135.59||I|Standard Pricing|125.59|0.00|0.00|10.00|0.00","BRA504","2025-11-04 20:46:52.924"
"Price Code","U","Update","price","E6BB0704","F","135.59","150.59","BRA510","2026-02-08 21:54:46.126"
"Price Code","U","Update","price","E6BB0704","F","150.59","160.59","BRA500","2026-04-09 17:16:12.535"
"Price Code","U","Update","price","E6BB0704","F","160.59","165.59","BRA508","2026-05-22 23:29:38.164"
"Price Code","I","Insert",NA,"E6BB0704","G",NA,"95.7|95.7||I|Standard Pricing|85.7|0.00|0.00|10.00|0.00","BRA506","2025-12-05 16:56:00.725"
"Price Code","U","Update","price","E6BB0704","G","95.7","125.7","BRA506","2026-03-23 20:42:24.100"
"Price Code","U","Update","price","E6BB0704","G","125.7","115.7","BRA501","2026-04-06 16:26:10.843"
"Price Code","U","Update","price","E6BB0704","G","115.7","130.7","BRA508","2026-05-17 16:48:03.240"
"Price Code","U","Update","price","E6BB0704","G","130.7","115.7","BRA506","2026-06-02 09:32:20.992"
"Price Code","I","Insert",NA,"E6BB0704","H",NA,"90.35|90.35||I|Standard Pricing|80.35|0.00|0.00|10.00|0.00","BRA502","2025-12-11 12:12:25.894"
"Price Code","U","Update","price","E6BB0704","H","90.35","75.35","BRA509","2026-03-11 21:14:30.952"
"Price Code","U","Update","price","E6BB0704","H","75.35","70.35","BRA506","2026-05-09 06:45:13.835"
"Price Code","U","Update","price","E6BB0704","H","70.35","65.35","BRA501","2026-05-23 18:43:55.079"
"Price Code","I","Insert",NA,"E6BB0704","I",NA,"71.03|71.03||I|Standard Pricing|61.03|0.00|0.00|10.00|0.00","BRA501","2025-11-25 16:36:09.723"
"Price Code","U","Update","price","E6BB0704","I","71.03","101.03","BRA510","2026-02-21 01:57:05.464"
"Price Code","U","Update","price","E6BB0704","I","101.03","126.03","BRA502","2026-03-26 00:53:40.587"
"Price Code","U","Update","price","E6BB0704","I","126.03","141.03","BRA506","2026-04-12 06:40:00.478"
"Price Code","U","Update","price","E6BB0704","I","141.03","161.03","BRA502","2026-04-24 01:56:40.379"
"Price Code","U","Update","price","E6BB0704","I","161.03","191.03","BRA507","2026-05-29 23:28:40.554"
"Price Code","I","Insert",NA,"E6BB0704","J",NA,"61.08|61.08||I|Standard Pricing|51.08|0.00|0.00|10.00|0.00","BRA505","2025-12-11 03:04:35.067"
"Price Code","U","Update","price","E6BB0704","J","61.08","76.08","BRA505","2026-01-25 09:57:10.355"
"Price Code","U","Update","price","E6BB0704","J","76.08","96.08","BRA506","2026-01-25 20:00:14.462"
"Price Code","U","Update","price","E6BB0704","J","96.08","106.08","BRA502","2026-05-15 05:12:05.524"
"Price Code","U","Update","price","E6BB0704","J","106.08","101.08","BRA510","2026-06-02 18:54:45.576"
"Price Code","I","Insert",NA,"E6BB0704","K",NA,"50.74|50.74||I|Standard Pricing|40.74|0.00|0.00|10.00|0.00","BRA504","2025-12-08 08:26:16.738"
"Price Code","U","Update","price","E6BB0704","K","50.74","65.74","BRA508","2026-03-10 13:32:53.656"
"Price Code","U","Update","price","E6BB0704","K","65.74","60.74","BRA502","2026-04-15 01:34:48.155"
"Price Code","U","Update","price","E6BB0704","K","60.74","55.74","BRA510","2026-04-21 14:29:37.002"
"Price Code","U","Update","price","E6BB0704","K","55.74","85.74","BRA508","2026-06-26 19:21:57.748"
"Price Code","I","Insert",NA,"E6BB0704","L",NA,"39.62|39.62||I|Standard Pricing|29.62|0.00|0.00|10.00|0.00","BRA510","2025-11-17 15:45:16.612"
"Price Code","U","Update","price","E6BB0704","L","39.62","29.62","BRA506","2026-02-28 18:46:14.967"
"Price Code","U","Update","price","E6BB0704","L","29.62","44.62","BRA510","2026-05-05 08:59:27.062"
"Price Code","I","Insert",NA,"E6BB0704","M",NA,"35.7|35.7||I|Standard Pricing|25.7|0.00|0.00|10.00|0.00","BRA506","2025-11-29 14:55:11.188"
"Price Code","U","Update","price","E6BB0704","M","35.7","45.7","BRA508","2026-01-16 18:09:28.497"
"Price Code","U","Update","price","E6BB0704","M","45.7","35.7","BRA503","2026-01-22 10:50:43.747"
"Price Code","U","Update","price","E6BB0704","M","35.7","45.7","BRA502","2026-03-01 15:50:32.353"
"Price Code","U","Update","price","E6BB0704","M","45.7","50.7","BRA505","2026-05-15 12:20:07.387"
"Price Code","I","Insert",NA,"E6BB0704","N",NA,"30.22|30.22||I|Standard Pricing|20.22|0.00|0.00|10.00|0.00","BRA508","2025-12-14 09:47:16.480"
"Price Code","U","Update","price","E6BB0704","N","30.22","50.22","BRA503","2026-01-20 18:34:47.671"
"Price Code","U","Update","price","E6BB0704","N","50.22","40.22","BRA509","2026-02-08 11:26:37.624"
"Price Code","U","Update","price","E6BB0704","N","40.22","50.22","BRA507","2026-03-16 10:48:03.004"
"Price Code","U","Update","price","E6BB0704","N","50.22","60.22","BRA500","2026-04-11 05:50:15.085"
"Price Code","I","Insert",NA,"E6BB0704","O",NA,"24.04|24.04||I|Standard Pricing|14.04|0.00|0.00|10.00|0.00","BRA501","2025-11-28 13:11:59.334"
"Price Code","U","Update","price","E6BB0704","O","24.04","44.04","BRA510","2026-03-26 14:32:17.901"
"Price Code","U","Update","price","E6BB0704","O","44.04","69.04","BRA506","2026-03-29 03:21:25.407"
"Price Code","U","Update","price","E6BB0704","O","69.04","89.04","BRA500","2026-06-06 04:14:44.643"
"Price Code","U","Update","price","E6BB0704","O","89.04","99.04","BRA502","2026-06-30 06:25:49.994"
"Price Code","U","Update","price","E6BB0704","O","99.04","104.04","BRA510","2026-07-02 10:15:19.817"
"Price Code","I","Insert",NA,"E6BB0704","P",NA,"17.84|17.84||I|Standard Pricing|7.84|0.00|0.00|10.00|0.00","BRA508","2025-11-06 14:06:34.744"
"Price Code","U","Update","price","E6BB0704","P","17.84","10","BRA508","2026-01-28 23:01:45.374"
"Price Code","U","Update","price","E6BB0704","P","10","15","BRA508","2026-04-15 07:05:04.953"
"Price Code","U","Update","price","E6BB0704","P","15","40","BRA505","2026-06-16 22:50:28.054"
"Price Code","U","Update","price","E6BB0704","P","40","30","BRA505","2026-06-28 02:59:04.005"
"Price Code","U","Update","price","E6BB0704","P","30","60","BRA501","2026-07-03 00:13:21.579"
"Price Code","I","Insert",NA,"E6BB0705","A",NA,"246.47|246.47||I|Standard Pricing|236.47|0.00|0.00|10.00|0.00","BRA501","2025-11-30 01:24:33.561"
"Price Code","U","Update","price","E6BB0705","A","246.47","266.47","BRA504","2026-03-09 02:40:52.182"
"Price Code","U","Update","price","E6BB0705","A","266.47","271.47","BRA509","2026-03-19 17:42:23.047"
"Price Code","I","Insert",NA,"E6BB0705","B",NA,"240.02|240.02||I|Standard Pricing|230.02|0.00|0.00|10.00|0.00","BRA500","2025-12-10 20:06:11.167"
"Price Code","U","Update","price","E6BB0705","B","240.02","270.02","BRA504","2026-01-19 07:44:25.634"
"Price Code","U","Update","price","E6BB0705","B","270.02","275.02","BRA508","2026-02-28 15:32:30.004"
"Price Code","U","Update","price","E6BB0705","B","275.02","300.02","BRA509","2026-04-27 03:03:51.483"
"Price Code","U","Update","price","E6BB0705","B","300.02","325.02","BRA500","2026-05-26 07:27:36.479"
"Price Code","I","Insert",NA,"E6BB0705","C",NA,"167.24|167.24||I|Standard Pricing|157.24|0.00|0.00|10.00|0.00","BRA505","2025-12-04 11:05:48.571"
"Price Code","U","Update","price","E6BB0705","C","167.24","152.24","BRA506","2026-03-02 20:30:54.801"
"Price Code","U","Update","price","E6BB0705","C","152.24","162.24","BRA500","2026-05-28 02:05:36.544"
"Price Code","I","Insert",NA,"E6BB0705","D",NA,"167.9|167.9||I|Standard Pricing|157.9|0.00|0.00|10.00|0.00","BRA508","2025-11-29 13:29:27.980"
"Price Code","U","Update","price","E6BB0705","D","167.9","182.9","BRA502","2026-02-12 13:55:57.851"
"Price Code","U","Update","price","E6BB0705","D","182.9","207.9","BRA505","2026-03-19 09:14:37.084"
"Price Code","U","Update","price","E6BB0705","D","207.9","197.9","BRA500","2026-04-01 02:50:41.808"
"Price Code","U","Update","price","E6BB0705","D","197.9","227.9","BRA509","2026-04-02 16:24:55.772"
"Price Code","U","Update","price","E6BB0705","D","227.9","237.9","BRA510","2026-06-18 15:21:44.041"
"Price Code","I","Insert",NA,"E6BB0705","E",NA,"135.76|135.76||I|Standard Pricing|125.76|0.00|0.00|10.00|0.00","BRA508","2025-11-29 15:25:30.525"
"Price Code","U","Update","price","E6BB0705","E","135.76","125.76","BRA503","2026-01-20 15:57:35.093"
"Price Code","U","Update","price","E6BB0705","E","125.76","110.76","BRA504","2026-06-01 08:11:16.506"
"Price Code","I","Insert",NA,"E6BB0705","F",NA,"132.24|132.24||I|Standard Pricing|122.24|0.00|0.00|10.00|0.00","BRA506","2025-11-21 14:30:55.273"
"Price Code","U","Update","price","E6BB0705","F","132.24","162.24","BRA504","2026-02-06 21:17:04.153"
"Price Code","U","Update","price","E6BB0705","F","162.24","157.24","BRA501","2026-02-24 01:25:28.570"
"Price Code","U","Update","price","E6BB0705","F","157.24","172.24","BRA510","2026-02-27 19:56:44.813"
"Price Code","U","Update","price","E6BB0705","F","172.24","162.24","BRA505","2026-05-15 03:31:59.919"
"Price Code","I","Insert",NA,"E6BB0705","G",NA,"113.98|113.98||I|Standard Pricing|103.98|0.00|0.00|10.00|0.00","BRA507","2025-11-17 20:26:12.227"
"Price Code","U","Update","price","E6BB0705","G","113.98","133.98","BRA500","2026-02-04 06:16:10.040"
"Price Code","U","Update","price","E6BB0705","G","133.98","143.98","BRA504","2026-02-12 09:54:27.131"
"Price Code","U","Update","price","E6BB0705","G","143.98","173.98","BRA509","2026-03-10 04:33:11.996"
"Price Code","I","Insert",NA,"E6BB0705","H",NA,"102.37|102.37||I|Standard Pricing|92.37|0.00|0.00|10.00|0.00","BRA505","2025-11-18 19:31:30.809"
"Price Code","U","Update","price","E6BB0705","H","102.37","132.37","BRA507","2026-02-01 10:53:17.909"
"Price Code","U","Update","price","E6BB0705","H","132.37","157.37","BRA502","2026-05-02 07:15:15.916"
"Price Code","U","Update","price","E6BB0705","H","157.37","167.37","BRA510","2026-06-14 04:38:42.583"
"Price Code","I","Insert",NA,"E6BB0705","I",NA,"70.3|70.3||I|Standard Pricing|60.3|0.00|0.00|10.00|0.00","BRA501","2025-12-12 08:02:08.551"
"Price Code","U","Update","price","E6BB0705","I","70.3","55.3","BRA502","2026-03-21 08:20:27.319"
"Price Code","U","Update","price","E6BB0705","I","55.3","75.3","BRA508","2026-04-14 03:04:21.938"
"Price Code","I","Insert",NA,"E6BB0705","J",NA,"57.52|57.52||I|Standard Pricing|47.52|0.00|0.00|10.00|0.00","BRA500","2025-11-06 21:30:50.419"
"Price Code","U","Update","price","E6BB0705","J","57.52","87.52","BRA504","2026-03-13 19:19:48.880"
"Price Code","U","Update","price","E6BB0705","J","87.52","82.52","BRA501","2026-04-02 22:27:00.686"
"Price Code","U","Update","price","E6BB0705","J","82.52","77.52","BRA501","2026-06-12 04:23:00.496"
"Price Code","I","Insert",NA,"E6BB0705","K",NA,"51.39|51.39||I|Standard Pricing|41.39|0.00|0.00|10.00|0.00","BRA509","2025-11-22 16:25:09.281"
"Price Code","U","Update","price","E6BB0705","K","51.39","46.39","BRA502","2026-01-21 20:19:48.044"
"Price Code","U","Update","price","E6BB0705","K","46.39","51.39","BRA510","2026-03-06 07:51:14.986"
"Price Code","U","Update","price","E6BB0705","K","51.39","76.39","BRA509","2026-03-18 22:17:17.587"
"Price Code","U","Update","price","E6BB0705","K","76.39","86.39","BRA501","2026-03-28 14:15:11.738"
"Price Code","I","Insert",NA,"E6BB0705","L",NA,"40.05|40.05||I|Standard Pricing|30.05|0.00|0.00|10.00|0.00","BRA502","2025-11-14 14:39:43.076"
"Price Code","U","Update","price","E6BB0705","L","40.05","65.05","BRA504","2026-02-15 06:52:48.267"
"Price Code","U","Update","price","E6BB0705","L","65.05","85.05","BRA508","2026-03-19 03:43:15.850"
"Price Code","U","Update","price","E6BB0705","L","85.05","95.05","BRA503","2026-03-19 05:31:29.872"
"Price Code","U","Update","price","E6BB0705","L","95.05","125.05","BRA500","2026-05-08 13:10:50.247"
"Price Code","I","Insert",NA,"E6BB0705","M",NA,"30.37|30.37||I|Standard Pricing|20.37|0.00|0.00|10.00|0.00","BRA502","2025-11-16 18:42:32.099"
"Price Code","U","Update","price","E6BB0705","M","30.37","35.37","BRA508","2026-02-09 03:46:52.850"
"Price Code","U","Update","price","E6BB0705","M","35.37","60.37","BRA506","2026-04-12 21:59:27.533"
"Price Code","U","Update","price","E6BB0705","M","60.37","50.37","BRA508","2026-04-22 10:21:31.991"
"Price Code","U","Update","price","E6BB0705","M","50.37","60.37","BRA501","2026-05-19 03:47:13.041"
"Price Code","I","Insert",NA,"E6BB0705","N",NA,"30.27|30.27||I|Standard Pricing|20.27|0.00|0.00|10.00|0.00","BRA500","2025-11-01 22:05:06.361"
"Price Code","U","Update","price","E6BB0705","N","30.27","20.27","BRA506","2026-05-10 21:45:55.926"
"Price Code","U","Update","price","E6BB0705","N","20.27","10.27","BRA505","2026-05-26 07:34:51.387"
"Price Code","I","Insert",NA,"E6BB0705","O",NA,"23.22|23.22||I|Standard Pricing|13.22|0.00|0.00|10.00|0.00","BRA508","2025-12-09 08:33:53.030"
"Price Code","U","Update","price","E6BB0705","O","23.22","48.22","BRA505","2026-01-19 15:17:51.548"
"Price Code","U","Update","price","E6BB0705","O","48.22","43.22","BRA508","2026-01-28 13:00:48.697"
"Price Code","U","Update","price","E6BB0705","O","43.22","73.22","BRA501","2026-03-05 09:09:21.456"
"Price Code","U","Update","price","E6BB0705","O","73.22","93.22","BRA506","2026-06-20 01:58:41.920"
"Price Code","I","Insert",NA,"E6BB0705","P",NA,"16.48|16.48||I|Standard Pricing|6.48|0.00|0.00|10.00|0.00","BRA508","2025-11-25 09:50:44.027"
"Price Code","U","Update","price","E6BB0705","P","16.48","21.48","BRA509","2026-05-28 01:35:30.502"
"Price Code","U","Update","price","E6BB0705","P","21.48","11.48","BRA503","2026-05-28 18:17:14.367"
"Price Code","U","Update","price","E6BB0705","P","11.48","16.48","BRA502","2026-06-06 08:07:11.126"
"Price Code","I","Insert",NA,"E6BB0707","A",NA,"273.93|273.93||I|Standard Pricing|263.93|0.00|0.00|10.00|0.00","BRA503","2025-11-23 08:57:33.394"
"Price Code","U","Update","price","E6BB0707","A","273.93","303.93","BRA508","2026-01-15 21:13:39.673"
"Price Code","U","Update","price","E6BB0707","A","303.93","328.93","BRA510","2026-02-25 23:57:21.709"
"Price Code","U","Update","price","E6BB0707","A","328.93","343.93","BRA505","2026-03-06 00:29:42.363"
"Price Code","U","Update","price","E6BB0707","A","343.93","348.93","BRA506","2026-05-16 06:09:09.088"
"Price Code","U","Update","price","E6BB0707","A","348.93","378.93","BRA510","2026-05-19 10:54:31.538"
"Price Code","I","Insert",NA,"E6BB0707","B",NA,"187.14|187.14||I|Standard Pricing|177.14|0.00|0.00|10.00|0.00","BRA501","2025-11-26 23:38:30.626"
"Price Code","U","Update","price","E6BB0707","B","187.14","182.14","BRA505","2026-04-29 19:08:34.913"
"Price Code","U","Update","price","E6BB0707","B","182.14","192.14","BRA501","2026-05-18 01:49:43.404"
"Price Code","U","Update","price","E6BB0707","B","192.14","202.14","BRA506","2026-05-30 15:42:44.328"
"Price Code","I","Insert",NA,"E6BB0707","C",NA,"207.14|207.14||I|Standard Pricing|197.14|0.00|0.00|10.00|0.00","BRA505","2025-11-02 11:10:26.909"
"Price Code","U","Update","price","E6BB0707","C","207.14","227.14","BRA502","2026-02-21 09:32:07.629"
"Price Code","U","Update","price","E6BB0707","C","227.14","232.14","BRA507","2026-04-29 16:28:55.966"
"Price Code","U","Update","price","E6BB0707","C","232.14","257.14","BRA510","2026-05-28 18:33:39.863"
"Price Code","I","Insert",NA,"E6BB0707","D",NA,"159.23|159.23||I|Standard Pricing|149.23|0.00|0.00|10.00|0.00","BRA509","2025-11-12 19:27:13.060"
"Price Code","U","Update","price","E6BB0707","D","159.23","179.23","BRA501","2026-02-15 20:13:31.255"
"Price Code","U","Update","price","E6BB0707","D","179.23","174.23","BRA510","2026-05-22 17:31:00.328"
"Price Code","U","Update","price","E6BB0707","D","174.23","159.23","BRA509","2026-05-26 12:53:09.375"
"Price Code","U","Update","price","E6BB0707","D","159.23","149.23","BRA505","2026-06-04 16:02:32.953"
"Price Code","I","Insert",NA,"E6BB0707","E",NA,"154.27|154.27||I|Standard Pricing|144.27|0.00|0.00|10.00|0.00","BRA509","2025-11-20 20:16:54.129"
"Price Code","U","Update","price","E6BB0707","E","154.27","184.27","BRA502","2026-03-12 16:51:41.304"
"Price Code","U","Update","price","E6BB0707","E","184.27","189.27","BRA505","2026-03-25 19:14:36.962"
"Price Code","U","Update","price","E6BB0707","E","189.27","174.27","BRA503","2026-03-31 13:42:58.155"
"Price Code","U","Update","price","E6BB0707","E","174.27","179.27","BRA501","2026-05-03 20:30:47.652"
"Price Code","I","Insert",NA,"E6BB0707","F",NA,"120.72|120.72||I|Standard Pricing|110.72|0.00|0.00|10.00|0.00","BRA510","2025-11-04 10:36:49.579"
"Price Code","U","Update","price","E6BB0707","F","120.72","115.72","BRA503","2026-01-17 05:57:20.727"
"Price Code","U","Update","price","E6BB0707","F","115.72","145.72","BRA502","2026-05-17 12:42:15.901"
"Price Code","U","Update","price","E6BB0707","F","145.72","140.72","BRA507","2026-06-08 04:47:07.208"
"Price Code","I","Insert",NA,"E6BB0707","G",NA,"107.23|107.23||I|Standard Pricing|97.23|0.00|0.00|10.00|0.00","BRA502","2025-12-09 21:30:22.659"
"Price Code","U","Update","price","E6BB0707","G","107.23","127.23","BRA505","2026-01-19 13:30:53.140"
"Price Code","U","Update","price","E6BB0707","G","127.23","142.23","BRA510","2026-02-19 23:43:48.046"
"Price Code","I","Insert",NA,"E6BB0707","H",NA,"108.32|108.32||I|Standard Pricing|98.32|0.00|0.00|10.00|0.00","BRA501","2025-11-12 00:52:31.067"
"Price Code","U","Update","price","E6BB0707","H","108.32","123.32","BRA505","2026-02-08 03:14:23.299"
"Price Code","U","Update","price","E6BB0707","H","123.32","128.32","BRA508","2026-06-06 23:43:13.031"
"Price Code","U","Update","price","E6BB0707","H","128.32","138.32","BRA502","2026-06-09 05:09:55.574"
"Price Code","I","Insert",NA,"E6BB0707","I",NA,"67.17|67.17||I|Standard Pricing|57.17|0.00|0.00|10.00|0.00","BRA509","2025-11-09 01:59:15.256"
"Price Code","U","Update","price","E6BB0707","I","67.17","62.17","BRA508","2026-02-23 08:03:59.381"
"Price Code","U","Update","price","E6BB0707","I","62.17","67.17","BRA501","2026-05-21 20:53:35.707"
"Price Code","I","Insert",NA,"E6BB0707","J",NA,"65.29|65.29||I|Standard Pricing|55.29|0.00|0.00|10.00|0.00","BRA501","2025-11-06 07:06:52.734"
"Price Code","U","Update","price","E6BB0707","J","65.29","85.29","BRA509","2026-01-24 12:08:45.957"
"Price Code","U","Update","price","E6BB0707","J","85.29","100.29","BRA502","2026-06-27 12:04:53.897"
"Price Code","I","Insert",NA,"E6BB0707","K",NA,"52.19|52.19||I|Standard Pricing|42.19|0.00|0.00|10.00|0.00","BRA502","2025-11-16 20:20:48.761"
"Price Code","U","Update","price","E6BB0707","K","52.19","57.19","BRA509","2026-01-30 03:01:10.284"
"Price Code","U","Update","price","E6BB0707","K","57.19","77.19","BRA502","2026-03-25 19:49:49.432"
"Price Code","U","Update","price","E6BB0707","K","77.19","107.19","BRA505","2026-04-09 06:38:25.994"
"Price Code","U","Update","price","E6BB0707","K","107.19","112.19","BRA503","2026-06-11 18:08:55.288"
"Price Code","I","Insert",NA,"E6BB0707","L",NA,"40.43|40.43||I|Standard Pricing|30.43|0.00|0.00|10.00|0.00","BRA503","2025-11-11 05:03:45.532"
"Price Code","U","Update","price","E6BB0707","L","40.43","55.43","BRA504","2026-02-20 09:03:49.950"
"Price Code","U","Update","price","E6BB0707","L","55.43","70.43","BRA504","2026-03-04 03:21:17.278"
"Price Code","U","Update","price","E6BB0707","L","70.43","100.43","BRA508","2026-03-07 02:22:42.415"
"Price Code","U","Update","price","E6BB0707","L","100.43","125.43","BRA503","2026-04-15 10:07:20.834"
"Price Code","I","Insert",NA,"E6BB0707","M",NA,"31.52|31.52||I|Standard Pricing|21.52|0.00|0.00|10.00|0.00","BRA505","2025-11-22 01:21:07.863"
"Price Code","U","Update","price","E6BB0707","M","31.52","16.52","BRA509","2026-02-26 20:50:21.469"
"Price Code","U","Update","price","E6BB0707","M","16.52","10","BRA504","2026-03-10 06:15:55.124"
"Price Code","U","Update","price","E6BB0707","M","10","10","BRA509","2026-03-31 13:15:32.789"
"Price Code","U","Update","price","E6BB0707","M","10","35","BRA507","2026-05-17 19:20:19.181"
"Price Code","U","Update","price","E6BB0707","M","35","30","BRA500","2026-06-08 14:59:42.866"
"Price Code","I","Insert",NA,"E6BB0707","N",NA,"30.19|30.19||I|Standard Pricing|20.19|0.00|0.00|10.00|0.00","BRA500","2025-11-07 10:33:51.423"
"Price Code","U","Update","price","E6BB0707","N","30.19","45.19","BRA500","2026-02-15 19:03:47.422"
"Price Code","U","Update","price","E6BB0707","N","45.19","70.19","BRA506","2026-03-23 22:21:35.233"
"Price Code","I","Insert",NA,"E6BB0708","A",NA,"263.78|263.78||I|Standard Pricing|253.78|0.00|0.00|10.00|0.00","BRA509","2025-11-19 17:16:56.333"
"Price Code","U","Update","price","E6BB0708","A","263.78","253.78","BRA501","2026-02-26 03:43:19.690"
"Price Code","U","Update","price","E6BB0708","A","253.78","238.78","BRA506","2026-03-03 04:06:17.820"
"Price Code","U","Update","price","E6BB0708","A","238.78","258.78","BRA507","2026-03-12 08:58:20.938"
"Price Code","U","Update","price","E6BB0708","A","258.78","248.78","BRA510","2026-04-08 21:05:28.749"
"Price Code","I","Insert",NA,"E6BB0708","B",NA,"232.46|232.46||I|Standard Pricing|222.46|0.00|0.00|10.00|0.00","BRA500","2025-11-23 10:21:47.186"
"Price Code","U","Update","price","E6BB0708","B","232.46","257.46","BRA508","2026-01-19 09:34:12.504"
"Price Code","U","Update","price","E6BB0708","B","257.46","287.46","BRA502","2026-02-06 11:25:12.400"
"Price Code","U","Update","price","E6BB0708","B","287.46","302.46","BRA503","2026-02-22 03:38:03.139"
"Price Code","U","Update","price","E6BB0708","B","302.46","317.46","BRA501","2026-04-14 15:22:35.433"
"Price Code","I","Insert",NA,"E6BB0708","C",NA,"179.39|179.39||I|Standard Pricing|169.39|0.00|0.00|10.00|0.00","BRA506","2025-12-03 03:20:25.232"
"Price Code","U","Update","price","E6BB0708","C","179.39","194.39","BRA508","2026-02-19 01:19:05.515"
"Price Code","U","Update","price","E6BB0708","C","194.39","189.39","BRA504","2026-02-25 13:15:42.981"
"Price Code","U","Update","price","E6BB0708","C","189.39","194.39","BRA507","2026-05-04 05:13:09.337"
"Price Code","U","Update","price","E6BB0708","C","194.39","179.39","BRA507","2026-05-28 10:32:31.261"
"Price Code","I","Insert",NA,"E6BB0708","D",NA,"166.05|166.05||I|Standard Pricing|156.05|0.00|0.00|10.00|0.00","BRA503","2025-11-25 03:10:36.087"
"Price Code","U","Update","price","E6BB0708","D","166.05","176.05","BRA505","2026-06-25 01:49:09.690"
"Price Code","U","Update","price","E6BB0708","D","176.05","191.05","BRA501","2026-07-06 07:34:13.172"
"Price Code","I","Insert",NA,"E6BB0708","E",NA,"164.3|164.3||I|Standard Pricing|154.3|0.00|0.00|10.00|0.00","BRA509","2025-11-14 14:49:33.067"
"Price Code","U","Update","price","E6BB0708","E","164.3","174.3","BRA501","2026-03-02 23:40:10.576"
"Price Code","U","Update","price","E6BB0708","E","174.3","169.3","BRA509","2026-04-05 14:58:33.957"
"Price Code","U","Update","price","E6BB0708","E","169.3","174.3","BRA506","2026-06-14 18:46:16.330"
"Price Code","I","Insert",NA,"E6BB0708","F",NA,"119.28|119.28||I|Standard Pricing|109.28|0.00|0.00|10.00|0.00","BRA500","2025-11-29 17:21:29.466"
"Price Code","U","Update","price","E6BB0708","F","119.28","149.28","BRA504","2026-05-04 11:36:39.863"
"Price Code","U","Update","price","E6BB0708","F","149.28","139.28","BRA507","2026-05-31 03:59:04.973"
"Price Code","I","Insert",NA,"E6BB0708","G",NA,"108.93|108.93||I|Standard Pricing|98.93|0.00|0.00|10.00|0.00","BRA509","2025-12-11 18:29:14.205"
"Price Code","U","Update","price","E6BB0708","G","108.93","113.93","BRA503","2026-05-01 06:33:34.821"
"Price Code","U","Update","price","E6BB0708","G","113.93","123.93","BRA508","2026-05-24 02:29:38.866"
"Price Code","I","Insert",NA,"E6BB0708","H",NA,"108.26|108.26||I|Standard Pricing|98.26|0.00|0.00|10.00|0.00","BRA507","2025-11-22 10:55:31.837"
"Price Code","U","Update","price","E6BB0708","H","108.26","128.26","BRA509","2026-02-25 03:16:10.493"
"Price Code","U","Update","price","E6BB0708","H","128.26","113.26","BRA510","2026-03-24 01:51:51.653"
"Price Code","U","Update","price","E6BB0708","H","113.26","138.26","BRA503","2026-03-30 21:09:29.277"
"Price Code","U","Update","price","E6BB0708","H","138.26","128.26","BRA504","2026-06-04 02:43:50.758"
"Price Code","I","Insert",NA,"E6BB0708","I",NA,"76.88|76.88||I|Standard Pricing|66.88|0.00|0.00|10.00|0.00","BRA508","2025-11-19 14:07:02.899"
"Price Code","U","Update","price","E6BB0708","I","76.88","66.88","BRA508","2026-02-02 18:14:45.511"
"Price Code","U","Update","price","E6BB0708","I","66.88","86.88","BRA508","2026-03-07 17:16:16.201"
"Price Code","U","Update","price","E6BB0708","I","86.88","101.88","BRA509","2026-06-04 01:48:18.811"
"Price Code","U","Update","price","E6BB0708","I","101.88","111.88","BRA506","2026-06-24 12:58:51.868"
"Price Code","U","Update","price","E6BB0708","I","111.88","136.88","BRA507","2026-06-28 09:44:12.064"
"Price Code","I","Insert",NA,"E6BB0708","J",NA,"63.67|63.67||I|Standard Pricing|53.67|0.00|0.00|10.00|0.00","BRA509","2025-11-03 21:55:33.475"
"Price Code","U","Update","price","E6BB0708","J","63.67","48.67","BRA501","2026-04-26 15:56:17.603"
"Price Code","U","Update","price","E6BB0708","J","48.67","63.67","BRA505","2026-06-18 16:25:56.177"
"Price Code","I","Insert",NA,"E6BB0708","K",NA,"49.53|49.53||I|Standard Pricing|39.53|0.00|0.00|10.00|0.00","BRA502","2025-11-18 16:03:38.738"
"Price Code","U","Update","price","E6BB0708","K","49.53","59.53","BRA503","2026-02-12 03:10:27.713"
"Price Code","U","Update","price","E6BB0708","K","59.53","44.53","BRA509","2026-05-19 07:59:38.982"
"Price Code","I","Insert",NA,"E6BB0708","L",NA,"51.61|51.61||I|Standard Pricing|41.61|0.00|0.00|10.00|0.00","BRA510","2025-11-30 17:46:59.400"
"Price Code","U","Update","price","E6BB0708","L","51.61","56.61","BRA507","2026-01-20 17:28:50.448"
"Price Code","U","Update","price","E6BB0708","L","56.61","71.61","BRA503","2026-01-29 16:21:19.136"
"Price Code","U","Update","price","E6BB0708","L","71.61","56.61","BRA502","2026-03-08 07:29:43.119"
"Price Code","U","Update","price","E6BB0708","L","56.61","81.61","BRA506","2026-05-19 02:32:57.092"
"Price Code","I","Insert",NA,"E6BB0709","A",NA,"232.86|232.86||I|Standard Pricing|222.86|0.00|0.00|10.00|0.00","BRA502","2025-11-02 06:02:08.501"
"Price Code","U","Update","price","E6BB0709","A","232.86","262.86","BRA503","2026-05-30 02:44:22.012"
"Price Code","U","Update","price","E6BB0709","A","262.86","252.86","BRA508","2026-06-06 13:55:23.212"
"Price Code","U","Update","price","E6BB0709","A","252.86","247.86","BRA508","2026-06-08 14:29:35.782"
"Price Code","U","Update","price","E6BB0709","A","247.86","252.86","BRA506","2026-06-16 14:57:53.297"
"Price Code","U","Update","price","E6BB0709","A","252.86","257.86","BRA506","2026-06-25 08:06:43.328"
"Price Code","I","Insert",NA,"E6BB0709","B",NA,"248.47|248.47||I|Standard Pricing|238.47|0.00|0.00|10.00|0.00","BRA501","2025-12-04 19:11:13.027"
"Price Code","U","Update","price","E6BB0709","B","248.47","238.47","BRA503","2026-01-18 17:58:07.110"
"Price Code","U","Update","price","E6BB0709","B","238.47","263.47","BRA505","2026-05-04 13:58:17.955"
"Price Code","U","Update","price","E6BB0709","B","263.47","248.47","BRA506","2026-05-16 10:23:39.549"
"Price Code","U","Update","price","E6BB0709","B","248.47","273.47","BRA503","2026-05-17 23:31:22.904"
"Price Code","U","Update","price","E6BB0709","B","273.47","288.47","BRA505","2026-05-31 13:54:33.106"
"Price Code","I","Insert",NA,"E6BB0709","C",NA,"178.21|178.21||I|Standard Pricing|168.21|0.00|0.00|10.00|0.00","BRA500","2025-11-30 14:42:04.520"
"Price Code","U","Update","price","E6BB0709","C","178.21","188.21","BRA506","2026-02-03 03:58:16.159"
"Price Code","U","Update","price","E6BB0709","C","188.21","183.21","BRA504","2026-07-06 15:29:59.828"
"Price Code","I","Insert",NA,"E6BB0709","D",NA,"192.55|192.55||I|Standard Pricing|182.55|0.00|0.00|10.00|0.00","BRA506","2025-11-06 12:36:31.476"
"Price Code","U","Update","price","E6BB0709","D","192.55","202.55","BRA509","2026-02-09 13:27:05.555"
"Price Code","U","Update","price","E6BB0709","D","202.55","217.55","BRA510","2026-02-28 08:58:46.171"
"Price Code","U","Update","price","E6BB0709","D","217.55","202.55","BRA507","2026-04-05 14:42:55.366"
"Price Code","U","Update","price","E6BB0709","D","202.55","197.55","BRA502","2026-04-10 16:35:02.845"
"Price Code","U","Update","price","E6BB0709","D","197.55","187.55","BRA507","2026-04-21 17:59:44.319"
"Price Code","I","Insert",NA,"E6BB0709","E",NA,"166.4|166.4||I|Standard Pricing|156.4|0.00|0.00|10.00|0.00","BRA502","2025-11-20 01:19:16.754"
"Price Code","U","Update","price","E6BB0709","E","166.4","191.4","BRA501","2026-04-15 06:25:05.262"
"Price Code","U","Update","price","E6BB0709","E","191.4","221.4","BRA500","2026-05-12 02:21:00.604"
"Price Code","U","Update","price","E6BB0709","E","221.4","251.4","BRA502","2026-05-29 05:00:16.252"
"Price Code","U","Update","price","E6BB0709","E","251.4","281.4","BRA508","2026-07-07 10:39:13.893"
"Price Code","I","Insert",NA,"E6BB0709","F",NA,"125.94|125.94||I|Standard Pricing|115.94|0.00|0.00|10.00|0.00","BRA509","2025-11-10 12:47:13.796"
"Price Code","U","Update","price","E6BB0709","F","125.94","130.94","BRA504","2026-02-21 17:14:56.210"
"Price Code","U","Update","price","E6BB0709","F","130.94","120.94","BRA500","2026-03-15 02:05:49.400"
"Price Code","U","Update","price","E6BB0709","F","120.94","125.94","BRA503","2026-03-17 13:27:03.291"
"Price Code","U","Update","price","E6BB0709","F","125.94","140.94","BRA505","2026-05-04 00:38:31.554"
"Price Code","U","Update","price","E6BB0709","F","140.94","150.94","BRA503","2026-07-02 18:43:19.458"
"Price Code","I","Insert",NA,"E6BB0709","G",NA,"113.58|113.58||I|Standard Pricing|103.58|0.00|0.00|10.00|0.00","BRA510","2025-11-05 08:14:36.127"
"Price Code","U","Update","price","E6BB0709","G","113.58","98.58","BRA501","2026-02-27 11:01:50.614"
"Price Code","U","Update","price","E6BB0709","G","98.58","108.58","BRA508","2026-04-21 08:47:36.509"
"Price Code","U","Update","price","E6BB0709","G","108.58","118.58","BRA504","2026-06-17 16:26:03.116"
"Price Code","U","Update","price","E6BB0709","G","118.58","133.58","BRA509","2026-07-02 03:14:54.658"
"Price Code","U","Update","price","E6BB0709","G","133.58","153.58","BRA500","2026-07-06 10:59:09.253"
"Price Code","I","Insert",NA,"E6BB0709","H",NA,"88.63|88.63||I|Standard Pricing|78.63|0.00|0.00|10.00|0.00","BRA505","2025-11-25 11:35:22.675"
"Price Code","U","Update","price","E6BB0709","H","88.63","98.63","BRA504","2026-01-17 18:45:23.070"
"Price Code","U","Update","price","E6BB0709","H","98.63","93.63","BRA510","2026-05-11 12:12:57.059"
"Price Code","I","Insert",NA,"E6BB0709","I",NA,"75.37|75.37||I|Standard Pricing|65.37|0.00|0.00|10.00|0.00","BRA503","2025-11-18 06:16:51.661"
"Price Code","U","Update","price","E6BB0709","I","75.37","85.37","BRA500","2026-02-24 10:59:04.910"
"Price Code","U","Update","price","E6BB0709","I","85.37","80.37","BRA503","2026-03-20 04:59:44.653"
"Price Code","U","Update","price","E6BB0709","I","80.37","85.37","BRA504","2026-04-01 03:51:17.711"
"Price Code","U","Update","price","E6BB0709","I","85.37","95.37","BRA500","2026-05-01 21:35:13.606"
"Price Code","U","Update","price","E6BB0709","I","95.37","80.37","BRA504","2026-06-12 18:00:04.668"
"Price Code","I","Insert",NA,"E6BB0709","J",NA,"61.11|61.11||I|Standard Pricing|51.11|0.00|0.00|10.00|0.00","BRA501","2025-11-15 13:00:48.724"
"Price Code","U","Update","price","E6BB0709","J","61.11","46.11","BRA504","2026-02-22 02:25:28.718"
"Price Code","U","Update","price","E6BB0709","J","46.11","66.11","BRA501","2026-06-23 01:20:43.621"
"Price Code","U","Update","price","E6BB0709","J","66.11","61.11","BRA506","2026-06-26 22:58:56.368"
"Price Code","U","Update","price","E6BB0709","J","61.11","56.11","BRA510","2026-06-30 21:14:10.262"
"Price Code","U","Update","price","E6BB0709","J","56.11","86.11","BRA500","2026-07-01 17:02:10.519"
"Price Code","I","Insert",NA,"E6BB0709","K",NA,"62.85|62.85||I|Standard Pricing|52.85|0.00|0.00|10.00|0.00","BRA504","2025-11-14 16:33:52.009"
"Price Code","U","Update","price","E6BB0709","K","62.85","67.85","BRA505","2026-03-02 23:47:06.274"
"Price Code","U","Update","price","E6BB0709","K","67.85","87.85","BRA508","2026-04-08 13:08:01.378"
"Price Code","U","Update","price","E6BB0709","K","87.85","97.85","BRA503","2026-04-18 23:21:29.412"
"Price Code","U","Update","price","E6BB0709","K","97.85","117.85","BRA502","2026-06-06 07:35:53.195"
"Price Code","U","Update","price","E6BB0709","K","117.85","102.85","BRA508","2026-06-26 22:47:10.568"
"Price Code","I","Insert",NA,"E6BB0709","L",NA,"40.17|40.17||I|Standard Pricing|30.17|0.00|0.00|10.00|0.00","BRA508","2025-11-25 16:56:53.471"
"Price Code","U","Update","price","E6BB0709","L","40.17","65.17","BRA504","2026-04-23 12:01:03.437"
"Price Code","U","Update","price","E6BB0709","L","65.17","55.17","BRA509","2026-06-23 11:08:51.389"
"Price Code","I","Insert",NA,"E6BB0709","M",NA,"39.32|39.32||I|Standard Pricing|29.32|0.00|0.00|10.00|0.00","BRA507","2025-12-01 15:42:22.321"
"Price Code","U","Update","price","E6BB0709","M","39.32","59.32","BRA507","2026-01-27 12:38:23.116"
"Price Code","U","Update","price","E6BB0709","M","59.32","69.32","BRA503","2026-05-01 08:27:54.246"
"Price Code","U","Update","price","E6BB0709","M","69.32","99.32","BRA501","2026-06-22 10:43:46.650"
"Price Code","I","Insert",NA,"E6BB0710","A",NA,"219.8|219.8||I|Standard Pricing|209.8|0.00|0.00|10.00|0.00","BRA504","2025-12-01 21:34:50.388"
"Price Code","U","Update","price","E6BB0710","A","219.8","224.8","BRA509","2026-06-09 16:40:10.521"
"Price Code","U","Update","price","E6BB0710","A","224.8","234.8","BRA506","2026-06-11 00:25:53.751"
"Price Code","I","Insert",NA,"E6BB0710","B",NA,"244.22|244.22||I|Standard Pricing|234.22|0.00|0.00|10.00|0.00","BRA506","2025-12-15 17:52:33.552"
"Price Code","U","Update","price","E6BB0710","B","244.22","234.22","BRA504","2026-04-18 10:56:57.017"
"Price Code","U","Update","price","E6BB0710","B","234.22","244.22","BRA503","2026-07-09 18:07:58.435"
"Price Code","I","Insert",NA,"E6BB0710","C",NA,"191.1|191.1||I|Standard Pricing|181.1|0.00|0.00|10.00|0.00","BRA509","2025-11-06 14:18:53.199"
"Price Code","U","Update","price","E6BB0710","C","191.1","186.1","BRA504","2026-01-28 03:48:07.442"
"Price Code","U","Update","price","E6BB0710","C","186.1","191.1","BRA503","2026-03-02 08:54:27.018"
"Price Code","U","Update","price","E6BB0710","C","191.1","216.1","BRA510","2026-04-15 03:15:09.130"
"Price Code","U","Update","price","E6BB0710","C","216.1","236.1","BRA510","2026-04-24 13:51:09.891"
"Price Code","U","Update","price","E6BB0710","C","236.1","266.1","BRA505","2026-05-27 17:52:16.166"
"Price Code","I","Insert",NA,"E6BB0710","D",NA,"161.18|161.18||I|Standard Pricing|151.18|0.00|0.00|10.00|0.00","BRA509","2025-11-08 06:35:23.814"
"Price Code","U","Update","price","E6BB0710","D","161.18","181.18","BRA504","2026-04-20 00:07:35.307"
"Price Code","U","Update","price","E6BB0710","D","181.18","191.18","BRA501","2026-05-05 19:47:36.211"
"Price Code","I","Insert",NA,"E6BB0710","E",NA,"123.59|123.59||I|Standard Pricing|113.59|0.00|0.00|10.00|0.00","BRA505","2025-12-13 06:23:19.673"
"Price Code","U","Update","price","E6BB0710","E","123.59","108.59","BRA509","2026-01-17 00:02:32.007"
"Price Code","U","Update","price","E6BB0710","E","108.59","93.59","BRA510","2026-04-18 14:57:45.116"
"Price Code","U","Update","price","E6BB0710","E","93.59","103.59","BRA510","2026-05-06 09:46:04.922"
"Price Code","I","Insert",NA,"E6BB0710","F",NA,"126.92|126.92||I|Standard Pricing|116.92|0.00|0.00|10.00|0.00","BRA507","2025-11-02 22:57:36.252"
"Price Code","U","Update","price","E6BB0710","F","126.92","111.92","BRA509","2026-01-25 07:31:52.594"
"Price Code","U","Update","price","E6BB0710","F","111.92","96.92","BRA510","2026-03-04 16:34:58.227"
"Price Code","U","Update","price","E6BB0710","F","96.92","81.92","BRA508","2026-03-09 14:14:01.606"
"Price Code","U","Update","price","E6BB0710","F","81.92","101.92","BRA501","2026-03-22 02:42:35.580"
"Price Code","U","Update","price","E6BB0710","F","101.92","126.92","BRA500","2026-06-22 00:46:32.882"
"Price Code","I","Insert",NA,"E6BB0710","G",NA,"99.13|99.13||I|Standard Pricing|89.13|0.00|0.00|10.00|0.00","BRA504","2025-11-16 15:38:48.633"
"Price Code","U","Update","price","E6BB0710","G","99.13","114.13","BRA508","2026-04-22 10:14:45.545"
"Price Code","U","Update","price","E6BB0710","G","114.13","109.13","BRA501","2026-06-02 07:52:27.154"
"Price Code","U","Update","price","E6BB0710","G","109.13","139.13","BRA505","2026-06-04 03:11:58.619"
"Price Code","U","Update","price","E6BB0710","G","139.13","169.13","BRA504","2026-06-09 17:37:15.642"
"Price Code","I","Insert",NA,"E6BB0710","H",NA,"95.77|95.77||I|Standard Pricing|85.77|0.00|0.00|10.00|0.00","BRA505","2025-12-08 15:57:01.107"
"Price Code","U","Update","price","E6BB0710","H","95.77","80.77","BRA500","2026-01-24 22:20:36.010"
"Price Code","U","Update","price","E6BB0710","H","80.77","100.77","BRA506","2026-05-23 18:21:43.168"
"Price Code","I","Insert",NA,"E6BB0710","I",NA,"64.13|64.13||I|Standard Pricing|54.13|0.00|0.00|10.00|0.00","BRA508","2025-11-06 22:45:28.590"
"Price Code","U","Update","price","E6BB0710","I","64.13","49.13","BRA508","2026-02-01 16:04:32.738"
"Price Code","U","Update","price","E6BB0710","I","49.13","79.13","BRA505","2026-02-22 03:31:23.565"
"Price Code","U","Update","price","E6BB0710","I","79.13","84.13","BRA504","2026-03-13 14:02:25.509"
"Price Code","U","Update","price","E6BB0710","I","84.13","109.13","BRA506","2026-03-26 04:56:33.174"
"Price Code","I","Insert",NA,"E6BB0710","J",NA,"68.48|68.48||I|Standard Pricing|58.48|0.00|0.00|10.00|0.00","BRA503","2025-11-06 04:34:10.761"
"Price Code","U","Update","price","E6BB0710","J","68.48","88.48","BRA504","2026-01-29 18:42:08.467"
"Price Code","U","Update","price","E6BB0710","J","88.48","98.48","BRA500","2026-05-19 09:09:25.946"
"Price Code","I","Insert",NA,"E6BB0710","K",NA,"49.97|49.97||I|Standard Pricing|39.97|0.00|0.00|10.00|0.00","BRA501","2025-11-11 08:26:11.350"
"Price Code","U","Update","price","E6BB0710","K","49.97","69.97","BRA504","2026-01-19 23:07:51.430"
"Price Code","U","Update","price","E6BB0710","K","69.97","79.97","BRA506","2026-06-06 15:04:11.247"
"Price Code","U","Update","price","E6BB0710","K","79.97","84.97","BRA500","2026-06-18 23:49:49.450"
"Price Code","U","Update","price","E6BB0710","K","84.97","79.97","BRA510","2026-07-01 01:25:30.722"
"Price Code","U","Update","price","E6BB0710","K","79.97","89.97","BRA502","2026-07-09 20:18:16.771"
"Price Code","I","Insert",NA,"E6BB0710","L",NA,"43.78|43.78||I|Standard Pricing|33.78|0.00|0.00|10.00|0.00","BRA507","2025-11-01 22:07:00.646"
"Price Code","U","Update","price","E6BB0710","L","43.78","68.78","BRA509","2026-01-25 05:10:54.620"
"Price Code","U","Update","price","E6BB0710","L","68.78","93.78","BRA508","2026-01-29 21:33:01.136"
"Price Code","U","Update","price","E6BB0710","L","93.78","88.78","BRA505","2026-06-15 01:44:31.486"
"Price Code","I","Insert",NA,"E6BB0710","M",NA,"34.48|34.48||I|Standard Pricing|24.48|0.00|0.00|10.00|0.00","BRA507","2025-12-03 04:25:10.280"
"Price Code","U","Update","price","E6BB0710","M","34.48","39.48","BRA509","2026-04-12 22:34:01.496"
"Price Code","U","Update","price","E6BB0710","M","39.48","24.48","BRA510","2026-04-14 16:13:12.049"
"Price Code","U","Update","price","E6BB0710","M","24.48","49.48","BRA509","2026-05-01 11:31:23.863"
"Price Code","U","Update","price","E6BB0710","M","49.48","59.48","BRA501","2026-05-09 19:31:39.887"
"Price Code","U","Update","price","E6BB0710","M","59.48","84.48","BRA505","2026-06-17 21:52:24.916"
"Price Code","I","Insert",NA,"E6BB0710","N",NA,"30.01|30.01||I|Standard Pricing|20.01|0.00|0.00|10.00|0.00","BRA500","2025-11-05 18:46:39.632"
"Price Code","U","Update","price","E6BB0710","N","30.01","35.01","BRA502","2026-01-19 11:50:24.233"
"Price Code","U","Update","price","E6BB0710","N","35.01","30.01","BRA500","2026-03-03 03:41:45.749"
"Price Code","U","Update","price","E6BB0710","N","30.01","45.01","BRA506","2026-04-23 08:11:52.572"
"Price Code","U","Update","price","E6BB0710","N","45.01","70.01","BRA504","2026-05-24 17:49:22.761"
"Price Code","U","Update","price","E6BB0710","N","70.01","95.01","BRA510","2026-05-31 22:23:05.973"
"Price Code","I","Insert",NA,"E6BB0710","O",NA,"19.92|19.92||I|Standard Pricing|9.92|0.00|0.00|10.00|0.00","BRA510","2025-12-09 22:38:51.128"
"Price Code","U","Update","price","E6BB0710","O","19.92","29.92","BRA509","2026-02-04 06:46:15.160"
"Price Code","U","Update","price","E6BB0710","O","29.92","54.92","BRA506","2026-06-22 18:44:36.873"
"Price Code","I","Insert",NA,"E6BB0711","A",NA,"278.79|278.79||I|Standard Pricing|268.79|0.00|0.00|10.00|0.00","BRA507","2025-12-15 23:57:50.726"
"Price Code","U","Update","price","E6BB0711","A","278.79","288.79","BRA509","2026-02-19 13:10:04.898"
"Price Code","U","Update","price","E6BB0711","A","288.79","293.79","BRA506","2026-03-30 11:07:32.258"
"Price Code","I","Insert",NA,"E6BB0711","B",NA,"247.15|247.15||I|Standard Pricing|237.15|0.00|0.00|10.00|0.00","BRA501","2025-11-29 20:38:19.450"
"Price Code","U","Update","price","E6BB0711","B","247.15","257.15","BRA506","2026-06-01 10:47:51.754"
"Price Code","U","Update","price","E6BB0711","B","257.15","287.15","BRA501","2026-06-06 01:51:46.278"
"Price Code","I","Insert",NA,"E6BB0711","C",NA,"212.3|212.3||I|Standard Pricing|202.3|0.00|0.00|10.00|0.00","BRA503","2025-12-08 10:41:39.292"
"Price Code","U","Update","price","E6BB0711","C","212.3","197.3","BRA505","2026-02-19 11:51:21.318"
"Price Code","U","Update","price","E6BB0711","C","197.3","222.3","BRA500","2026-05-28 09:34:37.202"
"Price Code","U","Update","price","E6BB0711","C","222.3","252.3","BRA507","2026-06-25 06:47:19.366"
"Price Code","I","Insert",NA,"E6BB0711","D",NA,"187.92|187.92||I|Standard Pricing|177.92|0.00|0.00|10.00|0.00","BRA502","2025-11-10 01:55:06.155"
"Price Code","U","Update","price","E6BB0711","D","187.92","182.92","BRA506","2026-03-05 19:29:27.923"
"Price Code","U","Update","price","E6BB0711","D","182.92","177.92","BRA510","2026-04-12 16:04:44.182"
"Price Code","U","Update","price","E6BB0711","D","177.92","192.92","BRA503","2026-05-03 13:07:24.282"
"Price Code","U","Update","price","E6BB0711","D","192.92","212.92","BRA510","2026-05-09 07:34:39.954"
"Price Code","U","Update","price","E6BB0711","D","212.92","207.92","BRA507","2026-06-23 22:29:44.198"
"Price Code","I","Insert",NA,"E6BB0711","E",NA,"155.41|155.41||I|Standard Pricing|145.41|0.00|0.00|10.00|0.00","BRA507","2025-11-08 06:39:48.952"
"Price Code","U","Update","price","E6BB0711","E","155.41","145.41","BRA502","2026-01-17 09:21:19.896"
"Price Code","U","Update","price","E6BB0711","E","145.41","150.41","BRA501","2026-07-08 19:58:51.950"
"Price Code","I","Insert",NA,"E6BB0711","F",NA,"114.83|114.83||I|Standard Pricing|104.83|0.00|0.00|10.00|0.00","BRA501","2025-11-07 13:13:26.819"
"Price Code","U","Update","price","E6BB0711","F","114.83","109.83","BRA509","2026-04-18 22:49:00.226"
"Price Code","U","Update","price","E6BB0711","F","109.83","129.83","BRA504","2026-04-30 10:45:47.120"
"Price Code","U","Update","price","E6BB0711","F","129.83","124.83","BRA508","2026-05-07 04:50:45.492"
"Price Code","U","Update","price","E6BB0711","F","124.83","154.83","BRA509","2026-06-21 21:45:36.088"
"Price Code","U","Update","price","E6BB0711","F","154.83","184.83","BRA507","2026-07-02 07:52:46.863"
"Price Code","I","Insert",NA,"E6BB0711","G",NA,"97.28|97.28||I|Standard Pricing|87.28|0.00|0.00|10.00|0.00","BRA503","2025-12-05 13:42:34.956"
"Price Code","U","Update","price","E6BB0711","G","97.28","82.28","BRA507","2026-04-09 22:37:55.440"
"Price Code","U","Update","price","E6BB0711","G","82.28","67.28","BRA510","2026-05-24 07:46:58.337"
"Price Code","U","Update","price","E6BB0711","G","67.28","82.28","BRA507","2026-06-03 09:54:28.359"
"Price Code","U","Update","price","E6BB0711","G","82.28","107.28","BRA504","2026-06-17 16:46:44.406"
"Price Code","U","Update","price","E6BB0711","G","107.28","112.28","BRA510","2026-07-08 13:13:33.779"
"Price Code","I","Insert",NA,"E6BB0711","H",NA,"95.16|95.16||I|Standard Pricing|85.16|0.00|0.00|10.00|0.00","BRA503","2025-11-23 17:15:17.297"
"Price Code","U","Update","price","E6BB0711","H","95.16","100.16","BRA507","2026-01-27 13:04:19.652"
"Price Code","U","Update","price","E6BB0711","H","100.16","105.16","BRA502","2026-02-02 00:13:53.819"
"Price Code","U","Update","price","E6BB0711","H","105.16","100.16","BRA503","2026-03-31 06:03:48.234"
"Price Code","U","Update","price","E6BB0711","H","100.16","90.16","BRA500","2026-06-12 04:04:19.017"
"Price Code","U","Update","price","E6BB0711","H","90.16","115.16","BRA500","2026-06-24 15:16:25.135"
"Price Code","I","Insert",NA,"E6BB0711","I",NA,"67.49|67.49||I|Standard Pricing|57.49|0.00|0.00|10.00|0.00","BRA500","2025-12-15 05:23:09.963"
"Price Code","U","Update","price","E6BB0711","I","67.49","97.49","BRA507","2026-02-15 14:10:54.410"
"Price Code","U","Update","price","E6BB0711","I","97.49","112.49","BRA500","2026-04-03 18:25:29.324"
"Price Code","I","Insert",NA,"E6BB0711","J",NA,"61.45|61.45||I|Standard Pricing|51.45|0.00|0.00|10.00|0.00","BRA506","2025-12-13 01:21:17.214"
"Price Code","U","Update","price","E6BB0711","J","61.45","86.45","BRA502","2026-02-07 14:29:33.691"
"Price Code","U","Update","price","E6BB0711","J","86.45","71.45","BRA502","2026-02-19 18:50:35.525"
"Price Code","U","Update","price","E6BB0711","J","71.45","96.45","BRA500","2026-05-01 14:08:00.583"
"Price Code","U","Update","price","E6BB0711","J","96.45","111.45","BRA505","2026-06-15 06:51:29.142"
"Price Code","I","Insert",NA,"E6BB0711","K",NA,"47.82|47.82||I|Standard Pricing|37.82|0.00|0.00|10.00|0.00","BRA505","2025-12-09 15:24:17.468"
"Price Code","U","Update","price","E6BB0711","K","47.82","72.82","BRA507","2026-02-01 23:49:09.082"
"Price Code","U","Update","price","E6BB0711","K","72.82","67.82","BRA509","2026-05-29 12:26:50.864"
"Price Code","U","Update","price","E6BB0711","K","67.82","97.82","BRA510","2026-06-01 02:37:44.128"
"Price Code","I","Insert",NA,"E6BB0711","L",NA,"41.3|41.3||I|Standard Pricing|31.3|0.00|0.00|10.00|0.00","BRA500","2025-11-23 22:01:49.506"
"Price Code","U","Update","price","E6BB0711","L","41.3","71.3","BRA510","2026-04-25 13:28:30.843"
"Price Code","U","Update","price","E6BB0711","L","71.3","81.3","BRA501","2026-05-23 04:29:05.610"
"Price Code","U","Update","price","E6BB0711","L","81.3","66.3","BRA501","2026-07-01 07:24:43.446"
"Price Code","I","Insert",NA,"E6BB0711","M",NA,"31.49|31.49||I|Standard Pricing|21.49|0.00|0.00|10.00|0.00","BRA507","2025-11-28 07:36:11.381"
"Price Code","U","Update","price","E6BB0711","M","31.49","21.49","BRA504","2026-01-25 16:43:54.285"
"Price Code","U","Update","price","E6BB0711","M","21.49","16.49","BRA509","2026-04-04 11:20:37.860"
"Price Code","U","Update","price","E6BB0711","M","16.49","26.49","BRA508","2026-06-30 20:34:58.359"
"Price Code","I","Insert",NA,"E6BB0711","N",NA,"28.25|28.25||I|Standard Pricing|18.25|0.00|0.00|10.00|0.00","BRA510","2025-12-13 05:41:11.014"
"Price Code","U","Update","price","E6BB0711","N","28.25","53.25","BRA503","2026-04-11 06:42:02.124"
"Price Code","U","Update","price","E6BB0711","N","53.25","73.25","BRA501","2026-07-05 22:12:52.606"
"Price Code","U","Update","price","E6BB0711","N","73.25","93.25","BRA505","2026-07-06 10:43:30.781"
"Price Code","I","Insert",NA,"E6BB0711","O",NA,"23.12|23.12||I|Standard Pricing|13.12|0.00|0.00|10.00|0.00","BRA501","2025-12-15 11:49:51.303"
"Price Code","U","Update","price","E6BB0711","O","23.12","38.12","BRA509","2026-02-07 18:12:54.727"
"Price Code","U","Update","price","E6BB0711","O","38.12","58.12","BRA508","2026-02-12 02:19:48.413"
"Price Code","U","Update","price","E6BB0711","O","58.12","88.12","BRA508","2026-03-14 16:00:18.354"
