"data_category","action","action_name","column_name","event_name","seat_location","old_value","new_value","upd_user","upd_datetime"
"Reclass","U","Update","Hold Class","E6BB0327","212/3/7-7","HOLD","DIST-OPEN","BRA500","2026-01-21 02:40:03.399"
"Reclass","U","Update","Hold Class","E6BB0327","111/6/17-18","HOLD","DIST-OPEN","BRA507","2026-03-24 16:32:16.524"
"Reclass","U","Update","Hold Class","E6BB0327","105/9/20-20","HOLD","DIST-OPEN","BRA503","2025-12-11 13:14:35.512"
"Reclass","U","Update","Hold Class","E6BB0327","219/6/6-14","HOLD","COMP","BRA506","2026-02-11 15:50:30.025"
"Reclass","U","Update","Hold Class","E6BB0327","115/8/2-6","SEASON","DIST-OPEN","BRA509","2025-12-08 03:51:38.416"
"Reclass","U","Update","Hold Class","E6BB0327","304/10/17-17","HOLD","COMP","BRA502","2025-11-19 18:25:33.693"
"Reclass","U","Update","Hold Class","E6BB0327","119/9/8-8","SEASON","DIST-OPEN","BRA506","2025-11-29 21:32:59.284"
"Reclass","U","Update","Hold Class","E6BB0327","304/10/4-12","DIST-OPEN","HOLD","BRA500","2025-11-20 14:59:24.701"
"Reclass","U","Update","Hold Class","E6BB0328","320/1/16-23","GROUP","DIST-OPEN","BRA500","2026-03-23 17:41:03.709"
"Reclass","U","Update","Hold Class","E6BB0328","408/2/10-12","HOLD","COMP","BRA500","2025-11-15 04:28:38.069"
"Reclass","U","Update","Hold Class","E6BB0328","106/5/11-16","GROUP","DIST-OPEN","BRA503","2026-03-19 22:40:51.250"
"Reclass","U","Update","Hold Class","E6BB0328","406/8/9-17","SEASON","DIST-OPEN","BRA508","2025-12-23 11:22:10.829"
"Reclass","U","Update","Hold Class","E6BB0328","310/5/11-17","SEASON","DIST-OPEN","BRA508","2026-03-01 17:21:00.333"
"Reclass","U","Update","Hold Class","E6BB0328","302/1/13-15","GROUP","DIST-OPEN","BRA501","2026-01-01 16:37:09.470"
"Reclass","U","Update","Hold Class","E6BB0328","101/5/6-8","HOLD","COMP","BRA503","2026-01-16 21:10:41.401"
"Reclass","U","Update","Hold Class","E6BB0328","214/3/13-19","SEASON","DIST-OPEN","BRA503","2025-12-25 15:53:17.535"
"Reclass","U","Update","Hold Class","E6BB0328","114/10/14-19","HOLD","COMP","BRA508","2025-12-17 09:22:59.703"
"Reclass","U","Update","Hold Class","E6BB0328","309/6/17-22","HOLD","COMP","BRA507","2026-01-14 21:23:26.647"
"Reclass","U","Update","Hold Class","E6BB0328","218/10/7-8","HOLD","COMP","BRA508","2026-02-14 22:58:58.474"
"Reclass","U","Update","Hold Class","E6BB0328","110/9/7-7","GROUP","DIST-OPEN","BRA508","2025-11-28 23:22:15.608"
"Reclass","U","Update","Hold Class","E6BB0328","106/9/11-15","HOLD","DIST-OPEN","BRA503","2025-11-20 15:11:45.293"
"Reclass","U","Update","Hold Class","E6BB0328","319/7/5-8","HOLD","COMP","BRA507","2026-02-10 00:52:49.172"
"Reclass","U","Update","Hold Class","E6BB0328","118/1/11-19","SEASON","DIST-OPEN","BRA506","2026-03-17 10:00:35.381"
"Reclass","U","Update","Hold Class","E6BB0328","204/2/4-11","SEASON","DIST-OPEN","BRA502","2026-01-03 00:50:12.224"
"Reclass","U","Update","Hold Class","E6BB0328","318/9/8-8","SEASON","DIST-OPEN","BRA507","2025-11-16 13:25:20.921"
"Reclass","U","Update","Hold Class","E6BB0329","401/4/5-6","DIST-OPEN","HOLD","BRA508","2026-03-13 07:14:55.663"
"Reclass","U","Update","Hold Class","E6BB0329","301/5/17-25","DIST-OPEN","HOLD","BRA508","2025-12-05 18:48:00.459"
"Reclass","U","Update","Hold Class","E6BB0329","304/10/2-5","HOLD","COMP","BRA507","2025-11-23 06:54:44.361"
"Reclass","U","Update","Hold Class","E6BB0329","214/1/9-9","HOLD","DIST-OPEN","BRA510","2026-01-02 13:35:44.309"
"Reclass","U","Update","Hold Class","E6BB0329","315/1/7-8","HOLD","COMP","BRA506","2026-02-27 18:24:08.348"
"Reclass","U","Update","Hold Class","E6BB0329","408/7/19-25","GROUP","DIST-OPEN","BRA510","2025-12-25 04:12:25.139"
"Reclass","U","Update","Hold Class","E6BB0329","302/7/2-8","HOLD","DIST-OPEN","BRA507","2026-01-24 05:12:16.125"
"Reclass","U","Update","Hold Class","E6BB0329","208/1/18-22","HOLD","COMP","BRA509","2026-03-27 02:38:22.836"
"Reclass","U","Update","Hold Class","E6BB0329","306/6/12-14","HOLD","COMP","BRA503","2025-12-01 10:01:18.805"
"Reclass","U","Update","Hold Class","E6BB0329","212/9/4-7","GROUP","DIST-OPEN","BRA500","2025-12-19 09:34:25.421"
"Reclass","U","Update","Hold Class","E6BB0329","109/1/2-5","DIST-OPEN","HOLD","BRA507","2025-11-13 19:19:18.106"
"Reclass","U","Update","Hold Class","E6BB0329","211/5/18-26","HOLD","DIST-OPEN","BRA509","2026-02-10 09:35:08.351"
"Reclass","U","Update","Hold Class","E6BB0329","408/8/12-16","SEASON","DIST-OPEN","BRA503","2025-12-10 17:24:41.870"
"Reclass","U","Update","Hold Class","E6BB0329","204/9/15-22","GROUP","DIST-OPEN","BRA506","2025-12-11 05:51:11.775"
"Reclass","U","Update","Hold Class","E6BB0329","215/6/3-6","GROUP","DIST-OPEN","BRA502","2025-12-08 05:53:36.497"
"Reclass","U","Update","Hold Class","E6BB0329","409/5/6-12","GROUP","DIST-OPEN","BRA501","2026-01-21 07:08:55.581"
"Reclass","U","Update","Hold Class","E6BB0329","205/3/2-6","SEASON","DIST-OPEN","BRA500","2026-03-24 19:55:15.301"
"Reclass","U","Update","Hold Class","E6BB0329","410/1/9-16","SEASON","DIST-OPEN","BRA507","2026-03-06 04:04:01.130"
"Reclass","U","Update","Hold Class","E6BB0329","209/4/8-10","HOLD","DIST-OPEN","BRA501","2025-11-21 03:58:09.648"
"Reclass","U","Update","Hold Class","E6BB0329","310/5/10-14","HOLD","COMP","BRA502","2025-11-10 21:54:13.296"
"Reclass","U","Update","Hold Class","E6BB0329","204/3/9-16","GROUP","DIST-OPEN","BRA501","2026-01-01 01:44:17.575"
"Reclass","U","Update","Hold Class","E6BB0329","312/3/19-20","HOLD","COMP","BRA509","2025-11-27 22:59:15.125"
"Reclass","U","Update","Hold Class","E6BB0329","102/1/10-17","HOLD","COMP","BRA502","2026-02-05 00:47:14.378"
"Reclass","U","Update","Hold Class","E6BB0330","203/9/11-19","GROUP","DIST-OPEN","BRA507","2026-03-07 20:36:15.697"
"Reclass","U","Update","Hold Class","E6BB0330","316/8/8-11","HOLD","COMP","BRA501","2026-03-19 13:55:51.470"
"Reclass","U","Update","Hold Class","E6BB0330","312/5/19-24","HOLD","DIST-OPEN","BRA509","2026-01-18 04:22:32.361"
"Reclass","U","Update","Hold Class","E6BB0330","216/5/3-3","HOLD","DIST-OPEN","BRA507","2025-12-06 05:26:45.781"
"Reclass","U","Update","Hold Class","E6BB0330","207/9/5-13","DIST-OPEN","HOLD","BRA505","2026-02-02 01:45:36.402"
"Reclass","U","Update","Hold Class","E6BB0330","314/8/2-5","HOLD","DIST-OPEN","BRA503","2026-02-18 17:59:36.517"
"Reclass","U","Update","Hold Class","E6BB0330","119/7/11-12","SEASON","DIST-OPEN","BRA503","2025-11-29 12:56:30.664"
"Reclass","U","Update","Hold Class","E6BB0330","106/9/3-4","DIST-OPEN","HOLD","BRA507","2026-01-02 11:41:00.959"
"Reclass","U","Update","Hold Class","E6BB0330","317/5/15-23","GROUP","DIST-OPEN","BRA500","2026-03-06 05:48:11.041"
"Reclass","U","Update","Hold Class","E6BB0330","116/2/11-11","DIST-OPEN","HOLD","BRA508","2026-01-26 15:39:39.922"
"Reclass","U","Update","Hold Class","E6BB0330","111/4/7-14","HOLD","DIST-OPEN","BRA506","2026-03-10 00:57:45.806"
"Reclass","U","Update","Hold Class","E6BB0330","116/4/1-2","GROUP","DIST-OPEN","BRA502","2026-02-14 20:49:05.831"
"Reclass","U","Update","Hold Class","E6BB0330","319/9/3-9","HOLD","DIST-OPEN","BRA501","2025-12-16 05:42:09.675"
"Reclass","U","Update","Hold Class","E6BB0330","319/4/20-23","DIST-OPEN","HOLD","BRA501","2026-03-29 05:04:35.248"
"Reclass","U","Update","Hold Class","E6BB0330","116/2/7-14","GROUP","DIST-OPEN","BRA503","2026-01-12 16:14:21.972"
"Reclass","U","Update","Hold Class","E6BB0330","215/8/7-9","DIST-OPEN","HOLD","BRA502","2026-02-06 07:19:41.286"
"Reclass","U","Update","Hold Class","E6BB0330","205/10/14-21","GROUP","DIST-OPEN","BRA504","2025-11-19 10:37:34.334"
"Reclass","U","Update","Hold Class","E6BB0330","116/9/17-18","SEASON","DIST-OPEN","BRA501","2026-01-09 01:03:43.326"
"Reclass","U","Update","Hold Class","E6BB0330","310/1/18-18","GROUP","DIST-OPEN","BRA503","2025-12-14 15:38:05.185"
"Reclass","U","Update","Hold Class","E6BB0330","211/2/8-16","GROUP","DIST-OPEN","BRA502","2025-12-18 19:11:25.697"
"Reclass","U","Update","Hold Class","E6BB0330","307/2/17-23","DIST-OPEN","HOLD","BRA503","2025-11-12 12:42:54.642"
"Reclass","U","Update","Hold Class","E6BB0330","213/4/6-9","GROUP","DIST-OPEN","BRA504","2025-11-13 07:03:23.956"
"Reclass","U","Update","Hold Class","E6BB0330","310/8/15-20","SEASON","DIST-OPEN","BRA506","2026-02-23 02:19:35.447"
"Reclass","U","Update","Hold Class","E6BB0330","318/6/20-25","HOLD","COMP","BRA506","2026-03-13 08:50:34.523"
"Reclass","U","Update","Hold Class","E6BB0330","115/3/3-11","HOLD","COMP","BRA502","2026-02-09 09:08:00.870"
"Reclass","U","Update","Hold Class","E6BB0330","203/5/5-12","HOLD","COMP","BRA510","2025-12-05 09:46:27.524"
"Reclass","U","Update","Hold Class","E6BB0401","410/9/17-17","DIST-OPEN","HOLD","BRA508","2026-01-27 07:38:50.239"
"Reclass","U","Update","Hold Class","E6BB0401","402/5/16-22","DIST-OPEN","HOLD","BRA510","2025-12-15 23:53:33.940"
"Reclass","U","Update","Hold Class","E6BB0401","102/8/14-16","GROUP","DIST-OPEN","BRA501","2025-12-28 16:06:20.623"
"Reclass","U","Update","Hold Class","E6BB0401","320/9/9-17","DIST-OPEN","HOLD","BRA509","2026-02-16 10:12:17.345"
"Reclass","U","Update","Hold Class","E6BB0401","110/4/7-9","SEASON","DIST-OPEN","BRA500","2026-01-15 01:13:46.621"
"Reclass","U","Update","Hold Class","E6BB0401","205/2/16-19","DIST-OPEN","HOLD","BRA507","2025-12-13 04:28:23.853"
"Reclass","U","Update","Hold Class","E6BB0401","216/2/11-13","DIST-OPEN","HOLD","BRA510","2025-12-08 20:53:04.757"
"Reclass","U","Update","Hold Class","E6BB0401","303/3/1-1","HOLD","DIST-OPEN","BRA500","2026-02-01 12:22:06.235"
"Reclass","U","Update","Hold Class","E6BB0401","210/10/13-16","GROUP","DIST-OPEN","BRA508","2025-12-13 08:24:21.215"
"Reclass","U","Update","Hold Class","E6BB0401","407/9/3-8","DIST-OPEN","HOLD","BRA503","2025-12-16 00:43:02.360"
"Reclass","U","Update","Hold Class","E6BB0401","408/7/3-8","SEASON","DIST-OPEN","BRA506","2026-01-26 07:49:39.458"
"Reclass","U","Update","Hold Class","E6BB0401","401/2/6-8","HOLD","COMP","BRA505","2025-11-19 04:46:36.797"
"Reclass","U","Update","Hold Class","E6BB0402","104/5/5-5","GROUP","DIST-OPEN","BRA500","2026-01-03 11:07:48.956"
"Reclass","U","Update","Hold Class","E6BB0402","202/6/5-10","HOLD","COMP","BRA501","2025-12-07 14:52:04.122"
"Reclass","U","Update","Hold Class","E6BB0402","111/10/6-12","HOLD","COMP","BRA510","2025-11-30 04:07:07.941"
"Reclass","U","Update","Hold Class","E6BB0402","120/5/16-20","HOLD","COMP","BRA503","2026-02-13 07:24:06.310"
"Reclass","U","Update","Hold Class","E6BB0402","312/3/4-12","SEASON","DIST-OPEN","BRA508","2025-12-03 09:13:27.144"
"Reclass","U","Update","Hold Class","E6BB0402","113/1/9-14","HOLD","COMP","BRA501","2025-11-30 15:13:52.127"
"Reclass","U","Update","Hold Class","E6BB0402","319/10/8-14","SEASON","DIST-OPEN","BRA508","2026-02-13 00:54:10.207"
"Reclass","U","Update","Hold Class","E6BB0402","208/2/8-9","DIST-OPEN","HOLD","BRA510","2026-01-13 16:37:48.482"
"Reclass","U","Update","Hold Class","E6BB0402","409/6/5-5","DIST-OPEN","HOLD","BRA506","2026-02-26 16:34:11.463"
"Reclass","U","Update","Hold Class","E6BB0402","206/7/9-15","DIST-OPEN","HOLD","BRA505","2025-11-18 05:00:34.544"
"Reclass","U","Update","Hold Class","E6BB0402","215/10/13-15","GROUP","DIST-OPEN","BRA508","2025-12-18 15:49:06.030"
"Reclass","U","Update","Hold Class","E6BB0402","213/9/3-6","HOLD","COMP","BRA510","2025-12-21 23:46:28.481"
"Reclass","U","Update","Hold Class","E6BB0402","303/7/14-18","SEASON","DIST-OPEN","BRA504","2026-02-19 11:09:28.625"
"Reclass","U","Update","Hold Class","E6BB0402","307/3/1-6","HOLD","DIST-OPEN","BRA503","2026-01-06 02:59:24.701"
"Reclass","U","Update","Hold Class","E6BB0402","108/7/20-21","HOLD","DIST-OPEN","BRA508","2025-12-27 13:03:56.077"
"Reclass","U","Update","Hold Class","E6BB0402","205/5/15-17","HOLD","COMP","BRA504","2026-01-22 22:58:44.304"
"Reclass","U","Update","Hold Class","E6BB0402","314/2/13-14","HOLD","DIST-OPEN","BRA507","2026-01-09 18:28:56.669"
"Reclass","U","Update","Hold Class","E6BB0402","119/2/20-21","GROUP","DIST-OPEN","BRA509","2026-01-11 18:52:46.867"
"Reclass","U","Update","Hold Class","E6BB0402","403/9/15-23","HOLD","DIST-OPEN","BRA505","2026-03-21 12:21:09.456"
"Reclass","U","Update","Hold Class","E6BB0402","304/2/3-7","HOLD","COMP","BRA505","2026-02-08 15:37:24.138"
"Reclass","U","Update","Hold Class","E6BB0402","117/2/7-11","HOLD","COMP","BRA508","2025-11-15 13:40:30.701"
"Reclass","U","Update","Hold Class","E6BB0402","109/2/10-11","SEASON","DIST-OPEN","BRA503","2026-01-15 15:38:33.143"
"Reclass","U","Update","Hold Class","E6BB0402","115/9/6-12","HOLD","COMP","BRA509","2025-12-10 22:56:38.181"
"Reclass","U","Update","Hold Class","E6BB0402","215/7/13-15","HOLD","DIST-OPEN","BRA507","2026-03-31 03:33:30.237"
"Reclass","U","Update","Hold Class","E6BB0403","319/6/15-19","HOLD","DIST-OPEN","BRA504","2026-03-06 03:54:41.030"
"Reclass","U","Update","Hold Class","E6BB0403","108/10/11-19","DIST-OPEN","HOLD","BRA503","2026-01-21 06:30:09.832"
"Reclass","U","Update","Hold Class","E6BB0403","217/4/9-13","SEASON","DIST-OPEN","BRA507","2026-02-11 10:13:47.750"
"Reclass","U","Update","Hold Class","E6BB0403","114/9/2-5","SEASON","DIST-OPEN","BRA507","2026-03-11 00:51:20.793"
"Reclass","U","Update","Hold Class","E6BB0403","112/6/6-12","HOLD","COMP","BRA504","2025-12-19 21:59:55.584"
"Reclass","U","Update","Hold Class","E6BB0403","410/4/3-11","GROUP","DIST-OPEN","BRA501","2025-11-27 17:04:29.245"
"Reclass","U","Update","Hold Class","E6BB0403","219/8/12-12","HOLD","COMP","BRA505","2026-01-19 14:08:03.678"
"Reclass","U","Update","Hold Class","E6BB0403","114/10/7-12","GROUP","DIST-OPEN","BRA505","2026-03-25 12:50:37.588"
"Reclass","U","Update","Hold Class","E6BB0403","301/8/17-19","DIST-OPEN","HOLD","BRA500","2026-03-05 12:49:54.332"
"Reclass","U","Update","Hold Class","E6BB0403","403/1/3-3","HOLD","DIST-OPEN","BRA504","2025-12-29 04:28:29.099"
"Reclass","U","Update","Hold Class","E6BB0403","113/9/9-9","DIST-OPEN","HOLD","BRA505","2026-03-10 15:21:24.796"
"Reclass","U","Update","Hold Class","E6BB0403","118/7/12-17","GROUP","DIST-OPEN","BRA504","2025-12-03 18:55:07.474"
"Reclass","U","Update","Hold Class","E6BB0403","101/8/4-12","HOLD","COMP","BRA509","2026-02-22 17:22:49.510"
"Reclass","U","Update","Hold Class","E6BB0403","213/10/14-19","HOLD","DIST-OPEN","BRA500","2026-03-09 12:02:52.885"
"Reclass","U","Update","Hold Class","E6BB0403","201/4/11-17","HOLD","DIST-OPEN","BRA505","2026-04-01 22:14:39.553"
"Reclass","U","Update","Hold Class","E6BB0403","104/1/7-13","GROUP","DIST-OPEN","BRA503","2026-03-13 14:25:30.549"
"Reclass","U","Update","Hold Class","E6BB0403","109/9/17-23","SEASON","DIST-OPEN","BRA502","2026-01-23 23:34:47.765"
"Reclass","U","Update","Hold Class","E6BB0403","118/1/8-8","HOLD","COMP","BRA502","2026-01-16 07:46:43.321"
"Reclass","U","Update","Hold Class","E6BB0403","317/6/4-9","SEASON","DIST-OPEN","BRA502","2026-01-30 20:56:39.363"
"Reclass","U","Update","Hold Class","E6BB0403","107/7/8-8","GROUP","DIST-OPEN","BRA510","2026-03-11 05:24:47.404"
"Reclass","U","Update","Hold Class","E6BB0403","301/1/12-20","DIST-OPEN","HOLD","BRA502","2026-02-05 12:58:44.792"
"Reclass","U","Update","Hold Class","E6BB0403","214/1/18-25","SEASON","DIST-OPEN","BRA504","2025-12-02 00:03:18.118"
"Reclass","U","Update","Hold Class","E6BB0403","406/7/6-11","GROUP","DIST-OPEN","BRA508","2026-03-13 04:52:52.694"
"Reclass","U","Update","Hold Class","E6BB0403","313/6/14-14","SEASON","DIST-OPEN","BRA503","2026-02-05 04:39:09.411"
"Reclass","U","Update","Hold Class","E6BB0403","306/8/6-14","GROUP","DIST-OPEN","BRA509","2026-01-25 08:32:23.845"
"Reclass","U","Update","Hold Class","E6BB0404","305/9/17-20","GROUP","DIST-OPEN","BRA501","2025-12-23 19:27:03.924"
"Reclass","U","Update","Hold Class","E6BB0404","401/8/20-24","GROUP","DIST-OPEN","BRA501","2026-03-16 22:25:39.612"
"Reclass","U","Update","Hold Class","E6BB0404","215/10/3-4","DIST-OPEN","HOLD","BRA504","2026-01-25 13:38:29.811"
"Reclass","U","Update","Hold Class","E6BB0404","408/8/3-3","DIST-OPEN","HOLD","BRA503","2025-11-10 22:09:27.418"
"Reclass","U","Update","Hold Class","E6BB0404","101/2/19-27","HOLD","COMP","BRA504","2025-11-14 11:31:00.600"
"Reclass","U","Update","Hold Class","E6BB0404","120/10/14-16","SEASON","DIST-OPEN","BRA505","2026-03-13 07:17:21.159"
"Reclass","U","Update","Hold Class","E6BB0404","120/6/13-19","DIST-OPEN","HOLD","BRA510","2025-12-28 12:00:41.211"
"Reclass","U","Update","Hold Class","E6BB0404","217/2/12-18","DIST-OPEN","HOLD","BRA501","2026-03-01 16:37:02.210"
"Reclass","U","Update","Hold Class","E6BB0404","404/7/12-13","HOLD","DIST-OPEN","BRA509","2026-01-22 22:35:00.981"
"Reclass","U","Update","Hold Class","E6BB0404","108/6/3-10","HOLD","DIST-OPEN","BRA500","2026-02-12 07:12:42.008"
"Reclass","U","Update","Hold Class","E6BB0404","111/6/9-9","SEASON","DIST-OPEN","BRA507","2026-02-16 08:51:01.776"
"Reclass","U","Update","Hold Class","E6BB0404","106/4/13-17","HOLD","COMP","BRA509","2025-12-18 13:37:49.178"
"Reclass","U","Update","Hold Class","E6BB0404","315/1/2-4","DIST-OPEN","HOLD","BRA506","2025-11-18 19:33:33.819"
"Reclass","U","Update","Hold Class","E6BB0404","202/8/16-16","DIST-OPEN","HOLD","BRA506","2026-02-12 01:07:22.956"
"Reclass","U","Update","Hold Class","E6BB0404","311/1/4-8","DIST-OPEN","HOLD","BRA503","2026-02-15 10:58:14.033"
"Reclass","U","Update","Hold Class","E6BB0404","119/7/2-2","DIST-OPEN","HOLD","BRA506","2025-12-07 15:07:30.103"
"Reclass","U","Update","Hold Class","E6BB0404","114/10/11-14","DIST-OPEN","HOLD","BRA504","2026-02-14 19:15:22.610"
"Reclass","U","Update","Hold Class","E6BB0404","309/1/14-20","SEASON","DIST-OPEN","BRA506","2026-03-13 08:19:45.795"
"Reclass","U","Update","Hold Class","E6BB0404","409/5/16-16","DIST-OPEN","HOLD","BRA507","2026-02-02 16:54:17.234"
"Reclass","U","Update","Hold Class","E6BB0404","114/7/2-6","DIST-OPEN","HOLD","BRA507","2026-01-24 22:17:20.068"
"Reclass","U","Update","Hold Class","E6BB0404","316/5/7-8","HOLD","DIST-OPEN","BRA508","2025-12-16 08:19:10.934"
"Reclass","U","Update","Hold Class","E6BB0404","113/5/7-14","GROUP","DIST-OPEN","BRA502","2025-11-19 20:30:24.962"
"Reclass","U","Update","Hold Class","E6BB0404","212/2/17-17","SEASON","DIST-OPEN","BRA509","2026-01-23 05:11:24.758"
"Reclass","U","Update","Hold Class","E6BB0405","207/3/20-21","HOLD","DIST-OPEN","BRA501","2026-02-26 18:11:08.160"
"Reclass","U","Update","Hold Class","E6BB0405","109/3/4-11","HOLD","COMP","BRA505","2025-12-06 07:00:16.458"
"Reclass","U","Update","Hold Class","E6BB0405","313/1/2-4","HOLD","COMP","BRA501","2025-12-30 14:15:58.034"
"Reclass","U","Update","Hold Class","E6BB0405","307/4/2-8","SEASON","DIST-OPEN","BRA501","2026-03-12 07:53:28.543"
"Reclass","U","Update","Hold Class","E6BB0405","207/8/6-8","HOLD","DIST-OPEN","BRA510","2026-03-15 20:33:06.028"
"Reclass","U","Update","Hold Class","E6BB0405","107/10/7-10","HOLD","DIST-OPEN","BRA503","2025-11-16 14:42:28.752"
"Reclass","U","Update","Hold Class","E6BB0405","120/3/5-12","SEASON","DIST-OPEN","BRA509","2026-02-03 22:32:56.851"
"Reclass","U","Update","Hold Class","E6BB0405","320/8/13-15","HOLD","COMP","BRA505","2026-03-16 09:32:20.218"
"Reclass","U","Update","Hold Class","E6BB0405","110/6/4-6","HOLD","COMP","BRA503","2026-01-24 02:43:02.595"
"Reclass","U","Update","Hold Class","E6BB0405","406/9/13-21","HOLD","COMP","BRA505","2025-11-30 03:31:49.119"
"Reclass","U","Update","Hold Class","E6BB0405","406/6/14-14","GROUP","DIST-OPEN","BRA503","2026-01-28 11:27:01.158"
"Reclass","U","Update","Hold Class","E6BB0405","105/9/8-10","GROUP","DIST-OPEN","BRA505","2026-02-09 07:29:17.719"
"Reclass","U","Update","Hold Class","E6BB0405","314/6/19-24","HOLD","DIST-OPEN","BRA503","2025-11-13 23:39:06.493"
"Reclass","U","Update","Hold Class","E6BB0405","317/1/13-17","DIST-OPEN","HOLD","BRA506","2025-11-30 03:56:43.283"
"Reclass","U","Update","Hold Class","E6BB0405","303/6/19-27","SEASON","DIST-OPEN","BRA509","2026-01-16 11:55:14.022"
"Reclass","U","Update","Hold Class","E6BB0405","317/2/20-23","DIST-OPEN","HOLD","BRA507","2025-12-11 12:04:08.342"
"Reclass","U","Update","Hold Class","E6BB0405","211/10/1-9","HOLD","COMP","BRA501","2026-03-22 02:18:05.673"
"Reclass","U","Update","Hold Class","E6BB0405","313/1/13-19","DIST-OPEN","HOLD","BRA502","2025-12-18 00:40:41.285"
"Reclass","U","Update","Hold Class","E6BB0406","406/6/8-8","DIST-OPEN","HOLD","BRA509","2025-11-27 06:47:50.421"
"Reclass","U","Update","Hold Class","E6BB0406","107/7/17-23","DIST-OPEN","HOLD","BRA506","2025-12-11 09:50:17.555"
"Reclass","U","Update","Hold Class","E6BB0406","403/5/18-20","GROUP","DIST-OPEN","BRA500","2026-03-06 01:50:34.349"
"Reclass","U","Update","Hold Class","E6BB0406","402/2/9-14","SEASON","DIST-OPEN","BRA508","2025-12-29 13:35:28.505"
"Reclass","U","Update","Hold Class","E6BB0406","216/5/5-11","GROUP","DIST-OPEN","BRA507","2026-01-16 13:09:02.335"
"Reclass","U","Update","Hold Class","E6BB0406","311/1/5-9","SEASON","DIST-OPEN","BRA503","2026-01-11 17:29:59.932"
"Reclass","U","Update","Hold Class","E6BB0406","404/6/18-22","SEASON","DIST-OPEN","BRA506","2026-02-25 18:37:11.947"
"Reclass","U","Update","Hold Class","E6BB0406","206/5/15-16","HOLD","DIST-OPEN","BRA506","2025-11-19 09:54:00.525"
"Reclass","U","Update","Hold Class","E6BB0406","110/10/5-12","SEASON","DIST-OPEN","BRA504","2026-03-12 02:21:07.253"
"Reclass","U","Update","Hold Class","E6BB0406","408/1/17-19","HOLD","DIST-OPEN","BRA502","2025-12-23 09:10:17.233"
"Reclass","U","Update","Hold Class","E6BB0406","216/1/16-22","GROUP","DIST-OPEN","BRA505","2026-02-03 20:25:08.214"
"Reclass","U","Update","Hold Class","E6BB0406","116/9/19-19","SEASON","DIST-OPEN","BRA503","2026-03-25 13:45:41.590"
"Reclass","U","Update","Hold Class","E6BB0406","313/2/7-7","SEASON","DIST-OPEN","BRA508","2026-04-02 14:22:10.696"
"Reclass","U","Update","Hold Class","E6BB0406","407/8/18-22","HOLD","DIST-OPEN","BRA500","2025-12-29 13:10:38.464"
"Reclass","U","Update","Hold Class","E6BB0406","313/4/5-6","GROUP","DIST-OPEN","BRA505","2025-11-28 09:44:02.395"
"Reclass","U","Update","Hold Class","E6BB0406","303/3/7-13","DIST-OPEN","HOLD","BRA510","2026-02-27 22:09:11.855"
"Reclass","U","Update","Hold Class","E6BB0406","118/5/8-10","HOLD","DIST-OPEN","BRA508","2025-12-27 02:54:24.424"
"Reclass","U","Update","Hold Class","E6BB0406","110/3/4-12","SEASON","DIST-OPEN","BRA505","2026-03-11 19:51:56.675"
"Reclass","U","Update","Hold Class","E6BB0406","201/6/5-9","DIST-OPEN","HOLD","BRA506","2025-12-19 06:34:32.833"
"Reclass","U","Update","Hold Class","E6BB0406","101/2/13-13","GROUP","DIST-OPEN","BRA503","2026-03-13 15:38:12.544"
"Reclass","U","Update","Hold Class","E6BB0406","113/9/3-7","HOLD","COMP","BRA501","2026-01-08 12:47:48.213"
"Reclass","U","Update","Hold Class","E6BB0406","314/4/6-10","GROUP","DIST-OPEN","BRA503","2026-02-21 13:07:16.474"
"Reclass","U","Update","Hold Class","E6BB0406","303/3/19-24","DIST-OPEN","HOLD","BRA501","2026-02-24 14:02:34.474"
"Reclass","U","Update","Hold Class","E6BB0406","316/5/4-7","HOLD","COMP","BRA501","2026-01-22 01:12:00.591"
"Reclass","U","Update","Hold Class","E6BB0406","403/3/15-16","GROUP","DIST-OPEN","BRA505","2026-01-19 02:06:57.229"
"Reclass","U","Update","Hold Class","E6BB0406","303/8/6-14","HOLD","DIST-OPEN","BRA502","2026-01-09 10:10:19.595"
"Reclass","U","Update","Hold Class","E6BB0406","112/2/15-21","HOLD","DIST-OPEN","BRA504","2026-02-24 01:41:41.224"
"Reclass","U","Update","Hold Class","E6BB0408","205/2/15-23","HOLD","DIST-OPEN","BRA505","2025-12-08 13:10:09.902"
"Reclass","U","Update","Hold Class","E6BB0408","202/6/6-10","GROUP","DIST-OPEN","BRA509","2025-11-21 22:15:26.914"
"Reclass","U","Update","Hold Class","E6BB0408","118/6/12-12","SEASON","DIST-OPEN","BRA509","2025-12-01 22:21:06.157"
"Reclass","U","Update","Hold Class","E6BB0408","207/10/19-20","GROUP","DIST-OPEN","BRA506","2026-01-28 13:48:49.676"
"Reclass","U","Update","Hold Class","E6BB0408","302/8/13-14","HOLD","DIST-OPEN","BRA510","2026-01-25 18:38:40.684"
"Reclass","U","Update","Hold Class","E6BB0408","301/2/6-8","HOLD","COMP","BRA500","2025-12-30 06:08:53.188"
"Reclass","U","Update","Hold Class","E6BB0408","113/5/2-10","GROUP","DIST-OPEN","BRA503","2025-12-07 05:02:32.740"
"Reclass","U","Update","Hold Class","E6BB0408","209/7/12-18","SEASON","DIST-OPEN","BRA501","2025-11-28 04:46:36.960"
"Reclass","U","Update","Hold Class","E6BB0408","405/1/18-18","DIST-OPEN","HOLD","BRA509","2026-02-25 02:51:51.515"
"Reclass","U","Update","Hold Class","E6BB0408","316/1/9-17","GROUP","DIST-OPEN","BRA500","2026-01-27 22:48:38.723"
"Reclass","U","Update","Hold Class","E6BB0408","408/4/9-16","GROUP","DIST-OPEN","BRA502","2026-02-04 13:08:51.986"
"Reclass","U","Update","Hold Class","E6BB0408","311/9/13-17","HOLD","COMP","BRA507","2026-03-03 02:35:23.774"
"Reclass","U","Update","Hold Class","E6BB0408","318/5/15-22","GROUP","DIST-OPEN","BRA509","2025-11-21 16:43:46.922"
"Reclass","U","Update","Hold Class","E6BB0408","401/3/19-24","HOLD","DIST-OPEN","BRA505","2025-12-23 06:32:42.715"
"Reclass","U","Update","Hold Class","E6BB0408","317/9/16-18","HOLD","COMP","BRA506","2026-01-15 01:35:11.275"
"Reclass","U","Update","Hold Class","E6BB0408","109/5/17-20","GROUP","DIST-OPEN","BRA505","2026-02-03 02:11:30.988"
"Reclass","U","Update","Hold Class","E6BB0408","406/6/13-18","HOLD","DIST-OPEN","BRA507","2026-03-26 15:25:24.793"
"Reclass","U","Update","Hold Class","E6BB0408","315/3/12-16","HOLD","COMP","BRA507","2026-01-22 00:17:20.509"
"Reclass","U","Update","Hold Class","E6BB0408","205/7/9-13","HOLD","COMP","BRA509","2026-02-04 22:49:56.779"
"Reclass","U","Update","Hold Class","E6BB0408","204/8/19-26","HOLD","COMP","BRA506","2025-11-16 10:42:41.469"
"Reclass","U","Update","Hold Class","E6BB0408","111/8/20-24","SEASON","DIST-OPEN","BRA501","2026-02-20 17:28:24.597"
"Reclass","U","Update","Hold Class","E6BB0408","108/2/3-3","HOLD","COMP","BRA504","2025-12-03 14:10:46.769"
"Reclass","U","Update","Hold Class","E6BB0408","103/7/13-16","GROUP","DIST-OPEN","BRA507","2026-02-20 20:21:51.791"
"Reclass","U","Update","Hold Class","E6BB0410","320/4/9-11","SEASON","DIST-OPEN","BRA501","2026-01-22 14:34:03.587"
"Reclass","U","Update","Hold Class","E6BB0410","318/1/14-22","DIST-OPEN","HOLD","BRA505","2026-02-08 22:48:38.950"
"Reclass","U","Update","Hold Class","E6BB0410","309/6/15-21","HOLD","COMP","BRA501","2025-12-30 07:53:40.871"
"Reclass","U","Update","Hold Class","E6BB0410","303/6/18-25","HOLD","DIST-OPEN","BRA506","2026-03-23 20:58:37.201"
"Reclass","U","Update","Hold Class","E6BB0410","308/8/10-11","SEASON","DIST-OPEN","BRA505","2026-01-08 22:44:27.229"
"Reclass","U","Update","Hold Class","E6BB0410","310/2/16-16","SEASON","DIST-OPEN","BRA500","2026-02-02 16:49:06.122"
"Reclass","U","Update","Hold Class","E6BB0410","108/2/8-12","HOLD","COMP","BRA510","2026-03-03 20:24:05.203"
"Reclass","U","Update","Hold Class","E6BB0410","302/1/8-8","HOLD","COMP","BRA509","2026-02-04 03:30:43.944"
"Reclass","U","Update","Hold Class","E6BB0410","309/8/20-25","HOLD","COMP","BRA510","2026-01-15 06:58:40.238"
"Reclass","U","Update","Hold Class","E6BB0410","113/8/17-24","DIST-OPEN","HOLD","BRA508","2026-01-03 08:40:34.100"
"Reclass","U","Update","Hold Class","E6BB0410","219/1/5-9","SEASON","DIST-OPEN","BRA509","2025-12-12 11:53:14.791"
"Reclass","U","Update","Hold Class","E6BB0410","104/3/1-2","GROUP","DIST-OPEN","BRA509","2025-11-26 04:32:05.052"
"Reclass","U","Update","Hold Class","E6BB0410","213/4/14-19","HOLD","COMP","BRA500","2025-12-14 15:31:30.638"
"Reclass","U","Update","Hold Class","E6BB0410","109/3/4-5","DIST-OPEN","HOLD","BRA503","2026-01-24 15:54:43.083"
"Reclass","U","Update","Hold Class","E6BB0410","401/7/1-7","DIST-OPEN","HOLD","BRA502","2025-12-18 08:49:46.040"
"Reclass","U","Update","Hold Class","E6BB0410","315/7/20-23","HOLD","COMP","BRA509","2025-11-27 06:40:38.568"
"Reclass","U","Update","Hold Class","E6BB0410","202/3/17-21","HOLD","DIST-OPEN","BRA502","2026-02-14 18:30:56.904"
"Reclass","U","Update","Hold Class","E6BB0410","303/5/1-1","SEASON","DIST-OPEN","BRA508","2026-01-23 16:49:12.897"
"Reclass","U","Update","Hold Class","E6BB0411","215/2/2-3","HOLD","COMP","BRA507","2026-03-12 04:23:40.421"
"Reclass","U","Update","Hold Class","E6BB0411","312/5/15-23","DIST-OPEN","HOLD","BRA507","2025-12-25 03:46:35.435"
"Reclass","U","Update","Hold Class","E6BB0411","114/9/10-17","DIST-OPEN","HOLD","BRA508","2026-01-17 18:26:15.669"
"Reclass","U","Update","Hold Class","E6BB0411","219/9/7-11","HOLD","DIST-OPEN","BRA510","2026-03-22 19:53:55.341"
"Reclass","U","Update","Hold Class","E6BB0411","214/9/10-13","HOLD","DIST-OPEN","BRA509","2026-03-30 17:31:21.887"
"Reclass","U","Update","Hold Class","E6BB0412","405/8/1-8","DIST-OPEN","HOLD","BRA505","2026-02-03 20:57:30.970"
"Reclass","U","Update","Hold Class","E6BB0412","106/3/14-17","DIST-OPEN","HOLD","BRA500","2026-04-05 23:56:04.392"
"Reclass","U","Update","Hold Class","E6BB0412","313/4/16-22","HOLD","DIST-OPEN","BRA510","2026-03-24 15:04:22.473"
"Reclass","U","Update","Hold Class","E6BB0412","112/9/2-6","SEASON","DIST-OPEN","BRA507","2025-11-23 12:17:19.786"
"Reclass","U","Update","Hold Class","E6BB0412","109/1/12-12","HOLD","COMP","BRA510","2026-04-02 04:31:28.336"
"Reclass","U","Update","Hold Class","E6BB0412","408/2/15-20","HOLD","COMP","BRA507","2026-03-11 01:37:39.615"
"Reclass","U","Update","Hold Class","E6BB0412","302/9/18-21","GROUP","DIST-OPEN","BRA500","2025-12-14 12:36:17.224"
"Reclass","U","Update","Hold Class","E6BB0413","203/6/20-26","HOLD","COMP","BRA508","2025-11-23 03:03:57.014"
"Reclass","U","Update","Hold Class","E6BB0413","115/1/6-9","HOLD","DIST-OPEN","BRA502","2025-12-02 06:47:36.298"
"Reclass","U","Update","Hold Class","E6BB0413","217/7/16-16","DIST-OPEN","HOLD","BRA505","2026-03-01 21:02:14.478"
"Reclass","U","Update","Hold Class","E6BB0413","301/3/12-20","GROUP","DIST-OPEN","BRA508","2026-02-12 07:32:46.282"
"Reclass","U","Update","Hold Class","E6BB0413","213/10/9-17","HOLD","COMP","BRA510","2026-01-26 13:16:36.105"
"Reclass","U","Update","Hold Class","E6BB0413","313/4/15-20","HOLD","COMP","BRA501","2026-02-18 22:07:58.400"
"Reclass","U","Update","Hold Class","E6BB0413","112/4/19-19","GROUP","DIST-OPEN","BRA509","2026-02-04 18:37:03.025"
"Reclass","U","Update","Hold Class","E6BB0413","113/4/2-3","SEASON","DIST-OPEN","BRA507","2026-01-17 03:59:13.698"
"Reclass","U","Update","Hold Class","E6BB0413","210/3/14-19","SEASON","DIST-OPEN","BRA500","2025-12-28 23:06:31.474"
"Reclass","U","Update","Hold Class","E6BB0413","311/10/8-10","HOLD","DIST-OPEN","BRA506","2026-03-03 20:02:51.021"
"Reclass","U","Update","Hold Class","E6BB0413","120/2/15-15","HOLD","DIST-OPEN","BRA508","2026-02-13 13:46:48.288"
"Reclass","U","Update","Hold Class","E6BB0413","113/4/20-21","SEASON","DIST-OPEN","BRA509","2025-12-19 06:51:37.870"
"Reclass","U","Update","Hold Class","E6BB0413","314/9/9-14","GROUP","DIST-OPEN","BRA505","2025-12-02 23:11:58.801"
"Reclass","U","Update","Hold Class","E6BB0413","315/5/16-19","HOLD","COMP","BRA510","2025-12-19 06:47:54.467"
"Reclass","U","Update","Hold Class","E6BB0413","403/10/7-11","GROUP","DIST-OPEN","BRA507","2026-02-15 11:38:16.231"
"Reclass","U","Update","Hold Class","E6BB0413","407/6/16-22","SEASON","DIST-OPEN","BRA502","2026-02-12 07:35:07.250"
"Reclass","U","Update","Hold Class","E6BB0413","201/6/2-10","SEASON","DIST-OPEN","BRA506","2026-02-27 23:21:07.993"
"Reclass","U","Update","Hold Class","E6BB0413","101/9/17-19","HOLD","DIST-OPEN","BRA502","2025-12-21 01:58:35.006"
"Reclass","U","Update","Hold Class","E6BB0413","116/10/20-26","HOLD","COMP","BRA501","2025-12-07 05:55:58.453"
"Reclass","U","Update","Hold Class","E6BB0413","308/9/2-4","GROUP","DIST-OPEN","BRA500","2025-12-07 09:30:04.379"
"Reclass","U","Update","Hold Class","E6BB0414","303/3/19-27","GROUP","DIST-OPEN","BRA501","2026-01-13 23:49:27.325"
"Reclass","U","Update","Hold Class","E6BB0414","408/7/20-21","HOLD","DIST-OPEN","BRA504","2026-03-21 19:26:39.022"
"Reclass","U","Update","Hold Class","E6BB0414","210/10/9-14","HOLD","COMP","BRA505","2026-01-22 03:42:39.121"
"Reclass","U","Update","Hold Class","E6BB0414","317/6/4-11","DIST-OPEN","HOLD","BRA507","2025-11-23 05:09:21.964"
"Reclass","U","Update","Hold Class","E6BB0414","117/9/14-15","SEASON","DIST-OPEN","BRA508","2025-12-06 13:52:36.611"
"Reclass","U","Update","Hold Class","E6BB0414","218/1/2-8","GROUP","DIST-OPEN","BRA508","2026-03-31 13:05:43.112"
"Reclass","U","Update","Hold Class","E6BB0414","208/7/15-20","HOLD","DIST-OPEN","BRA506","2026-04-08 12:21:18.042"
"Reclass","U","Update","Hold Class","E6BB0414","112/1/4-8","GROUP","DIST-OPEN","BRA501","2026-03-16 19:55:33.409"
"Reclass","U","Update","Hold Class","E6BB0414","305/8/20-28","SEASON","DIST-OPEN","BRA500","2026-02-17 01:32:46.890"
"Reclass","U","Update","Hold Class","E6BB0414","220/6/11-17","HOLD","COMP","BRA506","2026-03-29 08:17:44.440"
"Reclass","U","Update","Hold Class","E6BB0415","205/6/5-12","SEASON","DIST-OPEN","BRA509","2025-12-23 01:03:39.886"
"Reclass","U","Update","Hold Class","E6BB0415","104/10/1-8","DIST-OPEN","HOLD","BRA503","2026-02-26 15:09:42.555"
"Reclass","U","Update","Hold Class","E6BB0415","108/7/17-21","HOLD","COMP","BRA502","2025-12-02 12:14:45.432"
"Reclass","U","Update","Hold Class","E6BB0415","410/8/16-20","HOLD","COMP","BRA509","2026-01-05 20:07:22.204"
"Reclass","U","Update","Hold Class","E6BB0415","112/3/3-10","HOLD","COMP","BRA507","2026-02-02 19:52:16.851"
"Reclass","U","Update","Hold Class","E6BB0415","320/2/9-14","GROUP","DIST-OPEN","BRA503","2026-03-22 20:32:26.158"
"Reclass","U","Update","Hold Class","E6BB0415","116/5/2-7","HOLD","DIST-OPEN","BRA500","2026-01-21 18:31:44.378"
"Reclass","U","Update","Hold Class","E6BB0415","310/8/16-18","HOLD","COMP","BRA502","2026-02-08 13:46:28.850"
"Reclass","U","Update","Hold Class","E6BB0415","111/2/15-16","SEASON","DIST-OPEN","BRA502","2025-11-26 07:35:02.216"
"Reclass","U","Update","Hold Class","E6BB0415","106/8/12-13","HOLD","COMP","BRA505","2025-11-26 05:28:23.565"
"Reclass","U","Update","Hold Class","E6BB0415","112/6/7-14","SEASON","DIST-OPEN","BRA506","2026-02-28 14:27:17.362"
"Reclass","U","Update","Hold Class","E6BB0415","319/2/20-20","HOLD","DIST-OPEN","BRA509","2025-11-18 07:28:36.185"
"Reclass","U","Update","Hold Class","E6BB0415","307/6/14-17","HOLD","DIST-OPEN","BRA501","2025-12-13 09:39:29.048"
"Reclass","U","Update","Hold Class","E6BB0415","114/7/18-23","DIST-OPEN","HOLD","BRA505","2026-04-10 03:32:34.457"
"Reclass","U","Update","Hold Class","E6BB0415","109/6/8-12","SEASON","DIST-OPEN","BRA501","2026-02-12 08:31:35.324"
"Reclass","U","Update","Hold Class","E6BB0416","120/9/9-11","SEASON","DIST-OPEN","BRA504","2026-04-10 11:24:29.237"
"Reclass","U","Update","Hold Class","E6BB0416","402/2/20-22","DIST-OPEN","HOLD","BRA502","2026-01-25 11:29:03.849"
"Reclass","U","Update","Hold Class","E6BB0416","215/4/16-21","DIST-OPEN","HOLD","BRA503","2026-03-06 19:03:33.322"
"Reclass","U","Update","Hold Class","E6BB0416","110/5/18-25","SEASON","DIST-OPEN","BRA502","2026-01-13 23:20:50.648"
"Reclass","U","Update","Hold Class","E6BB0416","305/5/9-11","SEASON","DIST-OPEN","BRA508","2026-04-08 02:52:18.656"
"Reclass","U","Update","Hold Class","E6BB0416","102/3/13-13","HOLD","DIST-OPEN","BRA500","2026-01-01 03:07:26.102"
"Reclass","U","Update","Hold Class","E6BB0416","104/3/10-14","HOLD","COMP","BRA505","2026-02-20 03:04:21.465"
"Reclass","U","Update","Hold Class","E6BB0416","106/1/16-21","DIST-OPEN","HOLD","BRA507","2025-11-26 07:05:35.618"
"Reclass","U","Update","Hold Class","E6BB0416","119/7/5-6","HOLD","COMP","BRA505","2026-03-02 06:10:51.276"
"Reclass","U","Update","Hold Class","E6BB0416","301/3/9-16","SEASON","DIST-OPEN","BRA507","2025-12-31 16:15:47.544"
"Reclass","U","Update","Hold Class","E6BB0416","206/1/14-17","HOLD","DIST-OPEN","BRA505","2026-02-20 04:23:11.223"
"Reclass","U","Update","Hold Class","E6BB0416","406/4/5-6","HOLD","DIST-OPEN","BRA504","2025-11-19 14:25:21.198"
"Reclass","U","Update","Hold Class","E6BB0416","311/2/3-11","SEASON","DIST-OPEN","BRA507","2026-01-01 12:42:07.843"
"Reclass","U","Update","Hold Class","E6BB0416","318/8/8-10","GROUP","DIST-OPEN","BRA509","2026-04-15 06:44:43.983"
"Reclass","U","Update","Hold Class","E6BB0416","407/7/5-12","HOLD","COMP","BRA509","2026-04-15 13:16:59.518"
"Reclass","U","Update","Hold Class","E6BB0416","205/3/14-15","HOLD","COMP","BRA510","2025-12-17 15:42:30.630"
"Reclass","U","Update","Hold Class","E6BB0416","205/8/6-8","SEASON","DIST-OPEN","BRA508","2025-12-01 15:54:24.769"
"Reclass","U","Update","Hold Class","E6BB0416","217/5/6-7","DIST-OPEN","HOLD","BRA510","2026-02-20 15:49:23.874"
"Reclass","U","Update","Hold Class","E6BB0416","120/9/12-17","SEASON","DIST-OPEN","BRA506","2026-02-01 01:33:36.024"
"Reclass","U","Update","Hold Class","E6BB0416","319/9/7-14","DIST-OPEN","HOLD","BRA505","2026-02-25 18:01:31.750"
"Reclass","U","Update","Hold Class","E6BB0416","312/10/6-11","DIST-OPEN","HOLD","BRA510","2026-01-02 13:05:30.077"
"Reclass","U","Update","Hold Class","E6BB0416","203/7/16-17","HOLD","COMP","BRA509","2026-02-14 20:04:20.091"
"Reclass","U","Update","Hold Class","E6BB0416","320/7/19-20","HOLD","DIST-OPEN","BRA504","2026-02-06 13:50:01.741"
"Reclass","U","Update","Hold Class","E6BB0416","208/9/12-20","DIST-OPEN","HOLD","BRA509","2025-12-02 16:44:02.261"
"Reclass","U","Update","Hold Class","E6BB0416","105/5/12-18","SEASON","DIST-OPEN","BRA507","2026-03-10 14:56:41.689"
"Reclass","U","Update","Hold Class","E6BB0416","407/7/15-18","DIST-OPEN","HOLD","BRA506","2025-12-28 23:32:28.615"
"Reclass","U","Update","Hold Class","E6BB0416","212/8/12-18","HOLD","DIST-OPEN","BRA508","2026-03-05 03:16:56.725"
"Reclass","U","Update","Hold Class","E6BB0416","201/6/3-7","SEASON","DIST-OPEN","BRA504","2026-01-10 10:27:18.717"
"Reclass","U","Update","Hold Class","E6BB0417","110/2/20-26","DIST-OPEN","HOLD","BRA508","2026-02-09 10:59:37.119"
"Reclass","U","Update","Hold Class","E6BB0417","312/8/3-10","DIST-OPEN","HOLD","BRA500","2026-02-05 07:03:11.572"
"Reclass","U","Update","Hold Class","E6BB0417","213/10/14-18","GROUP","DIST-OPEN","BRA504","2026-01-19 10:31:10.402"
"Reclass","U","Update","Hold Class","E6BB0417","212/2/20-22","HOLD","COMP","BRA508","2025-11-11 19:22:33.118"
"Reclass","U","Update","Hold Class","E6BB0417","219/1/12-19","DIST-OPEN","HOLD","BRA506","2026-03-15 00:19:38.280"
"Reclass","U","Update","Hold Class","E6BB0417","409/5/2-10","HOLD","COMP","BRA502","2025-11-19 12:21:46.766"
"Reclass","U","Update","Hold Class","E6BB0417","306/10/4-8","SEASON","DIST-OPEN","BRA508","2026-04-07 03:03:51.096"
"Reclass","U","Update","Hold Class","E6BB0417","410/2/18-22","SEASON","DIST-OPEN","BRA500","2025-12-16 02:11:18.192"
"Reclass","U","Update","Hold Class","E6BB0417","406/2/15-21","HOLD","COMP","BRA506","2026-03-17 08:08:15.537"
"Reclass","U","Update","Hold Class","E6BB0417","320/6/19-25","SEASON","DIST-OPEN","BRA505","2025-12-06 06:18:44.300"
"Reclass","U","Update","Hold Class","E6BB0417","108/3/20-24","HOLD","DIST-OPEN","BRA508","2026-02-06 13:27:58.598"
"Reclass","U","Update","Hold Class","E6BB0417","308/10/5-5","GROUP","DIST-OPEN","BRA510","2026-01-05 18:09:16.541"
"Reclass","U","Update","Hold Class","E6BB0417","219/7/1-1","HOLD","DIST-OPEN","BRA507","2026-01-10 09:05:42.492"
"Reclass","U","Update","Hold Class","E6BB0417","218/8/13-20","DIST-OPEN","HOLD","BRA500","2025-12-27 01:02:27.047"
"Reclass","U","Update","Hold Class","E6BB0418","213/6/8-15","DIST-OPEN","HOLD","BRA503","2026-03-08 09:50:45.672"
"Reclass","U","Update","Hold Class","E6BB0418","302/8/5-6","HOLD","COMP","BRA509","2025-12-23 12:00:45.929"
"Reclass","U","Update","Hold Class","E6BB0418","115/7/16-20","HOLD","DIST-OPEN","BRA502","2026-02-27 18:22:42.854"
"Reclass","U","Update","Hold Class","E6BB0418","118/10/3-7","HOLD","COMP","BRA501","2026-02-24 16:32:18.385"
"Reclass","U","Update","Hold Class","E6BB0418","110/2/20-21","SEASON","DIST-OPEN","BRA502","2026-03-01 02:52:27.329"
"Reclass","U","Update","Hold Class","E6BB0418","111/9/13-21","SEASON","DIST-OPEN","BRA506","2025-11-19 07:34:26.504"
"Reclass","U","Update","Hold Class","E6BB0418","218/8/7-12","SEASON","DIST-OPEN","BRA501","2026-04-02 00:10:51.243"
"Reclass","U","Update","Hold Class","E6BB0418","303/1/6-8","GROUP","DIST-OPEN","BRA506","2026-04-04 19:40:40.343"
"Reclass","U","Update","Hold Class","E6BB0418","315/9/4-6","HOLD","COMP","BRA506","2026-04-12 23:52:58.763"
"Reclass","U","Update","Hold Class","E6BB0418","308/1/14-19","SEASON","DIST-OPEN","BRA500","2026-03-03 23:10:21.817"
"Reclass","U","Update","Hold Class","E6BB0418","402/8/15-21","SEASON","DIST-OPEN","BRA501","2025-11-26 10:42:47.454"
"Reclass","U","Update","Hold Class","E6BB0418","201/2/2-4","HOLD","DIST-OPEN","BRA503","2025-12-13 04:36:37.615"
"Reclass","U","Update","Hold Class","E6BB0418","220/3/17-21","DIST-OPEN","HOLD","BRA508","2025-12-23 08:54:21.880"
"Reclass","U","Update","Hold Class","E6BB0418","211/7/18-24","HOLD","COMP","BRA503","2026-03-01 22:45:38.342"
"Reclass","U","Update","Hold Class","E6BB0419","408/10/3-6","HOLD","COMP","BRA505","2026-03-28 18:53:53.036"
"Reclass","U","Update","Hold Class","E6BB0419","108/5/16-18","HOLD","DIST-OPEN","BRA501","2025-12-25 12:38:59.404"
"Reclass","U","Update","Hold Class","E6BB0419","211/7/16-19","SEASON","DIST-OPEN","BRA504","2026-04-06 06:06:21.393"
"Reclass","U","Update","Hold Class","E6BB0419","401/10/9-16","HOLD","DIST-OPEN","BRA502","2026-02-19 15:02:16.253"
"Reclass","U","Update","Hold Class","E6BB0419","319/7/19-20","HOLD","DIST-OPEN","BRA510","2026-04-08 15:30:53.481"
"Reclass","U","Update","Hold Class","E6BB0419","113/3/19-23","HOLD","DIST-OPEN","BRA501","2026-02-26 06:10:35.838"
"Reclass","U","Update","Hold Class","E6BB0419","103/8/1-2","GROUP","DIST-OPEN","BRA506","2026-04-08 09:26:32.503"
"Reclass","U","Update","Hold Class","E6BB0419","118/8/7-13","HOLD","DIST-OPEN","BRA507","2026-03-09 09:23:42.878"
"Reclass","U","Update","Hold Class","E6BB0420","114/6/10-17","HOLD","DIST-OPEN","BRA510","2026-01-05 17:03:48.857"
"Reclass","U","Update","Hold Class","E6BB0420","317/1/16-18","HOLD","COMP","BRA503","2026-03-02 18:55:10.864"
"Reclass","U","Update","Hold Class","E6BB0420","406/10/12-13","HOLD","COMP","BRA504","2026-04-06 21:01:01.388"
"Reclass","U","Update","Hold Class","E6BB0420","117/2/15-20","HOLD","COMP","BRA502","2026-01-20 23:35:00.853"
"Reclass","U","Update","Hold Class","E6BB0420","409/10/8-14","SEASON","DIST-OPEN","BRA500","2026-02-23 02:59:29.232"
"Reclass","U","Update","Hold Class","E6BB0420","208/10/9-11","HOLD","COMP","BRA506","2026-03-30 07:21:32.650"
"Reclass","U","Update","Hold Class","E6BB0420","319/2/3-4","HOLD","DIST-OPEN","BRA510","2026-01-28 10:39:02.192"
"Reclass","U","Update","Hold Class","E6BB0420","408/8/15-21","DIST-OPEN","HOLD","BRA507","2025-12-14 19:20:38.179"
"Reclass","U","Update","Hold Class","E6BB0420","112/8/11-12","GROUP","DIST-OPEN","BRA500","2026-02-23 18:50:04.279"
"Reclass","U","Update","Hold Class","E6BB0420","303/7/20-21","HOLD","COMP","BRA504","2025-12-31 12:27:57.209"
"Reclass","U","Update","Hold Class","E6BB0420","306/10/10-18","SEASON","DIST-OPEN","BRA510","2026-01-22 08:38:24.788"
"Reclass","U","Update","Hold Class","E6BB0420","305/10/14-19","HOLD","COMP","BRA509","2026-04-19 10:44:19.825"
"Reclass","U","Update","Hold Class","E6BB0420","302/1/11-17","HOLD","COMP","BRA506","2026-02-24 21:00:11.255"
"Reclass","U","Update","Hold Class","E6BB0420","211/7/13-15","HOLD","COMP","BRA510","2026-01-30 01:16:47.625"
"Reclass","U","Update","Hold Class","E6BB0420","102/8/15-20","HOLD","DIST-OPEN","BRA509","2025-12-04 21:52:40.019"
"Reclass","U","Update","Hold Class","E6BB0421","118/3/8-11","HOLD","DIST-OPEN","BRA507","2026-03-10 22:00:33.818"
"Reclass","U","Update","Hold Class","E6BB0421","409/8/11-19","HOLD","DIST-OPEN","BRA505","2026-03-28 16:13:39.119"
"Reclass","U","Update","Hold Class","E6BB0421","401/8/5-7","HOLD","DIST-OPEN","BRA503","2026-02-13 09:34:16.340"
"Reclass","U","Update","Hold Class","E6BB0421","303/5/2-7","HOLD","COMP","BRA507","2026-03-05 00:40:45.909"
"Reclass","U","Update","Hold Class","E6BB0421","304/8/4-7","SEASON","DIST-OPEN","BRA509","2026-02-25 05:41:05.589"
"Reclass","U","Update","Hold Class","E6BB0421","216/9/10-18","DIST-OPEN","HOLD","BRA505","2025-12-13 17:01:46.818"
"Reclass","U","Update","Hold Class","E6BB0421","110/7/2-3","HOLD","DIST-OPEN","BRA510","2025-11-18 20:04:09.378"
"Reclass","U","Update","Hold Class","E6BB0421","216/3/20-23","SEASON","DIST-OPEN","BRA502","2025-12-24 07:16:23.581"
"Reclass","U","Update","Hold Class","E6BB0421","116/10/19-27","HOLD","DIST-OPEN","BRA506","2025-11-29 12:00:50.442"
"Reclass","U","Update","Hold Class","E6BB0421","102/5/12-20","GROUP","DIST-OPEN","BRA509","2026-03-26 18:25:01.735"
"Reclass","U","Update","Hold Class","E6BB0421","111/5/18-20","DIST-OPEN","HOLD","BRA507","2026-04-17 10:26:43.329"
"Reclass","U","Update","Hold Class","E6BB0421","319/9/14-22","DIST-OPEN","HOLD","BRA509","2026-02-02 11:54:27.591"
"Reclass","U","Update","Hold Class","E6BB0421","120/8/9-14","SEASON","DIST-OPEN","BRA508","2026-02-26 00:03:55.971"
"Reclass","U","Update","Hold Class","E6BB0422","204/7/6-7","GROUP","DIST-OPEN","BRA501","2026-02-12 05:26:38.220"
"Reclass","U","Update","Hold Class","E6BB0422","301/1/16-22","HOLD","COMP","BRA510","2025-12-09 23:09:43.447"
"Reclass","U","Update","Hold Class","E6BB0422","108/3/4-9","HOLD","COMP","BRA507","2025-12-06 16:45:24.815"
"Reclass","U","Update","Hold Class","E6BB0422","216/4/19-23","HOLD","DIST-OPEN","BRA509","2026-04-12 17:39:34.738"
"Reclass","U","Update","Hold Class","E6BB0422","111/8/19-27","DIST-OPEN","HOLD","BRA502","2026-02-23 14:49:39.008"
"Reclass","U","Update","Hold Class","E6BB0422","112/4/15-15","GROUP","DIST-OPEN","BRA510","2025-11-13 02:18:58.541"
"Reclass","U","Update","Hold Class","E6BB0422","319/1/12-15","SEASON","DIST-OPEN","BRA505","2026-03-14 17:43:30.984"
"Reclass","U","Update","Hold Class","E6BB0422","202/7/10-16","DIST-OPEN","HOLD","BRA510","2026-01-04 05:38:56.270"
"Reclass","U","Update","Hold Class","E6BB0422","306/10/12-15","DIST-OPEN","HOLD","BRA507","2026-01-07 09:48:53.432"
"Reclass","U","Update","Hold Class","E6BB0423","312/7/7-7","DIST-OPEN","HOLD","BRA510","2025-12-15 04:21:42.570"
"Reclass","U","Update","Hold Class","E6BB0423","205/6/9-9","HOLD","DIST-OPEN","BRA505","2026-01-23 01:43:08.512"
"Reclass","U","Update","Hold Class","E6BB0423","212/3/9-13","DIST-OPEN","HOLD","BRA507","2026-03-06 20:34:07.729"
"Reclass","U","Update","Hold Class","E6BB0423","104/5/14-21","HOLD","COMP","BRA506","2025-12-22 21:57:49.139"
"Reclass","U","Update","Hold Class","E6BB0423","111/9/14-17","SEASON","DIST-OPEN","BRA502","2026-02-22 01:01:48.334"
"Reclass","U","Update","Hold Class","E6BB0423","201/2/2-10","GROUP","DIST-OPEN","BRA507","2026-04-02 18:37:05.352"
"Reclass","U","Update","Hold Class","E6BB0423","105/8/12-16","HOLD","DIST-OPEN","BRA509","2026-03-11 05:52:07.208"
"Reclass","U","Update","Hold Class","E6BB0423","319/4/3-7","GROUP","DIST-OPEN","BRA504","2026-03-17 13:45:41.306"
"Reclass","U","Update","Hold Class","E6BB0423","108/1/1-1","HOLD","COMP","BRA506","2026-02-20 00:46:42.234"
"Reclass","U","Update","Hold Class","E6BB0424","212/7/18-26","HOLD","COMP","BRA504","2025-11-21 04:34:08.289"
"Reclass","U","Update","Hold Class","E6BB0424","408/8/7-10","SEASON","DIST-OPEN","BRA502","2026-02-13 13:46:25.359"
"Reclass","U","Update","Hold Class","E6BB0424","103/7/5-6","HOLD","COMP","BRA510","2026-04-13 12:33:13.679"
"Reclass","U","Update","Hold Class","E6BB0424","215/5/19-27","GROUP","DIST-OPEN","BRA502","2026-03-31 03:18:58.387"
"Reclass","U","Update","Hold Class","E6BB0424","314/4/3-8","HOLD","DIST-OPEN","BRA500","2026-01-05 01:03:28.344"
"Reclass","U","Update","Hold Class","E6BB0424","311/4/7-14","HOLD","COMP","BRA502","2026-01-12 07:48:25.113"
"Reclass","U","Update","Hold Class","E6BB0424","304/6/4-6","SEASON","DIST-OPEN","BRA504","2026-01-26 16:34:44.767"
"Reclass","U","Update","Hold Class","E6BB0424","319/8/15-22","HOLD","COMP","BRA505","2026-01-15 04:12:38.877"
"Reclass","U","Update","Hold Class","E6BB0424","216/4/4-12","DIST-OPEN","HOLD","BRA509","2026-03-05 16:47:46.236"
"Reclass","U","Update","Hold Class","E6BB0424","116/8/2-5","GROUP","DIST-OPEN","BRA504","2026-01-28 22:58:26.117"
"Reclass","U","Update","Hold Class","E6BB0424","113/9/11-19","GROUP","DIST-OPEN","BRA504","2026-01-14 03:45:23.143"
"Reclass","U","Update","Hold Class","E6BB0424","202/3/5-7","DIST-OPEN","HOLD","BRA505","2025-12-10 13:35:15.910"
"Reclass","U","Update","Hold Class","E6BB0424","203/4/5-11","HOLD","DIST-OPEN","BRA510","2025-12-01 21:20:44.753"
"Reclass","U","Update","Hold Class","E6BB0424","106/10/9-15","SEASON","DIST-OPEN","BRA504","2026-03-12 09:02:37.020"
"Reclass","U","Update","Hold Class","E6BB0424","203/4/20-20","SEASON","DIST-OPEN","BRA504","2026-04-01 16:32:01.592"
"Reclass","U","Update","Hold Class","E6BB0424","309/3/5-7","HOLD","DIST-OPEN","BRA505","2025-11-26 18:10:37.691"
"Reclass","U","Update","Hold Class","E6BB0424","216/10/11-13","DIST-OPEN","HOLD","BRA508","2026-03-04 23:03:06.471"
"Reclass","U","Update","Hold Class","E6BB0424","101/9/7-12","HOLD","DIST-OPEN","BRA510","2025-11-12 22:49:25.850"
"Reclass","U","Update","Hold Class","E6BB0424","212/4/8-11","SEASON","DIST-OPEN","BRA503","2026-03-14 06:26:08.747"
"Reclass","U","Update","Hold Class","E6BB0424","208/8/11-16","SEASON","DIST-OPEN","BRA501","2026-02-19 04:26:58.480"
"Reclass","U","Update","Hold Class","E6BB0424","204/5/6-11","DIST-OPEN","HOLD","BRA503","2026-03-22 19:08:43.941"
"Reclass","U","Update","Hold Class","E6BB0424","108/6/16-19","HOLD","COMP","BRA506","2026-01-27 09:45:51.465"
"Reclass","U","Update","Hold Class","E6BB0424","302/1/11-13","HOLD","DIST-OPEN","BRA508","2026-02-04 09:54:59.456"
"Reclass","U","Update","Hold Class","E6BB0424","106/4/3-6","DIST-OPEN","HOLD","BRA501","2026-01-16 00:01:44.279"
"Reclass","U","Update","Hold Class","E6BB0424","217/3/8-15","HOLD","COMP","BRA509","2025-12-19 14:37:11.002"
"Reclass","U","Update","Hold Class","E6BB0424","105/8/16-21","GROUP","DIST-OPEN","BRA502","2026-04-14 20:12:27.618"
"Reclass","U","Update","Hold Class","E6BB0424","115/8/19-22","HOLD","COMP","BRA510","2025-12-12 23:56:25.838"
"Reclass","U","Update","Hold Class","E6BB0424","406/1/1-5","DIST-OPEN","HOLD","BRA501","2026-01-18 14:39:36.237"
"Reclass","U","Update","Hold Class","E6BB0424","310/8/2-7","GROUP","DIST-OPEN","BRA500","2026-03-01 17:34:47.881"
"Reclass","U","Update","Hold Class","E6BB0424","102/6/1-5","HOLD","COMP","BRA509","2025-12-21 18:39:55.824"
"Reclass","U","Update","Hold Class","E6BB0424","317/4/11-11","HOLD","DIST-OPEN","BRA501","2026-03-09 03:28:55.245"
"Reclass","U","Update","Hold Class","E6BB0424","220/7/17-23","HOLD","COMP","BRA505","2026-03-20 20:26:12.131"
"Reclass","U","Update","Hold Class","E6BB0424","107/1/11-12","SEASON","DIST-OPEN","BRA510","2025-12-29 03:16:32.002"
"Reclass","U","Update","Hold Class","E6BB0424","311/6/17-25","GROUP","DIST-OPEN","BRA509","2025-11-19 06:25:42.605"
"Reclass","U","Update","Hold Class","E6BB0424","208/2/18-26","GROUP","DIST-OPEN","BRA509","2026-01-28 20:11:21.209"
"Reclass","U","Update","Hold Class","E6BB0424","212/10/17-19","GROUP","DIST-OPEN","BRA501","2026-03-08 15:15:30.939"
"Reclass","U","Update","Hold Class","E6BB0424","317/6/12-13","HOLD","COMP","BRA500","2026-01-15 15:03:43.819"
"Reclass","U","Update","Hold Class","E6BB0424","217/5/3-3","SEASON","DIST-OPEN","BRA504","2026-01-31 11:10:33.168"
"Reclass","U","Update","Hold Class","E6BB0424","106/2/8-12","GROUP","DIST-OPEN","BRA510","2026-01-06 21:20:47.833"
"Reclass","U","Update","Hold Class","E6BB0424","112/3/18-22","SEASON","DIST-OPEN","BRA504","2026-02-16 21:38:28.389"
"Reclass","U","Update","Hold Class","E6BB0424","110/10/20-23","DIST-OPEN","HOLD","BRA502","2026-02-07 15:10:48.363"
"Reclass","U","Update","Hold Class","E6BB0424","303/8/3-4","DIST-OPEN","HOLD","BRA500","2026-03-16 19:33:08.834"
"Reclass","U","Update","Hold Class","E6BB0424","408/8/4-9","GROUP","DIST-OPEN","BRA509","2026-03-03 21:25:12.969"
"Reclass","U","Update","Hold Class","E6BB0424","313/2/1-2","HOLD","DIST-OPEN","BRA508","2025-12-08 15:24:07.438"
"Reclass","U","Update","Hold Class","E6BB0424","113/7/6-13","GROUP","DIST-OPEN","BRA506","2026-03-31 09:38:40.603"
"Reclass","U","Update","Hold Class","E6BB0424","319/7/18-26","HOLD","COMP","BRA506","2026-04-16 03:26:46.164"
"Reclass","U","Update","Hold Class","E6BB0424","316/1/17-18","GROUP","DIST-OPEN","BRA507","2025-12-28 16:41:58.137"
"Reclass","U","Update","Hold Class","E6BB0424","102/5/18-18","GROUP","DIST-OPEN","BRA507","2025-12-26 21:08:51.309"
"Reclass","U","Update","Hold Class","E6BB0424","212/6/19-20","SEASON","DIST-OPEN","BRA503","2025-12-17 04:20:29.484"
"Reclass","U","Update","Hold Class","E6BB0424","406/9/5-8","HOLD","DIST-OPEN","BRA506","2026-02-13 16:18:00.739"
"Reclass","U","Update","Hold Class","E6BB0424","119/6/8-12","GROUP","DIST-OPEN","BRA508","2026-03-09 23:02:07.035"
"Reclass","U","Update","Hold Class","E6BB0424","219/8/6-7","SEASON","DIST-OPEN","BRA500","2025-11-15 09:59:11.335"
"Reclass","U","Update","Hold Class","E6BB0424","117/3/17-19","HOLD","COMP","BRA503","2026-01-21 01:17:06.220"
"Reclass","U","Update","Hold Class","E6BB0424","217/9/10-12","GROUP","DIST-OPEN","BRA500","2026-02-23 17:06:01.990"
"Reclass","U","Update","Hold Class","E6BB0424","114/5/10-10","SEASON","DIST-OPEN","BRA500","2026-01-25 05:19:46.434"
"Reclass","U","Update","Hold Class","E6BB0424","210/10/11-18","SEASON","DIST-OPEN","BRA505","2025-11-27 09:17:11.962"
"Reclass","U","Update","Hold Class","E6BB0424","317/6/13-19","GROUP","DIST-OPEN","BRA510","2026-02-17 15:07:45.656"
"Reclass","U","Update","Hold Class","E6BB0424","104/4/14-19","GROUP","DIST-OPEN","BRA506","2026-01-13 20:11:53.461"
"Reclass","U","Update","Hold Class","E6BB0424","304/8/7-12","DIST-OPEN","HOLD","BRA510","2026-02-26 07:32:09.077"
"Reclass","U","Update","Hold Class","E6BB0424","208/4/8-15","HOLD","DIST-OPEN","BRA501","2026-03-15 15:37:57.434"
"Reclass","U","Update","Hold Class","E6BB0424","205/3/8-15","HOLD","DIST-OPEN","BRA502","2026-04-02 08:54:30.605"
"Reclass","U","Update","Hold Class","E6BB0424","218/7/11-13","HOLD","COMP","BRA504","2025-12-20 19:56:30.759"
"Reclass","U","Update","Hold Class","E6BB0424","314/2/2-4","DIST-OPEN","HOLD","BRA508","2025-12-30 14:37:15.667"
"Reclass","U","Update","Hold Class","E6BB0424","308/9/20-21","GROUP","DIST-OPEN","BRA507","2026-01-17 06:49:30.236"
"Reclass","U","Update","Hold Class","E6BB0424","115/2/4-7","GROUP","DIST-OPEN","BRA505","2025-12-04 15:16:42.096"
"Reclass","U","Update","Hold Class","E6BB0424","215/1/12-12","DIST-OPEN","HOLD","BRA501","2025-12-03 20:26:59.382"
"Reclass","U","Update","Hold Class","E6BB0424","319/7/17-21","DIST-OPEN","HOLD","BRA508","2026-01-08 13:41:22.703"
"Reclass","U","Update","Hold Class","E6BB0424","118/1/3-3","HOLD","COMP","BRA507","2026-01-26 08:32:21.265"
"Reclass","U","Update","Hold Class","E6BB0424","210/2/10-11","HOLD","DIST-OPEN","BRA501","2025-12-09 04:21:25.334"
"Reclass","U","Update","Hold Class","E6BB0424","213/4/8-11","HOLD","DIST-OPEN","BRA505","2025-11-11 15:08:39.380"
"Reclass","U","Update","Hold Class","E6BB0424","410/2/4-11","HOLD","COMP","BRA505","2026-03-04 00:14:09.268"
"Reclass","U","Update","Hold Class","E6BB0424","205/1/9-14","GROUP","DIST-OPEN","BRA501","2025-12-11 10:24:12.126"
"Reclass","U","Update","Hold Class","E6BB0424","106/3/16-18","GROUP","DIST-OPEN","BRA503","2026-01-24 07:51:41.318"
"Reclass","U","Update","Hold Class","E6BB0424","401/10/15-18","DIST-OPEN","HOLD","BRA503","2025-12-16 12:41:06.905"
"Reclass","U","Update","Hold Class","E6BB0424","201/9/11-13","SEASON","DIST-OPEN","BRA506","2025-12-10 10:34:07.393"
"Reclass","U","Update","Hold Class","E6BB0424","104/1/11-14","HOLD","COMP","BRA503","2025-12-09 01:17:42.790"
"Reclass","U","Update","Hold Class","E6BB0424","305/2/1-9","SEASON","DIST-OPEN","BRA508","2025-11-16 08:35:49.840"
"Reclass","U","Update","Hold Class","E6BB0424","307/1/7-14","SEASON","DIST-OPEN","BRA507","2025-12-11 00:30:42.309"
"Reclass","U","Update","Hold Class","E6BB0424","209/1/8-12","SEASON","DIST-OPEN","BRA503","2025-12-10 19:07:10.315"
"Reclass","U","Update","Hold Class","E6BB0424","112/5/4-4","HOLD","DIST-OPEN","BRA509","2026-01-12 18:00:24.019"
"Reclass","U","Update","Hold Class","E6BB0424","318/10/6-11","HOLD","DIST-OPEN","BRA501","2026-01-10 18:53:42.873"
"Reclass","U","Update","Hold Class","E6BB0424","119/7/14-15","HOLD","DIST-OPEN","BRA501","2025-11-27 22:29:59.953"
"Reclass","U","Update","Hold Class","E6BB0424","105/4/20-26","GROUP","DIST-OPEN","BRA509","2026-04-11 23:14:12.307"
"Reclass","U","Update","Hold Class","E6BB0424","305/4/8-9","GROUP","DIST-OPEN","BRA508","2025-12-24 06:38:03.230"
"Reclass","U","Update","Hold Class","E6BB0424","106/1/10-18","DIST-OPEN","HOLD","BRA503","2025-12-23 19:44:13.825"
"Reclass","U","Update","Hold Class","E6BB0424","308/6/18-26","HOLD","COMP","BRA500","2026-02-13 15:10:42.440"
"Reclass","U","Update","Hold Class","E6BB0424","117/8/7-15","SEASON","DIST-OPEN","BRA508","2026-04-03 12:04:38.775"
"Reclass","U","Update","Hold Class","E6BB0424","211/7/18-18","HOLD","DIST-OPEN","BRA506","2026-02-13 20:38:21.622"
"Reclass","U","Update","Hold Class","E6BB0424","207/1/3-9","SEASON","DIST-OPEN","BRA506","2025-12-24 20:06:06.300"
"Reclass","U","Update","Hold Class","E6BB0424","203/8/13-14","GROUP","DIST-OPEN","BRA510","2026-03-15 18:53:00.040"
"Reclass","U","Update","Hold Class","E6BB0424","206/9/8-10","HOLD","COMP","BRA507","2026-03-22 08:55:02.363"
"Reclass","U","Update","Hold Class","E6BB0424","113/3/11-16","GROUP","DIST-OPEN","BRA503","2026-03-12 21:15:34.527"
"Reclass","U","Update","Hold Class","E6BB0424","107/1/14-16","GROUP","DIST-OPEN","BRA507","2026-04-18 14:40:57.628"
"Reclass","U","Update","Hold Class","E6BB0424","117/3/11-11","HOLD","COMP","BRA505","2026-02-24 09:10:55.266"
"Reclass","U","Update","Hold Class","E6BB0424","117/2/13-13","DIST-OPEN","HOLD","BRA505","2026-02-11 13:55:42.984"
"Reclass","U","Update","Hold Class","E6BB0424","304/7/19-20","HOLD","DIST-OPEN","BRA510","2026-02-11 22:51:08.649"
"Reclass","U","Update","Hold Class","E6BB0424","113/2/18-26","HOLD","COMP","BRA504","2025-12-23 02:45:11.895"
"Reclass","U","Update","Hold Class","E6BB0424","104/7/5-10","HOLD","COMP","BRA505","2025-11-14 19:49:06.077"
"Reclass","U","Update","Hold Class","E6BB0424","109/2/19-23","DIST-OPEN","HOLD","BRA505","2026-02-16 09:22:42.244"
"Reclass","U","Update","Hold Class","E6BB0424","311/1/1-6","HOLD","COMP","BRA505","2026-01-01 06:47:11.558"
"Reclass","U","Update","Hold Class","E6BB0424","101/6/4-12","DIST-OPEN","HOLD","BRA504","2026-03-25 12:04:00.204"
"Reclass","U","Update","Hold Class","E6BB0424","205/4/11-18","HOLD","DIST-OPEN","BRA507","2026-01-23 08:21:18.775"
"Reclass","U","Update","Hold Class","E6BB0424","107/4/11-16","GROUP","DIST-OPEN","BRA502","2026-01-19 07:08:39.563"
"Reclass","U","Update","Hold Class","E6BB0424","218/5/18-25","SEASON","DIST-OPEN","BRA507","2025-12-22 19:27:44.634"
"Reclass","U","Update","Hold Class","E6BB0424","305/8/1-3","HOLD","COMP","BRA510","2026-03-06 17:40:28.273"
"Reclass","U","Update","Hold Class","E6BB0424","407/2/6-9","HOLD","COMP","BRA507","2026-03-07 23:33:48.481"
"Reclass","U","Update","Hold Class","E6BB0424","105/5/15-21","HOLD","DIST-OPEN","BRA506","2026-01-10 12:02:57.581"
"Reclass","U","Update","Hold Class","E6BB0424","119/4/17-19","HOLD","DIST-OPEN","BRA509","2026-03-17 01:40:39.266"
"Reclass","U","Update","Hold Class","E6BB0424","309/4/2-2","HOLD","DIST-OPEN","BRA510","2025-11-14 23:47:20.236"
"Reclass","U","Update","Hold Class","E6BB0424","208/9/5-5","HOLD","DIST-OPEN","BRA506","2026-02-01 05:05:32.792"
"Reclass","U","Update","Hold Class","E6BB0424","311/4/16-22","SEASON","DIST-OPEN","BRA502","2026-02-05 04:04:29.883"
"Reclass","U","Update","Hold Class","E6BB0424","108/10/13-18","SEASON","DIST-OPEN","BRA500","2026-04-06 19:42:57.423"
"Reclass","U","Update","Hold Class","E6BB0424","304/10/13-20","HOLD","DIST-OPEN","BRA509","2026-02-07 15:40:57.227"
"Reclass","U","Update","Hold Class","E6BB0424","408/2/10-13","SEASON","DIST-OPEN","BRA504","2026-03-07 02:55:07.094"
"Reclass","U","Update","Hold Class","E6BB0425","203/4/9-17","DIST-OPEN","HOLD","BRA509","2026-04-06 20:45:37.867"
"Reclass","U","Update","Hold Class","E6BB0425","214/4/17-22","GROUP","DIST-OPEN","BRA502","2025-12-17 07:38:13.331"
"Reclass","U","Update","Hold Class","E6BB0425","305/7/5-9","SEASON","DIST-OPEN","BRA509","2025-11-26 07:30:05.458"
"Reclass","U","Update","Hold Class","E6BB0425","111/6/15-18","HOLD","COMP","BRA502","2025-12-21 11:33:40.309"
"Reclass","U","Update","Hold Class","E6BB0425","214/4/17-19","HOLD","DIST-OPEN","BRA510","2026-01-10 11:51:55.518"
"Reclass","U","Update","Hold Class","E6BB0425","219/7/2-10","SEASON","DIST-OPEN","BRA508","2026-03-01 04:01:15.169"
"Reclass","U","Update","Hold Class","E6BB0425","403/6/13-18","HOLD","DIST-OPEN","BRA500","2026-01-09 05:37:19.381"
"Reclass","U","Update","Hold Class","E6BB0425","318/8/6-9","HOLD","COMP","BRA506","2026-02-01 09:01:50.734"
"Reclass","U","Update","Hold Class","E6BB0425","106/10/2-8","GROUP","DIST-OPEN","BRA507","2025-11-24 00:22:51.485"
"Reclass","U","Update","Hold Class","E6BB0425","409/10/17-22","GROUP","DIST-OPEN","BRA505","2026-04-08 12:43:03.232"
"Reclass","U","Update","Hold Class","E6BB0425","116/2/7-9","HOLD","DIST-OPEN","BRA503","2026-02-27 14:44:53.979"
"Reclass","U","Update","Hold Class","E6BB0425","317/8/7-13","DIST-OPEN","HOLD","BRA504","2026-01-10 20:16:31.275"
"Reclass","U","Update","Hold Class","E6BB0425","310/2/19-19","DIST-OPEN","HOLD","BRA509","2025-11-24 20:45:37.914"
"Reclass","U","Update","Hold Class","E6BB0425","216/6/2-3","DIST-OPEN","HOLD","BRA507","2025-11-21 04:57:41.704"
"Reclass","U","Update","Hold Class","E6BB0425","214/10/15-21","GROUP","DIST-OPEN","BRA502","2025-11-21 11:46:59.807"
"Reclass","U","Update","Hold Class","E6BB0425","114/7/18-19","HOLD","COMP","BRA507","2026-02-05 04:29:59.826"
"Reclass","U","Update","Hold Class","E6BB0425","219/3/6-6","HOLD","DIST-OPEN","BRA507","2026-02-27 22:48:00.671"
"Reclass","U","Update","Hold Class","E6BB0425","213/1/6-14","GROUP","DIST-OPEN","BRA508","2026-04-14 14:38:31.465"
"Reclass","U","Update","Hold Class","E6BB0425","305/8/17-20","HOLD","DIST-OPEN","BRA503","2025-12-15 21:52:30.624"
"Reclass","U","Update","Hold Class","E6BB0425","312/7/8-8","SEASON","DIST-OPEN","BRA510","2026-02-27 10:52:06.905"
"Reclass","U","Update","Hold Class","E6BB0425","308/4/9-14","SEASON","DIST-OPEN","BRA506","2026-01-08 18:23:28.384"
"Reclass","U","Update","Hold Class","E6BB0425","218/1/16-21","GROUP","DIST-OPEN","BRA509","2026-02-12 23:54:39.675"
"Reclass","U","Update","Hold Class","E6BB0425","403/1/19-22","DIST-OPEN","HOLD","BRA501","2026-04-06 20:03:01.862"
"Reclass","U","Update","Hold Class","E6BB0425","410/7/9-12","SEASON","DIST-OPEN","BRA509","2026-03-13 21:13:53.085"
"Reclass","U","Update","Hold Class","E6BB0425","102/8/15-20","GROUP","DIST-OPEN","BRA507","2026-04-18 17:53:15.258"
"Reclass","U","Update","Hold Class","E6BB0425","403/10/12-20","DIST-OPEN","HOLD","BRA506","2025-11-18 20:21:35.036"
"Reclass","U","Update","Hold Class","E6BB0425","405/8/4-5","DIST-OPEN","HOLD","BRA503","2026-04-18 02:30:08.056"
"Reclass","U","Update","Hold Class","E6BB0425","213/2/4-10","GROUP","DIST-OPEN","BRA507","2026-01-12 05:08:59.773"
"Reclass","U","Update","Hold Class","E6BB0425","301/5/15-16","GROUP","DIST-OPEN","BRA510","2026-03-03 12:21:46.031"
"Reclass","U","Update","Hold Class","E6BB0426","203/4/4-6","HOLD","COMP","BRA502","2026-04-11 02:29:19.744"
"Reclass","U","Update","Hold Class","E6BB0426","207/9/12-12","HOLD","DIST-OPEN","BRA510","2026-03-05 14:43:22.408"
"Reclass","U","Update","Hold Class","E6BB0426","116/3/20-24","GROUP","DIST-OPEN","BRA509","2025-11-12 21:54:18.521"
"Reclass","U","Update","Hold Class","E6BB0426","302/4/15-16","DIST-OPEN","HOLD","BRA502","2026-04-16 00:42:27.445"
"Reclass","U","Update","Hold Class","E6BB0426","312/2/8-9","HOLD","COMP","BRA505","2025-12-23 22:15:23.639"
"Reclass","U","Update","Hold Class","E6BB0426","408/5/1-6","HOLD","COMP","BRA502","2026-01-08 10:57:10.896"
"Reclass","U","Update","Hold Class","E6BB0426","219/2/4-10","HOLD","DIST-OPEN","BRA509","2026-04-19 07:55:43.736"
"Reclass","U","Update","Hold Class","E6BB0426","304/4/3-10","HOLD","COMP","BRA500","2025-11-25 12:40:07.091"
"Reclass","U","Update","Hold Class","E6BB0426","218/9/3-3","HOLD","DIST-OPEN","BRA503","2026-01-04 23:36:25.724"
"Reclass","U","Update","Hold Class","E6BB0426","410/9/19-27","HOLD","COMP","BRA504","2026-03-24 13:57:21.277"
"Reclass","U","Update","Hold Class","E6BB0426","115/2/13-15","HOLD","DIST-OPEN","BRA502","2026-01-17 07:36:20.780"
"Reclass","U","Update","Hold Class","E6BB0426","404/5/20-21","HOLD","DIST-OPEN","BRA502","2025-12-14 08:24:04.718"
"Reclass","U","Update","Hold Class","E6BB0426","211/6/5-6","HOLD","DIST-OPEN","BRA509","2026-03-20 17:36:16.684"
"Reclass","U","Update","Hold Class","E6BB0426","108/10/16-18","HOLD","COMP","BRA509","2025-12-19 13:30:17.937"
"Reclass","U","Update","Hold Class","E6BB0426","303/5/13-17","HOLD","COMP","BRA503","2026-02-09 16:13:11.559"
"Reclass","U","Update","Hold Class","E6BB0426","215/9/2-3","HOLD","DIST-OPEN","BRA510","2026-03-25 01:20:56.328"
"Reclass","U","Update","Hold Class","E6BB0426","102/6/10-14","SEASON","DIST-OPEN","BRA502","2025-12-03 09:27:38.291"
"Reclass","U","Update","Hold Class","E6BB0426","115/10/17-25","SEASON","DIST-OPEN","BRA510","2026-04-13 07:09:30.508"
"Reclass","U","Update","Hold Class","E6BB0426","312/4/17-18","GROUP","DIST-OPEN","BRA502","2026-03-28 05:23:24.184"
"Reclass","U","Update","Hold Class","E6BB0426","215/9/4-4","SEASON","DIST-OPEN","BRA501","2026-02-28 20:49:56.023"
"Reclass","U","Update","Hold Class","E6BB0427","310/7/5-10","SEASON","DIST-OPEN","BRA505","2026-04-17 15:48:57.294"
"Reclass","U","Update","Hold Class","E6BB0427","205/5/19-25","HOLD","DIST-OPEN","BRA507","2025-11-29 04:45:12.193"
"Reclass","U","Update","Hold Class","E6BB0427","313/8/12-14","GROUP","DIST-OPEN","BRA504","2025-12-05 21:54:36.586"
"Reclass","U","Update","Hold Class","E6BB0427","116/1/13-13","GROUP","DIST-OPEN","BRA509","2025-12-14 19:22:10.438"
"Reclass","U","Update","Hold Class","E6BB0427","208/8/8-14","HOLD","DIST-OPEN","BRA501","2026-04-11 07:16:35.921"
"Reclass","U","Update","Hold Class","E6BB0427","303/3/12-14","SEASON","DIST-OPEN","BRA510","2025-11-21 10:32:18.103"
"Reclass","U","Update","Hold Class","E6BB0429","109/4/2-2","HOLD","DIST-OPEN","BRA502","2026-02-21 11:20:02.987"
"Reclass","U","Update","Hold Class","E6BB0429","211/2/9-17","HOLD","DIST-OPEN","BRA504","2026-01-10 21:23:27.072"
"Reclass","U","Update","Hold Class","E6BB0429","219/5/13-13","DIST-OPEN","HOLD","BRA506","2025-12-22 08:07:26.967"
"Reclass","U","Update","Hold Class","E6BB0429","315/4/10-18","HOLD","DIST-OPEN","BRA501","2026-02-28 01:14:16.060"
"Reclass","U","Update","Hold Class","E6BB0429","406/8/1-7","HOLD","DIST-OPEN","BRA500","2026-04-15 18:18:32.309"
"Reclass","U","Update","Hold Class","E6BB0429","302/9/12-15","GROUP","DIST-OPEN","BRA510","2026-01-03 18:15:04.935"
"Reclass","U","Update","Hold Class","E6BB0429","311/1/6-7","HOLD","COMP","BRA507","2026-04-04 05:59:13.801"
"Reclass","U","Update","Hold Class","E6BB0501","119/5/5-12","DIST-OPEN","HOLD","BRA505","2026-04-15 08:29:01.108"
"Reclass","U","Update","Hold Class","E6BB0501","312/6/10-17","DIST-OPEN","HOLD","BRA507","2026-02-01 11:11:05.553"
"Reclass","U","Update","Hold Class","E6BB0501","301/2/10-16","HOLD","COMP","BRA508","2026-04-09 09:58:06.070"
"Reclass","U","Update","Hold Class","E6BB0501","217/1/8-15","SEASON","DIST-OPEN","BRA502","2026-04-19 11:23:08.169"
"Reclass","U","Update","Hold Class","E6BB0501","106/1/13-17","HOLD","COMP","BRA503","2025-12-16 09:33:36.373"
"Reclass","U","Update","Hold Class","E6BB0501","106/9/11-13","HOLD","COMP","BRA508","2026-04-28 05:29:14.869"
"Reclass","U","Update","Hold Class","E6BB0501","301/1/7-12","HOLD","DIST-OPEN","BRA507","2026-01-12 09:40:25.370"
"Reclass","U","Update","Hold Class","E6BB0502","302/6/8-8","HOLD","COMP","BRA508","2026-03-07 03:54:10.395"
"Reclass","U","Update","Hold Class","E6BB0502","304/4/16-16","DIST-OPEN","HOLD","BRA508","2025-11-19 11:03:43.078"
"Reclass","U","Update","Hold Class","E6BB0502","312/1/8-10","HOLD","COMP","BRA500","2025-11-15 11:51:22.696"
"Reclass","U","Update","Hold Class","E6BB0502","112/5/10-15","DIST-OPEN","HOLD","BRA507","2026-04-12 01:48:21.638"
"Reclass","U","Update","Hold Class","E6BB0502","219/1/13-18","HOLD","COMP","BRA505","2026-02-16 14:06:08.160"
"Reclass","U","Update","Hold Class","E6BB0502","116/5/8-12","SEASON","DIST-OPEN","BRA510","2026-02-02 19:42:08.542"
"Reclass","U","Update","Hold Class","E6BB0502","301/4/7-9","HOLD","DIST-OPEN","BRA505","2026-01-19 07:00:00.597"
"Reclass","U","Update","Hold Class","E6BB0502","115/7/10-18","DIST-OPEN","HOLD","BRA510","2026-01-18 06:20:49.316"
"Reclass","U","Update","Hold Class","E6BB0502","202/10/10-15","GROUP","DIST-OPEN","BRA503","2026-04-18 13:02:25.465"
"Reclass","U","Update","Hold Class","E6BB0502","211/8/19-26","DIST-OPEN","HOLD","BRA503","2025-11-20 12:29:16.869"
"Reclass","U","Update","Hold Class","E6BB0502","120/3/14-20","HOLD","COMP","BRA506","2026-02-16 23:21:55.256"
"Reclass","U","Update","Hold Class","E6BB0502","119/6/8-14","HOLD","DIST-OPEN","BRA500","2026-02-12 01:43:11.179"
"Reclass","U","Update","Hold Class","E6BB0502","406/2/14-14","SEASON","DIST-OPEN","BRA506","2025-12-30 11:01:28.342"
"Reclass","U","Update","Hold Class","E6BB0502","117/3/8-9","GROUP","DIST-OPEN","BRA500","2025-11-26 19:57:39.949"
"Reclass","U","Update","Hold Class","E6BB0502","409/8/8-14","SEASON","DIST-OPEN","BRA502","2026-02-19 12:18:41.729"
"Reclass","U","Update","Hold Class","E6BB0502","404/8/12-14","DIST-OPEN","HOLD","BRA509","2025-12-13 19:44:06.563"
"Reclass","U","Update","Hold Class","E6BB0502","320/8/5-10","DIST-OPEN","HOLD","BRA500","2025-11-11 05:02:12.942"
"Reclass","U","Update","Hold Class","E6BB0502","219/2/6-8","HOLD","DIST-OPEN","BRA506","2026-02-03 05:47:37.269"
"Reclass","U","Update","Hold Class","E6BB0502","310/2/5-10","DIST-OPEN","HOLD","BRA501","2026-03-26 16:49:13.114"
"Reclass","U","Update","Hold Class","E6BB0502","317/3/15-21","HOLD","COMP","BRA500","2026-03-21 23:58:01.094"
"Reclass","U","Update","Hold Class","E6BB0502","304/3/10-17","SEASON","DIST-OPEN","BRA507","2025-12-04 16:40:38.812"
"Reclass","U","Update","Hold Class","E6BB0502","309/4/6-14","SEASON","DIST-OPEN","BRA500","2026-01-22 00:46:08.099"
"Reclass","U","Update","Hold Class","E6BB0502","204/8/1-4","DIST-OPEN","HOLD","BRA505","2026-01-30 16:04:29.631"
"Reclass","U","Update","Hold Class","E6BB0502","302/3/18-19","DIST-OPEN","HOLD","BRA504","2025-11-17 03:18:10.273"
"Reclass","U","Update","Hold Class","E6BB0503","304/4/6-6","HOLD","DIST-OPEN","BRA504","2026-03-21 05:18:57.842"
"Reclass","U","Update","Hold Class","E6BB0503","207/1/19-26","DIST-OPEN","HOLD","BRA503","2026-03-12 17:00:29.193"
"Reclass","U","Update","Hold Class","E6BB0503","209/9/18-23","DIST-OPEN","HOLD","BRA505","2026-03-06 06:45:06.946"
"Reclass","U","Update","Hold Class","E6BB0503","219/10/13-13","SEASON","DIST-OPEN","BRA504","2025-12-07 22:30:22.566"
"Reclass","U","Update","Hold Class","E6BB0503","117/1/17-23","GROUP","DIST-OPEN","BRA504","2026-04-12 13:02:50.967"
"Reclass","U","Update","Hold Class","E6BB0503","309/3/13-19","HOLD","DIST-OPEN","BRA502","2026-02-18 08:56:28.540"
"Reclass","U","Update","Hold Class","E6BB0503","315/10/6-14","HOLD","COMP","BRA507","2025-12-08 01:04:01.157"
"Reclass","U","Update","Hold Class","E6BB0503","215/4/15-21","SEASON","DIST-OPEN","BRA507","2025-12-10 00:12:13.697"
"Reclass","U","Update","Hold Class","E6BB0503","303/5/12-16","GROUP","DIST-OPEN","BRA504","2026-02-11 20:30:11.857"
"Reclass","U","Update","Hold Class","E6BB0503","213/2/6-11","HOLD","DIST-OPEN","BRA510","2026-01-01 18:21:50.451"
"Reclass","U","Update","Hold Class","E6BB0503","220/3/5-12","GROUP","DIST-OPEN","BRA503","2026-04-21 01:11:54.138"
"Reclass","U","Update","Hold Class","E6BB0503","320/5/7-15","SEASON","DIST-OPEN","BRA508","2026-03-05 19:25:16.701"
"Reclass","U","Update","Hold Class","E6BB0503","118/2/5-13","HOLD","COMP","BRA506","2025-12-29 21:02:24.160"
"Reclass","U","Update","Hold Class","E6BB0503","303/2/11-15","DIST-OPEN","HOLD","BRA507","2025-12-29 03:39:40.258"
"Reclass","U","Update","Hold Class","E6BB0503","204/6/12-20","HOLD","DIST-OPEN","BRA502","2026-05-01 07:34:30.240"
"Reclass","U","Update","Hold Class","E6BB0503","309/2/2-8","SEASON","DIST-OPEN","BRA504","2026-03-06 20:38:30.824"
"Reclass","U","Update","Hold Class","E6BB0503","202/4/1-6","SEASON","DIST-OPEN","BRA510","2025-11-21 05:27:10.141"
"Reclass","U","Update","Hold Class","E6BB0503","110/7/20-26","HOLD","DIST-OPEN","BRA502","2025-12-04 15:52:45.545"
"Reclass","U","Update","Hold Class","E6BB0503","204/8/15-16","DIST-OPEN","HOLD","BRA507","2025-11-23 01:52:28.267"
"Reclass","U","Update","Hold Class","E6BB0503","202/9/3-8","DIST-OPEN","HOLD","BRA501","2025-12-18 03:46:45.182"
"Reclass","U","Update","Hold Class","E6BB0503","204/9/4-7","SEASON","DIST-OPEN","BRA508","2026-01-24 09:40:13.910"
"Reclass","U","Update","Hold Class","E6BB0503","407/7/11-12","HOLD","COMP","BRA504","2026-01-17 08:03:00.748"
"Reclass","U","Update","Hold Class","E6BB0503","405/7/19-27","DIST-OPEN","HOLD","BRA508","2026-03-11 16:22:17.516"
"Reclass","U","Update","Hold Class","E6BB0503","220/9/8-14","SEASON","DIST-OPEN","BRA508","2025-12-07 17:40:56.320"
"Reclass","U","Update","Hold Class","E6BB0503","202/1/12-12","HOLD","COMP","BRA509","2025-12-22 17:09:08.668"
"Reclass","U","Update","Hold Class","E6BB0503","118/4/12-14","DIST-OPEN","HOLD","BRA507","2026-01-09 10:48:39.822"
"Reclass","U","Update","Hold Class","E6BB0503","217/2/16-21","HOLD","COMP","BRA504","2026-02-08 22:17:17.068"
"Reclass","U","Update","Hold Class","E6BB0503","318/9/14-20","GROUP","DIST-OPEN","BRA500","2026-03-12 21:21:10.111"
"Reclass","U","Update","Hold Class","E6BB0505","209/1/10-17","GROUP","DIST-OPEN","BRA501","2025-12-05 23:02:20.606"
"Reclass","U","Update","Hold Class","E6BB0505","410/7/20-27","SEASON","DIST-OPEN","BRA500","2025-11-24 20:58:56.005"
"Reclass","U","Update","Hold Class","E6BB0505","303/7/19-26","GROUP","DIST-OPEN","BRA500","2026-03-06 12:34:04.680"
"Reclass","U","Update","Hold Class","E6BB0505","307/10/3-5","HOLD","COMP","BRA509","2026-02-07 09:01:48.720"
"Reclass","U","Update","Hold Class","E6BB0505","309/8/19-27","HOLD","COMP","BRA505","2025-12-19 01:05:01.400"
"Reclass","U","Update","Hold Class","E6BB0505","311/6/15-19","HOLD","DIST-OPEN","BRA509","2026-02-20 02:08:45.608"
"Reclass","U","Update","Hold Class","E6BB0505","313/2/5-5","HOLD","DIST-OPEN","BRA501","2025-12-29 08:42:19.337"
"Reclass","U","Update","Hold Class","E6BB0505","107/1/2-7","HOLD","DIST-OPEN","BRA500","2026-01-22 13:13:02.909"
"Reclass","U","Update","Hold Class","E6BB0505","107/3/1-5","SEASON","DIST-OPEN","BRA510","2026-04-21 04:39:04.618"
"Reclass","U","Update","Hold Class","E6BB0505","408/6/18-26","HOLD","DIST-OPEN","BRA507","2026-04-07 11:21:32.109"
"Reclass","U","Update","Hold Class","E6BB0505","104/10/4-5","SEASON","DIST-OPEN","BRA504","2025-12-14 12:32:05.041"
"Reclass","U","Update","Hold Class","E6BB0505","314/10/5-11","GROUP","DIST-OPEN","BRA500","2025-12-17 22:35:36.689"
"Reclass","U","Update","Hold Class","E6BB0505","403/8/5-7","GROUP","DIST-OPEN","BRA502","2026-04-16 03:07:52.801"
"Reclass","U","Update","Hold Class","E6BB0505","115/5/6-13","SEASON","DIST-OPEN","BRA509","2026-04-21 06:46:50.839"
"Reclass","U","Update","Hold Class","E6BB0505","401/9/6-8","HOLD","DIST-OPEN","BRA502","2025-11-18 03:04:02.816"
"Reclass","U","Update","Hold Class","E6BB0505","116/1/3-4","GROUP","DIST-OPEN","BRA501","2025-11-19 12:37:43.356"
"Reclass","U","Update","Hold Class","E6BB0505","409/5/2-2","GROUP","DIST-OPEN","BRA502","2026-03-15 03:02:21.116"
"Reclass","U","Update","Hold Class","E6BB0506","106/10/20-24","SEASON","DIST-OPEN","BRA503","2025-11-27 04:26:13.183"
"Reclass","U","Update","Hold Class","E6BB0506","311/9/14-20","HOLD","DIST-OPEN","BRA503","2026-02-28 05:28:58.690"
"Reclass","U","Update","Hold Class","E6BB0506","215/3/13-13","DIST-OPEN","HOLD","BRA510","2026-05-05 22:37:10.738"
"Reclass","U","Update","Hold Class","E6BB0506","208/8/4-7","HOLD","COMP","BRA503","2026-03-01 18:42:15.795"
"Reclass","U","Update","Hold Class","E6BB0506","210/4/15-21","HOLD","COMP","BRA510","2026-03-16 10:25:14.436"
"Reclass","U","Update","Hold Class","E6BB0506","212/10/19-23","DIST-OPEN","HOLD","BRA500","2025-12-29 04:12:29.128"
"Reclass","U","Update","Hold Class","E6BB0506","403/5/6-8","HOLD","COMP","BRA510","2025-12-06 01:10:11.624"
"Reclass","U","Update","Hold Class","E6BB0506","304/1/18-22","DIST-OPEN","HOLD","BRA503","2025-11-13 08:51:00.446"
"Reclass","U","Update","Hold Class","E6BB0506","316/4/15-21","HOLD","COMP","BRA506","2026-01-27 06:21:18.838"
"Reclass","U","Update","Hold Class","E6BB0506","210/6/15-15","SEASON","DIST-OPEN","BRA504","2025-12-24 02:38:37.382"
"Reclass","U","Update","Hold Class","E6BB0506","108/10/10-14","SEASON","DIST-OPEN","BRA509","2026-01-24 17:22:41.252"
"Reclass","U","Update","Hold Class","E6BB0506","101/10/14-22","GROUP","DIST-OPEN","BRA500","2026-03-04 16:33:40.162"
"Reclass","U","Update","Hold Class","E6BB0506","307/1/17-23","DIST-OPEN","HOLD","BRA501","2026-03-25 05:12:37.807"
"Reclass","U","Update","Hold Class","E6BB0506","219/4/13-18","HOLD","COMP","BRA508","2026-02-17 00:22:59.129"
"Reclass","U","Update","Hold Class","E6BB0508","206/5/5-5","SEASON","DIST-OPEN","BRA502","2026-03-24 10:59:19.963"
"Reclass","U","Update","Hold Class","E6BB0508","407/8/15-20","GROUP","DIST-OPEN","BRA509","2026-04-19 07:00:59.394"
"Reclass","U","Update","Hold Class","E6BB0508","103/2/18-19","DIST-OPEN","HOLD","BRA505","2026-04-19 17:02:19.538"
"Reclass","U","Update","Hold Class","E6BB0508","309/8/2-3","GROUP","DIST-OPEN","BRA502","2026-05-05 07:16:47.439"
"Reclass","U","Update","Hold Class","E6BB0508","409/4/2-6","HOLD","DIST-OPEN","BRA503","2026-04-12 16:51:59.772"
"Reclass","U","Update","Hold Class","E6BB0508","104/5/15-21","DIST-OPEN","HOLD","BRA506","2026-02-14 23:39:29.853"
"Reclass","U","Update","Hold Class","E6BB0508","311/3/6-8","HOLD","DIST-OPEN","BRA510","2026-02-06 06:18:09.470"
"Reclass","U","Update","Hold Class","E6BB0508","404/3/14-16","DIST-OPEN","HOLD","BRA502","2025-12-19 16:02:14.375"
"Reclass","U","Update","Hold Class","E6BB0508","309/8/7-8","GROUP","DIST-OPEN","BRA500","2025-11-11 15:02:48.175"
"Reclass","U","Update","Hold Class","E6BB0508","206/1/16-24","GROUP","DIST-OPEN","BRA510","2026-04-08 14:30:13.989"
"Reclass","U","Update","Hold Class","E6BB0508","301/9/13-15","DIST-OPEN","HOLD","BRA510","2025-12-17 00:41:58.288"
"Reclass","U","Update","Hold Class","E6BB0508","118/8/6-14","HOLD","COMP","BRA503","2025-12-26 10:28:58.522"
"Reclass","U","Update","Hold Class","E6BB0508","214/1/5-8","SEASON","DIST-OPEN","BRA501","2025-12-29 17:37:30.950"
"Reclass","U","Update","Hold Class","E6BB0508","407/7/4-6","HOLD","DIST-OPEN","BRA503","2026-04-14 03:04:50.224"
"Reclass","U","Update","Hold Class","E6BB0508","306/9/8-8","HOLD","COMP","BRA502","2025-11-30 02:51:07.109"
"Reclass","U","Update","Hold Class","E6BB0508","209/9/12-15","GROUP","DIST-OPEN","BRA500","2026-04-19 14:38:10.062"
"Reclass","U","Update","Hold Class","E6BB0508","304/9/6-7","DIST-OPEN","HOLD","BRA510","2026-01-23 15:38:05.631"
"Reclass","U","Update","Hold Class","E6BB0508","210/5/20-28","GROUP","DIST-OPEN","BRA509","2025-12-21 08:22:14.810"
"Reclass","U","Update","Hold Class","E6BB0509","303/4/18-19","HOLD","COMP","BRA500","2026-02-13 10:54:09.548"
"Reclass","U","Update","Hold Class","E6BB0509","216/10/20-26","HOLD","COMP","BRA504","2026-03-20 12:07:27.119"
"Reclass","U","Update","Hold Class","E6BB0509","405/2/2-10","GROUP","DIST-OPEN","BRA508","2026-05-01 04:24:47.853"
"Reclass","U","Update","Hold Class","E6BB0509","317/4/13-20","HOLD","COMP","BRA510","2026-04-08 00:00:20.882"
"Reclass","U","Update","Hold Class","E6BB0509","316/8/20-24","HOLD","COMP","BRA508","2026-04-21 11:42:25.215"
"Reclass","U","Update","Hold Class","E6BB0509","311/1/5-13","DIST-OPEN","HOLD","BRA500","2026-02-04 11:47:17.509"
"Reclass","U","Update","Hold Class","E6BB0509","102/7/7-15","GROUP","DIST-OPEN","BRA510","2025-11-24 13:50:54.451"
"Reclass","U","Update","Hold Class","E6BB0509","317/4/20-25","DIST-OPEN","HOLD","BRA502","2025-12-02 09:26:11.565"
"Reclass","U","Update","Hold Class","E6BB0509","120/9/1-4","DIST-OPEN","HOLD","BRA501","2025-12-20 09:07:34.763"
"Reclass","U","Update","Hold Class","E6BB0509","402/2/13-13","SEASON","DIST-OPEN","BRA505","2025-12-07 10:34:51.060"
"Reclass","U","Update","Hold Class","E6BB0509","407/5/15-16","HOLD","DIST-OPEN","BRA510","2025-12-25 15:16:57.354"
"Reclass","U","Update","Hold Class","E6BB0509","108/1/12-14","SEASON","DIST-OPEN","BRA501","2026-02-10 13:15:45.892"
"Reclass","U","Update","Hold Class","E6BB0509","307/7/15-17","GROUP","DIST-OPEN","BRA508","2025-12-21 03:57:46.619"
"Reclass","U","Update","Hold Class","E6BB0509","312/3/13-15","HOLD","DIST-OPEN","BRA508","2025-12-12 10:28:54.616"
"Reclass","U","Update","Hold Class","E6BB0509","202/4/17-20","HOLD","DIST-OPEN","BRA501","2026-01-03 22:21:19.893"
"Reclass","U","Update","Hold Class","E6BB0509","218/4/10-13","GROUP","DIST-OPEN","BRA507","2025-11-14 03:19:33.361"
"Reclass","U","Update","Hold Class","E6BB0509","402/10/17-18","HOLD","COMP","BRA503","2026-01-08 01:50:57.476"
"Reclass","U","Update","Hold Class","E6BB0509","305/10/1-3","SEASON","DIST-OPEN","BRA501","2025-11-20 17:26:40.999"
"Reclass","U","Update","Hold Class","E6BB0509","116/8/18-19","DIST-OPEN","HOLD","BRA507","2026-01-15 15:19:35.028"
"Reclass","U","Update","Hold Class","E6BB0509","409/2/12-18","HOLD","DIST-OPEN","BRA505","2026-01-29 13:32:24.105"
"Reclass","U","Update","Hold Class","E6BB0509","219/1/2-9","HOLD","COMP","BRA508","2026-02-05 03:10:50.606"
"Reclass","U","Update","Hold Class","E6BB0509","315/6/12-16","HOLD","DIST-OPEN","BRA509","2026-04-03 23:56:00.145"
"Reclass","U","Update","Hold Class","E6BB0509","119/7/14-19","HOLD","DIST-OPEN","BRA500","2025-11-23 19:18:01.160"
"Reclass","U","Update","Hold Class","E6BB0509","112/8/15-16","DIST-OPEN","HOLD","BRA504","2025-12-13 08:54:01.948"
"Reclass","U","Update","Hold Class","E6BB0509","316/2/20-24","SEASON","DIST-OPEN","BRA500","2025-11-29 00:36:40.164"
"Reclass","U","Update","Hold Class","E6BB0509","401/1/4-5","DIST-OPEN","HOLD","BRA501","2026-04-30 04:35:52.471"
"Reclass","U","Update","Hold Class","E6BB0509","409/8/17-25","DIST-OPEN","HOLD","BRA504","2026-04-29 08:33:25.596"
"Reclass","U","Update","Hold Class","E6BB0510","402/7/15-22","SEASON","DIST-OPEN","BRA509","2025-12-06 22:39:40.315"
"Reclass","U","Update","Hold Class","E6BB0510","114/1/13-17","SEASON","DIST-OPEN","BRA507","2026-03-17 17:12:38.007"
"Reclass","U","Update","Hold Class","E6BB0510","304/9/5-6","DIST-OPEN","HOLD","BRA502","2025-12-09 10:57:30.712"
"Reclass","U","Update","Hold Class","E6BB0510","307/9/13-21","SEASON","DIST-OPEN","BRA506","2026-01-23 05:44:43.971"
"Reclass","U","Update","Hold Class","E6BB0510","118/5/12-20","GROUP","DIST-OPEN","BRA508","2026-05-04 17:19:54.228"
"Reclass","U","Update","Hold Class","E6BB0510","111/8/17-18","GROUP","DIST-OPEN","BRA506","2026-04-21 11:18:09.833"
"Reclass","U","Update","Hold Class","E6BB0510","214/10/16-16","GROUP","DIST-OPEN","BRA503","2025-12-17 10:57:30.084"
"Reclass","U","Update","Hold Class","E6BB0510","211/1/16-22","SEASON","DIST-OPEN","BRA506","2026-05-03 17:25:24.017"
"Reclass","U","Update","Hold Class","E6BB0510","212/3/12-19","HOLD","COMP","BRA506","2026-05-05 01:38:46.728"
"Reclass","U","Update","Hold Class","E6BB0510","311/2/16-18","HOLD","COMP","BRA504","2026-04-29 23:43:36.522"
"Reclass","U","Update","Hold Class","E6BB0510","410/10/17-24","DIST-OPEN","HOLD","BRA505","2026-04-07 08:41:49.634"
"Reclass","U","Update","Hold Class","E6BB0510","204/5/7-13","GROUP","DIST-OPEN","BRA508","2025-12-02 20:58:01.712"
"Reclass","U","Update","Hold Class","E6BB0510","102/9/5-11","HOLD","DIST-OPEN","BRA503","2026-03-22 11:22:17.932"
"Reclass","U","Update","Hold Class","E6BB0510","403/6/14-15","GROUP","DIST-OPEN","BRA510","2026-04-28 11:34:15.639"
"Reclass","U","Update","Hold Class","E6BB0510","306/7/13-20","DIST-OPEN","HOLD","BRA506","2025-11-21 07:22:32.105"
"Reclass","U","Update","Hold Class","E6BB0510","408/9/7-12","SEASON","DIST-OPEN","BRA500","2025-11-29 10:42:02.536"
"Reclass","U","Update","Hold Class","E6BB0510","216/3/3-4","GROUP","DIST-OPEN","BRA504","2026-01-13 10:52:27.255"
"Reclass","U","Update","Hold Class","E6BB0510","203/3/6-13","DIST-OPEN","HOLD","BRA509","2026-04-09 18:30:11.097"
"Reclass","U","Update","Hold Class","E6BB0510","315/2/14-15","HOLD","DIST-OPEN","BRA506","2026-03-20 09:52:52.388"
"Reclass","U","Update","Hold Class","E6BB0510","213/8/10-10","HOLD","COMP","BRA509","2026-01-09 13:40:33.655"
"Reclass","U","Update","Hold Class","E6BB0510","106/10/18-25","DIST-OPEN","HOLD","BRA505","2026-03-16 21:42:45.098"
"Reclass","U","Update","Hold Class","E6BB0510","112/4/17-17","HOLD","DIST-OPEN","BRA503","2026-01-19 15:54:56.063"
"Reclass","U","Update","Hold Class","E6BB0511","308/10/8-16","HOLD","DIST-OPEN","BRA506","2026-04-29 11:53:54.856"
"Reclass","U","Update","Hold Class","E6BB0511","317/1/14-21","SEASON","DIST-OPEN","BRA507","2025-11-14 09:44:22.382"
"Reclass","U","Update","Hold Class","E6BB0511","109/5/3-11","HOLD","COMP","BRA508","2026-03-13 14:06:48.645"
"Reclass","U","Update","Hold Class","E6BB0511","320/5/3-4","SEASON","DIST-OPEN","BRA503","2026-01-07 02:41:30.993"
"Reclass","U","Update","Hold Class","E6BB0511","205/5/9-9","DIST-OPEN","HOLD","BRA500","2026-02-28 00:00:06.366"
"Reclass","U","Update","Hold Class","E6BB0511","215/3/10-12","SEASON","DIST-OPEN","BRA507","2025-11-14 01:11:42.978"
"Reclass","U","Update","Hold Class","E6BB0511","111/1/7-15","HOLD","DIST-OPEN","BRA503","2026-04-04 08:35:25.668"
"Reclass","U","Update","Hold Class","E6BB0511","217/3/13-16","HOLD","DIST-OPEN","BRA500","2026-03-30 20:00:09.567"
"Reclass","U","Update","Hold Class","E6BB0511","218/2/1-5","DIST-OPEN","HOLD","BRA507","2025-12-21 03:19:05.619"
"Reclass","U","Update","Hold Class","E6BB0511","218/8/4-8","HOLD","DIST-OPEN","BRA504","2025-11-26 14:56:39.243"
"Reclass","U","Update","Hold Class","E6BB0511","207/5/5-13","DIST-OPEN","HOLD","BRA502","2025-12-12 04:02:00.187"
"Reclass","U","Update","Hold Class","E6BB0511","220/6/14-20","HOLD","DIST-OPEN","BRA508","2026-01-04 09:34:59.157"
"Reclass","U","Update","Hold Class","E6BB0511","101/6/3-3","SEASON","DIST-OPEN","BRA509","2025-12-14 23:41:47.099"
"Reclass","U","Update","Hold Class","E6BB0511","206/7/2-10","SEASON","DIST-OPEN","BRA504","2026-02-05 08:03:24.017"
"Reclass","U","Update","Hold Class","E6BB0511","110/8/19-20","HOLD","DIST-OPEN","BRA507","2025-12-28 14:20:47.213"
"Reclass","U","Update","Hold Class","E6BB0511","310/4/13-20","GROUP","DIST-OPEN","BRA509","2026-03-19 05:43:02.821"
"Reclass","U","Update","Hold Class","E6BB0511","312/8/19-25","SEASON","DIST-OPEN","BRA508","2026-04-16 12:10:50.397"
"Reclass","U","Update","Hold Class","E6BB0511","301/6/3-6","DIST-OPEN","HOLD","BRA505","2026-03-24 18:40:40.718"
"Reclass","U","Update","Hold Class","E6BB0511","208/6/5-12","HOLD","DIST-OPEN","BRA501","2026-02-07 11:49:04.140"
"Reclass","U","Update","Hold Class","E6BB0511","215/1/20-28","GROUP","DIST-OPEN","BRA500","2026-01-02 01:11:38.811"
"Reclass","U","Update","Hold Class","E6BB0513","203/3/20-25","GROUP","DIST-OPEN","BRA505","2025-12-20 16:50:37.063"
"Reclass","U","Update","Hold Class","E6BB0513","110/1/7-13","HOLD","DIST-OPEN","BRA502","2026-03-17 10:17:31.004"
"Reclass","U","Update","Hold Class","E6BB0513","201/7/19-23","HOLD","DIST-OPEN","BRA503","2026-04-16 05:10:46.565"
"Reclass","U","Update","Hold Class","E6BB0513","305/4/5-12","HOLD","DIST-OPEN","BRA505","2026-02-04 06:31:49.287"
"Reclass","U","Update","Hold Class","E6BB0513","309/9/3-3","GROUP","DIST-OPEN","BRA509","2026-01-16 01:14:00.346"
"Reclass","U","Update","Hold Class","E6BB0513","319/9/11-12","HOLD","DIST-OPEN","BRA500","2026-05-05 08:35:52.652"
"Reclass","U","Update","Hold Class","E6BB0513","113/7/19-27","HOLD","DIST-OPEN","BRA507","2026-02-24 07:10:10.987"
"Reclass","U","Update","Hold Class","E6BB0513","215/10/16-18","GROUP","DIST-OPEN","BRA509","2025-11-17 19:59:17.127"
"Reclass","U","Update","Hold Class","E6BB0513","318/6/10-11","SEASON","DIST-OPEN","BRA501","2026-02-14 09:57:36.172"
"Reclass","U","Update","Hold Class","E6BB0513","108/7/3-8","SEASON","DIST-OPEN","BRA509","2026-04-22 22:10:42.329"
"Reclass","U","Update","Hold Class","E6BB0513","202/2/20-22","SEASON","DIST-OPEN","BRA501","2026-01-27 14:25:53.103"
"Reclass","U","Update","Hold Class","E6BB0513","116/8/20-22","DIST-OPEN","HOLD","BRA506","2026-01-03 23:05:21.430"
"Reclass","U","Update","Hold Class","E6BB0513","216/10/18-21","DIST-OPEN","HOLD","BRA508","2026-01-11 14:05:05.334"
"Reclass","U","Update","Hold Class","E6BB0513","312/9/9-14","DIST-OPEN","HOLD","BRA501","2025-12-29 12:35:00.045"
"Reclass","U","Update","Hold Class","E6BB0513","206/3/13-13","HOLD","DIST-OPEN","BRA507","2026-04-05 11:38:04.403"
"Reclass","U","Update","Hold Class","E6BB0513","320/7/16-23","GROUP","DIST-OPEN","BRA508","2025-11-29 14:35:56.888"
"Reclass","U","Update","Hold Class","E6BB0513","215/2/12-16","HOLD","COMP","BRA509","2025-11-11 18:25:27.608"
"Reclass","U","Update","Hold Class","E6BB0513","220/2/4-7","HOLD","DIST-OPEN","BRA506","2026-05-04 09:50:52.967"
"Reclass","U","Update","Hold Class","E6BB0513","307/3/19-25","HOLD","COMP","BRA502","2026-03-29 09:14:04.192"
"Reclass","U","Update","Hold Class","E6BB0513","410/4/7-9","HOLD","COMP","BRA503","2026-02-11 05:05:58.528"
"Reclass","U","Update","Hold Class","E6BB0513","301/4/15-22","GROUP","DIST-OPEN","BRA505","2025-12-26 14:55:51.563"
"Reclass","U","Update","Hold Class","E6BB0513","117/8/7-13","DIST-OPEN","HOLD","BRA507","2026-01-19 20:29:45.539"
"Reclass","U","Update","Hold Class","E6BB0513","102/5/8-12","SEASON","DIST-OPEN","BRA510","2026-02-22 20:43:06.659"
"Reclass","U","Update","Hold Class","E6BB0514","101/8/18-19","GROUP","DIST-OPEN","BRA510","2026-05-05 14:15:45.159"
"Reclass","U","Update","Hold Class","E6BB0514","107/7/11-16","HOLD","COMP","BRA510","2026-03-28 05:32:06.484"
"Reclass","U","Update","Hold Class","E6BB0514","320/8/5-5","DIST-OPEN","HOLD","BRA502","2026-04-21 14:04:08.851"
"Reclass","U","Update","Hold Class","E6BB0514","111/9/4-6","DIST-OPEN","HOLD","BRA507","2026-04-04 04:28:09.905"
"Reclass","U","Update","Hold Class","E6BB0514","101/10/10-15","HOLD","DIST-OPEN","BRA505","2026-05-05 16:04:07.217"
"Reclass","U","Update","Hold Class","E6BB0514","206/2/10-17","SEASON","DIST-OPEN","BRA506","2026-04-18 03:43:17.918"
"Reclass","U","Update","Hold Class","E6BB0514","401/9/20-22","GROUP","DIST-OPEN","BRA503","2026-04-06 23:27:35.648"
"Reclass","U","Update","Hold Class","E6BB0514","103/7/7-8","GROUP","DIST-OPEN","BRA506","2025-11-18 01:06:44.246"
"Reclass","U","Update","Hold Class","E6BB0514","208/6/11-13","HOLD","DIST-OPEN","BRA504","2026-01-26 15:11:01.512"
"Reclass","U","Update","Hold Class","E6BB0514","314/7/4-6","HOLD","COMP","BRA506","2025-11-26 04:37:58.365"
"Reclass","U","Update","Hold Class","E6BB0514","110/6/8-16","DIST-OPEN","HOLD","BRA504","2025-11-30 16:12:57.770"
"Reclass","U","Update","Hold Class","E6BB0514","312/4/14-15","HOLD","DIST-OPEN","BRA508","2025-12-15 11:55:32.352"
"Reclass","U","Update","Hold Class","E6BB0514","313/10/12-16","HOLD","COMP","BRA508","2025-12-13 03:24:13.894"
"Reclass","U","Update","Hold Class","E6BB0514","115/10/7-10","HOLD","COMP","BRA510","2025-11-26 02:27:33.200"
"Reclass","U","Update","Hold Class","E6BB0514","301/8/12-20","DIST-OPEN","HOLD","BRA501","2026-02-14 21:03:09.776"
"Reclass","U","Update","Hold Class","E6BB0514","218/5/17-23","HOLD","COMP","BRA510","2026-05-13 13:03:12.559"
"Reclass","U","Update","Hold Class","E6BB0514","308/10/13-15","DIST-OPEN","HOLD","BRA507","2026-05-09 10:55:20.916"
"Reclass","U","Update","Hold Class","E6BB0514","219/6/11-17","SEASON","DIST-OPEN","BRA507","2025-11-19 08:47:19.407"
"Reclass","U","Update","Hold Class","E6BB0514","406/1/9-12","HOLD","DIST-OPEN","BRA502","2026-05-05 06:46:58.314"
"Reclass","U","Update","Hold Class","E6BB0514","402/1/6-13","HOLD","COMP","BRA504","2026-04-14 13:38:05.768"
"Reclass","U","Update","Hold Class","E6BB0515","111/3/18-20","HOLD","DIST-OPEN","BRA506","2026-04-13 18:54:11.440"
"Reclass","U","Update","Hold Class","E6BB0515","304/4/13-20","HOLD","COMP","BRA501","2026-04-27 15:07:33.384"
"Reclass","U","Update","Hold Class","E6BB0515","215/9/8-12","HOLD","COMP","BRA505","2026-02-12 01:20:21.399"
"Reclass","U","Update","Hold Class","E6BB0515","312/3/17-25","SEASON","DIST-OPEN","BRA506","2026-01-24 15:04:36.167"
"Reclass","U","Update","Hold Class","E6BB0515","118/10/9-13","DIST-OPEN","HOLD","BRA509","2026-01-08 10:11:47.366"
"Reclass","U","Update","Hold Class","E6BB0515","320/3/20-27","HOLD","DIST-OPEN","BRA505","2026-01-14 21:49:49.852"
"Reclass","U","Update","Hold Class","E6BB0515","318/7/17-20","DIST-OPEN","HOLD","BRA510","2026-04-13 01:10:11.504"
"Reclass","U","Update","Hold Class","E6BB0515","105/8/7-8","GROUP","DIST-OPEN","BRA506","2026-03-19 10:11:32.138"
"Reclass","U","Update","Hold Class","E6BB0515","319/7/18-20","GROUP","DIST-OPEN","BRA509","2026-02-21 02:59:41.024"
"Reclass","U","Update","Hold Class","E6BB0515","406/5/7-11","GROUP","DIST-OPEN","BRA504","2025-12-15 21:42:35.428"
"Reclass","U","Update","Hold Class","E6BB0515","314/9/4-7","DIST-OPEN","HOLD","BRA506","2026-01-25 23:22:29.748"
"Reclass","U","Update","Hold Class","E6BB0515","115/7/13-15","HOLD","COMP","BRA508","2026-04-17 04:08:26.899"
"Reclass","U","Update","Hold Class","E6BB0515","318/9/11-11","DIST-OPEN","HOLD","BRA500","2026-04-22 14:14:36.092"
"Reclass","U","Update","Hold Class","E6BB0515","304/4/4-7","SEASON","DIST-OPEN","BRA507","2026-02-13 02:04:26.248"
"Reclass","U","Update","Hold Class","E6BB0515","306/2/15-21","SEASON","DIST-OPEN","BRA509","2026-01-06 05:36:58.892"
"Reclass","U","Update","Hold Class","E6BB0515","119/4/16-20","DIST-OPEN","HOLD","BRA506","2025-11-25 08:44:44.814"
"Reclass","U","Update","Hold Class","E6BB0515","213/6/16-16","SEASON","DIST-OPEN","BRA502","2026-02-17 10:23:54.982"
"Reclass","U","Update","Hold Class","E6BB0515","207/2/13-19","HOLD","DIST-OPEN","BRA510","2026-03-31 22:43:46.978"
"Reclass","U","Update","Hold Class","E6BB0515","101/1/18-23","HOLD","COMP","BRA505","2025-11-28 14:54:49.621"
"Reclass","U","Update","Hold Class","E6BB0515","212/6/19-27","DIST-OPEN","HOLD","BRA500","2026-01-16 13:24:53.720"
"Reclass","U","Update","Hold Class","E6BB0515","215/10/17-19","HOLD","DIST-OPEN","BRA504","2026-02-28 23:33:48.815"
"Reclass","U","Update","Hold Class","E6BB0515","205/7/6-13","HOLD","COMP","BRA500","2026-02-27 21:21:24.166"
"Reclass","U","Update","Hold Class","E6BB0515","211/6/5-11","HOLD","COMP","BRA500","2026-03-26 06:17:28.213"
"Reclass","U","Update","Hold Class","E6BB0516","219/4/17-24","DIST-OPEN","HOLD","BRA501","2026-01-31 16:15:22.015"
"Reclass","U","Update","Hold Class","E6BB0516","214/5/1-9","SEASON","DIST-OPEN","BRA504","2026-05-02 06:59:17.742"
"Reclass","U","Update","Hold Class","E6BB0516","216/6/18-18","DIST-OPEN","HOLD","BRA501","2026-03-12 22:32:04.540"
"Reclass","U","Update","Hold Class","E6BB0516","214/8/10-14","HOLD","DIST-OPEN","BRA501","2026-04-18 09:22:47.921"
"Reclass","U","Update","Hold Class","E6BB0516","211/3/4-5","GROUP","DIST-OPEN","BRA505","2026-04-23 20:54:39.085"
"Reclass","U","Update","Hold Class","E6BB0516","306/2/16-24","HOLD","DIST-OPEN","BRA505","2025-12-17 02:19:30.693"
"Reclass","U","Update","Hold Class","E6BB0516","304/5/14-18","HOLD","COMP","BRA506","2026-04-10 06:35:16.595"
"Reclass","U","Update","Hold Class","E6BB0516","303/1/14-15","GROUP","DIST-OPEN","BRA502","2026-01-18 17:13:50.214"
"Reclass","U","Update","Hold Class","E6BB0516","105/2/19-23","DIST-OPEN","HOLD","BRA506","2026-02-05 06:10:33.301"
"Reclass","U","Update","Hold Class","E6BB0516","312/10/2-9","SEASON","DIST-OPEN","BRA502","2026-02-03 18:18:38.294"
"Reclass","U","Update","Hold Class","E6BB0516","301/4/17-24","HOLD","DIST-OPEN","BRA505","2025-12-22 21:10:23.790"
"Reclass","U","Update","Hold Class","E6BB0516","313/6/17-22","DIST-OPEN","HOLD","BRA509","2026-02-27 06:22:01.130"
"Reclass","U","Update","Hold Class","E6BB0516","103/2/17-25","SEASON","DIST-OPEN","BRA502","2026-04-12 23:51:08.684"
"Reclass","U","Update","Hold Class","E6BB0516","212/9/10-15","GROUP","DIST-OPEN","BRA505","2026-01-30 03:17:53.562"
"Reclass","U","Update","Hold Class","E6BB0516","206/8/14-20","HOLD","DIST-OPEN","BRA502","2026-03-09 12:32:06.532"
"Reclass","U","Update","Hold Class","E6BB0516","206/10/10-10","HOLD","DIST-OPEN","BRA505","2025-12-16 20:19:31.138"
"Reclass","U","Update","Hold Class","E6BB0516","305/6/9-15","SEASON","DIST-OPEN","BRA509","2026-01-16 20:57:13.943"
"Reclass","U","Update","Hold Class","E6BB0516","105/2/7-12","DIST-OPEN","HOLD","BRA502","2025-12-03 15:27:08.164"
"Reclass","U","Update","Hold Class","E6BB0516","101/1/9-13","SEASON","DIST-OPEN","BRA507","2025-12-17 18:36:37.261"
"Reclass","U","Update","Hold Class","E6BB0517","317/7/18-21","DIST-OPEN","HOLD","BRA502","2025-11-16 00:12:54.600"
"Reclass","U","Update","Hold Class","E6BB0517","114/7/3-10","HOLD","DIST-OPEN","BRA509","2026-05-16 20:44:08.943"
"Reclass","U","Update","Hold Class","E6BB0517","201/3/20-25","HOLD","DIST-OPEN","BRA508","2026-03-18 13:25:53.718"
"Reclass","U","Update","Hold Class","E6BB0517","408/3/4-12","SEASON","DIST-OPEN","BRA508","2025-11-28 12:22:46.689"
"Reclass","U","Update","Hold Class","E6BB0517","107/6/8-8","HOLD","DIST-OPEN","BRA503","2025-11-22 23:06:39.629"
"Reclass","U","Update","Hold Class","E6BB0517","403/5/3-3","HOLD","DIST-OPEN","BRA508","2026-03-18 14:57:05.276"
"Reclass","U","Update","Hold Class","E6BB0520","303/4/15-20","HOLD","COMP","BRA508","2026-04-22 23:23:05.086"
"Reclass","U","Update","Hold Class","E6BB0520","320/8/3-7","HOLD","DIST-OPEN","BRA500","2026-01-05 14:24:54.306"
"Reclass","U","Update","Hold Class","E6BB0520","119/3/6-13","GROUP","DIST-OPEN","BRA503","2026-03-23 13:05:42.338"
"Reclass","U","Update","Hold Class","E6BB0520","114/3/8-12","GROUP","DIST-OPEN","BRA503","2025-12-19 15:51:24.416"
"Reclass","U","Update","Hold Class","E6BB0520","320/2/13-17","HOLD","DIST-OPEN","BRA502","2025-12-27 05:28:09.037"
"Reclass","U","Update","Hold Class","E6BB0522","318/7/11-19","SEASON","DIST-OPEN","BRA509","2026-03-21 00:13:11.725"
"Reclass","U","Update","Hold Class","E6BB0522","105/9/6-9","DIST-OPEN","HOLD","BRA505","2026-03-16 21:52:38.785"
"Reclass","U","Update","Hold Class","E6BB0522","201/8/19-25","HOLD","DIST-OPEN","BRA501","2026-01-28 10:42:16.487"
"Reclass","U","Update","Hold Class","E6BB0522","119/7/15-22","SEASON","DIST-OPEN","BRA510","2026-01-29 06:53:12.028"
"Reclass","U","Update","Hold Class","E6BB0522","107/9/15-18","HOLD","COMP","BRA502","2026-02-09 08:28:52.947"
"Reclass","U","Update","Hold Class","E6BB0522","107/10/12-13","SEASON","DIST-OPEN","BRA505","2026-04-06 23:25:43.127"
"Reclass","U","Update","Hold Class","E6BB0522","304/6/18-26","DIST-OPEN","HOLD","BRA505","2025-12-12 20:47:47.405"
"Reclass","U","Update","Hold Class","E6BB0522","101/8/19-24","DIST-OPEN","HOLD","BRA503","2025-12-27 20:26:59.850"
"Reclass","U","Update","Hold Class","E6BB0522","206/10/14-18","HOLD","COMP","BRA510","2026-05-04 10:17:28.550"
"Reclass","U","Update","Hold Class","E6BB0522","307/5/6-13","DIST-OPEN","HOLD","BRA509","2025-12-31 17:21:57.322"
"Reclass","U","Update","Hold Class","E6BB0522","304/9/9-13","HOLD","COMP","BRA503","2026-05-09 18:16:10.877"
"Reclass","U","Update","Hold Class","E6BB0522","206/2/4-8","SEASON","DIST-OPEN","BRA506","2025-12-05 03:26:15.748"
"Reclass","U","Update","Hold Class","E6BB0522","212/1/4-9","HOLD","COMP","BRA500","2026-03-03 14:55:29.634"
"Reclass","U","Update","Hold Class","E6BB0522","215/2/9-9","HOLD","DIST-OPEN","BRA502","2025-11-15 22:30:35.319"
"Reclass","U","Update","Hold Class","E6BB0522","303/3/14-14","DIST-OPEN","HOLD","BRA509","2026-04-21 14:58:51.083"
"Reclass","U","Update","Hold Class","E6BB0523","104/7/12-16","SEASON","DIST-OPEN","BRA507","2026-02-10 17:59:53.799"
"Reclass","U","Update","Hold Class","E6BB0523","201/2/16-22","DIST-OPEN","HOLD","BRA507","2025-12-07 07:16:10.467"
"Reclass","U","Update","Hold Class","E6BB0523","214/7/2-5","DIST-OPEN","HOLD","BRA506","2025-11-11 01:00:47.008"
"Reclass","U","Update","Hold Class","E6BB0523","216/6/14-18","HOLD","COMP","BRA507","2025-11-21 16:56:46.489"
"Reclass","U","Update","Hold Class","E6BB0523","407/2/18-25","HOLD","COMP","BRA503","2026-05-14 22:56:12.629"
"Reclass","U","Update","Hold Class","E6BB0523","218/2/11-16","HOLD","DIST-OPEN","BRA509","2026-05-17 02:32:12.923"
"Reclass","U","Update","Hold Class","E6BB0523","103/4/7-12","HOLD","DIST-OPEN","BRA507","2025-12-16 16:17:36.919"
"Reclass","U","Update","Hold Class","E6BB0523","217/3/17-23","DIST-OPEN","HOLD","BRA501","2026-02-01 07:34:05.164"
"Reclass","U","Update","Hold Class","E6BB0523","219/5/17-19","DIST-OPEN","HOLD","BRA502","2026-01-31 14:59:46.313"
"Reclass","U","Update","Hold Class","E6BB0523","210/4/12-12","SEASON","DIST-OPEN","BRA508","2026-03-01 19:03:48.546"
"Reclass","U","Update","Hold Class","E6BB0523","104/2/6-8","GROUP","DIST-OPEN","BRA500","2026-03-13 03:31:58.703"
"Reclass","U","Update","Hold Class","E6BB0523","403/3/6-9","HOLD","DIST-OPEN","BRA505","2026-02-25 01:00:53.253"
"Reclass","U","Update","Hold Class","E6BB0523","403/8/1-6","HOLD","COMP","BRA502","2026-02-28 09:40:29.774"
"Reclass","U","Update","Hold Class","E6BB0523","118/9/10-13","HOLD","DIST-OPEN","BRA500","2026-03-19 23:27:38.924"
"Reclass","U","Update","Hold Class","E6BB0523","109/1/14-17","HOLD","DIST-OPEN","BRA503","2026-03-09 17:39:24.597"
"Reclass","U","Update","Hold Class","E6BB0523","309/7/5-10","GROUP","DIST-OPEN","BRA501","2025-12-09 12:43:31.238"
"Reclass","U","Update","Hold Class","E6BB0523","104/5/12-20","HOLD","COMP","BRA505","2026-01-03 13:31:48.847"
"Reclass","U","Update","Hold Class","E6BB0523","104/4/13-20","SEASON","DIST-OPEN","BRA503","2026-03-02 02:12:25.237"
"Reclass","U","Update","Hold Class","E6BB0524","106/9/10-10","HOLD","COMP","BRA510","2026-03-03 12:49:40.736"
"Reclass","U","Update","Hold Class","E6BB0524","111/1/1-3","GROUP","DIST-OPEN","BRA509","2026-01-05 02:59:51.852"
"Reclass","U","Update","Hold Class","E6BB0524","120/6/4-11","HOLD","DIST-OPEN","BRA504","2026-03-12 22:29:33.478"
"Reclass","U","Update","Hold Class","E6BB0524","201/6/3-11","SEASON","DIST-OPEN","BRA509","2026-02-11 20:51:12.722"
"Reclass","U","Update","Hold Class","E6BB0524","314/9/7-14","HOLD","DIST-OPEN","BRA507","2026-01-17 04:57:19.571"
"Reclass","U","Update","Hold Class","E6BB0524","205/6/9-13","GROUP","DIST-OPEN","BRA509","2026-01-28 17:44:49.345"
"Reclass","U","Update","Hold Class","E6BB0524","314/8/16-17","SEASON","DIST-OPEN","BRA505","2026-01-31 22:41:20.968"
"Reclass","U","Update","Hold Class","E6BB0524","101/3/18-22","HOLD","COMP","BRA502","2026-02-13 05:38:55.642"
"Reclass","U","Update","Hold Class","E6BB0524","402/3/8-15","HOLD","COMP","BRA500","2026-05-12 01:45:52.963"
"Reclass","U","Update","Hold Class","E6BB0524","118/2/17-24","GROUP","DIST-OPEN","BRA510","2026-03-22 23:29:12.044"
"Reclass","U","Update","Hold Class","E6BB0524","105/7/19-27","DIST-OPEN","HOLD","BRA505","2026-03-12 05:25:35.962"
"Reclass","U","Update","Hold Class","E6BB0524","215/3/4-9","HOLD","COMP","BRA501","2026-02-27 14:36:25.864"
"Reclass","U","Update","Hold Class","E6BB0524","409/3/13-19","GROUP","DIST-OPEN","BRA510","2026-05-18 02:55:56.041"
"Reclass","U","Update","Hold Class","E6BB0525","409/3/19-24","HOLD","DIST-OPEN","BRA500","2026-05-08 19:13:32.042"
"Reclass","U","Update","Hold Class","E6BB0525","113/6/11-12","HOLD","DIST-OPEN","BRA506","2026-01-10 16:01:26.414"
"Reclass","U","Update","Hold Class","E6BB0525","403/5/17-19","DIST-OPEN","HOLD","BRA510","2025-12-15 14:51:38.881"
"Reclass","U","Update","Hold Class","E6BB0525","403/9/13-14","GROUP","DIST-OPEN","BRA503","2026-04-27 14:20:48.302"
"Reclass","U","Update","Hold Class","E6BB0525","408/3/12-12","DIST-OPEN","HOLD","BRA501","2026-04-17 09:40:40.320"
"Reclass","U","Update","Hold Class","E6BB0525","201/3/11-15","SEASON","DIST-OPEN","BRA507","2026-04-29 12:04:52.796"
"Reclass","U","Update","Hold Class","E6BB0525","212/6/14-21","SEASON","DIST-OPEN","BRA507","2025-12-12 15:30:00.311"
"Reclass","U","Update","Hold Class","E6BB0525","119/4/16-21","DIST-OPEN","HOLD","BRA502","2026-01-13 11:31:03.123"
"Reclass","U","Update","Hold Class","E6BB0525","318/7/3-8","SEASON","DIST-OPEN","BRA505","2026-03-18 08:57:36.150"
"Reclass","U","Update","Hold Class","E6BB0525","102/1/10-18","HOLD","COMP","BRA500","2026-04-22 05:49:19.914"
"Reclass","U","Update","Hold Class","E6BB0525","404/7/6-6","GROUP","DIST-OPEN","BRA504","2025-12-19 09:56:04.697"
"Reclass","U","Update","Hold Class","E6BB0525","214/10/11-18","DIST-OPEN","HOLD","BRA505","2026-04-13 00:37:47.360"
"Reclass","U","Update","Hold Class","E6BB0525","404/5/12-16","HOLD","COMP","BRA502","2026-04-08 15:56:14.439"
"Reclass","U","Update","Hold Class","E6BB0525","316/1/10-15","DIST-OPEN","HOLD","BRA507","2026-02-02 12:02:17.061"
"Reclass","U","Update","Hold Class","E6BB0525","301/9/10-15","HOLD","DIST-OPEN","BRA501","2025-11-16 02:32:43.516"
"Reclass","U","Update","Hold Class","E6BB0525","305/2/19-21","GROUP","DIST-OPEN","BRA507","2026-04-11 21:55:29.104"
"Reclass","U","Update","Hold Class","E6BB0525","401/7/12-20","SEASON","DIST-OPEN","BRA509","2025-12-04 04:37:42.859"
"Reclass","U","Update","Hold Class","E6BB0526","203/4/17-19","HOLD","COMP","BRA500","2025-11-18 08:16:25.027"
"Reclass","U","Update","Hold Class","E6BB0526","316/9/19-25","GROUP","DIST-OPEN","BRA510","2026-01-16 21:15:44.250"
"Reclass","U","Update","Hold Class","E6BB0526","201/5/1-5","DIST-OPEN","HOLD","BRA502","2025-11-24 02:07:37.830"
"Reclass","U","Update","Hold Class","E6BB0526","215/3/5-11","HOLD","COMP","BRA505","2026-02-09 20:44:00.625"
"Reclass","U","Update","Hold Class","E6BB0526","308/3/9-13","HOLD","COMP","BRA502","2025-12-30 01:33:13.056"
"Reclass","U","Update","Hold Class","E6BB0529","217/3/1-6","SEASON","DIST-OPEN","BRA500","2026-05-06 05:34:09.724"
"Reclass","U","Update","Hold Class","E6BB0529","316/1/9-13","HOLD","COMP","BRA501","2025-12-05 16:27:57.967"
"Reclass","U","Update","Hold Class","E6BB0529","404/9/15-23","SEASON","DIST-OPEN","BRA500","2026-02-23 18:39:41.031"
"Reclass","U","Update","Hold Class","E6BB0529","102/1/20-21","HOLD","COMP","BRA504","2025-12-11 10:37:15.611"
"Reclass","U","Update","Hold Class","E6BB0529","410/4/8-11","HOLD","DIST-OPEN","BRA507","2026-04-02 21:41:03.905"
"Reclass","U","Update","Hold Class","E6BB0529","320/10/12-14","DIST-OPEN","HOLD","BRA505","2025-12-28 21:33:24.175"
"Reclass","U","Update","Hold Class","E6BB0529","216/1/2-8","HOLD","DIST-OPEN","BRA504","2026-02-26 03:22:30.578"
"Reclass","U","Update","Hold Class","E6BB0529","119/6/15-19","HOLD","DIST-OPEN","BRA508","2026-03-11 10:55:16.710"
"Reclass","U","Update","Hold Class","E6BB0529","110/6/16-22","GROUP","DIST-OPEN","BRA509","2026-02-28 05:22:10.547"
"Reclass","U","Update","Hold Class","E6BB0529","103/8/6-6","DIST-OPEN","HOLD","BRA501","2026-05-09 23:18:45.245"
"Reclass","U","Update","Hold Class","E6BB0529","220/4/9-9","HOLD","COMP","BRA510","2026-03-04 08:48:41.696"
"Reclass","U","Update","Hold Class","E6BB0529","214/2/11-13","DIST-OPEN","HOLD","BRA505","2026-05-21 18:55:40.704"
"Reclass","U","Update","Hold Class","E6BB0530","401/10/1-3","GROUP","DIST-OPEN","BRA503","2026-04-25 00:05:02.347"
"Reclass","U","Update","Hold Class","E6BB0530","101/3/5-9","HOLD","COMP","BRA506","2026-01-10 10:32:55.591"
"Reclass","U","Update","Hold Class","E6BB0530","311/6/8-16","HOLD","COMP","BRA506","2026-03-22 08:03:24.615"
"Reclass","U","Update","Hold Class","E6BB0530","213/9/7-11","GROUP","DIST-OPEN","BRA510","2026-01-16 06:44:45.895"
"Reclass","U","Update","Hold Class","E6BB0530","111/6/6-10","HOLD","COMP","BRA500","2026-01-05 06:19:04.291"
"Reclass","U","Update","Hold Class","E6BB0530","305/8/11-11","GROUP","DIST-OPEN","BRA503","2026-01-20 04:37:24.273"
"Reclass","U","Update","Hold Class","E6BB0530","318/9/13-17","HOLD","DIST-OPEN","BRA502","2025-12-22 11:05:24.496"
"Reclass","U","Update","Hold Class","E6BB0530","315/8/7-10","SEASON","DIST-OPEN","BRA503","2026-02-14 08:57:17.009"
"Reclass","U","Update","Hold Class","E6BB0530","120/8/12-12","SEASON","DIST-OPEN","BRA500","2025-11-21 04:44:27.455"
"Reclass","U","Update","Hold Class","E6BB0530","104/3/4-11","SEASON","DIST-OPEN","BRA507","2026-04-18 08:43:14.285"
"Reclass","U","Update","Hold Class","E6BB0530","109/4/7-15","HOLD","DIST-OPEN","BRA505","2026-02-11 12:23:19.574"
"Reclass","U","Update","Hold Class","E6BB0530","310/5/17-18","DIST-OPEN","HOLD","BRA506","2026-03-20 12:40:32.058"
"Reclass","U","Update","Hold Class","E6BB0531","202/8/6-14","SEASON","DIST-OPEN","BRA502","2026-03-30 01:10:47.350"
"Reclass","U","Update","Hold Class","E6BB0531","111/6/13-21","HOLD","COMP","BRA507","2026-04-04 10:21:22.253"
"Reclass","U","Update","Hold Class","E6BB0531","204/7/19-22","HOLD","COMP","BRA505","2026-04-02 03:48:17.636"
"Reclass","U","Update","Hold Class","E6BB0531","407/7/12-12","GROUP","DIST-OPEN","BRA503","2026-02-20 09:33:50.844"
"Reclass","U","Update","Hold Class","E6BB0531","410/7/2-2","HOLD","COMP","BRA510","2026-05-07 17:42:18.133"
"Reclass","U","Update","Hold Class","E6BB0531","108/7/11-12","DIST-OPEN","HOLD","BRA504","2026-04-03 11:58:16.904"
"Reclass","U","Update","Hold Class","E6BB0531","104/3/16-22","GROUP","DIST-OPEN","BRA504","2026-04-02 08:41:21.272"
"Reclass","U","Update","Hold Class","E6BB0531","218/10/20-25","GROUP","DIST-OPEN","BRA509","2026-01-09 08:56:10.297"
"Reclass","U","Update","Hold Class","E6BB0531","113/1/9-14","SEASON","DIST-OPEN","BRA503","2026-03-12 09:37:25.325"
"Reclass","U","Update","Hold Class","E6BB0531","406/6/15-15","SEASON","DIST-OPEN","BRA510","2026-01-12 08:12:06.041"
"Reclass","U","Update","Hold Class","E6BB0531","220/9/10-14","DIST-OPEN","HOLD","BRA504","2026-05-09 10:01:26.356"
"Reclass","U","Update","Hold Class","E6BB0531","217/7/8-15","GROUP","DIST-OPEN","BRA500","2026-02-03 05:55:58.168"
"Reclass","U","Update","Hold Class","E6BB0531","117/3/6-11","SEASON","DIST-OPEN","BRA504","2026-05-15 09:41:20.812"
"Reclass","U","Update","Hold Class","E6BB0531","116/8/15-15","GROUP","DIST-OPEN","BRA507","2026-03-15 13:10:02.366"
"Reclass","U","Update","Hold Class","E6BB0531","407/6/20-28","HOLD","COMP","BRA508","2025-12-23 08:10:02.901"
"Reclass","U","Update","Hold Class","E6BB0531","108/2/2-9","DIST-OPEN","HOLD","BRA502","2025-11-30 21:02:02.092"
"Reclass","U","Update","Hold Class","E6BB0531","406/5/13-15","HOLD","DIST-OPEN","BRA501","2025-11-11 02:05:53.868"
"Reclass","U","Update","Hold Class","E6BB0531","402/10/1-9","SEASON","DIST-OPEN","BRA500","2025-12-01 19:35:39.012"
"Reclass","U","Update","Hold Class","E6BB0531","107/9/5-11","DIST-OPEN","HOLD","BRA504","2026-04-28 17:36:48.988"
"Reclass","U","Update","Hold Class","E6BB0531","407/6/6-9","DIST-OPEN","HOLD","BRA509","2026-03-15 08:37:04.282"
"Reclass","U","Update","Hold Class","E6BB0531","310/2/9-10","SEASON","DIST-OPEN","BRA504","2026-01-13 12:38:06.327"
"Reclass","U","Update","Hold Class","E6BB0531","220/2/1-4","HOLD","COMP","BRA502","2026-02-24 17:55:35.139"
"Reclass","U","Update","Hold Class","E6BB0602","217/6/5-8","DIST-OPEN","HOLD","BRA502","2026-01-07 16:12:23.238"
"Reclass","U","Update","Hold Class","E6BB0602","204/10/8-15","DIST-OPEN","HOLD","BRA500","2026-05-10 03:10:41.105"
"Reclass","U","Update","Hold Class","E6BB0602","310/7/1-1","DIST-OPEN","HOLD","BRA507","2025-12-31 15:40:26.504"
"Reclass","U","Update","Hold Class","E6BB0602","212/7/7-14","GROUP","DIST-OPEN","BRA506","2025-12-16 05:43:00.672"
"Reclass","U","Update","Hold Class","E6BB0602","304/5/12-12","HOLD","DIST-OPEN","BRA500","2026-03-20 15:07:23.985"
"Reclass","U","Update","Hold Class","E6BB0602","312/6/20-28","DIST-OPEN","HOLD","BRA500","2025-11-18 23:44:11.150"
"Reclass","U","Update","Hold Class","E6BB0602","309/3/11-13","DIST-OPEN","HOLD","BRA504","2026-03-05 04:51:44.418"
"Reclass","U","Update","Hold Class","E6BB0602","114/6/13-21","HOLD","COMP","BRA505","2026-04-27 18:19:07.009"
"Reclass","U","Update","Hold Class","E6BB0602","201/6/11-14","GROUP","DIST-OPEN","BRA500","2026-03-12 02:53:29.488"
"Reclass","U","Update","Hold Class","E6BB0602","310/10/5-12","HOLD","COMP","BRA503","2025-12-27 16:38:41.861"
"Reclass","U","Update","Hold Class","E6BB0602","308/4/19-26","GROUP","DIST-OPEN","BRA506","2026-05-12 16:22:06.574"
"Reclass","U","Update","Hold Class","E6BB0602","305/1/1-9","SEASON","DIST-OPEN","BRA507","2026-03-02 05:03:15.928"
"Reclass","U","Update","Hold Class","E6BB0602","209/10/20-22","GROUP","DIST-OPEN","BRA504","2026-05-31 10:45:25.658"
"Reclass","U","Update","Hold Class","E6BB0605","119/7/6-14","SEASON","DIST-OPEN","BRA507","2026-05-04 00:52:37.327"
"Reclass","U","Update","Hold Class","E6BB0605","308/8/16-18","DIST-OPEN","HOLD","BRA502","2026-05-15 05:40:40.466"
"Reclass","U","Update","Hold Class","E6BB0605","118/8/3-8","SEASON","DIST-OPEN","BRA505","2025-12-01 18:45:58.000"
"Reclass","U","Update","Hold Class","E6BB0605","215/2/18-23","SEASON","DIST-OPEN","BRA502","2026-04-10 12:56:09.708"
"Reclass","U","Update","Hold Class","E6BB0605","114/4/12-16","GROUP","DIST-OPEN","BRA504","2025-11-25 01:26:13.066"
"Reclass","U","Update","Hold Class","E6BB0605","410/6/5-8","SEASON","DIST-OPEN","BRA507","2026-05-19 06:19:20.224"
"Reclass","U","Update","Hold Class","E6BB0605","305/7/14-15","SEASON","DIST-OPEN","BRA506","2026-04-25 13:32:54.069"
"Reclass","U","Update","Hold Class","E6BB0605","117/9/5-12","SEASON","DIST-OPEN","BRA500","2026-05-30 08:17:36.928"
"Reclass","U","Update","Hold Class","E6BB0605","105/9/18-18","SEASON","DIST-OPEN","BRA502","2026-04-28 16:51:02.685"
"Reclass","U","Update","Hold Class","E6BB0605","106/6/8-12","HOLD","COMP","BRA505","2026-02-09 10:26:42.903"
"Reclass","U","Update","Hold Class","E6BB0605","111/5/6-13","HOLD","DIST-OPEN","BRA501","2026-06-03 16:17:45.338"
"Reclass","U","Update","Hold Class","E6BB0605","217/5/14-18","DIST-OPEN","HOLD","BRA510","2026-01-28 18:43:29.467"
"Reclass","U","Update","Hold Class","E6BB0605","305/1/3-3","SEASON","DIST-OPEN","BRA505","2026-03-29 18:20:18.519"
"Reclass","U","Update","Hold Class","E6BB0605","316/7/17-22","GROUP","DIST-OPEN","BRA506","2025-12-29 08:35:30.578"
"Reclass","U","Update","Hold Class","E6BB0605","213/1/15-18","HOLD","COMP","BRA506","2026-02-22 19:10:25.388"
"Reclass","U","Update","Hold Class","E6BB0605","109/7/4-6","DIST-OPEN","HOLD","BRA504","2026-01-01 05:02:21.874"
"Reclass","U","Update","Hold Class","E6BB0605","305/10/3-8","HOLD","COMP","BRA504","2026-05-10 05:33:15.878"
"Reclass","U","Update","Hold Class","E6BB0605","107/3/16-18","HOLD","COMP","BRA503","2026-01-02 04:48:18.423"
"Reclass","U","Update","Hold Class","E6BB0605","113/1/3-4","HOLD","COMP","BRA503","2026-05-13 18:00:33.002"
"Reclass","U","Update","Hold Class","E6BB0605","107/4/7-8","DIST-OPEN","HOLD","BRA500","2026-05-23 17:26:20.563"
"Reclass","U","Update","Hold Class","E6BB0605","201/4/3-8","GROUP","DIST-OPEN","BRA501","2026-01-08 03:36:20.832"
"Reclass","U","Update","Hold Class","E6BB0605","113/8/18-19","DIST-OPEN","HOLD","BRA510","2026-05-29 01:58:49.170"
"Reclass","U","Update","Hold Class","E6BB0605","316/5/14-18","DIST-OPEN","HOLD","BRA501","2026-04-02 06:33:40.459"
"Reclass","U","Update","Hold Class","E6BB0605","217/7/1-1","DIST-OPEN","HOLD","BRA502","2026-03-12 15:12:56.970"
"Reclass","U","Update","Hold Class","E6BB0605","112/1/4-12","DIST-OPEN","HOLD","BRA506","2026-02-14 13:33:33.550"
"Reclass","U","Update","Hold Class","E6BB0605","316/1/20-26","HOLD","DIST-OPEN","BRA507","2025-12-24 22:05:47.095"
"Reclass","U","Update","Hold Class","E6BB0605","317/5/4-5","HOLD","COMP","BRA502","2026-05-05 07:36:57.762"
"Reclass","U","Update","Hold Class","E6BB0605","314/9/10-16","DIST-OPEN","HOLD","BRA507","2026-02-23 13:31:32.254"
"Reclass","U","Update","Hold Class","E6BB0605","203/5/8-10","HOLD","COMP","BRA500","2026-01-15 06:04:52.652"
"Reclass","U","Update","Hold Class","E6BB0605","218/3/13-20","DIST-OPEN","HOLD","BRA501","2026-04-11 10:24:33.383"
"Reclass","U","Update","Hold Class","E6BB0605","104/8/18-18","DIST-OPEN","HOLD","BRA508","2026-04-12 02:26:17.550"
"Reclass","U","Update","Hold Class","E6BB0605","303/7/10-16","SEASON","DIST-OPEN","BRA510","2026-01-11 06:05:19.263"
"Reclass","U","Update","Hold Class","E6BB0605","102/3/10-14","HOLD","DIST-OPEN","BRA504","2026-01-28 06:19:14.774"
"Reclass","U","Update","Hold Class","E6BB0605","103/3/18-18","GROUP","DIST-OPEN","BRA506","2025-12-18 01:19:30.852"
"Reclass","U","Update","Hold Class","E6BB0605","107/7/5-9","GROUP","DIST-OPEN","BRA507","2026-04-12 02:19:18.007"
"Reclass","U","Update","Hold Class","E6BB0605","103/5/8-9","HOLD","COMP","BRA510","2026-01-29 15:54:35.597"
"Reclass","U","Update","Hold Class","E6BB0605","407/2/12-15","HOLD","COMP","BRA507","2025-12-08 15:34:46.850"
"Reclass","U","Update","Hold Class","E6BB0605","310/8/9-12","DIST-OPEN","HOLD","BRA504","2026-05-13 06:39:23.078"
"Reclass","U","Update","Hold Class","E6BB0605","211/2/18-21","HOLD","COMP","BRA510","2025-11-27 02:03:10.672"
"Reclass","U","Update","Hold Class","E6BB0605","318/1/17-20","HOLD","DIST-OPEN","BRA510","2025-12-19 02:54:04.113"
"Reclass","U","Update","Hold Class","E6BB0605","103/10/12-15","SEASON","DIST-OPEN","BRA500","2026-01-09 16:10:33.046"
"Reclass","U","Update","Hold Class","E6BB0605","209/6/16-16","HOLD","COMP","BRA503","2026-03-16 13:38:33.578"
"Reclass","U","Update","Hold Class","E6BB0605","309/1/17-17","DIST-OPEN","HOLD","BRA507","2026-05-31 16:14:06.074"
"Reclass","U","Update","Hold Class","E6BB0605","316/10/12-18","HOLD","DIST-OPEN","BRA502","2026-04-01 09:51:31.643"
"Reclass","U","Update","Hold Class","E6BB0605","115/9/16-17","HOLD","COMP","BRA508","2026-04-08 05:44:12.314"
"Reclass","U","Update","Hold Class","E6BB0605","312/3/3-7","DIST-OPEN","HOLD","BRA504","2025-11-25 12:51:04.740"
"Reclass","U","Update","Hold Class","E6BB0605","109/4/20-26","DIST-OPEN","HOLD","BRA505","2026-01-21 02:33:55.041"
"Reclass","U","Update","Hold Class","E6BB0605","210/5/16-19","GROUP","DIST-OPEN","BRA501","2026-01-03 01:33:45.726"
"Reclass","U","Update","Hold Class","E6BB0605","406/5/11-14","HOLD","DIST-OPEN","BRA506","2026-03-07 09:27:56.290"
"Reclass","U","Update","Hold Class","E6BB0605","310/6/16-18","HOLD","COMP","BRA505","2026-04-05 08:26:59.581"
"Reclass","U","Update","Hold Class","E6BB0605","304/5/16-19","HOLD","COMP","BRA501","2026-04-02 19:38:13.875"
"Reclass","U","Update","Hold Class","E6BB0605","410/3/19-22","DIST-OPEN","HOLD","BRA502","2026-01-22 06:52:56.265"
"Reclass","U","Update","Hold Class","E6BB0605","212/5/5-5","HOLD","DIST-OPEN","BRA503","2025-12-04 18:34:26.964"
"Reclass","U","Update","Hold Class","E6BB0605","106/5/5-12","HOLD","COMP","BRA502","2025-12-01 11:05:37.912"
"Reclass","U","Update","Hold Class","E6BB0605","113/2/4-11","GROUP","DIST-OPEN","BRA501","2025-12-09 22:39:21.304"
"Reclass","U","Update","Hold Class","E6BB0605","302/7/2-10","SEASON","DIST-OPEN","BRA506","2026-04-30 19:53:44.990"
"Reclass","U","Update","Hold Class","E6BB0605","301/4/12-17","HOLD","COMP","BRA504","2026-01-18 17:17:24.736"
"Reclass","U","Update","Hold Class","E6BB0605","111/7/17-24","HOLD","COMP","BRA505","2026-03-09 15:49:05.577"
"Reclass","U","Update","Hold Class","E6BB0605","403/7/11-19","DIST-OPEN","HOLD","BRA502","2026-02-10 02:50:55.844"
"Reclass","U","Update","Hold Class","E6BB0605","303/6/13-15","GROUP","DIST-OPEN","BRA506","2026-04-04 12:06:21.395"
"Reclass","U","Update","Hold Class","E6BB0605","206/5/7-11","SEASON","DIST-OPEN","BRA508","2026-04-09 10:57:29.009"
"Reclass","U","Update","Hold Class","E6BB0605","320/2/15-20","GROUP","DIST-OPEN","BRA510","2026-04-20 15:25:26.217"
"Reclass","U","Update","Hold Class","E6BB0605","207/1/14-15","SEASON","DIST-OPEN","BRA504","2025-12-07 01:44:55.812"
"Reclass","U","Update","Hold Class","E6BB0605","117/3/20-25","GROUP","DIST-OPEN","BRA506","2026-06-02 09:49:55.725"
"Reclass","U","Update","Hold Class","E6BB0605","317/1/2-3","HOLD","DIST-OPEN","BRA509","2025-12-16 14:36:36.123"
"Reclass","U","Update","Hold Class","E6BB0605","303/9/19-19","SEASON","DIST-OPEN","BRA506","2026-01-12 01:03:18.329"
"Reclass","U","Update","Hold Class","E6BB0605","405/8/7-14","GROUP","DIST-OPEN","BRA506","2026-05-28 03:32:52.090"
"Reclass","U","Update","Hold Class","E6BB0605","204/3/2-2","HOLD","COMP","BRA509","2025-12-15 08:14:41.776"
"Reclass","U","Update","Hold Class","E6BB0605","402/10/7-7","DIST-OPEN","HOLD","BRA502","2026-05-06 06:20:58.898"
"Reclass","U","Update","Hold Class","E6BB0605","205/7/4-12","GROUP","DIST-OPEN","BRA509","2025-12-16 19:22:38.451"
"Reclass","U","Update","Hold Class","E6BB0605","107/8/17-21","HOLD","DIST-OPEN","BRA510","2026-04-18 15:08:30.828"
"Reclass","U","Update","Hold Class","E6BB0605","102/1/13-16","DIST-OPEN","HOLD","BRA503","2025-12-05 13:38:19.992"
"Reclass","U","Update","Hold Class","E6BB0605","302/7/11-14","SEASON","DIST-OPEN","BRA508","2025-12-29 10:12:29.721"
"Reclass","U","Update","Hold Class","E6BB0605","401/5/16-23","HOLD","DIST-OPEN","BRA501","2026-03-07 11:03:15.833"
"Reclass","U","Update","Hold Class","E6BB0605","107/9/4-5","GROUP","DIST-OPEN","BRA510","2026-03-16 18:06:15.991"
"Reclass","U","Update","Hold Class","E6BB0605","102/3/3-8","HOLD","COMP","BRA503","2026-05-12 23:53:47.544"
"Reclass","U","Update","Hold Class","E6BB0605","302/9/16-19","HOLD","DIST-OPEN","BRA501","2026-04-15 12:54:41.658"
"Reclass","U","Update","Hold Class","E6BB0605","109/2/12-17","GROUP","DIST-OPEN","BRA502","2026-02-20 22:54:00.354"
"Reclass","U","Update","Hold Class","E6BB0605","401/4/17-20","SEASON","DIST-OPEN","BRA504","2026-05-10 17:40:43.446"
"Reclass","U","Update","Hold Class","E6BB0605","301/3/12-15","DIST-OPEN","HOLD","BRA500","2025-12-03 17:54:23.451"
"Reclass","U","Update","Hold Class","E6BB0605","119/7/15-23","GROUP","DIST-OPEN","BRA507","2025-12-04 02:37:03.254"
"Reclass","U","Update","Hold Class","E6BB0605","312/1/15-20","HOLD","DIST-OPEN","BRA501","2025-12-28 02:01:55.014"
"Reclass","U","Update","Hold Class","E6BB0605","315/6/1-5","HOLD","DIST-OPEN","BRA507","2025-12-20 07:20:13.748"
"Reclass","U","Update","Hold Class","E6BB0605","218/6/18-22","SEASON","DIST-OPEN","BRA501","2025-11-25 15:56:23.327"
"Reclass","U","Update","Hold Class","E6BB0605","211/1/8-8","DIST-OPEN","HOLD","BRA508","2025-12-10 16:06:15.503"
"Reclass","U","Update","Hold Class","E6BB0605","113/10/11-18","HOLD","COMP","BRA504","2025-12-22 11:20:12.540"
"Reclass","U","Update","Hold Class","E6BB0605","115/5/12-14","HOLD","DIST-OPEN","BRA509","2025-12-14 08:14:36.507"
"Reclass","U","Update","Hold Class","E6BB0605","308/2/12-20","HOLD","COMP","BRA505","2025-11-11 17:02:39.812"
"Reclass","U","Update","Hold Class","E6BB0605","404/7/19-19","DIST-OPEN","HOLD","BRA507","2025-12-02 21:45:28.824"
"Reclass","U","Update","Hold Class","E6BB0605","204/9/17-24","HOLD","DIST-OPEN","BRA501","2026-01-11 02:17:28.736"
"Reclass","U","Update","Hold Class","E6BB0605","115/5/14-18","GROUP","DIST-OPEN","BRA505","2025-11-23 04:46:26.647"
"Reclass","U","Update","Hold Class","E6BB0605","213/8/20-23","HOLD","DIST-OPEN","BRA510","2026-02-27 09:08:39.686"
"Reclass","U","Update","Hold Class","E6BB0605","212/1/8-15","DIST-OPEN","HOLD","BRA501","2026-03-21 21:19:35.188"
"Reclass","U","Update","Hold Class","E6BB0605","320/2/8-14","SEASON","DIST-OPEN","BRA509","2025-12-10 08:46:56.469"
"Reclass","U","Update","Hold Class","E6BB0605","316/8/12-13","HOLD","DIST-OPEN","BRA504","2026-02-27 03:41:36.586"
"Reclass","U","Update","Hold Class","E6BB0605","311/6/18-23","HOLD","COMP","BRA507","2026-04-27 03:08:49.544"
"Reclass","U","Update","Hold Class","E6BB0605","117/10/11-11","GROUP","DIST-OPEN","BRA505","2026-03-12 13:17:40.999"
"Reclass","U","Update","Hold Class","E6BB0605","319/10/6-8","HOLD","DIST-OPEN","BRA500","2026-04-03 15:52:25.984"
"Reclass","U","Update","Hold Class","E6BB0605","302/5/10-12","DIST-OPEN","HOLD","BRA501","2026-03-26 16:28:34.460"
"Reclass","U","Update","Hold Class","E6BB0605","319/8/11-14","SEASON","DIST-OPEN","BRA504","2026-02-04 04:17:43.014"
"Reclass","U","Update","Hold Class","E6BB0605","304/5/2-7","HOLD","COMP","BRA505","2025-11-16 02:06:09.813"
"Reclass","U","Update","Hold Class","E6BB0605","313/2/7-14","DIST-OPEN","HOLD","BRA505","2026-04-15 18:59:38.313"
"Reclass","U","Update","Hold Class","E6BB0605","308/6/9-17","GROUP","DIST-OPEN","BRA507","2026-03-19 04:32:01.541"
"Reclass","U","Update","Hold Class","E6BB0605","120/1/14-18","GROUP","DIST-OPEN","BRA507","2026-04-09 04:17:55.569"
"Reclass","U","Update","Hold Class","E6BB0605","107/8/12-18","DIST-OPEN","HOLD","BRA509","2025-11-26 10:26:59.322"
"Reclass","U","Update","Hold Class","E6BB0605","317/10/18-24","GROUP","DIST-OPEN","BRA502","2026-04-10 09:36:05.477"
"Reclass","U","Update","Hold Class","E6BB0605","113/1/11-11","HOLD","DIST-OPEN","BRA500","2026-05-25 08:42:36.640"
"Reclass","U","Update","Hold Class","E6BB0606","204/8/1-6","HOLD","COMP","BRA505","2026-03-05 23:10:44.910"
"Reclass","U","Update","Hold Class","E6BB0606","316/10/3-10","GROUP","DIST-OPEN","BRA500","2025-12-21 19:18:58.443"
"Reclass","U","Update","Hold Class","E6BB0606","220/8/17-20","SEASON","DIST-OPEN","BRA502","2026-04-19 04:08:15.264"
"Reclass","U","Update","Hold Class","E6BB0606","115/2/15-22","HOLD","COMP","BRA504","2025-11-12 18:57:39.292"
"Reclass","U","Update","Hold Class","E6BB0606","307/5/18-19","HOLD","COMP","BRA500","2026-01-12 01:34:19.996"
"Reclass","U","Update","Hold Class","E6BB0606","204/4/16-20","HOLD","DIST-OPEN","BRA508","2026-06-01 13:03:37.415"
"Reclass","U","Update","Hold Class","E6BB0606","404/1/7-14","GROUP","DIST-OPEN","BRA500","2026-04-19 04:18:05.564"
"Reclass","U","Update","Hold Class","E6BB0606","108/2/16-22","SEASON","DIST-OPEN","BRA507","2026-03-17 22:41:53.971"
"Reclass","U","Update","Hold Class","E6BB0606","320/6/5-8","HOLD","DIST-OPEN","BRA505","2026-04-24 15:08:16.040"
"Reclass","U","Update","Hold Class","E6BB0606","101/3/10-15","HOLD","DIST-OPEN","BRA501","2026-02-03 14:39:07.803"
"Reclass","U","Update","Hold Class","E6BB0606","215/8/8-8","DIST-OPEN","HOLD","BRA504","2026-01-11 10:19:36.417"
"Reclass","U","Update","Hold Class","E6BB0606","307/7/16-16","HOLD","DIST-OPEN","BRA503","2026-05-06 10:38:56.760"
"Reclass","U","Update","Hold Class","E6BB0606","304/5/3-8","DIST-OPEN","HOLD","BRA502","2025-12-06 02:42:46.121"
"Reclass","U","Update","Hold Class","E6BB0606","312/10/19-21","GROUP","DIST-OPEN","BRA501","2026-01-06 22:01:07.779"
"Reclass","U","Update","Hold Class","E6BB0606","319/10/2-9","HOLD","COMP","BRA505","2026-03-08 11:13:49.535"
"Reclass","U","Update","Hold Class","E6BB0606","106/4/5-13","DIST-OPEN","HOLD","BRA504","2026-04-03 23:34:02.752"
"Reclass","U","Update","Hold Class","E6BB0606","319/10/8-13","DIST-OPEN","HOLD","BRA503","2026-05-16 08:05:14.046"
"Reclass","U","Update","Hold Class","E6BB0606","318/6/11-14","HOLD","DIST-OPEN","BRA509","2025-12-08 18:31:09.322"
"Reclass","U","Update","Hold Class","E6BB0606","212/10/19-27","HOLD","COMP","BRA506","2025-11-18 20:26:32.579"
"Reclass","U","Update","Hold Class","E6BB0606","307/1/15-17","SEASON","DIST-OPEN","BRA503","2026-01-16 06:09:41.056"
"Reclass","U","Update","Hold Class","E6BB0606","317/9/5-12","SEASON","DIST-OPEN","BRA503","2026-02-17 09:28:48.502"
"Reclass","U","Update","Hold Class","E6BB0607","217/3/7-14","HOLD","COMP","BRA500","2026-03-31 07:09:23.740"
"Reclass","U","Update","Hold Class","E6BB0607","316/10/10-14","GROUP","DIST-OPEN","BRA501","2026-06-02 05:56:49.770"
"Reclass","U","Update","Hold Class","E6BB0607","218/4/20-25","SEASON","DIST-OPEN","BRA500","2026-01-20 11:21:25.452"
"Reclass","U","Update","Hold Class","E6BB0607","407/4/4-12","HOLD","COMP","BRA508","2026-04-16 07:15:55.307"
"Reclass","U","Update","Hold Class","E6BB0607","403/2/2-5","SEASON","DIST-OPEN","BRA506","2025-11-30 07:05:00.652"
"Reclass","U","Update","Hold Class","E6BB0607","113/10/4-5","HOLD","DIST-OPEN","BRA508","2026-01-21 11:01:52.908"
"Reclass","U","Update","Hold Class","E6BB0607","207/7/15-20","HOLD","DIST-OPEN","BRA507","2026-05-18 15:51:20.628"
"Reclass","U","Update","Hold Class","E6BB0607","215/8/13-13","DIST-OPEN","HOLD","BRA500","2026-01-12 20:40:47.660"
"Reclass","U","Update","Hold Class","E6BB0607","217/8/11-12","HOLD","COMP","BRA503","2026-05-20 02:27:40.803"
"Reclass","U","Update","Hold Class","E6BB0607","215/5/7-14","GROUP","DIST-OPEN","BRA500","2026-02-26 15:13:46.588"
"Reclass","U","Update","Hold Class","E6BB0607","107/6/16-24","SEASON","DIST-OPEN","BRA509","2026-05-05 07:30:34.845"
"Reclass","U","Update","Hold Class","E6BB0607","320/3/14-16","SEASON","DIST-OPEN","BRA500","2026-05-13 10:49:49.193"
"Reclass","U","Update","Hold Class","E6BB0607","314/8/17-25","DIST-OPEN","HOLD","BRA509","2026-01-05 15:03:02.607"
"Reclass","U","Update","Hold Class","E6BB0607","216/4/5-10","GROUP","DIST-OPEN","BRA504","2026-05-30 09:14:41.433"
"Reclass","U","Update","Hold Class","E6BB0609","303/10/1-3","HOLD","DIST-OPEN","BRA509","2026-03-11 04:51:55.333"
"Reclass","U","Update","Hold Class","E6BB0609","217/3/15-21","SEASON","DIST-OPEN","BRA502","2026-02-18 13:46:50.387"
"Reclass","U","Update","Hold Class","E6BB0609","403/1/3-4","HOLD","DIST-OPEN","BRA500","2026-04-29 18:46:00.685"
"Reclass","U","Update","Hold Class","E6BB0609","111/5/20-27","SEASON","DIST-OPEN","BRA509","2025-12-16 11:30:53.281"
"Reclass","U","Update","Hold Class","E6BB0609","215/7/5-10","HOLD","DIST-OPEN","BRA503","2026-04-15 03:11:58.329"
"Reclass","U","Update","Hold Class","E6BB0609","310/1/19-24","HOLD","COMP","BRA504","2026-05-26 05:58:15.705"
"Reclass","U","Update","Hold Class","E6BB0609","207/7/4-6","GROUP","DIST-OPEN","BRA501","2026-05-01 23:14:33.299"
"Reclass","U","Update","Hold Class","E6BB0609","203/4/19-25","GROUP","DIST-OPEN","BRA506","2026-03-07 07:29:03.946"
"Reclass","U","Update","Hold Class","E6BB0609","204/10/2-8","SEASON","DIST-OPEN","BRA501","2025-11-26 18:09:34.622"
"Reclass","U","Update","Hold Class","E6BB0609","405/1/6-9","HOLD","COMP","BRA504","2025-12-21 12:03:50.587"
"Reclass","U","Update","Hold Class","E6BB0609","217/10/20-21","GROUP","DIST-OPEN","BRA501","2025-12-16 11:26:49.381"
"Reclass","U","Update","Hold Class","E6BB0609","108/2/5-12","DIST-OPEN","HOLD","BRA504","2026-02-06 12:44:02.225"
"Reclass","U","Update","Hold Class","E6BB0609","404/4/8-8","HOLD","DIST-OPEN","BRA508","2025-12-24 18:42:54.581"
"Reclass","U","Update","Hold Class","E6BB0609","107/9/14-14","HOLD","DIST-OPEN","BRA507","2026-03-13 17:18:01.821"
"Reclass","U","Update","Hold Class","E6BB0609","407/1/4-6","HOLD","COMP","BRA510","2026-04-21 12:15:41.581"
"Reclass","U","Update","Hold Class","E6BB0609","409/3/1-2","SEASON","DIST-OPEN","BRA509","2026-04-06 09:39:54.963"
"Reclass","U","Update","Hold Class","E6BB0609","107/5/7-8","SEASON","DIST-OPEN","BRA502","2025-12-09 01:50:50.755"
"Reclass","U","Update","Hold Class","E6BB0609","215/9/16-24","SEASON","DIST-OPEN","BRA500","2026-03-16 14:57:58.314"
"Reclass","U","Update","Hold Class","E6BB0609","210/7/2-5","GROUP","DIST-OPEN","BRA504","2026-05-23 19:25:12.764"
"Reclass","U","Update","Hold Class","E6BB0609","102/4/12-12","HOLD","DIST-OPEN","BRA504","2026-04-18 22:44:42.440"
"Reclass","U","Update","Hold Class","E6BB0609","308/10/8-15","DIST-OPEN","HOLD","BRA502","2026-06-05 10:20:33.995"
"Reclass","U","Update","Hold Class","E6BB0609","313/9/17-23","SEASON","DIST-OPEN","BRA504","2026-02-17 14:38:06.149"
"Reclass","U","Update","Hold Class","E6BB0609","212/10/9-16","HOLD","COMP","BRA502","2025-11-20 05:49:07.952"
"Reclass","U","Update","Hold Class","E6BB0609","106/1/6-6","GROUP","DIST-OPEN","BRA503","2026-01-05 02:50:10.301"
"Reclass","U","Update","Hold Class","E6BB0609","105/5/4-4","HOLD","DIST-OPEN","BRA503","2025-12-11 09:52:56.103"
"Reclass","U","Update","Hold Class","E6BB0609","402/1/2-8","GROUP","DIST-OPEN","BRA506","2026-03-22 21:09:11.521"
"Reclass","U","Update","Hold Class","E6BB0612","302/9/20-21","HOLD","COMP","BRA504","2026-02-18 05:13:35.806"
"Reclass","U","Update","Hold Class","E6BB0612","202/10/15-19","HOLD","COMP","BRA500","2026-04-10 00:38:09.462"
"Reclass","U","Update","Hold Class","E6BB0612","310/8/1-5","HOLD","COMP","BRA500","2026-04-22 01:20:14.620"
"Reclass","U","Update","Hold Class","E6BB0612","207/3/3-3","HOLD","DIST-OPEN","BRA510","2026-04-21 12:42:07.279"
"Reclass","U","Update","Hold Class","E6BB0612","206/2/10-13","DIST-OPEN","HOLD","BRA510","2026-05-23 04:52:38.547"
"Reclass","U","Update","Hold Class","E6BB0612","120/7/10-12","GROUP","DIST-OPEN","BRA506","2025-12-17 08:16:37.989"
"Reclass","U","Update","Hold Class","E6BB0612","118/4/19-23","HOLD","DIST-OPEN","BRA505","2026-01-23 08:35:59.184"
"Reclass","U","Update","Hold Class","E6BB0612","106/8/14-15","DIST-OPEN","HOLD","BRA505","2026-03-01 11:49:36.862"
"Reclass","U","Update","Hold Class","E6BB0612","112/10/19-21","SEASON","DIST-OPEN","BRA505","2025-12-27 10:06:20.232"
"Reclass","U","Update","Hold Class","E6BB0612","201/1/6-11","DIST-OPEN","HOLD","BRA505","2026-01-05 08:56:06.941"
"Reclass","U","Update","Hold Class","E6BB0612","214/3/20-27","HOLD","COMP","BRA503","2026-01-07 04:02:34.542"
"Reclass","U","Update","Hold Class","E6BB0612","119/6/8-14","SEASON","DIST-OPEN","BRA500","2026-03-27 21:27:33.131"
"Reclass","U","Update","Hold Class","E6BB0612","407/4/2-2","DIST-OPEN","HOLD","BRA508","2026-01-15 19:58:19.355"
"Reclass","U","Update","Hold Class","E6BB0612","318/4/4-8","HOLD","DIST-OPEN","BRA506","2026-01-15 15:36:07.380"
"Reclass","U","Update","Hold Class","E6BB0612","111/1/19-26","HOLD","DIST-OPEN","BRA510","2026-01-31 01:07:11.109"
"Reclass","U","Update","Hold Class","E6BB0612","316/3/7-12","DIST-OPEN","HOLD","BRA504","2025-12-07 09:40:36.911"
"Reclass","U","Update","Hold Class","E6BB0612","405/6/2-7","HOLD","DIST-OPEN","BRA510","2026-05-28 23:30:49.072"
"Reclass","U","Update","Hold Class","E6BB0612","203/1/12-12","HOLD","COMP","BRA510","2025-11-25 23:45:42.373"
"Reclass","U","Update","Hold Class","E6BB0612","214/9/17-25","HOLD","COMP","BRA501","2025-11-27 08:00:20.040"
"Reclass","U","Update","Hold Class","E6BB0612","404/6/18-20","HOLD","DIST-OPEN","BRA508","2026-01-25 13:13:13.834"
"Reclass","U","Update","Hold Class","E6BB0612","116/6/11-17","HOLD","DIST-OPEN","BRA500","2026-02-24 06:44:52.231"
"Reclass","U","Update","Hold Class","E6BB0612","317/7/1-9","HOLD","COMP","BRA510","2026-04-02 07:12:39.625"
"Reclass","U","Update","Hold Class","E6BB0612","309/1/13-18","SEASON","DIST-OPEN","BRA502","2025-11-20 18:06:56.226"
"Reclass","U","Update","Hold Class","E6BB0612","212/8/7-11","HOLD","COMP","BRA508","2025-12-01 17:46:30.011"
"Reclass","U","Update","Hold Class","E6BB0612","213/1/14-15","SEASON","DIST-OPEN","BRA508","2026-05-07 01:55:08.710"
"Reclass","U","Update","Hold Class","E6BB0612","115/2/18-26","GROUP","DIST-OPEN","BRA509","2026-01-21 01:11:33.618"
"Reclass","U","Update","Hold Class","E6BB0612","409/4/1-2","HOLD","DIST-OPEN","BRA510","2026-02-17 17:29:00.576"
"Reclass","U","Update","Hold Class","E6BB0612","320/4/16-16","GROUP","DIST-OPEN","BRA509","2026-02-07 06:57:49.520"
"Reclass","U","Update","Hold Class","E6BB0613","108/1/13-16","SEASON","DIST-OPEN","BRA509","2026-01-02 09:12:57.104"
"Reclass","U","Update","Hold Class","E6BB0613","306/4/13-21","DIST-OPEN","HOLD","BRA504","2026-04-08 14:23:46.756"
"Reclass","U","Update","Hold Class","E6BB0613","409/3/16-16","DIST-OPEN","HOLD","BRA504","2026-05-14 02:13:54.853"
"Reclass","U","Update","Hold Class","E6BB0613","301/5/8-10","GROUP","DIST-OPEN","BRA503","2026-06-03 13:34:56.092"
"Reclass","U","Update","Hold Class","E6BB0613","409/10/2-2","GROUP","DIST-OPEN","BRA507","2026-03-18 22:10:32.876"
"Reclass","U","Update","Hold Class","E6BB0613","202/5/17-18","HOLD","COMP","BRA508","2026-05-06 23:38:59.521"
"Reclass","U","Update","Hold Class","E6BB0613","313/7/3-7","DIST-OPEN","HOLD","BRA510","2025-11-11 08:29:45.662"
"Reclass","U","Update","Hold Class","E6BB0613","316/10/9-14","DIST-OPEN","HOLD","BRA502","2026-05-07 18:17:25.016"
"Reclass","U","Update","Hold Class","E6BB0613","317/1/14-16","DIST-OPEN","HOLD","BRA508","2026-02-04 20:55:19.773"
"Reclass","U","Update","Hold Class","E6BB0613","219/4/8-12","DIST-OPEN","HOLD","BRA505","2026-06-09 19:03:33.791"
"Reclass","U","Update","Hold Class","E6BB0613","308/4/12-17","HOLD","DIST-OPEN","BRA509","2025-11-28 12:07:32.487"
"Reclass","U","Update","Hold Class","E6BB0613","216/4/5-10","DIST-OPEN","HOLD","BRA507","2026-01-29 11:45:08.672"
"Reclass","U","Update","Hold Class","E6BB0613","101/4/6-6","HOLD","COMP","BRA504","2025-11-19 07:43:18.055"
"Reclass","U","Update","Hold Class","E6BB0613","306/8/13-18","HOLD","DIST-OPEN","BRA504","2026-05-20 16:00:05.516"
"Reclass","U","Update","Hold Class","E6BB0613","202/5/3-9","SEASON","DIST-OPEN","BRA500","2026-02-28 03:26:29.830"
"Reclass","U","Update","Hold Class","E6BB0613","214/4/10-12","SEASON","DIST-OPEN","BRA501","2026-02-28 03:26:59.714"
"Reclass","U","Update","Hold Class","E6BB0613","317/8/16-20","DIST-OPEN","HOLD","BRA509","2026-05-18 22:31:36.157"
"Reclass","U","Update","Hold Class","E6BB0613","214/4/3-8","DIST-OPEN","HOLD","BRA509","2025-11-28 17:59:29.103"
"Reclass","U","Update","Hold Class","E6BB0613","109/5/13-15","DIST-OPEN","HOLD","BRA503","2026-04-09 14:34:38.157"
"Reclass","U","Update","Hold Class","E6BB0613","211/4/6-12","HOLD","DIST-OPEN","BRA505","2025-11-21 21:45:18.731"
"Reclass","U","Update","Hold Class","E6BB0613","206/3/2-2","DIST-OPEN","HOLD","BRA506","2026-01-21 21:41:13.535"
"Reclass","U","Update","Hold Class","E6BB0614","203/7/2-3","HOLD","DIST-OPEN","BRA503","2026-04-14 10:13:33.333"
"Reclass","U","Update","Hold Class","E6BB0614","219/2/13-14","SEASON","DIST-OPEN","BRA503","2026-03-16 13:12:56.150"
"Reclass","U","Update","Hold Class","E6BB0614","207/3/20-26","HOLD","DIST-OPEN","BRA502","2025-12-03 05:10:16.213"
"Reclass","U","Update","Hold Class","E6BB0614","212/9/12-18","DIST-OPEN","HOLD","BRA504","2025-12-07 07:02:20.908"
"Reclass","U","Update","Hold Class","E6BB0614","103/6/20-21","HOLD","DIST-OPEN","BRA506","2026-02-19 06:14:37.781"
"Reclass","U","Update","Hold Class","E6BB0614","312/1/18-24","HOLD","DIST-OPEN","BRA509","2025-12-28 04:34:42.341"
"Reclass","U","Update","Hold Class","E6BB0614","402/6/19-20","DIST-OPEN","HOLD","BRA507","2025-12-18 02:46:19.512"
"Reclass","U","Update","Hold Class","E6BB0614","409/1/13-16","HOLD","DIST-OPEN","BRA504","2025-11-21 12:15:37.130"
"Reclass","U","Update","Hold Class","E6BB0614","409/3/7-14","DIST-OPEN","HOLD","BRA501","2026-05-26 17:57:19.724"
"Reclass","U","Update","Hold Class","E6BB0614","309/10/5-9","SEASON","DIST-OPEN","BRA505","2026-04-20 09:12:47.912"
"Reclass","U","Update","Hold Class","E6BB0614","410/4/4-5","GROUP","DIST-OPEN","BRA508","2026-02-04 12:15:02.017"
"Reclass","U","Update","Hold Class","E6BB0614","402/1/9-10","DIST-OPEN","HOLD","BRA508","2026-03-24 19:15:26.199"
"Reclass","U","Update","Hold Class","E6BB0614","303/8/7-8","GROUP","DIST-OPEN","BRA509","2026-04-25 12:32:27.310"
"Reclass","U","Update","Hold Class","E6BB0614","101/8/12-14","HOLD","COMP","BRA510","2026-04-01 02:53:47.415"
"Reclass","U","Update","Hold Class","E6BB0614","310/2/11-16","HOLD","DIST-OPEN","BRA505","2026-01-26 04:36:58.769"
"Reclass","U","Update","Hold Class","E6BB0614","101/5/15-21","SEASON","DIST-OPEN","BRA510","2026-04-26 07:21:39.588"
"Reclass","U","Update","Hold Class","E6BB0614","114/5/11-15","HOLD","DIST-OPEN","BRA503","2026-01-10 00:28:21.472"
"Reclass","U","Update","Hold Class","E6BB0614","213/2/2-10","DIST-OPEN","HOLD","BRA502","2026-05-15 19:08:48.384"
"Reclass","U","Update","Hold Class","E6BB0614","313/4/5-12","SEASON","DIST-OPEN","BRA508","2026-04-12 22:51:43.829"
"Reclass","U","Update","Hold Class","E6BB0614","309/9/5-9","HOLD","COMP","BRA501","2025-12-24 19:02:59.038"
"Reclass","U","Update","Hold Class","E6BB0614","401/10/19-27","SEASON","DIST-OPEN","BRA505","2025-11-30 08:58:29.931"
"Reclass","U","Update","Hold Class","E6BB0614","309/1/9-11","HOLD","COMP","BRA503","2025-12-02 16:06:54.843"
"Reclass","U","Update","Hold Class","E6BB0614","316/9/11-17","DIST-OPEN","HOLD","BRA500","2025-12-12 04:32:01.180"
"Reclass","U","Update","Hold Class","E6BB0614","309/5/13-17","DIST-OPEN","HOLD","BRA509","2026-05-19 08:41:36.265"
"Reclass","U","Update","Hold Class","E6BB0614","210/3/16-22","DIST-OPEN","HOLD","BRA509","2026-03-10 14:32:51.659"
"Reclass","U","Update","Hold Class","E6BB0615","309/5/17-18","SEASON","DIST-OPEN","BRA500","2026-04-16 22:04:03.887"
"Reclass","U","Update","Hold Class","E6BB0615","307/6/14-20","SEASON","DIST-OPEN","BRA500","2026-04-27 09:37:57.107"
"Reclass","U","Update","Hold Class","E6BB0615","203/8/14-21","DIST-OPEN","HOLD","BRA502","2026-04-13 09:52:25.538"
"Reclass","U","Update","Hold Class","E6BB0615","310/5/2-4","HOLD","COMP","BRA505","2025-11-20 05:29:26.453"
"Reclass","U","Update","Hold Class","E6BB0615","316/9/13-14","HOLD","DIST-OPEN","BRA505","2026-02-19 22:21:24.816"
"Reclass","U","Update","Hold Class","E6BB0615","303/3/13-17","DIST-OPEN","HOLD","BRA507","2025-11-28 08:32:57.903"
"Reclass","U","Update","Hold Class","E6BB0615","111/6/9-9","GROUP","DIST-OPEN","BRA510","2025-12-07 15:20:33.091"
"Reclass","U","Update","Hold Class","E6BB0615","107/5/12-18","HOLD","DIST-OPEN","BRA501","2026-01-19 12:19:15.992"
"Reclass","U","Update","Hold Class","E6BB0615","303/3/18-23","DIST-OPEN","HOLD","BRA500","2026-02-25 10:38:49.299"
"Reclass","U","Update","Hold Class","E6BB0615","210/4/17-17","HOLD","COMP","BRA509","2026-06-11 13:09:13.166"
"Reclass","U","Update","Hold Class","E6BB0615","112/4/13-13","GROUP","DIST-OPEN","BRA501","2026-01-03 08:47:15.931"
"Reclass","U","Update","Hold Class","E6BB0615","105/9/3-4","HOLD","DIST-OPEN","BRA504","2026-02-24 08:17:55.214"
"Reclass","U","Update","Hold Class","E6BB0615","312/10/18-25","SEASON","DIST-OPEN","BRA504","2026-01-26 22:34:40.249"
"Reclass","U","Update","Hold Class","E6BB0615","111/7/1-5","HOLD","DIST-OPEN","BRA506","2026-02-21 02:19:52.444"
"Reclass","U","Update","Hold Class","E6BB0615","212/1/6-13","HOLD","COMP","BRA504","2026-03-27 21:16:26.080"
"Reclass","U","Update","Hold Class","E6BB0615","307/10/17-19","DIST-OPEN","HOLD","BRA503","2026-02-27 12:58:06.040"
"Reclass","U","Update","Hold Class","E6BB0615","204/5/13-18","DIST-OPEN","HOLD","BRA506","2026-02-19 12:09:54.513"
"Reclass","U","Update","Hold Class","E6BB0615","220/3/16-20","DIST-OPEN","HOLD","BRA506","2025-11-22 16:27:27.354"
"Reclass","U","Update","Hold Class","E6BB0615","111/10/3-4","SEASON","DIST-OPEN","BRA505","2026-05-11 09:38:21.555"
"Reclass","U","Update","Hold Class","E6BB0615","409/5/15-19","HOLD","COMP","BRA507","2026-01-20 05:35:40.934"
"Reclass","U","Update","Hold Class","E6BB0615","318/10/12-20","HOLD","COMP","BRA508","2025-11-21 09:54:22.159"
"Reclass","U","Update","Hold Class","E6BB0615","111/6/13-15","GROUP","DIST-OPEN","BRA506","2026-04-08 23:20:39.223"
"Reclass","U","Update","Hold Class","E6BB0615","316/10/17-20","GROUP","DIST-OPEN","BRA501","2026-01-29 00:05:50.940"
"Reclass","U","Update","Hold Class","E6BB0615","306/7/10-16","HOLD","DIST-OPEN","BRA503","2025-12-05 19:56:33.397"
"Reclass","U","Update","Hold Class","E6BB0615","113/8/17-17","HOLD","COMP","BRA505","2026-04-02 10:38:03.123"
"Reclass","U","Update","Hold Class","E6BB0619","319/7/9-10","HOLD","COMP","BRA500","2025-12-12 06:14:28.474"
"Reclass","U","Update","Hold Class","E6BB0619","320/3/19-19","HOLD","DIST-OPEN","BRA502","2025-11-21 19:15:49.655"
"Reclass","U","Update","Hold Class","E6BB0619","119/2/9-10","HOLD","COMP","BRA507","2026-03-04 12:30:37.816"
"Reclass","U","Update","Hold Class","E6BB0619","208/1/18-26","HOLD","DIST-OPEN","BRA502","2025-11-19 18:55:30.313"
"Reclass","U","Update","Hold Class","E6BB0619","313/3/1-7","SEASON","DIST-OPEN","BRA507","2026-06-18 03:57:37.589"
"Reclass","U","Update","Hold Class","E6BB0619","320/5/13-17","HOLD","DIST-OPEN","BRA508","2026-04-10 20:24:33.401"
"Reclass","U","Update","Hold Class","E6BB0619","208/3/14-17","HOLD","DIST-OPEN","BRA502","2026-01-27 16:27:07.569"
"Reclass","U","Update","Hold Class","E6BB0619","202/8/4-8","GROUP","DIST-OPEN","BRA500","2025-12-17 09:49:58.179"
"Reclass","U","Update","Hold Class","E6BB0619","108/1/4-4","SEASON","DIST-OPEN","BRA506","2026-05-04 23:59:03.340"
"Reclass","U","Update","Hold Class","E6BB0619","208/2/6-10","DIST-OPEN","HOLD","BRA507","2025-11-11 22:56:21.849"
"Reclass","U","Update","Hold Class","E6BB0619","212/7/19-27","SEASON","DIST-OPEN","BRA501","2026-03-22 05:34:07.360"
"Reclass","U","Update","Hold Class","E6BB0619","311/1/5-9","SEASON","DIST-OPEN","BRA505","2026-02-18 22:48:32.505"
"Reclass","U","Update","Hold Class","E6BB0619","302/3/9-17","HOLD","COMP","BRA504","2025-12-24 23:06:34.278"
"Reclass","U","Update","Hold Class","E6BB0619","217/5/20-22","HOLD","COMP","BRA508","2026-02-26 11:53:40.868"
"Reclass","U","Update","Hold Class","E6BB0619","209/10/5-10","SEASON","DIST-OPEN","BRA505","2026-03-13 17:52:16.498"
"Reclass","U","Update","Hold Class","E6BB0619","215/9/1-4","GROUP","DIST-OPEN","BRA500","2026-04-06 22:57:49.632"
"Reclass","U","Update","Hold Class","E6BB0619","306/5/20-23","GROUP","DIST-OPEN","BRA506","2026-05-31 10:05:00.586"
"Reclass","U","Update","Hold Class","E6BB0619","210/5/10-13","DIST-OPEN","HOLD","BRA503","2025-11-17 02:02:31.592"
"Reclass","U","Update","Hold Class","E6BB0619","314/10/18-18","GROUP","DIST-OPEN","BRA510","2026-03-27 14:41:35.019"
"Reclass","U","Update","Hold Class","E6BB0620","406/6/18-23","DIST-OPEN","HOLD","BRA509","2025-12-09 22:54:33.022"
"Reclass","U","Update","Hold Class","E6BB0620","405/9/12-19","HOLD","DIST-OPEN","BRA507","2026-05-29 16:37:00.819"
"Reclass","U","Update","Hold Class","E6BB0620","310/3/14-19","GROUP","DIST-OPEN","BRA505","2026-01-03 20:53:14.120"
"Reclass","U","Update","Hold Class","E6BB0620","401/1/2-2","HOLD","DIST-OPEN","BRA510","2026-06-06 15:28:41.079"
"Reclass","U","Update","Hold Class","E6BB0620","120/7/9-14","SEASON","DIST-OPEN","BRA502","2026-01-25 02:33:59.162"
"Reclass","U","Update","Hold Class","E6BB0620","310/6/14-14","DIST-OPEN","HOLD","BRA500","2025-12-20 09:55:27.073"
"Reclass","U","Update","Hold Class","E6BB0620","318/9/14-21","SEASON","DIST-OPEN","BRA506","2026-06-10 03:50:10.507"
"Reclass","U","Update","Hold Class","E6BB0620","307/1/1-4","GROUP","DIST-OPEN","BRA503","2025-12-30 11:56:21.724"
"Reclass","U","Update","Hold Class","E6BB0620","317/1/15-16","HOLD","DIST-OPEN","BRA506","2026-04-25 23:05:28.118"
"Reclass","U","Update","Hold Class","E6BB0620","311/8/19-21","HOLD","COMP","BRA510","2026-05-10 19:29:56.900"
"Reclass","U","Update","Hold Class","E6BB0620","203/1/5-6","HOLD","COMP","BRA506","2026-01-18 09:34:24.160"
"Reclass","U","Update","Hold Class","E6BB0620","120/9/5-8","HOLD","DIST-OPEN","BRA501","2026-02-23 18:32:10.750"
"Reclass","U","Update","Hold Class","E6BB0620","208/8/19-20","HOLD","DIST-OPEN","BRA509","2026-03-12 06:39:28.680"
"Reclass","U","Update","Hold Class","E6BB0621","102/2/5-7","SEASON","DIST-OPEN","BRA508","2026-02-01 00:50:52.685"
"Reclass","U","Update","Hold Class","E6BB0621","216/5/18-26","DIST-OPEN","HOLD","BRA507","2025-11-29 14:12:40.687"
"Reclass","U","Update","Hold Class","E6BB0621","208/8/19-24","HOLD","DIST-OPEN","BRA508","2026-05-20 12:33:05.652"
"Reclass","U","Update","Hold Class","E6BB0621","101/2/12-13","DIST-OPEN","HOLD","BRA510","2026-06-20 20:43:54.221"
"Reclass","U","Update","Hold Class","E6BB0621","113/2/9-12","SEASON","DIST-OPEN","BRA510","2026-01-25 17:32:01.806"
"Reclass","U","Update","Hold Class","E6BB0621","316/2/2-2","GROUP","DIST-OPEN","BRA508","2026-06-07 16:52:44.234"
"Reclass","U","Update","Hold Class","E6BB0621","208/4/20-20","GROUP","DIST-OPEN","BRA502","2026-02-06 12:33:48.876"
"Reclass","U","Update","Hold Class","E6BB0621","102/4/8-11","DIST-OPEN","HOLD","BRA501","2026-04-08 04:42:20.227"
"Reclass","U","Update","Hold Class","E6BB0621","209/1/15-21","HOLD","DIST-OPEN","BRA506","2026-04-05 09:10:53.528"
"Reclass","U","Update","Hold Class","E6BB0621","116/8/18-21","GROUP","DIST-OPEN","BRA509","2026-04-14 01:55:22.576"
"Reclass","U","Update","Hold Class","E6BB0621","117/10/10-13","GROUP","DIST-OPEN","BRA500","2025-11-28 19:35:02.634"
"Reclass","U","Update","Hold Class","E6BB0621","219/5/5-13","HOLD","COMP","BRA509","2026-01-15 18:05:28.043"
"Reclass","U","Update","Hold Class","E6BB0621","313/10/14-15","SEASON","DIST-OPEN","BRA508","2026-03-08 08:38:05.691"
"Reclass","U","Update","Hold Class","E6BB0621","110/5/2-8","HOLD","COMP","BRA506","2025-11-26 02:20:20.877"
"Reclass","U","Update","Hold Class","E6BB0621","315/4/13-18","HOLD","COMP","BRA501","2026-04-10 02:59:59.841"
"Reclass","U","Update","Hold Class","E6BB0621","315/3/15-17","GROUP","DIST-OPEN","BRA509","2026-04-01 13:45:29.926"
"Reclass","U","Update","Hold Class","E6BB0621","111/9/9-10","HOLD","DIST-OPEN","BRA505","2026-01-05 03:37:42.803"
"Reclass","U","Update","Hold Class","E6BB0621","111/7/7-10","HOLD","DIST-OPEN","BRA508","2025-12-24 12:04:57.835"
"Reclass","U","Update","Hold Class","E6BB0621","110/6/19-25","HOLD","COMP","BRA510","2026-01-26 09:24:49.516"
"Reclass","U","Update","Hold Class","E6BB0621","204/5/20-28","HOLD","DIST-OPEN","BRA501","2026-01-05 01:36:49.254"
"Reclass","U","Update","Hold Class","E6BB0621","402/10/20-22","DIST-OPEN","HOLD","BRA504","2026-03-05 18:06:59.628"
"Reclass","U","Update","Hold Class","E6BB0621","103/7/9-16","GROUP","DIST-OPEN","BRA500","2026-03-03 14:02:47.637"
"Reclass","U","Update","Hold Class","E6BB0621","213/2/13-16","DIST-OPEN","HOLD","BRA505","2025-12-17 22:46:53.063"
"Reclass","U","Update","Hold Class","E6BB0621","311/4/20-27","HOLD","DIST-OPEN","BRA504","2026-05-08 07:30:06.554"
"Reclass","U","Update","Hold Class","E6BB0621","310/2/15-20","HOLD","DIST-OPEN","BRA505","2025-12-18 17:14:45.578"
"Reclass","U","Update","Hold Class","E6BB0621","202/6/10-14","HOLD","DIST-OPEN","BRA502","2026-04-08 10:39:14.092"
"Reclass","U","Update","Hold Class","E6BB0621","108/3/7-10","SEASON","DIST-OPEN","BRA510","2026-01-21 11:40:51.757"
"Reclass","U","Update","Hold Class","E6BB0621","311/10/5-11","DIST-OPEN","HOLD","BRA506","2026-03-27 07:04:03.505"
"Reclass","U","Update","Hold Class","E6BB0623","102/5/1-5","HOLD","COMP","BRA503","2026-01-09 05:12:46.628"
"Reclass","U","Update","Hold Class","E6BB0623","320/7/4-7","DIST-OPEN","HOLD","BRA505","2025-12-09 12:40:38.960"
"Reclass","U","Update","Hold Class","E6BB0623","113/5/1-5","SEASON","DIST-OPEN","BRA501","2026-04-02 12:55:46.773"
"Reclass","U","Update","Hold Class","E6BB0623","308/1/3-8","GROUP","DIST-OPEN","BRA505","2026-05-23 13:30:02.488"
"Reclass","U","Update","Hold Class","E6BB0623","219/7/12-17","GROUP","DIST-OPEN","BRA501","2026-02-07 20:57:56.455"
"Reclass","U","Update","Hold Class","E6BB0623","405/6/13-15","DIST-OPEN","HOLD","BRA505","2026-06-06 17:45:59.043"
"Reclass","U","Update","Hold Class","E6BB0623","109/4/5-13","HOLD","COMP","BRA504","2025-12-21 14:14:06.982"
"Reclass","U","Update","Hold Class","E6BB0623","310/6/11-16","SEASON","DIST-OPEN","BRA504","2026-05-30 14:15:04.008"
"Reclass","U","Update","Hold Class","E6BB0623","408/6/5-12","GROUP","DIST-OPEN","BRA500","2025-11-29 16:46:20.766"
"Reclass","U","Update","Hold Class","E6BB0623","301/6/6-7","GROUP","DIST-OPEN","BRA507","2026-06-18 13:32:01.652"
"Reclass","U","Update","Hold Class","E6BB0623","215/2/11-14","HOLD","COMP","BRA504","2025-12-30 19:07:02.979"
"Reclass","U","Update","Hold Class","E6BB0623","101/10/19-23","HOLD","COMP","BRA510","2026-03-19 09:27:00.056"
"Reclass","U","Update","Hold Class","E6BB0623","107/6/15-16","SEASON","DIST-OPEN","BRA505","2026-04-23 13:50:16.254"
"Reclass","U","Update","Hold Class","E6BB0623","402/6/5-5","SEASON","DIST-OPEN","BRA503","2026-03-04 13:23:53.090"
"Reclass","U","Update","Hold Class","E6BB0623","205/3/9-15","SEASON","DIST-OPEN","BRA500","2026-05-02 07:59:04.543"
"Reclass","U","Update","Hold Class","E6BB0623","401/5/11-12","HOLD","COMP","BRA505","2026-06-11 08:21:18.479"
"Reclass","U","Update","Hold Class","E6BB0623","217/7/14-21","HOLD","COMP","BRA503","2026-02-21 01:22:41.457"
"Reclass","U","Update","Hold Class","E6BB0623","212/3/2-4","HOLD","DIST-OPEN","BRA504","2026-06-15 14:05:30.742"
"Reclass","U","Update","Hold Class","E6BB0623","101/9/4-9","DIST-OPEN","HOLD","BRA505","2025-11-24 22:30:32.025"
"Reclass","U","Update","Hold Class","E6BB0623","301/3/16-16","SEASON","DIST-OPEN","BRA507","2026-02-27 21:24:18.284"
"Reclass","U","Update","Hold Class","E6BB0623","202/6/7-7","SEASON","DIST-OPEN","BRA504","2025-11-25 21:00:07.607"
"Reclass","U","Update","Hold Class","E6BB0623","305/9/3-10","GROUP","DIST-OPEN","BRA505","2026-04-06 02:50:28.300"
"Reclass","U","Update","Hold Class","E6BB0623","311/1/16-16","GROUP","DIST-OPEN","BRA504","2025-12-15 17:22:34.874"
"Reclass","U","Update","Hold Class","E6BB0623","301/2/4-8","SEASON","DIST-OPEN","BRA503","2026-02-01 17:30:22.376"
"Reclass","U","Update","Hold Class","E6BB0623","403/1/2-8","DIST-OPEN","HOLD","BRA508","2026-06-03 22:48:59.162"
"Reclass","U","Update","Hold Class","E6BB0623","216/1/2-10","DIST-OPEN","HOLD","BRA510","2025-11-17 17:06:22.728"
"Reclass","U","Update","Hold Class","E6BB0623","118/5/18-24","HOLD","COMP","BRA500","2026-01-26 20:29:46.030"
"Reclass","U","Update","Hold Class","E6BB0623","314/7/10-18","DIST-OPEN","HOLD","BRA505","2026-01-21 23:23:18.658"
"Reclass","U","Update","Hold Class","E6BB0624","108/1/9-16","HOLD","DIST-OPEN","BRA509","2026-02-11 10:28:23.387"
"Reclass","U","Update","Hold Class","E6BB0624","402/7/19-27","DIST-OPEN","HOLD","BRA503","2026-01-10 17:12:01.751"
"Reclass","U","Update","Hold Class","E6BB0624","211/2/14-17","HOLD","DIST-OPEN","BRA503","2026-05-15 04:44:34.424"
"Reclass","U","Update","Hold Class","E6BB0624","107/3/2-9","HOLD","DIST-OPEN","BRA503","2026-05-12 21:17:38.671"
"Reclass","U","Update","Hold Class","E6BB0624","105/6/19-21","SEASON","DIST-OPEN","BRA508","2026-01-23 02:39:52.858"
"Reclass","U","Update","Hold Class","E6BB0624","104/8/1-1","GROUP","DIST-OPEN","BRA510","2026-04-22 09:30:41.917"
"Reclass","U","Update","Hold Class","E6BB0624","319/10/9-12","GROUP","DIST-OPEN","BRA505","2026-06-21 22:58:37.785"
"Reclass","U","Update","Hold Class","E6BB0624","101/2/7-10","GROUP","DIST-OPEN","BRA504","2026-03-18 15:07:45.542"
"Reclass","U","Update","Hold Class","E6BB0624","315/3/11-18","HOLD","COMP","BRA510","2026-06-12 11:24:51.971"
"Reclass","U","Update","Hold Class","E6BB0624","118/5/5-6","SEASON","DIST-OPEN","BRA502","2026-06-17 22:36:22.806"
"Reclass","U","Update","Hold Class","E6BB0626","102/7/14-14","HOLD","COMP","BRA509","2026-04-04 10:46:30.626"
"Reclass","U","Update","Hold Class","E6BB0626","107/9/17-21","HOLD","DIST-OPEN","BRA507","2026-06-11 05:50:30.308"
"Reclass","U","Update","Hold Class","E6BB0626","207/8/1-5","SEASON","DIST-OPEN","BRA501","2026-03-11 11:28:51.940"
"Reclass","U","Update","Hold Class","E6BB0626","303/4/9-16","DIST-OPEN","HOLD","BRA508","2026-03-16 03:38:00.507"
"Reclass","U","Update","Hold Class","E6BB0626","314/7/16-16","SEASON","DIST-OPEN","BRA501","2025-12-23 04:30:50.121"
"Reclass","U","Update","Hold Class","E6BB0626","117/5/16-24","HOLD","DIST-OPEN","BRA510","2026-01-03 01:32:54.268"
"Reclass","U","Update","Hold Class","E6BB0626","106/1/17-20","GROUP","DIST-OPEN","BRA500","2026-04-07 10:53:51.736"
"Reclass","U","Update","Hold Class","E6BB0626","106/1/4-11","HOLD","DIST-OPEN","BRA505","2026-04-10 00:46:50.396"
"Reclass","U","Update","Hold Class","E6BB0626","219/1/2-2","GROUP","DIST-OPEN","BRA502","2025-11-25 04:37:08.760"
"Reclass","U","Update","Hold Class","E6BB0626","408/4/9-12","DIST-OPEN","HOLD","BRA505","2026-03-06 18:31:44.594"
"Reclass","U","Update","Hold Class","E6BB0626","206/6/11-18","DIST-OPEN","HOLD","BRA506","2026-02-21 10:22:36.922"
"Reclass","U","Update","Hold Class","E6BB0626","306/9/1-6","HOLD","COMP","BRA500","2026-04-05 07:21:40.967"
"Reclass","U","Update","Hold Class","E6BB0626","211/7/2-2","HOLD","DIST-OPEN","BRA503","2025-12-23 04:55:39.440"
"Reclass","U","Update","Hold Class","E6BB0626","108/5/1-7","HOLD","DIST-OPEN","BRA503","2025-11-30 11:03:59.161"
"Reclass","U","Update","Hold Class","E6BB0626","101/1/4-10","DIST-OPEN","HOLD","BRA509","2026-05-08 14:59:58.015"
"Reclass","U","Update","Hold Class","E6BB0626","402/1/18-20","HOLD","DIST-OPEN","BRA507","2026-03-25 18:26:33.971"
"Reclass","U","Update","Hold Class","E6BB0626","116/7/12-17","GROUP","DIST-OPEN","BRA510","2026-02-16 04:48:37.333"
"Reclass","U","Update","Hold Class","E6BB0626","210/8/15-19","DIST-OPEN","HOLD","BRA506","2026-02-05 04:08:13.660"
"Reclass","U","Update","Hold Class","E6BB0626","106/5/20-27","HOLD","COMP","BRA503","2026-05-25 11:39:25.200"
"Reclass","U","Update","Hold Class","E6BB0626","120/5/6-9","HOLD","DIST-OPEN","BRA508","2026-06-14 09:40:13.538"
"Reclass","U","Update","Hold Class","E6BB0626","107/2/2-4","DIST-OPEN","HOLD","BRA500","2026-02-20 12:36:16.809"
"Reclass","U","Update","Hold Class","E6BB0626","217/3/4-12","HOLD","COMP","BRA507","2026-05-10 00:33:01.233"
"Reclass","U","Update","Hold Class","E6BB0626","104/6/16-24","HOLD","COMP","BRA502","2025-12-20 06:15:24.730"
"Reclass","U","Update","Hold Class","E6BB0626","204/6/13-14","HOLD","DIST-OPEN","BRA504","2025-11-28 00:51:29.416"
"Reclass","U","Update","Hold Class","E6BB0626","306/8/3-6","HOLD","DIST-OPEN","BRA510","2025-12-22 16:53:55.328"
"Reclass","U","Update","Hold Class","E6BB0626","104/2/2-2","GROUP","DIST-OPEN","BRA505","2025-11-20 10:16:52.812"
"Reclass","U","Update","Hold Class","E6BB0626","212/3/10-16","HOLD","COMP","BRA510","2026-01-03 07:35:52.776"
"Reclass","U","Update","Hold Class","E6BB0626","320/5/4-6","HOLD","COMP","BRA500","2026-01-11 14:27:27.200"
"Reclass","U","Update","Hold Class","E6BB0626","204/5/3-7","HOLD","DIST-OPEN","BRA505","2026-05-13 11:08:43.641"
"Reclass","U","Update","Hold Class","E6BB0627","201/3/4-4","HOLD","DIST-OPEN","BRA501","2026-05-09 14:49:58.168"
"Reclass","U","Update","Hold Class","E6BB0627","301/3/3-11","DIST-OPEN","HOLD","BRA501","2026-05-09 13:48:40.429"
"Reclass","U","Update","Hold Class","E6BB0627","108/8/5-7","SEASON","DIST-OPEN","BRA507","2025-12-13 14:29:20.152"
"Reclass","U","Update","Hold Class","E6BB0627","102/6/11-15","DIST-OPEN","HOLD","BRA501","2026-06-03 15:39:10.935"
"Reclass","U","Update","Hold Class","E6BB0627","312/5/8-14","SEASON","DIST-OPEN","BRA503","2025-12-26 18:57:10.108"
"Reclass","U","Update","Hold Class","E6BB0627","405/7/11-15","HOLD","DIST-OPEN","BRA503","2025-11-16 10:45:41.822"
"Reclass","U","Update","Hold Class","E6BB0627","309/10/12-17","SEASON","DIST-OPEN","BRA508","2026-06-13 09:16:50.453"
"Reclass","U","Update","Hold Class","E6BB0627","216/3/16-20","HOLD","COMP","BRA508","2026-03-14 17:21:06.793"
"Reclass","U","Update","Hold Class","E6BB0627","211/3/15-22","HOLD","COMP","BRA502","2025-11-21 11:21:12.728"
"Reclass","U","Update","Hold Class","E6BB0627","219/10/10-15","SEASON","DIST-OPEN","BRA510","2025-12-27 14:29:02.452"
"Reclass","U","Update","Hold Class","E6BB0627","410/4/20-23","GROUP","DIST-OPEN","BRA508","2026-06-14 14:28:35.056"
"Reclass","U","Update","Hold Class","E6BB0627","308/10/14-14","HOLD","DIST-OPEN","BRA508","2026-05-29 13:07:55.585"
"Reclass","U","Update","Hold Class","E6BB0627","311/2/8-11","HOLD","DIST-OPEN","BRA503","2026-05-16 02:07:45.264"
"Reclass","U","Update","Hold Class","E6BB0627","312/3/11-15","HOLD","DIST-OPEN","BRA509","2026-02-14 12:45:16.348"
"Reclass","U","Update","Hold Class","E6BB0627","204/10/17-25","GROUP","DIST-OPEN","BRA501","2026-06-07 18:34:19.655"
"Reclass","U","Update","Hold Class","E6BB0627","402/4/6-6","SEASON","DIST-OPEN","BRA509","2026-01-01 19:47:58.072"
"Reclass","U","Update","Hold Class","E6BB0627","110/3/10-10","DIST-OPEN","HOLD","BRA509","2026-06-11 04:15:25.019"
"Reclass","U","Update","Hold Class","E6BB0627","401/10/5-8","GROUP","DIST-OPEN","BRA503","2026-05-13 17:39:57.077"
"Reclass","U","Update","Hold Class","E6BB0627","106/1/16-24","SEASON","DIST-OPEN","BRA507","2025-12-25 12:48:26.030"
"Reclass","U","Update","Hold Class","E6BB0627","306/8/10-17","HOLD","COMP","BRA504","2026-06-19 14:17:51.934"
"Reclass","U","Update","Hold Class","E6BB0627","314/5/13-16","SEASON","DIST-OPEN","BRA510","2025-12-11 16:07:53.004"
"Reclass","U","Update","Hold Class","E6BB0627","214/10/3-3","HOLD","DIST-OPEN","BRA506","2025-12-25 23:51:51.769"
"Reclass","U","Update","Hold Class","E6BB0628","307/8/8-15","SEASON","DIST-OPEN","BRA509","2026-03-12 15:52:59.410"
"Reclass","U","Update","Hold Class","E6BB0628","307/5/18-25","GROUP","DIST-OPEN","BRA509","2026-06-02 07:18:22.427"
"Reclass","U","Update","Hold Class","E6BB0628","304/7/17-25","SEASON","DIST-OPEN","BRA506","2025-12-15 21:52:51.457"
"Reclass","U","Update","Hold Class","E6BB0628","214/1/6-7","HOLD","COMP","BRA501","2025-12-07 13:00:36.706"
"Reclass","U","Update","Hold Class","E6BB0628","307/1/16-23","GROUP","DIST-OPEN","BRA505","2026-04-08 18:30:51.338"
"Reclass","U","Update","Hold Class","E6BB0628","214/8/10-12","DIST-OPEN","HOLD","BRA506","2026-01-06 22:07:07.270"
"Reclass","U","Update","Hold Class","E6BB0628","212/10/6-6","HOLD","DIST-OPEN","BRA502","2026-01-22 18:49:12.377"
"Reclass","U","Update","Hold Class","E6BB0628","220/8/7-13","DIST-OPEN","HOLD","BRA509","2025-12-21 01:26:31.911"
"Reclass","U","Update","Hold Class","E6BB0628","206/6/1-2","GROUP","DIST-OPEN","BRA508","2026-04-16 23:31:59.197"
"Reclass","U","Update","Hold Class","E6BB0628","107/2/14-19","SEASON","DIST-OPEN","BRA500","2026-02-19 09:58:33.225"
"Reclass","U","Update","Hold Class","E6BB0628","313/6/17-25","GROUP","DIST-OPEN","BRA503","2026-01-25 14:44:14.780"
"Reclass","U","Update","Hold Class","E6BB0628","215/8/18-23","SEASON","DIST-OPEN","BRA503","2026-04-10 05:08:40.863"
"Reclass","U","Update","Hold Class","E6BB0628","215/6/15-23","HOLD","COMP","BRA505","2026-02-21 02:51:04.365"
"Reclass","U","Update","Hold Class","E6BB0628","217/5/2-7","GROUP","DIST-OPEN","BRA503","2026-01-08 08:04:07.099"
"Reclass","U","Update","Hold Class","E6BB0628","306/9/13-16","HOLD","DIST-OPEN","BRA510","2025-11-24 00:11:42.455"
"Reclass","U","Update","Hold Class","E6BB0628","109/10/15-18","HOLD","DIST-OPEN","BRA503","2026-04-23 00:25:00.706"
"Reclass","U","Update","Hold Class","E6BB0628","401/5/7-11","GROUP","DIST-OPEN","BRA510","2026-03-12 23:39:01.700"
"Reclass","U","Update","Hold Class","E6BB0628","312/6/20-22","SEASON","DIST-OPEN","BRA503","2026-06-04 12:13:07.554"
"Reclass","U","Update","Hold Class","E6BB0628","209/1/1-9","HOLD","COMP","BRA509","2026-03-07 13:04:40.850"
"Reclass","U","Update","Hold Class","E6BB0628","306/7/8-15","HOLD","DIST-OPEN","BRA502","2026-03-06 18:09:18.099"
"Reclass","U","Update","Hold Class","E6BB0628","407/5/8-13","HOLD","COMP","BRA504","2025-12-10 03:45:08.293"
"Reclass","U","Update","Hold Class","E6BB0628","212/7/10-15","HOLD","COMP","BRA509","2026-05-25 05:07:44.780"
"Reclass","U","Update","Hold Class","E6BB0628","112/1/17-18","SEASON","DIST-OPEN","BRA508","2025-11-27 00:44:19.202"
"Reclass","U","Update","Hold Class","E6BB0628","317/10/5-9","HOLD","DIST-OPEN","BRA500","2025-12-19 21:22:26.821"
"Reclass","U","Update","Hold Class","E6BB0628","402/5/18-26","HOLD","COMP","BRA502","2026-03-30 11:37:11.892"
"Reclass","U","Update","Hold Class","E6BB0629","202/1/2-6","HOLD","DIST-OPEN","BRA502","2025-11-28 21:03:37.563"
"Reclass","U","Update","Hold Class","E6BB0629","307/8/10-16","DIST-OPEN","HOLD","BRA504","2026-04-28 20:59:09.361"
"Reclass","U","Update","Hold Class","E6BB0629","314/3/8-15","DIST-OPEN","HOLD","BRA503","2026-06-18 23:14:59.460"
"Reclass","U","Update","Hold Class","E6BB0629","308/6/7-9","DIST-OPEN","HOLD","BRA501","2026-03-04 23:07:15.173"
"Reclass","U","Update","Hold Class","E6BB0629","402/6/11-15","DIST-OPEN","HOLD","BRA501","2026-03-10 02:53:06.762"
"Reclass","U","Update","Hold Class","E6BB0629","305/1/19-27","DIST-OPEN","HOLD","BRA508","2026-05-25 14:26:14.954"
"Reclass","U","Update","Hold Class","E6BB0629","217/2/13-19","GROUP","DIST-OPEN","BRA502","2026-04-28 00:36:54.856"
"Reclass","U","Update","Hold Class","E6BB0629","405/7/2-9","SEASON","DIST-OPEN","BRA505","2025-12-30 02:13:58.765"
"Reclass","U","Update","Hold Class","E6BB0629","215/6/11-16","HOLD","DIST-OPEN","BRA502","2026-05-10 02:23:05.774"
"Reclass","U","Update","Hold Class","E6BB0629","310/8/19-26","HOLD","DIST-OPEN","BRA504","2026-04-12 04:59:26.273"
"Reclass","U","Update","Hold Class","E6BB0629","313/2/20-20","SEASON","DIST-OPEN","BRA507","2025-11-10 21:21:36.511"
"Reclass","U","Update","Hold Class","E6BB0629","109/4/6-6","HOLD","COMP","BRA507","2026-02-12 02:51:50.688"
"Reclass","U","Update","Hold Class","E6BB0629","405/10/15-18","GROUP","DIST-OPEN","BRA503","2026-05-28 07:10:57.518"
"Reclass","U","Update","Hold Class","E6BB0629","206/1/6-10","GROUP","DIST-OPEN","BRA507","2026-04-10 11:24:12.411"
"Reclass","U","Update","Hold Class","E6BB0629","202/2/9-17","HOLD","DIST-OPEN","BRA501","2025-11-25 22:38:26.034"
"Reclass","U","Update","Hold Class","E6BB0629","207/9/18-23","HOLD","COMP","BRA501","2026-02-02 18:21:29.332"
"Reclass","U","Update","Hold Class","E6BB0629","113/9/5-12","GROUP","DIST-OPEN","BRA500","2026-03-07 10:28:47.260"
"Reclass","U","Update","Hold Class","E6BB0629","312/1/11-17","DIST-OPEN","HOLD","BRA506","2026-05-09 07:23:04.918"
"Reclass","U","Update","Hold Class","E6BB0629","301/2/1-5","HOLD","DIST-OPEN","BRA503","2026-02-09 16:50:04.045"
"Reclass","U","Update","Hold Class","E6BB0629","202/4/4-8","HOLD","DIST-OPEN","BRA507","2026-03-07 02:59:11.758"
"Reclass","U","Update","Hold Class","E6BB0629","209/2/10-15","SEASON","DIST-OPEN","BRA503","2026-04-07 08:54:27.266"
"Reclass","U","Update","Hold Class","E6BB0629","316/4/19-21","HOLD","DIST-OPEN","BRA503","2025-12-04 13:56:43.118"
"Reclass","U","Update","Hold Class","E6BB0629","206/5/10-13","DIST-OPEN","HOLD","BRA508","2026-04-03 18:00:26.243"
"Reclass","U","Update","Hold Class","E6BB0629","202/5/17-25","HOLD","DIST-OPEN","BRA503","2026-04-09 03:50:08.007"
"Reclass","U","Update","Hold Class","E6BB0629","206/10/5-13","HOLD","DIST-OPEN","BRA507","2026-01-31 16:41:44.339"
"Reclass","U","Update","Hold Class","E6BB0629","217/3/4-12","SEASON","DIST-OPEN","BRA506","2026-03-02 13:57:09.495"
"Reclass","U","Update","Hold Class","E6BB0629","404/7/1-8","HOLD","DIST-OPEN","BRA505","2026-06-04 05:12:04.268"
"Reclass","U","Update","Hold Class","E6BB0629","207/6/8-10","DIST-OPEN","HOLD","BRA509","2026-03-14 19:39:14.587"
"Reclass","U","Update","Hold Class","E6BB0630","301/9/19-23","DIST-OPEN","HOLD","BRA510","2026-06-25 16:56:01.059"
"Reclass","U","Update","Hold Class","E6BB0630","213/9/14-17","DIST-OPEN","HOLD","BRA509","2026-02-07 17:08:35.026"
"Reclass","U","Update","Hold Class","E6BB0630","116/5/10-17","GROUP","DIST-OPEN","BRA509","2026-06-21 03:09:41.743"
"Reclass","U","Update","Hold Class","E6BB0630","320/2/15-15","DIST-OPEN","HOLD","BRA501","2026-02-10 21:56:38.268"
"Reclass","U","Update","Hold Class","E6BB0630","204/3/14-15","HOLD","DIST-OPEN","BRA501","2026-03-26 08:53:25.597"
"Reclass","U","Update","Hold Class","E6BB0630","105/9/15-15","DIST-OPEN","HOLD","BRA505","2026-04-29 20:23:38.203"
"Reclass","U","Update","Hold Class","E6BB0630","305/7/18-18","HOLD","COMP","BRA500","2026-03-19 18:45:29.468"
"Reclass","U","Update","Hold Class","E6BB0630","308/4/3-4","HOLD","COMP","BRA504","2025-12-12 07:30:59.058"
"Reclass","U","Update","Hold Class","E6BB0630","116/7/18-22","SEASON","DIST-OPEN","BRA509","2026-06-20 15:14:31.849"
"Reclass","U","Update","Hold Class","E6BB0630","320/7/11-12","SEASON","DIST-OPEN","BRA502","2026-02-24 19:45:42.800"
"Reclass","U","Update","Hold Class","E6BB0630","401/5/6-9","HOLD","DIST-OPEN","BRA504","2026-01-07 17:31:26.631"
"Reclass","U","Update","Hold Class","E6BB0630","216/3/17-21","HOLD","DIST-OPEN","BRA506","2025-12-08 07:23:46.738"
"Reclass","U","Update","Hold Class","E6BB0630","319/4/6-13","HOLD","COMP","BRA503","2026-02-11 02:30:00.708"
"Reclass","U","Update","Hold Class","E6BB0630","102/4/12-18","HOLD","COMP","BRA502","2026-05-10 07:53:12.629"
"Reclass","U","Update","Hold Class","E6BB0630","313/7/17-24","SEASON","DIST-OPEN","BRA510","2026-04-05 22:22:54.576"
"Reclass","U","Update","Hold Class","E6BB0702","109/6/20-23","HOLD","COMP","BRA505","2025-12-26 20:03:08.086"
"Reclass","U","Update","Hold Class","E6BB0702","404/1/10-14","SEASON","DIST-OPEN","BRA508","2025-11-21 21:05:20.839"
"Reclass","U","Update","Hold Class","E6BB0702","216/9/19-21","DIST-OPEN","HOLD","BRA504","2026-03-20 12:42:31.357"
"Reclass","U","Update","Hold Class","E6BB0702","316/4/16-22","SEASON","DIST-OPEN","BRA506","2026-04-21 05:42:31.985"
"Reclass","U","Update","Hold Class","E6BB0702","103/1/9-16","HOLD","DIST-OPEN","BRA506","2026-02-08 18:13:20.166"
"Reclass","U","Update","Hold Class","E6BB0702","115/8/19-20","GROUP","DIST-OPEN","BRA505","2026-01-07 08:36:06.616"
"Reclass","U","Update","Hold Class","E6BB0702","107/3/9-9","HOLD","COMP","BRA506","2025-11-30 20:22:35.571"
"Reclass","U","Update","Hold Class","E6BB0702","114/1/1-5","HOLD","DIST-OPEN","BRA507","2026-04-28 16:10:34.053"
"Reclass","U","Update","Hold Class","E6BB0702","310/4/3-8","GROUP","DIST-OPEN","BRA506","2026-02-06 21:08:06.850"
"Reclass","U","Update","Hold Class","E6BB0702","309/8/3-7","SEASON","DIST-OPEN","BRA503","2026-01-09 20:18:50.251"
"Reclass","U","Update","Hold Class","E6BB0702","112/2/17-18","GROUP","DIST-OPEN","BRA508","2026-07-01 05:21:37.440"
"Reclass","U","Update","Hold Class","E6BB0702","205/8/8-9","HOLD","DIST-OPEN","BRA509","2026-01-22 03:40:08.217"
"Reclass","U","Update","Hold Class","E6BB0702","301/4/2-8","SEASON","DIST-OPEN","BRA501","2026-03-21 09:00:12.623"
"Reclass","U","Update","Hold Class","E6BB0702","307/2/14-21","HOLD","DIST-OPEN","BRA507","2026-04-13 23:57:53.112"
"Reclass","U","Update","Hold Class","E6BB0702","408/1/10-12","HOLD","COMP","BRA509","2026-01-01 10:19:21.071"
"Reclass","U","Update","Hold Class","E6BB0702","106/6/6-11","SEASON","DIST-OPEN","BRA510","2026-01-08 01:25:45.765"
"Reclass","U","Update","Hold Class","E6BB0702","206/4/19-24","GROUP","DIST-OPEN","BRA501","2026-04-30 20:43:54.141"
"Reclass","U","Update","Hold Class","E6BB0702","315/5/10-11","HOLD","COMP","BRA501","2026-02-19 03:21:39.671"
"Reclass","U","Update","Hold Class","E6BB0702","101/3/18-21","SEASON","DIST-OPEN","BRA508","2026-06-02 19:13:59.609"
"Reclass","U","Update","Hold Class","E6BB0702","404/1/3-11","SEASON","DIST-OPEN","BRA501","2026-01-28 10:09:13.051"
"Reclass","U","Update","Hold Class","E6BB0702","317/6/17-18","SEASON","DIST-OPEN","BRA500","2026-03-19 08:07:05.602"
"Reclass","U","Update","Hold Class","E6BB0702","218/4/3-8","DIST-OPEN","HOLD","BRA502","2026-02-25 02:07:13.061"
"Reclass","U","Update","Hold Class","E6BB0702","402/6/5-6","DIST-OPEN","HOLD","BRA504","2026-01-23 09:41:40.656"
"Reclass","U","Update","Hold Class","E6BB0702","208/5/13-13","SEASON","DIST-OPEN","BRA510","2026-01-17 00:37:55.022"
"Reclass","U","Update","Hold Class","E6BB0702","407/8/4-11","DIST-OPEN","HOLD","BRA505","2026-03-17 17:22:28.586"
"Reclass","U","Update","Hold Class","E6BB0702","207/1/17-17","DIST-OPEN","HOLD","BRA504","2026-06-20 23:16:44.270"
"Reclass","U","Update","Hold Class","E6BB0703","403/5/17-17","SEASON","DIST-OPEN","BRA507","2026-06-21 03:27:58.229"
"Reclass","U","Update","Hold Class","E6BB0703","204/3/12-20","DIST-OPEN","HOLD","BRA510","2025-12-19 17:44:58.118"
"Reclass","U","Update","Hold Class","E6BB0703","403/4/18-26","GROUP","DIST-OPEN","BRA509","2026-03-21 07:56:07.989"
"Reclass","U","Update","Hold Class","E6BB0703","215/9/16-21","HOLD","COMP","BRA504","2026-01-11 20:13:17.482"
"Reclass","U","Update","Hold Class","E6BB0703","304/3/10-10","DIST-OPEN","HOLD","BRA504","2025-12-14 10:31:28.314"
"Reclass","U","Update","Hold Class","E6BB0703","403/3/10-17","HOLD","COMP","BRA510","2026-04-08 03:11:04.028"
"Reclass","U","Update","Hold Class","E6BB0703","214/8/7-10","SEASON","DIST-OPEN","BRA504","2026-01-13 15:22:10.625"
"Reclass","U","Update","Hold Class","E6BB0703","119/6/3-9","HOLD","COMP","BRA504","2026-02-26 08:13:15.846"
"Reclass","U","Update","Hold Class","E6BB0704","307/5/18-21","HOLD","DIST-OPEN","BRA508","2025-12-20 05:14:15.842"
"Reclass","U","Update","Hold Class","E6BB0704","310/9/8-9","SEASON","DIST-OPEN","BRA501","2026-06-16 11:04:45.856"
"Reclass","U","Update","Hold Class","E6BB0704","304/6/15-21","DIST-OPEN","HOLD","BRA503","2026-04-27 15:29:33.072"
"Reclass","U","Update","Hold Class","E6BB0704","315/7/14-22","SEASON","DIST-OPEN","BRA501","2026-04-07 11:04:04.116"
"Reclass","U","Update","Hold Class","E6BB0704","117/4/7-9","HOLD","COMP","BRA509","2026-02-26 05:35:36.289"
"Reclass","U","Update","Hold Class","E6BB0704","113/10/12-18","GROUP","DIST-OPEN","BRA507","2026-06-30 18:58:44.223"
"Reclass","U","Update","Hold Class","E6BB0704","315/1/14-21","HOLD","COMP","BRA503","2026-05-17 06:08:09.807"
"Reclass","U","Update","Hold Class","E6BB0704","318/5/10-11","HOLD","COMP","BRA506","2026-03-26 18:14:49.794"
"Reclass","U","Update","Hold Class","E6BB0704","120/8/4-9","DIST-OPEN","HOLD","BRA502","2026-05-12 13:40:32.979"
"Reclass","U","Update","Hold Class","E6BB0704","214/1/19-25","HOLD","COMP","BRA504","2026-04-05 07:31:03.255"
"Reclass","U","Update","Hold Class","E6BB0704","303/4/7-13","SEASON","DIST-OPEN","BRA507","2026-02-13 09:12:20.308"
"Reclass","U","Update","Hold Class","E6BB0704","201/5/20-22","SEASON","DIST-OPEN","BRA502","2026-04-15 08:34:42.247"
"Reclass","U","Update","Hold Class","E6BB0704","203/4/8-15","HOLD","COMP","BRA508","2026-04-06 01:47:04.121"
"Reclass","U","Update","Hold Class","E6BB0704","403/6/13-15","DIST-OPEN","HOLD","BRA510","2026-06-20 15:05:47.019"
"Reclass","U","Update","Hold Class","E6BB0704","113/7/15-17","HOLD","COMP","BRA503","2025-12-25 08:34:58.246"
"Reclass","U","Update","Hold Class","E6BB0704","308/8/5-7","HOLD","DIST-OPEN","BRA500","2025-12-25 03:56:25.905"
"Reclass","U","Update","Hold Class","E6BB0704","104/8/16-23","DIST-OPEN","HOLD","BRA502","2026-02-17 08:20:48.286"
"Reclass","U","Update","Hold Class","E6BB0704","404/4/19-23","GROUP","DIST-OPEN","BRA509","2026-05-15 21:38:36.000"
"Reclass","U","Update","Hold Class","E6BB0704","301/6/5-8","GROUP","DIST-OPEN","BRA506","2026-03-10 01:40:34.798"
"Reclass","U","Update","Hold Class","E6BB0704","111/1/7-10","DIST-OPEN","HOLD","BRA501","2025-12-27 07:52:25.056"
"Reclass","U","Update","Hold Class","E6BB0704","312/1/3-6","GROUP","DIST-OPEN","BRA505","2026-05-25 11:40:11.260"
"Reclass","U","Update","Hold Class","E6BB0704","218/7/12-20","SEASON","DIST-OPEN","BRA502","2025-11-27 08:52:11.579"
"Reclass","U","Update","Hold Class","E6BB0704","219/9/2-9","DIST-OPEN","HOLD","BRA509","2026-03-12 02:46:55.340"
"Reclass","U","Update","Hold Class","E6BB0704","409/10/10-18","GROUP","DIST-OPEN","BRA509","2026-01-05 00:03:40.846"
"Reclass","U","Update","Hold Class","E6BB0705","211/7/8-12","DIST-OPEN","HOLD","BRA503","2026-02-23 17:44:21.042"
"Reclass","U","Update","Hold Class","E6BB0705","113/3/20-22","SEASON","DIST-OPEN","BRA506","2026-06-25 10:08:32.845"
"Reclass","U","Update","Hold Class","E6BB0705","220/3/6-7","DIST-OPEN","HOLD","BRA506","2025-12-27 08:17:37.969"
"Reclass","U","Update","Hold Class","E6BB0705","410/9/9-16","GROUP","DIST-OPEN","BRA510","2025-11-19 22:16:08.167"
"Reclass","U","Update","Hold Class","E6BB0705","108/10/7-12","SEASON","DIST-OPEN","BRA504","2026-05-10 11:39:04.525"
"Reclass","U","Update","Hold Class","E6BB0705","109/8/4-5","DIST-OPEN","HOLD","BRA504","2026-07-04 11:12:54.706"
"Reclass","U","Update","Hold Class","E6BB0705","408/10/11-12","HOLD","DIST-OPEN","BRA501","2025-12-25 21:48:11.533"
"Reclass","U","Update","Hold Class","E6BB0705","208/1/15-17","SEASON","DIST-OPEN","BRA510","2026-03-15 19:23:57.866"
"Reclass","U","Update","Hold Class","E6BB0705","404/4/2-2","HOLD","DIST-OPEN","BRA507","2026-04-22 23:06:23.408"
"Reclass","U","Update","Hold Class","E6BB0705","303/5/11-14","SEASON","DIST-OPEN","BRA501","2026-06-24 04:38:22.934"
"Reclass","U","Update","Hold Class","E6BB0705","114/4/10-14","HOLD","DIST-OPEN","BRA505","2026-05-22 15:22:13.759"
"Reclass","U","Update","Hold Class","E6BB0705","405/7/16-20","HOLD","DIST-OPEN","BRA500","2026-05-15 19:11:14.508"
"Reclass","U","Update","Hold Class","E6BB0705","108/9/12-13","HOLD","DIST-OPEN","BRA501","2026-02-03 07:04:19.196"
"Reclass","U","Update","Hold Class","E6BB0705","303/4/1-4","DIST-OPEN","HOLD","BRA502","2026-03-23 21:01:43.609"
"Reclass","U","Update","Hold Class","E6BB0705","408/5/20-24","SEASON","DIST-OPEN","BRA504","2026-06-15 19:30:01.608"
"Reclass","U","Update","Hold Class","E6BB0705","214/2/7-15","HOLD","DIST-OPEN","BRA502","2026-02-05 13:40:47.195"
"Reclass","U","Update","Hold Class","E6BB0705","111/3/12-12","HOLD","DIST-OPEN","BRA508","2025-11-18 15:06:05.586"
"Reclass","U","Update","Hold Class","E6BB0705","209/7/1-2","DIST-OPEN","HOLD","BRA502","2026-03-13 19:12:12.203"
"Reclass","U","Update","Hold Class","E6BB0705","118/9/11-17","GROUP","DIST-OPEN","BRA506","2025-12-29 05:29:45.552"
"Reclass","U","Update","Hold Class","E6BB0705","113/9/6-8","SEASON","DIST-OPEN","BRA500","2026-05-15 04:52:52.247"
"Reclass","U","Update","Hold Class","E6BB0705","404/7/16-23","HOLD","DIST-OPEN","BRA503","2026-04-04 00:53:50.830"
"Reclass","U","Update","Hold Class","E6BB0705","403/7/14-21","GROUP","DIST-OPEN","BRA502","2026-01-05 23:06:18.785"
"Reclass","U","Update","Hold Class","E6BB0705","109/6/13-15","GROUP","DIST-OPEN","BRA507","2026-01-25 20:31:13.896"
"Reclass","U","Update","Hold Class","E6BB0705","119/6/15-18","GROUP","DIST-OPEN","BRA502","2025-12-19 09:05:59.093"
"Reclass","U","Update","Hold Class","E6BB0705","111/3/12-18","GROUP","DIST-OPEN","BRA507","2026-05-18 04:40:36.871"
"Reclass","U","Update","Hold Class","E6BB0707","313/4/12-14","HOLD","COMP","BRA509","2026-04-09 15:42:44.705"
"Reclass","U","Update","Hold Class","E6BB0707","410/1/17-24","DIST-OPEN","HOLD","BRA500","2025-12-01 01:28:23.285"
"Reclass","U","Update","Hold Class","E6BB0707","308/3/6-11","HOLD","DIST-OPEN","BRA501","2026-03-23 07:36:58.459"
"Reclass","U","Update","Hold Class","E6BB0707","210/9/17-17","HOLD","DIST-OPEN","BRA503","2026-05-24 07:35:33.959"
"Reclass","U","Update","Hold Class","E6BB0707","117/5/19-20","SEASON","DIST-OPEN","BRA507","2026-05-15 01:10:58.582"
"Reclass","U","Update","Hold Class","E6BB0707","312/5/10-13","SEASON","DIST-OPEN","BRA502","2025-11-22 19:42:11.164"
"Reclass","U","Update","Hold Class","E6BB0707","201/1/3-9","HOLD","COMP","BRA510","2026-03-28 02:02:02.320"
"Reclass","U","Update","Hold Class","E6BB0707","220/2/7-10","HOLD","COMP","BRA505","2026-03-02 03:32:26.621"
"Reclass","U","Update","Hold Class","E6BB0707","110/9/4-12","HOLD","DIST-OPEN","BRA503","2025-11-11 19:45:46.632"
"Reclass","U","Update","Hold Class","E6BB0707","318/4/4-9","GROUP","DIST-OPEN","BRA508","2026-05-15 10:16:25.237"
"Reclass","U","Update","Hold Class","E6BB0707","318/9/14-22","HOLD","COMP","BRA506","2026-04-05 14:01:53.521"
"Reclass","U","Update","Hold Class","E6BB0707","105/8/5-10","DIST-OPEN","HOLD","BRA508","2026-03-29 08:51:15.125"
"Reclass","U","Update","Hold Class","E6BB0707","301/2/17-18","DIST-OPEN","HOLD","BRA508","2025-12-24 06:44:54.619"
"Reclass","U","Update","Hold Class","E6BB0707","318/2/1-3","GROUP","DIST-OPEN","BRA505","2026-06-25 03:03:00.521"
"Reclass","U","Update","Hold Class","E6BB0707","109/8/14-14","GROUP","DIST-OPEN","BRA508","2026-05-06 12:07:34.244"
"Reclass","U","Update","Hold Class","E6BB0707","404/6/20-21","HOLD","COMP","BRA500","2026-06-17 13:05:13.332"
"Reclass","U","Update","Hold Class","E6BB0707","119/7/17-25","SEASON","DIST-OPEN","BRA505","2026-01-20 01:44:01.917"
"Reclass","U","Update","Hold Class","E6BB0707","110/3/20-23","HOLD","DIST-OPEN","BRA504","2025-12-25 16:34:48.250"
"Reclass","U","Update","Hold Class","E6BB0708","115/10/19-27","GROUP","DIST-OPEN","BRA510","2025-12-22 12:01:30.529"
"Reclass","U","Update","Hold Class","E6BB0708","119/8/17-23","HOLD","DIST-OPEN","BRA508","2026-05-09 22:32:43.265"
"Reclass","U","Update","Hold Class","E6BB0708","213/1/7-15","HOLD","COMP","BRA504","2026-03-31 00:03:42.384"
"Reclass","U","Update","Hold Class","E6BB0708","219/5/7-10","GROUP","DIST-OPEN","BRA500","2025-11-22 00:14:24.323"
"Reclass","U","Update","Hold Class","E6BB0708","316/2/3-7","DIST-OPEN","HOLD","BRA506","2026-06-08 07:02:12.397"
"Reclass","U","Update","Hold Class","E6BB0708","207/4/4-9","SEASON","DIST-OPEN","BRA510","2025-12-24 02:01:28.044"
"Reclass","U","Update","Hold Class","E6BB0708","403/7/5-8","SEASON","DIST-OPEN","BRA503","2026-05-13 17:49:52.485"
"Reclass","U","Update","Hold Class","E6BB0708","115/4/15-17","DIST-OPEN","HOLD","BRA505","2026-07-06 09:53:23.172"
"Reclass","U","Update","Hold Class","E6BB0708","318/10/14-20","HOLD","DIST-OPEN","BRA510","2026-06-30 17:34:37.076"
"Reclass","U","Update","Hold Class","E6BB0708","317/6/20-20","SEASON","DIST-OPEN","BRA505","2026-06-07 17:30:48.913"
"Reclass","U","Update","Hold Class","E6BB0708","106/8/2-7","HOLD","COMP","BRA509","2026-03-19 00:18:59.279"
"Reclass","U","Update","Hold Class","E6BB0708","313/10/3-7","HOLD","DIST-OPEN","BRA510","2026-07-03 15:14:39.670"
"Reclass","U","Update","Hold Class","E6BB0708","216/6/15-20","GROUP","DIST-OPEN","BRA502","2026-02-25 04:16:18.518"
"Reclass","U","Update","Hold Class","E6BB0708","303/6/5-12","GROUP","DIST-OPEN","BRA502","2026-01-10 14:09:03.191"
"Reclass","U","Update","Hold Class","E6BB0708","312/8/4-9","HOLD","DIST-OPEN","BRA510","2026-01-03 10:41:07.233"
"Reclass","U","Update","Hold Class","E6BB0708","306/3/11-18","HOLD","COMP","BRA507","2026-04-29 05:21:57.749"
"Reclass","U","Update","Hold Class","E6BB0708","116/9/3-11","GROUP","DIST-OPEN","BRA509","2026-05-27 07:57:42.357"
"Reclass","U","Update","Hold Class","E6BB0708","309/9/3-10","SEASON","DIST-OPEN","BRA502","2026-02-10 14:21:25.854"
"Reclass","U","Update","Hold Class","E6BB0708","408/4/12-13","GROUP","DIST-OPEN","BRA506","2025-12-13 19:05:00.309"
"Reclass","U","Update","Hold Class","E6BB0708","112/1/8-14","HOLD","DIST-OPEN","BRA500","2026-05-06 13:10:59.138"
"Reclass","U","Update","Hold Class","E6BB0708","403/1/10-15","SEASON","DIST-OPEN","BRA507","2025-12-27 22:44:13.390"
"Reclass","U","Update","Hold Class","E6BB0708","108/7/8-15","GROUP","DIST-OPEN","BRA503","2025-12-08 04:01:03.583"
"Reclass","U","Update","Hold Class","E6BB0708","407/5/19-21","SEASON","DIST-OPEN","BRA508","2026-03-04 13:15:54.340"
"Reclass","U","Update","Hold Class","E6BB0709","320/5/17-20","DIST-OPEN","HOLD","BRA503","2026-05-18 11:34:38.701"
"Reclass","U","Update","Hold Class","E6BB0709","207/2/16-19","DIST-OPEN","HOLD","BRA502","2026-06-09 08:23:31.664"
"Reclass","U","Update","Hold Class","E6BB0709","313/9/16-23","HOLD","COMP","BRA508","2026-04-06 18:59:06.335"
"Reclass","U","Update","Hold Class","E6BB0709","216/2/11-13","HOLD","DIST-OPEN","BRA506","2026-02-15 20:45:26.633"
"Reclass","U","Update","Hold Class","E6BB0709","203/5/13-21","GROUP","DIST-OPEN","BRA502","2026-05-23 19:49:13.252"
"Reclass","U","Update","Hold Class","E6BB0709","106/5/14-14","HOLD","COMP","BRA504","2026-01-19 22:35:33.682"
"Reclass","U","Update","Hold Class","E6BB0709","109/10/13-14","HOLD","DIST-OPEN","BRA507","2026-06-17 14:04:20.685"
"Reclass","U","Update","Hold Class","E6BB0709","306/2/9-17","HOLD","DIST-OPEN","BRA507","2025-12-05 17:18:10.339"
"Reclass","U","Update","Hold Class","E6BB0709","213/3/19-23","GROUP","DIST-OPEN","BRA510","2025-12-16 09:13:47.127"
"Reclass","U","Update","Hold Class","E6BB0709","302/2/2-4","HOLD","COMP","BRA501","2026-05-04 13:47:24.573"
"Reclass","U","Update","Hold Class","E6BB0710","215/9/6-10","HOLD","DIST-OPEN","BRA507","2026-06-18 22:05:05.741"
"Reclass","U","Update","Hold Class","E6BB0710","111/8/4-8","SEASON","DIST-OPEN","BRA508","2025-12-30 09:56:52.956"
"Reclass","U","Update","Hold Class","E6BB0710","112/5/18-23","SEASON","DIST-OPEN","BRA507","2026-04-08 07:33:50.369"
"Reclass","U","Update","Hold Class","E6BB0710","313/9/7-12","HOLD","COMP","BRA507","2025-12-31 19:35:21.961"
"Reclass","U","Update","Hold Class","E6BB0710","219/9/7-8","HOLD","COMP","BRA507","2026-04-03 11:40:38.548"
"Reclass","U","Update","Hold Class","E6BB0710","119/10/9-11","HOLD","COMP","BRA506","2026-05-25 22:31:31.143"
"Reclass","U","Update","Hold Class","E6BB0710","206/6/17-21","HOLD","DIST-OPEN","BRA503","2026-02-22 11:07:45.191"
"Reclass","U","Update","Hold Class","E6BB0710","106/7/8-11","GROUP","DIST-OPEN","BRA505","2025-11-18 10:32:47.653"
"Reclass","U","Update","Hold Class","E6BB0710","210/7/5-9","DIST-OPEN","HOLD","BRA508","2026-01-20 18:45:07.269"
"Reclass","U","Update","Hold Class","E6BB0710","207/8/6-6","HOLD","DIST-OPEN","BRA506","2025-12-21 23:16:56.211"
"Reclass","U","Update","Hold Class","E6BB0711","314/9/8-16","HOLD","COMP","BRA502","2026-04-24 02:18:13.267"
"Reclass","U","Update","Hold Class","E6BB0711","104/4/19-24","DIST-OPEN","HOLD","BRA506","2025-12-08 22:14:28.786"
"Reclass","U","Update","Hold Class","E6BB0711","401/3/5-12","GROUP","DIST-OPEN","BRA501","2026-01-02 12:24:43.385"
"Reclass","U","Update","Hold Class","E6BB0711","112/6/10-17","DIST-OPEN","HOLD","BRA506","2026-05-15 03:54:24.844"
"Reclass","U","Update","Hold Class","E6BB0711","116/7/12-19","GROUP","DIST-OPEN","BRA508","2025-12-26 12:52:04.680"
"Reclass","U","Update","Hold Class","E6BB0711","315/2/15-17","HOLD","DIST-OPEN","BRA507","2025-12-13 15:47:40.408"
"Reclass","U","Update","Hold Class","E6BB0711","213/9/9-14","HOLD","DIST-OPEN","BRA502","2025-12-05 12:51:48.676"
"Reclass","U","Update","Hold Class","E6BB0711","209/4/19-19","HOLD","DIST-OPEN","BRA506","2026-05-19 11:38:25.508"
"Reclass","U","Update","Hold Class","E6BB0711","305/5/9-10","HOLD","COMP","BRA500","2026-01-27 02:49:55.466"
"Reclass","U","Update","Hold Class","E6BB0711","204/8/2-9","SEASON","DIST-OPEN","BRA510","2025-12-15 05:51:30.237"
"Reclass","U","Update","Hold Class","E6BB0711","220/1/19-20","GROUP","DIST-OPEN","BRA500","2026-02-23 03:07:15.899"
