"event_name","section_name","row_name","seat_num","num_seats","class_name","status","add_datetime"
"E6BB0424","310","5",8,1,"DIST-OPEN","available",NA
"E6BB0424","120","4",15,1,"DIST-OPEN","SOLD","2026-02-22 21:32:40.816"
"E6BB0424","101","4",20,1,"DIST-OPEN","SOLD","2026-03-28 09:43:45.976"
"E6BB0424","318","3",8,1,"DIST-OPEN","available",NA
"E6BB0424","203","5",18,1,"DIST-OPEN","available",NA
"E6BB0424","311","5",19,1,"HOLD","HELD",NA
"E6BB0424","211","2",20,1,"DIST-OPEN","SOLD","2026-04-02 22:59:58.424"
"E6BB0424","308","10",11,1,"SEASON","SOLD","2025-10-13 18:23:34.742"
"E6BB0424","309","9",22,1,"DIST-OPEN","SOLD","2026-03-26 20:26:06.006"
"E6BB0424","104","10",24,1,"GROUP","HELD",NA
"E6BB0424","220","10",23,1,"GROUP","HELD",NA
"E6BB0424","110","9",15,1,"DIST-OPEN","available",NA
"E6BB0424","304","5",12,1,"DIST-OPEN","available",NA
"E6BB0424","307","9",19,1,"DIST-OPEN","SOLD","2025-12-19 01:37:13.986"
"E6BB0424","210","5",4,1,"DIST-OPEN","available",NA
"E6BB0424","114","10",3,1,"SEASON","SOLD","2025-10-21 07:39:58.705"
"E6BB0424","405","1",7,1,"DIST-OPEN","available",NA
"E6BB0424","119","1",23,1,"DIST-OPEN","SOLD","2026-04-07 04:48:20.335"
"E6BB0424","302","2",17,1,"DIST-OPEN","available",NA
"E6BB0424","312","6",6,1,"COMP","HELD",NA
"E6BB0424","406","2",3,1,"DIST-OPEN","available",NA
"E6BB0424","203","6",6,1,"COMP","HELD",NA
"E6BB0424","113","7",1,1,"DIST-OPEN","SOLD","2026-03-01 00:29:00.857"
"E6BB0424","220","8",16,1,"DIST-OPEN","SOLD","2026-03-29 20:11:17.624"
"E6BB0424","302","5",17,1,"DIST-OPEN","available",NA
"E6BB0424","202","5",15,1,"GROUP","HELD",NA
"E6BB0424","215","5",2,1,"DIST-OPEN","SOLD","2026-03-13 11:59:25.275"
"E6BB0424","202","7",18,1,"SEASON","SOLD","2025-10-02 13:08:46.571"
"E6BB0424","315","1",5,1,"COMP","HELD",NA
"E6BB0424","319","6",13,1,"SEASON","SOLD","2025-10-04 15:29:37.462"
"E6BB0424","103","6",14,1,"HOLD","HELD",NA
"E6BB0424","113","5",15,1,"DIST-OPEN","SOLD","2026-04-11 01:37:42.774"
"E6BB0424","301","4",7,1,"DIST-OPEN","SOLD","2026-02-23 05:09:09.578"
"E6BB0424","110","8",16,1,"HOLD","COMP","2026-02-12 17:57:08.297"
"E6BB0424","318","6",24,1,"SEASON","SOLD","2025-10-05 17:55:06.830"
"E6BB0424","112","2",14,1,"DIST-OPEN","SOLD","2025-12-19 20:37:21.144"
"E6BB0424","107","7",13,1,"DIST-OPEN","available",NA
"E6BB0424","410","1",1,1,"HOLD","HELD",NA
"E6BB0424","318","4",17,1,"HOLD","HELD",NA
"E6BB0424","207","8",23,1,"SEASON","SOLD","2025-10-10 10:45:24.466"
"E6BB0424","216","9",1,1,"DIST-OPEN","available",NA
"E6BB0424","212","2",13,1,"HOLD","HELD",NA
"E6BB0424","206","1",15,1,"COMP","COMP","2026-02-15 04:24:59.830"
"E6BB0424","407","7",2,1,"COMP","HELD",NA
"E6BB0424","214","6",3,1,"HOLD","HELD",NA
"E6BB0424","107","8",1,1,"DIST-OPEN","SOLD","2026-04-10 14:32:44.460"
"E6BB0424","118","6",11,1,"DIST-OPEN","SOLD","2026-01-15 13:02:40.359"
"E6BB0424","320","7",24,1,"COMP","HELD",NA
"E6BB0424","313","4",15,1,"SEASON","SOLD","2025-10-21 19:22:32.937"
"E6BB0424","201","1",18,1,"DIST-OPEN","available",NA
"E6BB0424","109","7",16,1,"DIST-OPEN","available",NA
"E6BB0424","409","7",6,1,"DIST-OPEN","available",NA
"E6BB0424","119","7",11,1,"SEASON","SOLD","2025-10-13 01:04:08.812"
"E6BB0424","118","4",15,1,"DIST-OPEN","COMP","2026-01-21 23:19:36.820"
"E6BB0424","111","5",10,1,"DIST-OPEN","SOLD","2026-01-04 04:34:37.903"
"E6BB0424","116","6",22,1,"DIST-OPEN","available",NA
"E6BB0424","318","10",5,1,"DIST-OPEN","available",NA
"E6BB0424","407","5",4,1,"DIST-OPEN","available",NA
"E6BB0424","403","5",21,1,"SEASON","SOLD","2025-10-20 03:22:37.668"
"E6BB0424","101","7",24,1,"SEASON","SOLD","2025-10-12 13:41:34.002"
"E6BB0424","310","4",4,1,"SEASON","SOLD","2025-10-13 21:49:58.606"
"E6BB0424","120","6",24,1,"DIST-OPEN","SOLD","2026-02-27 14:17:57.936"
"E6BB0424","101","10",8,1,"DIST-OPEN","available",NA
"E6BB0424","318","3",12,1,"DIST-OPEN","available",NA
"E6BB0424","203","7",12,1,"DIST-OPEN","COMP","2026-02-10 20:29:07.649"
"E6BB0424","311","8",3,1,"DIST-OPEN","available",NA
"E6BB0424","211","2",17,1,"DIST-OPEN","SOLD","2026-02-16 06:37:52.667"
"E6BB0424","308","6",2,1,"HOLD","HELD",NA
"E6BB0424","309","1",19,1,"SEASON","SOLD","2025-10-24 19:01:08.680"
"E6BB0424","104","1",6,1,"DIST-OPEN","available",NA
"E6BB0424","220","7",18,1,"COMP","HELD",NA
"E6BB0424","110","9",23,1,"DIST-OPEN","available",NA
"E6BB0424","304","8",15,1,"DIST-OPEN","available",NA
"E6BB0424","307","5",10,1,"DIST-OPEN","available",NA
"E6BB0424","210","1",4,1,"HOLD","HELD",NA
"E6BB0424","114","7",17,1,"DIST-OPEN","SOLD","2026-03-20 19:41:58.344"
"E6BB0424","405","9",24,1,"DIST-OPEN","available",NA
"E6BB0424","119","7",17,1,"SEASON","SOLD","2025-10-07 12:48:46.641"
"E6BB0424","302","4",17,1,"DIST-OPEN","SOLD","2026-02-24 05:17:36.427"
"E6BB0424","312","1",12,1,"DIST-OPEN","available",NA
"E6BB0424","406","5",9,1,"GROUP","HELD",NA
"E6BB0424","203","6",1,1,"HOLD","HELD",NA
"E6BB0424","113","1",23,1,"GROUP","HELD",NA
"E6BB0424","220","7",2,1,"SEASON","SOLD","2025-10-25 19:14:03.407"
"E6BB0424","302","6",13,1,"DIST-OPEN","available",NA
"E6BB0424","202","3",8,1,"DIST-OPEN","available",NA
"E6BB0424","215","7",11,1,"COMP","HELD",NA
"E6BB0424","202","3",13,1,"DIST-OPEN","SOLD","2026-04-08 23:12:09.704"
"E6BB0424","315","1",2,1,"DIST-OPEN","available",NA
"E6BB0424","319","3",23,1,"DIST-OPEN","available",NA
"E6BB0424","103","10",24,1,"DIST-OPEN","SOLD","2026-03-21 00:03:03.487"
"E6BB0424","113","2",3,1,"DIST-OPEN","available",NA
"E6BB0424","301","7",19,1,"DIST-OPEN","SOLD","2025-12-31 20:24:55.565"
"E6BB0424","110","1",12,1,"SEASON","SOLD","2025-10-21 00:14:48.601"
"E6BB0424","318","6",21,1,"GROUP","HELD",NA
"E6BB0424","112","6",6,1,"DIST-OPEN","available",NA
"E6BB0424","107","4",3,1,"DIST-OPEN","COMP","2026-03-14 17:06:26.140"
"E6BB0424","410","5",21,1,"HOLD","HELD",NA
"E6BB0424","318","10",8,1,"DIST-OPEN","available",NA
"E6BB0424","207","6",4,1,"HOLD","HELD",NA
"E6BB0424","216","7",2,1,"DIST-OPEN","available",NA
"E6BB0424","212","9",4,1,"DIST-OPEN","available",NA
"E6BB0424","206","2",2,1,"DIST-OPEN","available",NA
"E6BB0424","407","9",10,1,"DIST-OPEN","available",NA
"E6BB0424","214","1",15,1,"HOLD","HELD",NA
"E6BB0424","107","1",20,1,"SEASON","SOLD","2025-10-20 03:45:40.264"
"E6BB0424","118","8",15,1,"SEASON","SOLD","2025-10-18 18:06:45.017"
"E6BB0424","320","4",19,1,"SEASON","SOLD","2025-10-15 10:26:13.463"
"E6BB0424","313","3",15,1,"DIST-OPEN","COMP","2026-02-15 00:02:02.566"
"E6BB0424","201","3",15,1,"COMP","COMP","2026-03-23 14:19:34.938"
"E6BB0424","109","9",4,1,"DIST-OPEN","available",NA
"E6BB0424","409","5",16,1,"SEASON","SOLD","2025-10-11 21:38:44.261"
"E6BB0424","119","9",24,1,"SEASON","SOLD","2025-10-25 03:01:35.221"
"E6BB0424","118","1",6,1,"COMP","HELD",NA
"E6BB0424","111","6",16,1,"DIST-OPEN","available",NA
"E6BB0424","116","3",14,1,"DIST-OPEN","available",NA
"E6BB0424","318","10",17,1,"HOLD","HELD",NA
"E6BB0424","407","3",24,1,"GROUP","HELD",NA
"E6BB0424","403","10",21,1,"DIST-OPEN","SOLD","2026-01-30 18:47:53.410"
"E6BB0424","101","3",13,1,"HOLD","HELD",NA
"E6BB0424","310","8",17,1,"DIST-OPEN","available",NA
"E6BB0424","120","9",2,1,"SEASON","SOLD","2025-10-12 17:23:50.567"
"E6BB0424","101","2",5,1,"SEASON","SOLD","2025-10-07 23:27:37.310"
"E6BB0424","318","3",23,1,"SEASON","SOLD","2025-10-11 09:33:16.826"
"E6BB0424","203","5",15,1,"HOLD","HELD",NA
"E6BB0424","311","8",8,1,"GROUP","HELD",NA
"E6BB0424","211","5",20,1,"DIST-OPEN","available",NA
"E6BB0424","308","2",13,1,"SEASON","SOLD","2025-10-14 06:57:09.369"
"E6BB0424","309","6",8,1,"DIST-OPEN","available",NA
"E6BB0424","104","3",15,1,"DIST-OPEN","SOLD","2026-03-04 14:18:46.498"
"E6BB0424","220","6",24,1,"DIST-OPEN","available",NA
"E6BB0424","110","7",11,1,"DIST-OPEN","available",NA
"E6BB0424","304","9",18,1,"SEASON","SOLD","2025-10-07 07:21:20.922"
"E6BB0424","307","3",14,1,"DIST-OPEN","SOLD","2025-11-25 07:08:10.445"
"E6BB0424","210","10",19,1,"GROUP","HELD",NA
"E6BB0424","114","4",24,1,"DIST-OPEN","available",NA
"E6BB0424","405","5",16,1,"DIST-OPEN","available",NA
"E6BB0424","119","8",22,1,"HOLD","HELD",NA
"E6BB0424","302","8",18,1,"DIST-OPEN","SOLD","2025-12-08 17:21:05.987"
"E6BB0424","312","9",11,1,"DIST-OPEN","SOLD","2026-02-04 01:06:37.700"
"E6BB0424","406","6",4,1,"DIST-OPEN","SOLD","2026-02-10 09:36:55.874"
"E6BB0424","203","3",2,1,"SEASON","SOLD","2025-10-26 20:22:24.576"
"E6BB0424","113","4",18,1,"SEASON","SOLD","2025-10-13 16:41:53.995"
"E6BB0424","220","1",10,1,"SEASON","SOLD","2025-10-14 06:14:02.086"
"E6BB0424","302","10",5,1,"SEASON","SOLD","2025-10-15 22:55:44.480"
"E6BB0424","202","10",14,1,"COMP","HELD",NA
"E6BB0424","215","10",17,1,"DIST-OPEN","available",NA
"E6BB0424","202","5",18,1,"DIST-OPEN","SOLD","2025-12-28 16:04:08.039"
"E6BB0424","315","5",8,1,"DIST-OPEN","SOLD","2026-03-12 09:42:58.011"
"E6BB0424","319","6",17,1,"SEASON","SOLD","2025-10-11 16:37:57.439"
"E6BB0424","103","10",1,1,"COMP","HELD",NA
"E6BB0424","113","2",14,1,"COMP","HELD",NA
"E6BB0424","301","1",1,1,"SEASON","SOLD","2025-10-18 12:15:36.069"
"E6BB0424","110","2",21,1,"DIST-OPEN","available",NA
"E6BB0424","318","2",7,1,"HOLD","HELD",NA
"E6BB0424","112","2",17,1,"DIST-OPEN","SOLD","2026-03-12 12:10:56.433"
"E6BB0424","107","4",24,1,"COMP","HELD",NA
"E6BB0424","410","3",4,1,"SEASON","SOLD","2025-10-12 13:09:55.937"
"E6BB0424","318","9",18,1,"SEASON","SOLD","2025-10-24 11:11:55.042"
"E6BB0424","207","6",17,1,"HOLD","HELD",NA
"E6BB0424","216","10",21,1,"SEASON","SOLD","2025-10-15 14:12:06.292"
"E6BB0424","212","10",15,1,"DIST-OPEN","available",NA
"E6BB0424","206","5",14,1,"SEASON","SOLD","2025-10-04 22:30:36.801"
"E6BB0424","407","10",7,1,"DIST-OPEN","COMP","2026-03-08 17:32:17.329"
"E6BB0424","214","10",21,1,"DIST-OPEN","SOLD","2026-03-13 20:58:10.612"
"E6BB0424","107","7",22,1,"DIST-OPEN","SOLD","2025-12-06 03:22:07.049"
"E6BB0424","118","9",14,1,"DIST-OPEN","SOLD","2026-04-07 06:42:17.373"
"E6BB0424","320","2",18,1,"DIST-OPEN","available",NA
"E6BB0424","313","3",7,1,"SEASON","SOLD","2025-10-31 05:46:23.133"
"E6BB0424","201","2",3,1,"DIST-OPEN","SOLD","2026-02-20 14:38:57.547"
"E6BB0424","109","5",2,1,"DIST-OPEN","available",NA
"E6BB0424","409","3",23,1,"DIST-OPEN","available",NA
"E6BB0424","119","8",3,1,"DIST-OPEN","SOLD","2026-02-12 01:01:36.559"
"E6BB0424","118","8",1,1,"DIST-OPEN","available",NA
"E6BB0424","111","7",12,1,"DIST-OPEN","available",NA
"E6BB0424","116","3",12,1,"SEASON","SOLD","2025-10-05 07:17:39.346"
"E6BB0424","318","7",13,1,"SEASON","SOLD","2025-10-14 17:22:15.605"
"E6BB0424","407","8",10,1,"DIST-OPEN","available",NA
"E6BB0424","403","9",23,1,"DIST-OPEN","SOLD","2026-02-26 18:44:24.161"
"E6BB0424","101","8",7,1,"DIST-OPEN","available",NA
"E6BB0424","310","6",14,1,"DIST-OPEN","SOLD","2026-02-17 02:11:38.394"
"E6BB0424","120","9",24,1,"SEASON","SOLD","2025-10-28 07:46:30.622"
"E6BB0424","101","8",12,1,"SEASON","SOLD","2025-10-19 08:30:51.558"
"E6BB0424","318","1",20,1,"SEASON","SOLD","2025-10-27 08:18:35.820"
"E6BB0424","203","3",8,1,"HOLD","HELD",NA
"E6BB0424","311","7",10,1,"DIST-OPEN","available",NA
"E6BB0424","211","4",23,1,"COMP","HELD",NA
"E6BB0424","308","7",15,1,"DIST-OPEN","available",NA
"E6BB0424","309","3",21,1,"DIST-OPEN","available",NA
"E6BB0424","104","7",10,1,"HOLD","HELD",NA
"E6BB0424","220","9",17,1,"DIST-OPEN","available",NA
"E6BB0424","110","8",9,1,"SEASON","SOLD","2025-10-29 07:15:59.341"
"E6BB0424","304","6",12,1,"SEASON","SOLD","2025-10-27 07:35:45.669"
"E6BB0424","307","4",13,1,"HOLD","HELD",NA
"E6BB0424","210","7",20,1,"DIST-OPEN","SOLD","2026-02-23 09:38:33.407"
"E6BB0424","114","5",4,1,"DIST-OPEN","SOLD","2026-01-18 22:01:08.003"
"E6BB0424","405","2",1,1,"DIST-OPEN","available",NA
"E6BB0424","119","4",20,1,"DIST-OPEN","SOLD","2026-01-02 18:00:25.173"
"E6BB0424","302","10",9,1,"HOLD","HELD",NA
"E6BB0424","312","4",18,1,"SEASON","SOLD","2025-10-05 01:25:07.627"
"E6BB0424","406","7",13,1,"SEASON","SOLD","2025-10-18 23:56:13.280"
"E6BB0424","203","6",14,1,"SEASON","SOLD","2025-10-23 23:10:34.115"
"E6BB0424","113","7",14,1,"DIST-OPEN","available",NA
"E6BB0424","220","10",24,1,"DIST-OPEN","COMP","2026-01-24 19:34:37.948"
"E6BB0424","302","8",21,1,"DIST-OPEN","COMP","2026-02-23 13:04:42.494"
"E6BB0424","202","10",11,1,"DIST-OPEN","SOLD","2026-04-17 10:29:23.967"
"E6BB0424","215","6",14,1,"HOLD","HELD",NA
"E6BB0424","202","9",13,1,"DIST-OPEN","available",NA
"E6BB0424","315","9",24,1,"SEASON","SOLD","2025-10-25 12:13:38.832"
"E6BB0424","319","2",10,1,"DIST-OPEN","COMP","2026-02-01 10:08:16.993"
"E6BB0424","103","8",24,1,"SEASON","SOLD","2025-10-26 08:43:10.191"
"E6BB0424","113","1",19,1,"DIST-OPEN","available",NA
"E6BB0424","301","7",14,1,"DIST-OPEN","SOLD","2025-12-20 04:25:10.320"
"E6BB0424","110","6",23,1,"SEASON","SOLD","2025-10-27 20:44:18.028"
"E6BB0424","318","10",20,1,"SEASON","SOLD","2025-10-27 10:47:50.058"
"E6BB0424","112","9",16,1,"SEASON","SOLD","2025-10-24 13:59:09.723"
"E6BB0424","107","4",12,1,"SEASON","SOLD","2025-10-22 03:51:32.076"
"E6BB0424","410","6",5,1,"COMP","HELD",NA
"E6BB0424","318","2",13,1,"DIST-OPEN","available",NA
"E6BB0424","207","6",12,1,"DIST-OPEN","SOLD","2025-12-04 10:43:58.536"
"E6BB0424","216","4",13,1,"DIST-OPEN","SOLD","2026-03-26 13:49:05.169"
"E6BB0424","212","2",20,1,"DIST-OPEN","available",NA
"E6BB0424","206","6",11,1,"DIST-OPEN","available",NA
"E6BB0424","407","9",18,1,"SEASON","SOLD","2025-10-17 20:41:44.234"
"E6BB0424","214","6",22,1,"DIST-OPEN","SOLD","2025-12-23 17:02:59.443"
"E6BB0424","107","1",19,1,"DIST-OPEN","SOLD","2026-02-07 13:04:19.193"
"E6BB0424","118","6",2,1,"DIST-OPEN","available",NA
"E6BB0424","320","7",23,1,"DIST-OPEN","available",NA
"E6BB0424","313","8",20,1,"DIST-OPEN","available",NA
"E6BB0424","201","5",13,1,"SEASON","SOLD","2025-10-20 02:49:27.415"
"E6BB0424","109","1",19,1,"GROUP","COMP","2026-01-06 21:08:57.850"
"E6BB0424","409","10",12,1,"DIST-OPEN","SOLD","2025-12-26 00:11:56.788"
"E6BB0424","119","3",13,1,"DIST-OPEN","available",NA
"E6BB0424","118","10",21,1,"DIST-OPEN","SOLD","2025-12-31 23:45:10.597"
"E6BB0424","111","3",19,1,"DIST-OPEN","SOLD","2025-12-30 21:03:16.028"
"E6BB0424","116","9",5,1,"SEASON","SOLD","2025-10-30 01:09:50.454"
"E6BB0424","318","3",6,1,"DIST-OPEN","COMP","2026-02-27 12:40:14.953"
"E6BB0424","407","1",5,1,"DIST-OPEN","available",NA
"E6BB0424","403","1",21,1,"DIST-OPEN","available",NA
"E6BB0424","101","9",11,1,"SEASON","SOLD","2025-10-16 02:16:04.357"
"E6BB0424","310","9",23,1,"DIST-OPEN","SOLD","2026-03-26 02:00:38.091"
"E6BB0424","120","3",16,1,"COMP","HELD",NA
"E6BB0424","101","4",4,1,"SEASON","SOLD","2025-10-21 04:15:33.219"
"E6BB0424","318","9",10,1,"COMP","HELD",NA
"E6BB0424","203","1",10,1,"DIST-OPEN","SOLD","2026-01-20 20:23:31.088"
"E6BB0424","311","9",24,1,"DIST-OPEN","available",NA
"E6BB0424","211","8",23,1,"DIST-OPEN","SOLD","2026-03-16 05:33:09.639"
"E6BB0424","308","7",11,1,"SEASON","SOLD","2025-10-21 01:12:11.665"
"E6BB0424","309","9",19,1,"DIST-OPEN","COMP","2026-01-17 16:03:58.861"
"E6BB0424","104","3",23,1,"DIST-OPEN","available",NA
"E6BB0424","220","8",20,1,"SEASON","SOLD","2025-10-05 12:18:48.037"
"E6BB0424","110","6",1,1,"DIST-OPEN","available",NA
"E6BB0424","304","10",10,1,"DIST-OPEN","SOLD","2026-04-09 12:05:13.200"
"E6BB0424","307","3",13,1,"DIST-OPEN","SOLD","2025-12-21 22:36:39.600"
"E6BB0424","210","8",19,1,"COMP","HELD",NA
"E6BB0424","114","1",13,1,"HOLD","HELD",NA
"E6BB0424","405","5",17,1,"DIST-OPEN","available",NA
"E6BB0424","119","10",16,1,"HOLD","HELD",NA
"E6BB0424","302","1",14,1,"DIST-OPEN","available",NA
"E6BB0424","312","8",18,1,"HOLD","HELD",NA
"E6BB0424","406","1",4,1,"DIST-OPEN","available",NA
"E6BB0424","203","1",15,1,"HOLD","HELD",NA
"E6BB0424","113","8",1,1,"DIST-OPEN","available",NA
"E6BB0424","220","8",4,1,"DIST-OPEN","available",NA
"E6BB0424","302","2",14,1,"DIST-OPEN","SOLD","2026-02-06 10:00:32.568"
"E6BB0424","202","7",17,1,"COMP","HELD",NA
"E6BB0424","215","5",18,1,"COMP","HELD",NA
"E6BB0424","202","8",22,1,"DIST-OPEN","COMP","2026-03-21 18:31:28.685"
"E6BB0424","315","4",14,1,"COMP","HELD",NA
"E6BB0424","319","1",21,1,"DIST-OPEN","available",NA
"E6BB0424","103","1",5,1,"DIST-OPEN","available",NA
"E6BB0424","113","5",8,1,"DIST-OPEN","SOLD","2026-01-11 06:18:17.518"
"E6BB0424","301","6",6,1,"DIST-OPEN","available",NA
"E6BB0424","110","10",3,1,"COMP","HELD",NA
"E6BB0424","318","5",20,1,"DIST-OPEN","available",NA
"E6BB0424","112","2",5,1,"DIST-OPEN","available",NA
"E6BB0424","107","4",16,1,"DIST-OPEN","available",NA
"E6BB0424","410","3",11,1,"HOLD","HELD",NA
"E6BB0424","318","10",18,1,"COMP","HELD",NA
"E6BB0424","207","10",14,1,"DIST-OPEN","SOLD","2026-01-24 14:31:59.811"
"E6BB0424","216","10",3,1,"DIST-OPEN","available",NA
"E6BB0424","212","4",19,1,"COMP","COMP","2026-01-31 20:03:30.831"
"E6BB0424","206","9",13,1,"SEASON","SOLD","2025-10-20 01:21:37.696"
"E6BB0424","407","7",11,1,"SEASON","SOLD","2025-10-13 08:19:28.164"
"E6BB0424","214","1",11,1,"DIST-OPEN","available",NA
"E6BB0424","107","10",2,1,"DIST-OPEN","available",NA
"E6BB0424","118","5",24,1,"DIST-OPEN","SOLD","2025-12-20 19:00:27.112"
"E6BB0424","320","1",17,1,"GROUP","HELD",NA
"E6BB0424","313","6",7,1,"DIST-OPEN","available",NA
"E6BB0424","201","4",1,1,"DIST-OPEN","SOLD","2026-01-12 15:13:47.404"
"E6BB0424","109","2",9,1,"SEASON","SOLD","2025-10-30 06:22:41.255"
"E6BB0424","409","8",19,1,"DIST-OPEN","available",NA
"E6BB0424","119","9",23,1,"HOLD","HELD",NA
"E6BB0424","118","9",2,1,"DIST-OPEN","available",NA
"E6BB0424","111","3",18,1,"SEASON","SOLD","2025-10-22 15:27:13.519"
"E6BB0424","116","3",14,1,"HOLD","HELD",NA
"E6BB0424","318","7",8,1,"COMP","HELD",NA
"E6BB0424","407","4",12,1,"DIST-OPEN","available",NA
"E6BB0424","403","6",18,1,"DIST-OPEN","SOLD","2026-04-08 12:46:19.150"
"E6BB0424","101","2",3,1,"COMP","HELD",NA
"E6BB0424","310","4",19,1,"DIST-OPEN","available",NA
"E6BB0424","120","1",13,1,"DIST-OPEN","SOLD","2025-11-17 06:10:59.767"
"E6BB0424","101","5",10,1,"COMP","HELD",NA
"E6BB0424","318","3",16,1,"DIST-OPEN","COMP","2026-01-31 23:03:47.876"
"E6BB0424","203","3",15,1,"COMP","HELD",NA
"E6BB0424","311","9",9,1,"GROUP","HELD",NA
"E6BB0424","211","3",9,1,"SEASON","SOLD","2025-10-19 10:56:37.149"
"E6BB0424","308","10",4,1,"COMP","HELD",NA
"E6BB0424","309","4",13,1,"DIST-OPEN","available",NA
"E6BB0424","104","5",22,1,"DIST-OPEN","SOLD","2026-01-12 21:51:14.922"
"E6BB0424","220","7",19,1,"COMP","COMP","2026-03-13 15:12:51.783"
"E6BB0424","110","4",10,1,"DIST-OPEN","available",NA
"E6BB0424","304","6",15,1,"GROUP","HELD",NA
"E6BB0424","307","10",14,1,"SEASON","SOLD","2025-10-15 08:37:02.014"
"E6BB0424","210","7",20,1,"HOLD","HELD",NA
"E6BB0424","114","9",23,1,"DIST-OPEN","available",NA
"E6BB0424","405","9",15,1,"HOLD","HELD",NA
"E6BB0424","119","9",14,1,"GROUP","HELD",NA
"E6BB0424","302","7",22,1,"DIST-OPEN","SOLD","2026-03-09 17:52:05.684"
"E6BB0424","312","1",22,1,"DIST-OPEN","SOLD","2026-02-27 11:02:42.965"
"E6BB0424","406","1",19,1,"DIST-OPEN","available",NA
"E6BB0424","203","5",23,1,"DIST-OPEN","available",NA
"E6BB0424","113","3",10,1,"GROUP","COMP","2026-02-21 03:45:37.571"
"E6BB0424","220","3",9,1,"DIST-OPEN","SOLD","2026-04-03 13:44:18.439"
"E6BB0424","302","4",13,1,"HOLD","HELD",NA
"E6BB0424","202","1",10,1,"DIST-OPEN","SOLD","2026-02-20 06:03:38.956"
"E6BB0424","215","6",15,1,"DIST-OPEN","available",NA
"E6BB0424","202","7",2,1,"DIST-OPEN","available",NA
"E6BB0424","315","5",9,1,"DIST-OPEN","SOLD","2026-01-02 09:52:37.328"
"E6BB0424","319","9",19,1,"SEASON","SOLD","2025-10-04 15:14:22.349"
"E6BB0424","103","6",19,1,"DIST-OPEN","available",NA
"E6BB0424","113","4",1,1,"DIST-OPEN","available",NA
"E6BB0424","301","1",15,1,"DIST-OPEN","available",NA
"E6BB0424","110","9",19,1,"HOLD","HELD",NA
"E6BB0424","318","4",22,1,"GROUP","HELD",NA
"E6BB0424","112","10",15,1,"DIST-OPEN","available",NA
"E6BB0424","107","2",8,1,"DIST-OPEN","available",NA
"E6BB0424","410","1",2,1,"DIST-OPEN","SOLD","2026-04-19 00:42:06.510"
"E6BB0424","318","2",3,1,"DIST-OPEN","SOLD","2026-04-14 14:49:35.060"
"E6BB0424","207","6",10,1,"DIST-OPEN","available",NA
"E6BB0424","216","9",2,1,"SEASON","SOLD","2025-10-08 02:01:45.298"
"E6BB0424","212","10",1,1,"SEASON","SOLD","2025-10-19 13:07:42.335"
"E6BB0424","206","1",24,1,"DIST-OPEN","SOLD","2026-02-20 05:06:08.148"
"E6BB0424","407","10",5,1,"HOLD","HELD",NA
"E6BB0424","214","1",15,1,"DIST-OPEN","available",NA
"E6BB0424","107","10",10,1,"GROUP","HELD",NA
"E6BB0424","118","3",19,1,"HOLD","HELD",NA
"E6BB0424","320","7",3,1,"SEASON","SOLD","2025-10-26 10:38:34.350"
"E6BB0424","313","4",11,1,"DIST-OPEN","available",NA
"E6BB0424","201","8",14,1,"HOLD","HELD",NA
"E6BB0424","109","8",21,1,"DIST-OPEN","SOLD","2026-03-22 02:23:21.511"
"E6BB0424","409","6",11,1,"GROUP","COMP","2026-03-25 17:02:10.096"
"E6BB0424","119","2",9,1,"SEASON","SOLD","2025-10-14 17:08:10.875"
"E6BB0424","118","9",23,1,"HOLD","HELD",NA
"E6BB0424","111","4",11,1,"DIST-OPEN","SOLD","2026-04-01 14:57:26.756"
"E6BB0424","116","4",6,1,"DIST-OPEN","available",NA
"E6BB0424","318","8",13,1,"SEASON","SOLD","2025-10-24 07:26:42.222"
"E6BB0424","407","7",12,1,"DIST-OPEN","SOLD","2026-02-18 09:12:29.871"
"E6BB0424","403","1",5,1,"DIST-OPEN","available",NA
"E6BB0424","101","10",9,1,"DIST-OPEN","SOLD","2026-02-20 09:58:23.793"
"E6BB0424","310","6",4,1,"DIST-OPEN","SOLD","2026-01-21 06:25:18.738"
"E6BB0424","120","3",2,1,"DIST-OPEN","SOLD","2026-01-02 23:45:11.604"
"E6BB0424","101","1",20,1,"DIST-OPEN","available",NA
"E6BB0424","318","10",1,1,"DIST-OPEN","SOLD","2026-04-18 13:59:33.533"
"E6BB0424","203","1",6,1,"DIST-OPEN","COMP","2026-02-19 09:53:17.579"
"E6BB0424","311","8",7,1,"DIST-OPEN","available",NA
"E6BB0424","211","10",15,1,"DIST-OPEN","SOLD","2026-03-26 14:42:44.578"
"E6BB0424","308","10",17,1,"DIST-OPEN","available",NA
"E6BB0424","309","10",13,1,"GROUP","HELD",NA
"E6BB0424","104","9",17,1,"DIST-OPEN","available",NA
"E6BB0424","220","1",12,1,"DIST-OPEN","SOLD","2025-12-26 20:56:00.680"
"E6BB0424","110","2",22,1,"SEASON","SOLD","2025-10-05 11:59:38.734"
"E6BB0424","304","4",12,1,"DIST-OPEN","available",NA
"E6BB0424","307","7",1,1,"COMP","COMP","2026-02-24 12:07:02.184"
"E6BB0424","210","4",13,1,"SEASON","SOLD","2025-10-29 14:49:55.366"
"E6BB0424","114","10",9,1,"DIST-OPEN","SOLD","2026-01-14 04:07:28.085"
"E6BB0424","405","10",16,1,"GROUP","COMP","2026-01-13 15:49:46.185"
"E6BB0424","119","7",7,1,"SEASON","SOLD","2025-10-24 22:53:03.471"
"E6BB0424","302","10",10,1,"SEASON","SOLD","2025-10-28 21:31:31.951"
"E6BB0424","312","6",18,1,"DIST-OPEN","available",NA
"E6BB0424","406","9",24,1,"DIST-OPEN","SOLD","2025-12-04 07:27:20.310"
"E6BB0424","203","9",24,1,"COMP","HELD",NA
"E6BB0424","113","5",12,1,"DIST-OPEN","available",NA
"E6BB0424","220","2",20,1,"DIST-OPEN","SOLD","2025-12-20 11:14:08.858"
"E6BB0424","302","5",8,1,"SEASON","SOLD","2025-10-20 18:56:56.187"
"E6BB0424","202","7",8,1,"DIST-OPEN","COMP","2026-02-15 00:56:25.344"
"E6BB0424","215","2",6,1,"DIST-OPEN","available",NA
"E6BB0424","202","10",2,1,"DIST-OPEN","SOLD","2025-11-30 08:01:18.370"
"E6BB0424","315","10",4,1,"DIST-OPEN","SOLD","2026-02-08 22:10:35.142"
"E6BB0424","319","2",16,1,"DIST-OPEN","available",NA
"E6BB0424","103","10",5,1,"HOLD","HELD",NA
"E6BB0424","113","2",15,1,"SEASON","SOLD","2025-10-23 04:09:24.060"
"E6BB0424","301","6",14,1,"DIST-OPEN","available",NA
"E6BB0424","110","5",16,1,"DIST-OPEN","SOLD","2025-12-14 17:51:18.704"
"E6BB0424","318","3",22,1,"COMP","COMP","2026-01-21 04:38:01.520"
"E6BB0424","112","6",3,1,"HOLD","HELD",NA
"E6BB0424","107","8",16,1,"DIST-OPEN","available",NA
"E6BB0424","410","5",11,1,"COMP","HELD",NA
"E6BB0424","318","8",1,1,"HOLD","HELD",NA
"E6BB0424","207","8",4,1,"SEASON","SOLD","2025-10-06 20:24:35.633"
"E6BB0424","216","5",3,1,"DIST-OPEN","SOLD","2025-12-05 16:00:07.597"
"E6BB0424","212","1",14,1,"HOLD","HELD",NA
"E6BB0424","206","2",20,1,"SEASON","SOLD","2025-10-16 16:57:29.828"
"E6BB0424","407","2",10,1,"DIST-OPEN","SOLD","2025-11-21 05:15:46.378"
"E6BB0424","214","1",5,1,"GROUP","HELD",NA
"E6BB0424","107","7",8,1,"HOLD","HELD",NA
"E6BB0424","118","5",19,1,"DIST-OPEN","available",NA
"E6BB0424","320","3",11,1,"DIST-OPEN","available",NA
"E6BB0424","313","2",7,1,"DIST-OPEN","available",NA
"E6BB0424","201","1",11,1,"SEASON","SOLD","2025-10-16 20:24:41.153"
"E6BB0424","109","8",2,1,"GROUP","HELD",NA
"E6BB0424","409","4",11,1,"SEASON","SOLD","2025-10-13 17:14:09.458"
"E6BB0424","119","6",24,1,"SEASON","SOLD","2025-10-10 11:17:40.784"
"E6BB0424","118","5",2,1,"HOLD","HELD",NA
"E6BB0424","111","8",19,1,"SEASON","SOLD","2025-10-24 03:02:22.041"
"E6BB0424","116","1",13,1,"DIST-OPEN","available",NA
"E6BB0424","318","10",5,1,"GROUP","HELD",NA
"E6BB0424","407","6",2,1,"HOLD","HELD",NA
"E6BB0424","403","1",12,1,"DIST-OPEN","SOLD","2026-03-19 05:24:28.090"
"E6BB0424","101","1",23,1,"DIST-OPEN","available",NA
"E6BB0424","310","1",8,1,"DIST-OPEN","available",NA
"E6BB0424","120","10",23,1,"COMP","HELD",NA
"E6BB0424","101","5",18,1,"DIST-OPEN","SOLD","2026-04-06 04:37:02.157"
"E6BB0424","318","4",3,1,"SEASON","SOLD","2025-10-17 03:47:41.706"
"E6BB0424","203","1",4,1,"DIST-OPEN","SOLD","2026-02-20 02:34:38.400"
"E6BB0424","311","4",6,1,"DIST-OPEN","SOLD","2026-01-06 04:49:27.855"
"E6BB0424","211","8",5,1,"HOLD","HELD",NA
"E6BB0424","308","6",24,1,"DIST-OPEN","SOLD","2026-01-11 23:39:21.316"
"E6BB0424","309","5",9,1,"DIST-OPEN","available",NA
"E6BB0424","104","7",16,1,"DIST-OPEN","available",NA
"E6BB0424","220","4",22,1,"COMP","HELD",NA
"E6BB0424","110","5",14,1,"DIST-OPEN","available",NA
"E6BB0424","304","8",6,1,"DIST-OPEN","available",NA
"E6BB0424","307","10",6,1,"DIST-OPEN","available",NA
"E6BB0424","210","10",18,1,"HOLD","HELD",NA
"E6BB0424","114","6",22,1,"DIST-OPEN","COMP","2026-03-08 10:25:48.558"
"E6BB0424","405","9",7,1,"DIST-OPEN","SOLD","2026-04-13 18:34:05.034"
"E6BB0424","119","6",18,1,"SEASON","SOLD","2025-10-31 08:37:24.896"
"E6BB0424","302","1",22,1,"SEASON","SOLD","2025-10-25 07:31:19.851"
"E6BB0424","312","8",2,1,"SEASON","SOLD","2025-10-03 09:50:02.297"
"E6BB0424","406","6",18,1,"DIST-OPEN","SOLD","2025-11-22 12:08:53.317"
"E6BB0424","203","9",7,1,"DIST-OPEN","available",NA
"E6BB0424","113","4",20,1,"DIST-OPEN","SOLD","2025-12-13 13:12:27.056"
"E6BB0424","220","5",14,1,"HOLD","HELD",NA
"E6BB0424","302","10",10,1,"DIST-OPEN","SOLD","2025-11-16 00:08:18.257"
"E6BB0424","202","10",22,1,"DIST-OPEN","SOLD","2025-12-23 04:03:22.679"
"E6BB0424","215","6",11,1,"SEASON","SOLD","2025-10-30 13:38:08.962"
"E6BB0424","202","9",19,1,"DIST-OPEN","available",NA
"E6BB0424","315","6",6,1,"SEASON","SOLD","2025-10-20 12:29:40.806"
"E6BB0424","319","9",19,1,"GROUP","COMP","2026-02-12 02:20:12.235"
"E6BB0424","103","3",11,1,"COMP","HELD",NA
"E6BB0424","113","10",7,1,"HOLD","HELD",NA
"E6BB0424","301","7",16,1,"DIST-OPEN","SOLD","2025-12-10 01:08:54.106"
"E6BB0424","110","2",13,1,"SEASON","SOLD","2025-10-09 20:19:34.937"
"E6BB0424","318","6",22,1,"HOLD","HELD",NA
"E6BB0424","112","5",17,1,"SEASON","SOLD","2025-10-23 08:34:12.655"
"E6BB0424","107","2",1,1,"GROUP","HELD",NA
"E6BB0424","410","5",7,1,"DIST-OPEN","available",NA
"E6BB0424","318","10",1,1,"DIST-OPEN","available",NA
"E6BB0424","207","6",5,1,"SEASON","SOLD","2025-10-04 16:52:15.012"
"E6BB0424","216","9",1,1,"COMP","HELD",NA
"E6BB0424","212","8",6,1,"DIST-OPEN","available",NA
"E6BB0424","206","6",17,1,"HOLD","HELD",NA
"E6BB0424","407","7",15,1,"SEASON","SOLD","2025-10-11 09:41:01.133"
"E6BB0424","214","5",5,1,"HOLD","HELD",NA
"E6BB0424","107","8",18,1,"DIST-OPEN","SOLD","2025-12-10 14:55:07.037"
"E6BB0424","118","1",5,1,"SEASON","SOLD","2025-10-21 18:43:08.218"
"E6BB0424","320","9",13,1,"DIST-OPEN","available",NA
"E6BB0424","313","5",16,1,"DIST-OPEN","available",NA
"E6BB0424","201","10",21,1,"SEASON","SOLD","2025-10-18 17:53:21.000"
"E6BB0424","109","7",6,1,"HOLD","HELD",NA
"E6BB0424","409","3",14,1,"DIST-OPEN","available",NA
"E6BB0424","119","1",22,1,"DIST-OPEN","SOLD","2025-12-19 20:28:06.410"
"E6BB0424","118","6",19,1,"COMP","HELD",NA
"E6BB0424","111","2",6,1,"DIST-OPEN","SOLD","2026-04-15 16:01:32.804"
"E6BB0424","116","1",20,1,"HOLD","HELD",NA
"E6BB0424","318","10",6,1,"DIST-OPEN","available",NA
"E6BB0424","407","2",10,1,"SEASON","SOLD","2025-10-15 23:20:31.444"
"E6BB0424","403","5",13,1,"DIST-OPEN","available",NA
"E6BB0424","101","6",13,1,"DIST-OPEN","SOLD","2025-12-10 12:53:09.710"
"E6BB0424","310","8",7,1,"DIST-OPEN","SOLD","2026-03-14 13:40:06.888"
"E6BB0424","120","9",20,1,"DIST-OPEN","available",NA
"E6BB0424","101","2",17,1,"DIST-OPEN","SOLD","2026-04-23 20:07:59.269"
"E6BB0424","318","5",24,1,"DIST-OPEN","SOLD","2026-02-24 20:05:28.403"
"E6BB0424","203","7",23,1,"DIST-OPEN","COMP","2026-03-02 05:37:12.853"
"E6BB0424","311","1",12,1,"SEASON","SOLD","2025-10-08 14:20:15.559"
"E6BB0424","211","2",10,1,"DIST-OPEN","SOLD","2026-02-24 10:02:02.134"
"E6BB0424","308","1",1,1,"DIST-OPEN","SOLD","2026-04-09 12:43:30.180"
"E6BB0424","309","6",7,1,"SEASON","SOLD","2025-10-24 17:14:30.759"
"E6BB0424","104","10",22,1,"DIST-OPEN","available",NA
"E6BB0424","220","1",10,1,"GROUP","HELD",NA
"E6BB0424","110","3",4,1,"COMP","HELD",NA
"E6BB0424","304","10",12,1,"DIST-OPEN","SOLD","2026-02-11 09:07:21.917"
"E6BB0424","307","4",15,1,"GROUP","COMP","2026-01-23 03:43:18.365"
"E6BB0424","210","1",3,1,"HOLD","HELD",NA
"E6BB0424","114","9",11,1,"GROUP","HELD",NA
"E6BB0424","405","6",10,1,"SEASON","SOLD","2025-10-05 17:49:22.686"
"E6BB0424","119","9",24,1,"HOLD","HELD",NA
"E6BB0424","302","7",15,1,"GROUP","HELD",NA
"E6BB0424","312","4",7,1,"DIST-OPEN","available",NA
"E6BB0424","406","7",21,1,"COMP","HELD",NA
"E6BB0424","203","10",19,1,"DIST-OPEN","COMP","2026-03-15 00:42:43.043"
"E6BB0424","113","1",14,1,"HOLD","HELD",NA
"E6BB0424","220","6",9,1,"SEASON","SOLD","2025-10-06 04:19:14.803"
"E6BB0424","302","5",20,1,"DIST-OPEN","SOLD","2025-12-28 20:37:24.933"
"E6BB0424","202","5",9,1,"DIST-OPEN","SOLD","2025-12-01 14:30:18.052"
"E6BB0424","215","8",22,1,"SEASON","SOLD","2025-10-25 13:00:46.141"
"E6BB0424","202","6",17,1,"SEASON","SOLD","2025-10-28 13:59:31.197"
"E6BB0424","315","3",4,1,"DIST-OPEN","available",NA
"E6BB0424","319","5",7,1,"DIST-OPEN","available",NA
"E6BB0424","103","2",7,1,"GROUP","HELD",NA
"E6BB0424","113","8",14,1,"DIST-OPEN","available",NA
"E6BB0424","301","2",9,1,"SEASON","SOLD","2025-10-05 20:41:22.668"
"E6BB0424","110","1",2,1,"HOLD","HELD",NA
"E6BB0424","318","2",3,1,"DIST-OPEN","SOLD","2025-12-09 22:20:24.696"
"E6BB0424","112","9",5,1,"SEASON","SOLD","2025-10-24 20:40:08.121"
"E6BB0424","107","5",13,1,"DIST-OPEN","SOLD","2026-01-19 16:57:05.832"
"E6BB0424","410","4",16,1,"DIST-OPEN","available",NA
"E6BB0424","318","8",24,1,"GROUP","HELD",NA
"E6BB0424","207","1",22,1,"GROUP","COMP","2026-03-14 10:02:34.650"
"E6BB0424","216","10",18,1,"DIST-OPEN","available",NA
"E6BB0424","212","9",18,1,"DIST-OPEN","SOLD","2026-01-01 19:09:14.713"
"E6BB0424","206","9",11,1,"DIST-OPEN","available",NA
"E6BB0424","407","5",5,1,"DIST-OPEN","SOLD","2025-11-25 20:51:02.056"
"E6BB0424","214","8",6,1,"HOLD","HELD",NA
"E6BB0424","107","9",1,1,"DIST-OPEN","available",NA
"E6BB0424","118","1",18,1,"SEASON","SOLD","2025-10-03 05:57:04.222"
"E6BB0424","320","5",4,1,"SEASON","SOLD","2025-10-24 00:25:24.881"
"E6BB0424","313","3",17,1,"HOLD","HELD",NA
"E6BB0424","201","10",4,1,"DIST-OPEN","available",NA
"E6BB0424","109","1",6,1,"DIST-OPEN","SOLD","2026-01-20 22:08:01.680"
"E6BB0424","409","9",23,1,"SEASON","SOLD","2025-10-26 02:48:30.224"
"E6BB0424","119","10",2,1,"SEASON","SOLD","2025-10-03 21:59:48.262"
"E6BB0424","118","9",21,1,"HOLD","HELD",NA
"E6BB0424","111","6",14,1,"DIST-OPEN","available",NA
"E6BB0424","116","9",19,1,"COMP","HELD",NA
"E6BB0424","318","2",7,1,"HOLD","HELD",NA
"E6BB0424","407","9",6,1,"COMP","COMP","2026-03-05 06:06:48.104"
"E6BB0424","403","10",11,1,"HOLD","HELD",NA
"E6BB0424","101","1",23,1,"SEASON","SOLD","2025-10-02 03:49:37.276"
"E6BB0424","310","10",2,1,"DIST-OPEN","SOLD","2025-12-17 04:59:12.942"
"E6BB0424","120","4",17,1,"SEASON","SOLD","2025-10-16 19:51:36.526"
"E6BB0424","101","5",20,1,"HOLD","HELD",NA
"E6BB0424","318","7",7,1,"DIST-OPEN","available",NA
"E6BB0424","203","7",9,1,"GROUP","HELD",NA
"E6BB0424","311","5",3,1,"DIST-OPEN","SOLD","2025-12-06 02:42:49.514"
"E6BB0424","211","7",19,1,"COMP","COMP","2026-01-11 23:06:30.711"
"E6BB0424","308","4",14,1,"DIST-OPEN","available",NA
"E6BB0424","309","10",1,1,"COMP","HELD",NA
"E6BB0424","104","3",16,1,"DIST-OPEN","available",NA
"E6BB0424","220","3",12,1,"DIST-OPEN","available",NA
"E6BB0424","110","6",20,1,"GROUP","HELD",NA
"E6BB0424","304","10",6,1,"GROUP","HELD",NA
"E6BB0424","307","6",21,1,"DIST-OPEN","SOLD","2026-03-10 13:31:42.409"
"E6BB0424","210","8",23,1,"DIST-OPEN","SOLD","2026-03-27 11:12:28.904"
"E6BB0424","114","6",6,1,"SEASON","SOLD","2025-10-06 20:12:00.854"
"E6BB0424","405","8",11,1,"HOLD","COMP","2026-03-20 08:19:14.954"
"E6BB0424","119","6",11,1,"DIST-OPEN","available",NA
"E6BB0424","302","5",5,1,"DIST-OPEN","available",NA
"E6BB0424","312","2",12,1,"DIST-OPEN","available",NA
"E6BB0424","406","7",21,1,"DIST-OPEN","available",NA
"E6BB0424","203","3",17,1,"SEASON","SOLD","2025-10-05 13:09:27.460"
"E6BB0424","113","4",21,1,"SEASON","SOLD","2025-10-26 20:43:51.267"
"E6BB0424","220","9",19,1,"COMP","COMP","2026-01-17 21:41:25.382"
"E6BB0424","302","8",4,1,"DIST-OPEN","COMP","2026-02-01 12:16:51.384"
"E6BB0424","202","1",6,1,"DIST-OPEN","available",NA
"E6BB0424","215","9",24,1,"COMP","COMP","2026-01-17 20:50:36.614"
"E6BB0424","202","2",9,1,"DIST-OPEN","SOLD","2026-01-19 16:11:45.036"
"E6BB0424","315","8",21,1,"GROUP","HELD",NA
"E6BB0424","319","8",19,1,"GROUP","HELD",NA
"E6BB0424","103","9",20,1,"COMP","HELD",NA
"E6BB0424","113","10",18,1,"SEASON","SOLD","2025-10-12 08:24:55.650"
"E6BB0424","301","7",11,1,"COMP","HELD",NA
"E6BB0424","110","5",14,1,"DIST-OPEN","available",NA
"E6BB0424","318","9",7,1,"SEASON","SOLD","2025-10-20 19:17:13.358"
"E6BB0424","112","10",10,1,"DIST-OPEN","SOLD","2026-02-24 14:43:10.979"
"E6BB0424","107","2",23,1,"DIST-OPEN","available",NA
"E6BB0424","410","7",19,1,"DIST-OPEN","COMP","2026-03-20 09:14:25.854"
"E6BB0424","318","5",6,1,"DIST-OPEN","available",NA
"E6BB0424","207","9",13,1,"DIST-OPEN","available",NA
"E6BB0424","216","6",4,1,"DIST-OPEN","SOLD","2025-12-03 05:11:42.423"
"E6BB0424","212","8",10,1,"HOLD","HELD",NA
"E6BB0424","206","7",16,1,"DIST-OPEN","available",NA
"E6BB0424","407","6",5,1,"GROUP","HELD",NA
"E6BB0424","214","9",7,1,"DIST-OPEN","COMP","2026-03-28 06:57:32.004"
"E6BB0424","107","3",23,1,"DIST-OPEN","available",NA
"E6BB0424","118","10",5,1,"DIST-OPEN","SOLD","2026-02-01 14:55:19.917"
"E6BB0424","320","1",21,1,"DIST-OPEN","available",NA
"E6BB0424","313","5",22,1,"SEASON","SOLD","2025-10-22 01:16:41.638"
"E6BB0424","201","5",10,1,"DIST-OPEN","available",NA
"E6BB0424","109","2",5,1,"DIST-OPEN","available",NA
"E6BB0424","409","10",12,1,"SEASON","SOLD","2025-10-13 19:54:40.127"
"E6BB0424","119","8",20,1,"DIST-OPEN","available",NA
"E6BB0424","118","4",13,1,"SEASON","SOLD","2025-10-28 05:00:17.778"
"E6BB0424","111","4",12,1,"DIST-OPEN","COMP","2026-02-20 22:23:39.916"
"E6BB0424","116","7",18,1,"COMP","HELD",NA
"E6BB0424","318","3",19,1,"DIST-OPEN","available",NA
"E6BB0424","407","4",11,1,"DIST-OPEN","available",NA
"E6BB0424","403","3",17,1,"DIST-OPEN","available",NA
"E6BB0424","101","1",24,1,"SEASON","SOLD","2025-10-03 23:59:41.046"
"E6BB0424","310","3",11,1,"DIST-OPEN","available",NA
"E6BB0424","120","1",15,1,"DIST-OPEN","SOLD","2025-11-23 20:19:56.612"
"E6BB0424","101","3",17,1,"DIST-OPEN","SOLD","2026-02-03 07:17:53.131"
"E6BB0424","318","7",10,1,"DIST-OPEN","available",NA
"E6BB0424","203","3",4,1,"DIST-OPEN","COMP","2026-02-22 15:30:53.074"
"E6BB0424","311","8",19,1,"HOLD","HELD",NA
"E6BB0424","211","6",20,1,"SEASON","SOLD","2025-10-07 23:41:00.730"
"E6BB0424","308","8",11,1,"SEASON","SOLD","2025-10-29 07:18:52.789"
"E6BB0424","309","10",7,1,"DIST-OPEN","SOLD","2026-03-15 03:49:49.085"
"E6BB0424","104","5",9,1,"HOLD","HELD",NA
"E6BB0424","220","3",13,1,"DIST-OPEN","SOLD","2026-03-21 02:01:49.963"
"E6BB0424","110","1",19,1,"DIST-OPEN","available",NA
"E6BB0424","304","5",18,1,"DIST-OPEN","SOLD","2026-04-14 08:56:46.457"
"E6BB0424","307","9",24,1,"GROUP","HELD",NA
"E6BB0424","210","9",22,1,"COMP","HELD",NA
"E6BB0424","114","3",16,1,"DIST-OPEN","SOLD","2026-04-10 21:49:46.675"
"E6BB0424","405","4",24,1,"DIST-OPEN","SOLD","2026-01-27 02:15:00.034"
"E6BB0424","119","9",20,1,"DIST-OPEN","available",NA
"E6BB0424","302","2",4,1,"DIST-OPEN","SOLD","2026-02-21 11:10:21.482"
"E6BB0424","312","9",9,1,"GROUP","HELD",NA
"E6BB0424","406","9",11,1,"SEASON","SOLD","2025-10-24 15:21:25.388"
"E6BB0424","203","3",15,1,"SEASON","SOLD","2025-10-10 03:15:16.619"
"E6BB0424","113","9",24,1,"DIST-OPEN","SOLD","2025-11-18 07:44:51.355"
"E6BB0424","220","6",11,1,"DIST-OPEN","available",NA
"E6BB0424","302","6",20,1,"DIST-OPEN","available",NA
"E6BB0424","202","10",7,1,"SEASON","SOLD","2025-10-18 14:21:57.771"
"E6BB0424","215","2",8,1,"DIST-OPEN","available",NA
"E6BB0424","202","2",22,1,"DIST-OPEN","available",NA
"E6BB0424","315","6",6,1,"SEASON","SOLD","2025-10-09 17:34:19.481"
"E6BB0424","319","1",16,1,"DIST-OPEN","available",NA
"E6BB0424","103","9",10,1,"DIST-OPEN","SOLD","2026-03-02 19:56:31.951"
"E6BB0424","113","2",8,1,"GROUP","HELD",NA
"E6BB0424","301","10",12,1,"SEASON","SOLD","2025-10-09 04:23:52.868"
"E6BB0424","110","6",13,1,"DIST-OPEN","available",NA
"E6BB0424","318","3",24,1,"DIST-OPEN","available",NA
"E6BB0424","112","5",2,1,"DIST-OPEN","SOLD","2026-03-20 19:24:52.050"
"E6BB0424","107","3",1,1,"DIST-OPEN","available",NA
"E6BB0424","410","4",23,1,"DIST-OPEN","SOLD","2025-12-06 11:31:11.510"
"E6BB0424","318","10",24,1,"HOLD","HELD",NA
"E6BB0424","207","1",2,1,"DIST-OPEN","available",NA
"E6BB0424","216","6",12,1,"DIST-OPEN","SOLD","2025-12-25 17:02:13.234"
"E6BB0424","212","5",6,1,"DIST-OPEN","available",NA
"E6BB0424","206","8",22,1,"DIST-OPEN","available",NA
"E6BB0424","407","5",17,1,"DIST-OPEN","SOLD","2026-02-01 12:52:27.265"
"E6BB0424","214","5",16,1,"DIST-OPEN","available",NA
"E6BB0424","107","7",16,1,"GROUP","HELD",NA
"E6BB0424","118","1",17,1,"DIST-OPEN","available",NA
"E6BB0424","320","10",21,1,"SEASON","SOLD","2025-10-08 13:21:29.301"
"E6BB0424","313","8",14,1,"DIST-OPEN","available",NA
"E6BB0424","201","10",2,1,"DIST-OPEN","available",NA
"E6BB0424","109","2",23,1,"GROUP","HELD",NA
"E6BB0424","409","8",14,1,"DIST-OPEN","SOLD","2026-01-07 13:35:24.169"
"E6BB0424","119","9",3,1,"DIST-OPEN","SOLD","2026-02-24 07:16:19.658"
"E6BB0424","118","5",2,1,"DIST-OPEN","COMP","2026-01-20 23:43:26.400"
"E6BB0424","111","9",4,1,"GROUP","HELD",NA
"E6BB0424","116","6",1,1,"GROUP","HELD",NA
"E6BB0424","318","8",9,1,"DIST-OPEN","available",NA
"E6BB0424","407","8",13,1,"COMP","HELD",NA
"E6BB0424","403","4",2,1,"HOLD","HELD",NA
"E6BB0424","101","6",13,1,"DIST-OPEN","available",NA
"E6BB0424","310","9",9,1,"DIST-OPEN","SOLD","2026-01-03 03:52:23.017"
"E6BB0424","120","1",13,1,"SEASON","SOLD","2025-10-28 08:18:42.248"
"E6BB0424","101","7",8,1,"GROUP","HELD",NA
"E6BB0424","318","5",1,1,"SEASON","SOLD","2025-10-08 04:32:14.061"
"E6BB0424","203","2",12,1,"COMP","HELD",NA
"E6BB0424","311","10",2,1,"SEASON","SOLD","2025-10-27 14:39:08.545"
"E6BB0424","211","10",20,1,"HOLD","HELD",NA
"E6BB0424","308","4",15,1,"DIST-OPEN","available",NA
"E6BB0424","309","8",3,1,"DIST-OPEN","SOLD","2026-03-19 11:26:17.402"
"E6BB0424","104","9",17,1,"DIST-OPEN","SOLD","2026-01-25 23:06:50.899"
"E6BB0424","220","5",20,1,"DIST-OPEN","SOLD","2026-01-25 15:34:54.467"
"E6BB0424","110","6",15,1,"SEASON","SOLD","2025-10-24 19:59:23.823"
"E6BB0424","304","5",9,1,"DIST-OPEN","COMP","2026-01-20 03:55:35.531"
"E6BB0424","307","3",15,1,"DIST-OPEN","available",NA
"E6BB0424","210","4",5,1,"DIST-OPEN","available",NA
"E6BB0424","114","3",6,1,"DIST-OPEN","SOLD","2026-02-12 22:39:50.412"
"E6BB0424","405","9",9,1,"COMP","HELD",NA
"E6BB0424","119","10",24,1,"DIST-OPEN","COMP","2026-02-07 17:38:03.415"
"E6BB0424","302","1",21,1,"DIST-OPEN","available",NA
"E6BB0424","312","2",17,1,"DIST-OPEN","available",NA
"E6BB0424","406","4",8,1,"DIST-OPEN","SOLD","2026-01-23 15:37:44.083"
"E6BB0424","203","5",22,1,"DIST-OPEN","SOLD","2026-02-08 16:23:05.299"
"E6BB0424","113","5",7,1,"HOLD","HELD",NA
"E6BB0424","220","10",13,1,"DIST-OPEN","SOLD","2026-01-31 22:39:05.816"
"E6BB0424","302","4",18,1,"DIST-OPEN","SOLD","2026-03-17 05:45:26.796"
"E6BB0424","202","8",2,1,"DIST-OPEN","SOLD","2026-01-11 06:19:04.488"
"E6BB0424","215","3",12,1,"SEASON","SOLD","2025-10-07 05:59:29.112"
"E6BB0424","202","2",4,1,"DIST-OPEN","available",NA
"E6BB0424","315","1",4,1,"COMP","HELD",NA
"E6BB0424","319","1",13,1,"DIST-OPEN","available",NA
"E6BB0424","103","3",13,1,"SEASON","SOLD","2025-10-07 01:06:57.906"
"E6BB0424","113","5",18,1,"COMP","HELD",NA
"E6BB0424","301","2",10,1,"SEASON","SOLD","2025-10-06 23:35:24.098"
"E6BB0424","110","3",3,1,"SEASON","SOLD","2025-10-25 05:08:34.327"
"E6BB0424","318","8",5,1,"DIST-OPEN","available",NA
"E6BB0424","112","8",18,1,"DIST-OPEN","available",NA
"E6BB0424","107","5",5,1,"DIST-OPEN","SOLD","2026-02-07 03:43:43.648"
"E6BB0424","410","6",24,1,"SEASON","SOLD","2025-10-28 06:41:18.824"
"E6BB0424","318","1",17,1,"SEASON","SOLD","2025-10-28 06:25:18.988"
"E6BB0424","207","5",19,1,"DIST-OPEN","SOLD","2026-03-01 08:30:46.834"
"E6BB0424","216","1",5,1,"SEASON","SOLD","2025-10-31 03:00:36.520"
"E6BB0424","212","4",7,1,"COMP","HELD",NA
"E6BB0424","206","6",16,1,"DIST-OPEN","available",NA
"E6BB0424","407","9",18,1,"DIST-OPEN","available",NA
"E6BB0424","214","7",6,1,"COMP","HELD",NA
"E6BB0424","107","1",9,1,"DIST-OPEN","SOLD","2025-12-17 09:59:27.873"
"E6BB0424","118","10",4,1,"GROUP","HELD",NA
"E6BB0424","320","5",5,1,"DIST-OPEN","COMP","2026-01-27 05:47:44.383"
"E6BB0424","313","7",16,1,"DIST-OPEN","available",NA
"E6BB0424","201","10",9,1,"DIST-OPEN","available",NA
"E6BB0424","109","10",7,1,"GROUP","HELD",NA
"E6BB0424","409","4",2,1,"DIST-OPEN","SOLD","2026-01-21 12:02:22.119"
"E6BB0424","119","4",12,1,"DIST-OPEN","SOLD","2026-03-03 13:22:30.872"
"E6BB0424","118","8",1,1,"DIST-OPEN","SOLD","2025-12-10 01:49:54.845"
"E6BB0424","111","7",16,1,"SEASON","SOLD","2025-10-21 15:47:34.854"
"E6BB0424","116","3",5,1,"DIST-OPEN","available",NA
"E6BB0424","318","1",16,1,"SEASON","SOLD","2025-10-28 19:02:46.168"
"E6BB0424","407","2",8,1,"HOLD","HELD",NA
"E6BB0424","403","2",16,1,"SEASON","SOLD","2025-10-17 20:38:46.973"
"E6BB0424","101","7",8,1,"SEASON","SOLD","2025-10-21 21:45:54.510"
"E6BB0424","310","4",21,1,"GROUP","HELD",NA
"E6BB0424","120","7",13,1,"SEASON","SOLD","2025-10-28 23:54:14.809"
"E6BB0424","101","7",3,1,"DIST-OPEN","available",NA
"E6BB0424","318","10",13,1,"DIST-OPEN","available",NA
"E6BB0424","203","10",12,1,"DIST-OPEN","available",NA
"E6BB0424","311","4",1,1,"SEASON","SOLD","2025-10-11 10:41:36.038"
"E6BB0424","211","4",2,1,"DIST-OPEN","SOLD","2025-11-29 18:42:30.751"
"E6BB0424","308","7",3,1,"HOLD","HELD",NA
"E6BB0424","309","2",22,1,"DIST-OPEN","available",NA
"E6BB0424","104","6",12,1,"DIST-OPEN","SOLD","2026-01-26 12:33:03.754"
"E6BB0424","220","4",2,1,"SEASON","SOLD","2025-10-27 03:07:05.587"
"E6BB0424","110","1",23,1,"DIST-OPEN","SOLD","2026-04-01 13:36:34.537"
"E6BB0424","304","2",24,1,"DIST-OPEN","SOLD","2026-01-05 19:53:13.568"
"E6BB0424","307","6",9,1,"DIST-OPEN","SOLD","2026-03-13 05:28:10.774"
"E6BB0424","210","3",14,1,"DIST-OPEN","SOLD","2025-12-25 19:20:08.414"
"E6BB0424","114","7",8,1,"HOLD","COMP","2026-02-08 18:17:44.240"
"E6BB0424","405","9",18,1,"DIST-OPEN","available",NA
"E6BB0424","119","9",3,1,"DIST-OPEN","available",NA
"E6BB0424","302","6",4,1,"SEASON","SOLD","2025-10-29 21:49:49.275"
"E6BB0424","312","4",16,1,"DIST-OPEN","SOLD","2025-11-15 20:02:23.896"
"E6BB0424","406","4",16,1,"DIST-OPEN","available",NA
"E6BB0424","203","3",17,1,"DIST-OPEN","available",NA
"E6BB0424","113","4",21,1,"SEASON","SOLD","2025-10-19 06:48:09.692"
"E6BB0424","220","9",5,1,"DIST-OPEN","SOLD","2026-01-05 22:56:17.843"
"E6BB0424","302","7",12,1,"DIST-OPEN","available",NA
"E6BB0424","202","10",3,1,"SEASON","SOLD","2025-10-17 09:56:11.565"
"E6BB0424","215","3",1,1,"DIST-OPEN","SOLD","2026-01-04 04:55:16.569"
"E6BB0424","202","7",11,1,"DIST-OPEN","SOLD","2026-01-04 16:44:08.198"
"E6BB0424","315","8",9,1,"DIST-OPEN","available",NA
"E6BB0424","319","6",10,1,"DIST-OPEN","SOLD","2025-11-26 12:19:28.184"
"E6BB0424","103","3",22,1,"DIST-OPEN","SOLD","2026-03-23 13:21:56.277"
"E6BB0424","113","7",11,1,"COMP","HELD",NA
"E6BB0424","301","7",18,1,"HOLD","COMP","2026-02-10 20:40:31.091"
"E6BB0424","110","1",21,1,"DIST-OPEN","SOLD","2026-03-14 14:16:24.378"
"E6BB0424","318","5",7,1,"HOLD","COMP","2026-03-11 16:58:13.597"
"E6BB0424","112","9",23,1,"DIST-OPEN","available",NA
"E6BB0424","107","10",9,1,"DIST-OPEN","available",NA
"E6BB0424","410","4",10,1,"SEASON","SOLD","2025-10-01 13:58:26.425"
"E6BB0424","318","9",2,1,"DIST-OPEN","SOLD","2026-02-22 20:03:55.114"
"E6BB0424","207","9",21,1,"DIST-OPEN","SOLD","2025-11-28 05:13:50.506"
"E6BB0424","216","7",15,1,"DIST-OPEN","SOLD","2026-04-05 12:17:56.919"
"E6BB0424","212","7",22,1,"HOLD","HELD",NA
"E6BB0424","206","7",2,1,"DIST-OPEN","available",NA
"E6BB0424","407","5",3,1,"HOLD","HELD",NA
"E6BB0424","214","9",3,1,"SEASON","SOLD","2025-10-21 14:57:30.367"
"E6BB0424","107","1",15,1,"DIST-OPEN","available",NA
"E6BB0424","118","2",16,1,"SEASON","SOLD","2025-10-31 03:20:24.815"
"E6BB0424","320","1",4,1,"COMP","HELD",NA
"E6BB0424","313","6",9,1,"DIST-OPEN","SOLD","2026-02-09 20:35:31.213"
"E6BB0424","201","7",8,1,"GROUP","HELD",NA
"E6BB0424","109","10",19,1,"HOLD","HELD",NA
"E6BB0424","409","8",8,1,"DIST-OPEN","available",NA
"E6BB0424","119","10",15,1,"DIST-OPEN","SOLD","2026-04-04 23:48:59.588"
"E6BB0424","118","10",12,1,"COMP","HELD",NA
"E6BB0424","111","6",10,1,"DIST-OPEN","SOLD","2026-02-18 18:26:21.127"
"E6BB0424","116","3",4,1,"DIST-OPEN","available",NA
"E6BB0424","318","3",14,1,"GROUP","HELD",NA
"E6BB0424","407","3",2,1,"SEASON","SOLD","2025-10-09 15:30:12.698"
"E6BB0424","403","8",9,1,"GROUP","COMP","2026-01-25 04:50:14.808"
"E6BB0424","101","2",13,1,"DIST-OPEN","available",NA
"E6BB0424","310","10",6,1,"HOLD","HELD",NA
"E6BB0424","120","6",8,1,"DIST-OPEN","available",NA
"E6BB0424","101","8",5,1,"DIST-OPEN","SOLD","2026-04-01 10:55:52.912"
"E6BB0424","318","5",5,1,"DIST-OPEN","available",NA
"E6BB0424","203","3",5,1,"SEASON","SOLD","2025-10-05 10:49:45.948"
"E6BB0424","311","9",1,1,"SEASON","SOLD","2025-10-13 12:41:46.365"
"E6BB0424","211","7",24,1,"DIST-OPEN","available",NA
"E6BB0424","308","1",10,1,"SEASON","SOLD","2025-10-06 07:51:06.816"
"E6BB0424","309","1",10,1,"DIST-OPEN","COMP","2026-02-22 05:23:03.446"
"E6BB0424","104","2",4,1,"SEASON","SOLD","2025-10-29 23:56:27.622"
"E6BB0424","220","6",19,1,"GROUP","HELD",NA
"E6BB0424","110","6",21,1,"SEASON","SOLD","2025-10-26 00:33:10.653"
"E6BB0424","304","1",8,1,"GROUP","HELD",NA
"E6BB0424","307","10",4,1,"HOLD","HELD",NA
"E6BB0424","210","5",15,1,"DIST-OPEN","available",NA
"E6BB0424","114","7",21,1,"SEASON","SOLD","2025-10-24 18:53:07.613"
"E6BB0424","405","1",9,1,"DIST-OPEN","available",NA
"E6BB0424","119","7",1,1,"SEASON","SOLD","2025-10-05 01:57:19.161"
"E6BB0424","302","8",4,1,"HOLD","HELD",NA
"E6BB0424","312","4",15,1,"HOLD","HELD",NA
"E6BB0424","406","9",20,1,"DIST-OPEN","COMP","2026-02-18 22:11:08.723"
"E6BB0424","203","6",18,1,"HOLD","HELD",NA
"E6BB0424","113","7",10,1,"DIST-OPEN","SOLD","2026-04-22 15:36:26.435"
"E6BB0424","220","7",4,1,"SEASON","SOLD","2025-10-23 22:36:52.432"
"E6BB0424","302","7",6,1,"DIST-OPEN","SOLD","2026-03-22 07:44:13.574"
"E6BB0424","202","2",9,1,"HOLD","HELD",NA
"E6BB0424","215","6",13,1,"GROUP","HELD",NA
"E6BB0424","202","5",23,1,"DIST-OPEN","SOLD","2026-02-06 19:29:55.833"
"E6BB0424","315","5",21,1,"DIST-OPEN","SOLD","2026-03-22 08:00:58.032"
"E6BB0424","319","8",6,1,"DIST-OPEN","available",NA
"E6BB0424","103","7",8,1,"DIST-OPEN","available",NA
"E6BB0424","113","7",22,1,"SEASON","SOLD","2025-10-26 19:44:00.413"
"E6BB0424","301","7",23,1,"DIST-OPEN","SOLD","2026-01-05 02:59:50.519"
"E6BB0424","110","9",12,1,"DIST-OPEN","SOLD","2026-04-06 05:33:44.342"
"E6BB0424","318","5",2,1,"DIST-OPEN","SOLD","2025-12-12 19:53:01.078"
"E6BB0424","112","7",17,1,"SEASON","SOLD","2025-10-10 23:08:24.320"
"E6BB0424","107","6",22,1,"SEASON","SOLD","2025-10-16 23:49:53.745"
"E6BB0424","410","6",21,1,"GROUP","COMP","2026-03-23 01:23:32.806"
"E6BB0424","318","4",6,1,"GROUP","HELD",NA
"E6BB0424","207","2",2,1,"DIST-OPEN","available",NA
"E6BB0424","216","3",9,1,"DIST-OPEN","SOLD","2025-11-25 09:21:58.393"
"E6BB0424","212","6",19,1,"HOLD","HELD",NA
"E6BB0424","206","3",21,1,"SEASON","SOLD","2025-10-26 04:57:44.920"
"E6BB0424","407","4",16,1,"SEASON","SOLD","2025-10-10 01:38:57.527"
"E6BB0424","214","7",19,1,"GROUP","HELD",NA
"E6BB0424","107","9",19,1,"DIST-OPEN","SOLD","2025-11-18 14:18:21.207"
"E6BB0424","118","8",7,1,"DIST-OPEN","available",NA
"E6BB0424","320","2",17,1,"HOLD","HELD",NA
"E6BB0424","313","8",12,1,"SEASON","SOLD","2025-10-24 00:06:48.062"
"E6BB0424","201","1",22,1,"DIST-OPEN","SOLD","2026-01-17 14:16:05.967"
"E6BB0424","109","3",16,1,"SEASON","SOLD","2025-10-23 22:07:32.443"
"E6BB0424","409","4",22,1,"SEASON","SOLD","2025-10-22 13:31:20.629"
"E6BB0424","119","3",5,1,"DIST-OPEN","SOLD","2026-03-16 14:40:25.049"
"E6BB0424","118","7",2,1,"HOLD","HELD",NA
"E6BB0424","111","1",21,1,"GROUP","HELD",NA
"E6BB0424","116","9",2,1,"HOLD","HELD",NA
"E6BB0424","318","5",7,1,"SEASON","SOLD","2025-10-09 00:13:41.817"
"E6BB0424","407","8",4,1,"SEASON","SOLD","2025-10-06 12:54:33.745"
"E6BB0424","403","3",19,1,"DIST-OPEN","available",NA
"E6BB0424","101","6",14,1,"COMP","HELD",NA
"E6BB0424","310","6",21,1,"GROUP","HELD",NA
"E6BB0424","120","1",13,1,"DIST-OPEN","available",NA
"E6BB0424","101","3",7,1,"DIST-OPEN","available",NA
"E6BB0424","318","8",2,1,"SEASON","SOLD","2025-10-27 21:11:36.842"
"E6BB0424","203","9",2,1,"HOLD","HELD",NA
"E6BB0424","311","8",1,1,"COMP","HELD",NA
"E6BB0424","211","3",17,1,"COMP","HELD",NA
"E6BB0424","308","8",20,1,"SEASON","SOLD","2025-10-17 03:07:57.021"
"E6BB0424","309","8",8,1,"HOLD","HELD",NA
"E6BB0424","104","2",5,1,"DIST-OPEN","available",NA
"E6BB0424","220","4",14,1,"HOLD","HELD",NA
"E6BB0424","110","10",4,1,"DIST-OPEN","SOLD","2026-03-28 09:47:48.547"
"E6BB0424","304","9",19,1,"DIST-OPEN","available",NA
"E6BB0424","307","4",10,1,"DIST-OPEN","available",NA
"E6BB0424","210","6",16,1,"SEASON","SOLD","2025-10-12 00:20:08.063"
"E6BB0424","114","9",20,1,"DIST-OPEN","available",NA
"E6BB0424","405","6",13,1,"DIST-OPEN","available",NA
"E6BB0424","119","8",6,1,"COMP","HELD",NA
"E6BB0424","302","4",9,1,"COMP","HELD",NA
"E6BB0424","312","8",7,1,"SEASON","SOLD","2025-10-13 10:19:53.060"
"E6BB0424","406","4",11,1,"DIST-OPEN","available",NA
"E6BB0424","203","2",5,1,"SEASON","SOLD","2025-10-18 13:31:17.657"
"E6BB0424","113","3",8,1,"COMP","HELD",NA
"E6BB0424","220","5",8,1,"HOLD","HELD",NA
"E6BB0424","302","6",2,1,"DIST-OPEN","available",NA
"E6BB0424","202","1",15,1,"DIST-OPEN","SOLD","2026-04-18 14:48:14.612"
"E6BB0424","215","8",5,1,"DIST-OPEN","available",NA
"E6BB0424","202","1",1,1,"DIST-OPEN","SOLD","2025-12-05 00:00:55.755"
"E6BB0424","315","5",15,1,"SEASON","SOLD","2025-10-13 19:33:03.615"
"E6BB0424","319","5",17,1,"DIST-OPEN","available",NA
"E6BB0424","103","2",4,1,"DIST-OPEN","SOLD","2026-01-13 05:21:15.492"
"E6BB0424","113","1",15,1,"DIST-OPEN","SOLD","2026-04-09 08:53:58.845"
"E6BB0424","301","4",23,1,"DIST-OPEN","available",NA
"E6BB0424","110","5",12,1,"DIST-OPEN","available",NA
"E6BB0424","318","1",6,1,"SEASON","SOLD","2025-10-03 19:37:35.601"
"E6BB0424","112","4",10,1,"DIST-OPEN","SOLD","2025-12-28 19:59:13.739"
"E6BB0424","107","10",19,1,"GROUP","HELD",NA
"E6BB0424","410","1",22,1,"GROUP","HELD",NA
"E6BB0424","318","9",2,1,"DIST-OPEN","SOLD","2026-03-29 00:18:09.516"
"E6BB0424","207","10",7,1,"DIST-OPEN","SOLD","2025-11-23 22:34:23.527"
"E6BB0424","216","1",7,1,"COMP","HELD",NA
"E6BB0424","212","7",21,1,"DIST-OPEN","SOLD","2026-02-01 18:10:01.257"
"E6BB0424","206","10",18,1,"DIST-OPEN","available",NA
"E6BB0424","407","9",1,1,"SEASON","SOLD","2025-10-03 17:27:14.623"
"E6BB0424","214","6",11,1,"DIST-OPEN","SOLD","2025-12-10 02:51:52.789"
"E6BB0424","107","1",22,1,"SEASON","SOLD","2025-10-01 14:08:27.417"
"E6BB0424","118","6",3,1,"DIST-OPEN","available",NA
"E6BB0424","320","4",10,1,"SEASON","SOLD","2025-10-13 03:08:39.202"
"E6BB0424","313","8",11,1,"DIST-OPEN","available",NA
"E6BB0424","201","9",2,1,"DIST-OPEN","SOLD","2025-11-20 18:21:47.409"
"E6BB0424","109","3",8,1,"DIST-OPEN","SOLD","2026-04-07 22:24:04.706"
"E6BB0424","409","5",13,1,"GROUP","HELD",NA
"E6BB0424","119","2",6,1,"GROUP","HELD",NA
"E6BB0424","118","8",11,1,"DIST-OPEN","SOLD","2025-11-15 15:31:58.430"
"E6BB0424","111","8",2,1,"DIST-OPEN","available",NA
"E6BB0424","116","9",17,1,"DIST-OPEN","SOLD","2025-12-22 11:13:38.102"
"E6BB0424","318","3",15,1,"DIST-OPEN","available",NA
"E6BB0424","407","6",1,1,"DIST-OPEN","available",NA
"E6BB0424","403","4",12,1,"DIST-OPEN","available",NA
"E6BB0424","101","3",17,1,"DIST-OPEN","SOLD","2026-03-11 03:43:08.398"
"E6BB0424","310","4",19,1,"DIST-OPEN","SOLD","2025-11-19 14:28:38.592"
"E6BB0424","120","9",10,1,"GROUP","HELD",NA
"E6BB0424","101","10",23,1,"DIST-OPEN","available",NA
"E6BB0424","318","7",2,1,"DIST-OPEN","available",NA
"E6BB0424","203","10",3,1,"DIST-OPEN","available",NA
"E6BB0424","311","5",14,1,"DIST-OPEN","available",NA
"E6BB0424","211","8",17,1,"HOLD","HELD",NA
"E6BB0424","308","9",9,1,"SEASON","SOLD","2025-10-04 14:51:43.584"
"E6BB0424","309","8",10,1,"DIST-OPEN","SOLD","2025-12-21 01:00:46.389"
"E6BB0424","104","8",11,1,"DIST-OPEN","available",NA
"E6BB0424","220","2",16,1,"SEASON","SOLD","2025-10-08 20:17:54.001"
"E6BB0424","110","3",23,1,"SEASON","SOLD","2025-10-21 11:50:09.522"
"E6BB0424","304","6",12,1,"GROUP","HELD",NA
"E6BB0424","307","3",4,1,"HOLD","HELD",NA
"E6BB0424","210","6",4,1,"DIST-OPEN","available",NA
"E6BB0424","114","4",14,1,"GROUP","HELD",NA
"E6BB0424","405","7",21,1,"HOLD","HELD",NA
"E6BB0424","119","7",15,1,"DIST-OPEN","SOLD","2026-02-18 11:48:38.617"
"E6BB0424","302","2",21,1,"SEASON","SOLD","2025-10-07 05:16:08.110"
"E6BB0424","312","8",1,1,"DIST-OPEN","available",NA
"E6BB0424","406","1",20,1,"SEASON","SOLD","2025-10-05 00:40:38.405"
"E6BB0424","203","8",11,1,"DIST-OPEN","available",NA
"E6BB0424","113","6",21,1,"DIST-OPEN","available",NA
"E6BB0424","220","3",13,1,"DIST-OPEN","SOLD","2026-01-30 10:46:04.489"
"E6BB0424","302","6",6,1,"DIST-OPEN","SOLD","2025-11-18 18:20:30.332"
"E6BB0424","202","9",21,1,"DIST-OPEN","SOLD","2026-01-28 17:46:26.478"
"E6BB0424","215","9",22,1,"DIST-OPEN","available",NA
"E6BB0424","202","9",15,1,"DIST-OPEN","available",NA
"E6BB0424","315","1",23,1,"GROUP","HELD",NA
"E6BB0424","319","10",5,1,"SEASON","SOLD","2025-10-14 04:50:26.497"
"E6BB0424","103","8",14,1,"SEASON","SOLD","2025-10-06 02:59:20.085"
"E6BB0424","113","5",15,1,"DIST-OPEN","available",NA
"E6BB0424","301","10",7,1,"HOLD","HELD",NA
"E6BB0424","110","6",18,1,"DIST-OPEN","COMP","2026-03-03 23:11:55.300"
"E6BB0424","318","6",17,1,"DIST-OPEN","SOLD","2026-04-08 14:44:07.379"
"E6BB0424","112","2",2,1,"SEASON","SOLD","2025-10-29 02:46:09.473"
"E6BB0424","107","1",3,1,"DIST-OPEN","available",NA
"E6BB0424","410","9",5,1,"DIST-OPEN","SOLD","2025-12-23 02:39:01.838"
"E6BB0424","318","2",19,1,"DIST-OPEN","COMP","2026-03-28 02:43:58.842"
"E6BB0424","207","3",14,1,"COMP","COMP","2026-01-27 07:25:36.843"
"E6BB0424","216","2",21,1,"DIST-OPEN","SOLD","2026-04-12 22:12:04.091"
"E6BB0424","212","1",20,1,"DIST-OPEN","SOLD","2026-02-15 19:14:56.368"
"E6BB0424","206","10",18,1,"SEASON","SOLD","2025-10-09 20:39:03.405"
"E6BB0424","407","3",9,1,"DIST-OPEN","available",NA
"E6BB0424","214","4",15,1,"DIST-OPEN","SOLD","2026-03-05 07:40:13.192"
"E6BB0424","107","2",20,1,"HOLD","HELD",NA
"E6BB0424","118","6",16,1,"DIST-OPEN","available",NA
"E6BB0424","320","7",7,1,"DIST-OPEN","available",NA
"E6BB0424","313","5",21,1,"HOLD","HELD",NA
"E6BB0424","201","2",8,1,"HOLD","COMP","2026-02-02 01:01:04.089"
"E6BB0424","109","10",2,1,"DIST-OPEN","available",NA
"E6BB0424","409","10",11,1,"HOLD","HELD",NA
"E6BB0424","119","4",5,1,"SEASON","SOLD","2025-10-30 10:59:10.031"
"E6BB0424","118","5",4,1,"GROUP","HELD",NA
"E6BB0424","111","7",13,1,"DIST-OPEN","SOLD","2025-12-24 04:09:38.454"
"E6BB0424","116","6",3,1,"DIST-OPEN","SOLD","2026-01-19 23:08:08.434"
"E6BB0424","318","7",1,1,"DIST-OPEN","available",NA
"E6BB0424","407","7",17,1,"DIST-OPEN","available",NA
"E6BB0424","403","7",12,1,"GROUP","HELD",NA
"E6BB0424","101","5",21,1,"SEASON","SOLD","2025-10-02 23:46:24.552"
"E6BB0424","310","8",16,1,"SEASON","SOLD","2025-10-22 15:07:44.039"
"E6BB0424","120","6",1,1,"DIST-OPEN","COMP","2026-02-05 18:17:26.096"
"E6BB0424","101","5",6,1,"HOLD","HELD",NA
"E6BB0424","318","10",22,1,"DIST-OPEN","available",NA
"E6BB0424","203","2",20,1,"DIST-OPEN","SOLD","2026-01-27 20:43:32.173"
"E6BB0424","311","7",24,1,"GROUP","HELD",NA
"E6BB0424","211","3",20,1,"DIST-OPEN","SOLD","2026-01-01 22:22:06.073"
"E6BB0424","308","1",21,1,"SEASON","SOLD","2025-10-23 14:54:50.685"
"E6BB0424","309","7",15,1,"DIST-OPEN","SOLD","2025-12-14 08:23:26.550"
"E6BB0424","104","5",21,1,"DIST-OPEN","COMP","2026-02-01 09:58:18.916"
"E6BB0424","220","9",10,1,"SEASON","SOLD","2025-10-22 08:16:14.433"
"E6BB0424","110","10",5,1,"DIST-OPEN","available",NA
"E6BB0424","304","2",1,1,"HOLD","HELD",NA
"E6BB0424","307","6",23,1,"SEASON","SOLD","2025-10-06 05:04:45.836"
"E6BB0424","210","4",11,1,"DIST-OPEN","available",NA
"E6BB0424","114","7",23,1,"SEASON","SOLD","2025-10-08 19:17:15.428"
"E6BB0424","405","9",6,1,"SEASON","SOLD","2025-10-04 20:17:43.736"
"E6BB0424","119","9",22,1,"DIST-OPEN","available",NA
"E6BB0424","302","6",22,1,"DIST-OPEN","SOLD","2026-02-24 19:23:03.983"
"E6BB0424","312","2",17,1,"SEASON","SOLD","2025-10-19 22:39:05.448"
"E6BB0424","406","4",7,1,"DIST-OPEN","SOLD","2026-01-30 06:08:41.947"
"E6BB0424","203","10",24,1,"DIST-OPEN","SOLD","2025-12-01 03:51:25.807"
"E6BB0424","113","2",10,1,"HOLD","HELD",NA
"E6BB0424","220","8",11,1,"DIST-OPEN","available",NA
"E6BB0424","302","8",8,1,"COMP","HELD",NA
"E6BB0424","202","9",21,1,"DIST-OPEN","SOLD","2026-02-09 11:24:13.250"
"E6BB0424","215","4",14,1,"SEASON","SOLD","2025-10-05 21:12:30.598"
"E6BB0424","202","1",1,1,"COMP","HELD",NA
"E6BB0424","315","3",19,1,"DIST-OPEN","available",NA
"E6BB0424","319","9",19,1,"DIST-OPEN","available",NA
"E6BB0424","103","10",10,1,"DIST-OPEN","available",NA
"E6BB0424","113","7",23,1,"SEASON","SOLD","2025-10-28 03:41:18.389"
"E6BB0424","301","5",4,1,"DIST-OPEN","available",NA
"E6BB0424","110","2",15,1,"SEASON","SOLD","2025-10-22 22:16:05.093"
"E6BB0424","318","7",13,1,"GROUP","HELD",NA
"E6BB0424","112","7",24,1,"GROUP","HELD",NA
"E6BB0424","107","10",4,1,"DIST-OPEN","available",NA
"E6BB0424","410","10",18,1,"SEASON","SOLD","2025-10-08 18:46:59.491"
"E6BB0424","318","4",10,1,"DIST-OPEN","available",NA
"E6BB0424","207","8",24,1,"HOLD","HELD",NA
"E6BB0424","216","5",11,1,"DIST-OPEN","available",NA
"E6BB0424","212","9",24,1,"HOLD","HELD",NA
"E6BB0424","206","1",15,1,"DIST-OPEN","available",NA
"E6BB0424","407","6",13,1,"COMP","COMP","2026-02-07 20:50:32.232"
"E6BB0424","214","3",22,1,"DIST-OPEN","SOLD","2026-02-24 15:42:02.124"
"E6BB0424","107","4",24,1,"DIST-OPEN","SOLD","2026-03-25 13:01:36.817"
"E6BB0424","118","1",8,1,"DIST-OPEN","available",NA
"E6BB0424","320","2",2,1,"COMP","HELD",NA
"E6BB0424","313","5",9,1,"DIST-OPEN","available",NA
"E6BB0424","201","7",7,1,"DIST-OPEN","available",NA
"E6BB0424","109","2",10,1,"SEASON","SOLD","2025-10-13 05:54:53.749"
"E6BB0424","409","7",16,1,"DIST-OPEN","available",NA
"E6BB0424","119","8",16,1,"DIST-OPEN","available",NA
"E6BB0424","118","8",19,1,"DIST-OPEN","COMP","2026-01-13 02:20:40.999"
"E6BB0424","111","5",5,1,"DIST-OPEN","available",NA
"E6BB0424","116","2",18,1,"SEASON","SOLD","2025-10-17 06:43:08.051"
"E6BB0424","318","2",7,1,"DIST-OPEN","available",NA
"E6BB0424","407","1",22,1,"GROUP","HELD",NA
"E6BB0424","403","9",23,1,"DIST-OPEN","SOLD","2026-01-24 16:50:00.180"
"E6BB0424","101","7",23,1,"DIST-OPEN","SOLD","2026-03-12 20:34:43.051"
"E6BB0424","310","2",6,1,"DIST-OPEN","available",NA
"E6BB0424","120","9",4,1,"GROUP","HELD",NA
"E6BB0424","101","6",18,1,"DIST-OPEN","available",NA
"E6BB0424","318","10",11,1,"DIST-OPEN","SOLD","2026-02-18 02:23:58.055"
"E6BB0424","203","10",23,1,"DIST-OPEN","SOLD","2026-02-28 07:01:45.043"
"E6BB0424","311","6",13,1,"SEASON","SOLD","2025-10-21 10:05:40.514"
"E6BB0424","211","2",22,1,"HOLD","HELD",NA
"E6BB0424","308","3",21,1,"HOLD","HELD",NA
"E6BB0424","309","5",10,1,"GROUP","HELD",NA
"E6BB0424","104","4",1,1,"DIST-OPEN","COMP","2026-03-05 08:59:20.535"
"E6BB0424","220","1",7,1,"SEASON","SOLD","2025-10-03 06:07:00.390"
"E6BB0424","110","2",24,1,"DIST-OPEN","available",NA
"E6BB0424","304","7",2,1,"DIST-OPEN","SOLD","2026-01-24 18:07:05.904"
"E6BB0424","307","7",11,1,"DIST-OPEN","SOLD","2025-12-27 20:02:48.940"
"E6BB0424","210","7",4,1,"DIST-OPEN","SOLD","2025-12-27 14:36:14.094"
"E6BB0424","114","1",15,1,"GROUP","HELD",NA
"E6BB0424","405","5",12,1,"GROUP","HELD",NA
"E6BB0424","119","3",20,1,"DIST-OPEN","SOLD","2026-01-15 21:21:59.362"
"E6BB0424","302","8",8,1,"HOLD","HELD",NA
"E6BB0424","312","6",14,1,"DIST-OPEN","available",NA
"E6BB0424","406","3",22,1,"DIST-OPEN","SOLD","2025-12-25 19:17:36.655"
"E6BB0424","203","9",10,1,"DIST-OPEN","available",NA
"E6BB0424","113","5",8,1,"SEASON","SOLD","2025-10-07 22:47:46.995"
"E6BB0424","220","10",6,1,"HOLD","HELD",NA
"E6BB0424","302","10",22,1,"DIST-OPEN","SOLD","2026-04-09 02:59:53.238"
"E6BB0424","202","3",3,1,"DIST-OPEN","available",NA
"E6BB0424","215","10",10,1,"DIST-OPEN","SOLD","2026-04-11 06:47:43.158"
"E6BB0424","202","10",24,1,"DIST-OPEN","available",NA
"E6BB0424","315","4",12,1,"HOLD","HELD",NA
"E6BB0424","319","2",6,1,"HOLD","HELD",NA
"E6BB0424","103","7",14,1,"DIST-OPEN","available",NA
"E6BB0424","113","1",18,1,"DIST-OPEN","available",NA
"E6BB0424","301","1",5,1,"GROUP","HELD",NA
"E6BB0424","110","2",20,1,"COMP","HELD",NA
"E6BB0424","318","10",21,1,"SEASON","SOLD","2025-10-28 10:34:05.901"
"E6BB0424","112","6",24,1,"DIST-OPEN","SOLD","2025-11-23 19:15:52.739"
"E6BB0424","107","2",16,1,"DIST-OPEN","available",NA
"E6BB0424","410","7",21,1,"SEASON","SOLD","2025-10-17 13:16:51.184"
"E6BB0424","318","10",10,1,"DIST-OPEN","available",NA
"E6BB0424","207","9",15,1,"GROUP","HELD",NA
"E6BB0424","216","9",14,1,"DIST-OPEN","SOLD","2026-03-12 04:41:34.117"
"E6BB0424","212","10",14,1,"DIST-OPEN","SOLD","2026-03-04 04:28:19.036"
"E6BB0424","206","10",12,1,"DIST-OPEN","available",NA
"E6BB0424","407","3",19,1,"SEASON","SOLD","2025-10-29 18:18:29.525"
"E6BB0424","214","5",20,1,"DIST-OPEN","available",NA
"E6BB0424","107","8",21,1,"SEASON","SOLD","2025-10-28 20:14:03.273"
"E6BB0424","118","7",21,1,"GROUP","HELD",NA
"E6BB0424","320","10",20,1,"DIST-OPEN","available",NA
"E6BB0424","313","10",17,1,"DIST-OPEN","available",NA
"E6BB0424","201","3",6,1,"DIST-OPEN","SOLD","2026-01-05 02:15:52.635"
"E6BB0424","109","7",3,1,"DIST-OPEN","available",NA
"E6BB0424","409","5",14,1,"DIST-OPEN","SOLD","2025-11-22 09:47:04.040"
"E6BB0424","119","9",6,1,"DIST-OPEN","SOLD","2025-11-26 18:20:13.332"
"E6BB0424","118","5",6,1,"SEASON","SOLD","2025-10-03 05:12:48.077"
"E6BB0424","111","10",10,1,"DIST-OPEN","SOLD","2026-02-12 03:35:07.238"
"E6BB0424","116","7",10,1,"DIST-OPEN","SOLD","2026-02-23 13:42:52.477"
"E6BB0424","318","6",14,1,"DIST-OPEN","SOLD","2026-04-01 10:40:36.139"
"E6BB0424","407","3",22,1,"GROUP","HELD",NA
"E6BB0424","403","7",19,1,"GROUP","HELD",NA
"E6BB0424","101","2",12,1,"DIST-OPEN","available",NA
"E6BB0424","310","7",17,1,"SEASON","SOLD","2025-10-10 04:27:00.305"
"E6BB0424","120","9",9,1,"HOLD","HELD",NA
"E6BB0424","101","9",1,1,"HOLD","HELD",NA
"E6BB0424","318","8",11,1,"HOLD","HELD",NA
"E6BB0424","203","3",7,1,"DIST-OPEN","COMP","2026-01-06 03:46:21.917"
"E6BB0424","311","5",4,1,"SEASON","SOLD","2025-10-28 02:17:16.820"
"E6BB0424","211","2",4,1,"HOLD","HELD",NA
"E6BB0424","308","7",9,1,"DIST-OPEN","SOLD","2026-02-26 05:07:11.210"
"E6BB0424","309","9",6,1,"DIST-OPEN","available",NA
"E6BB0424","104","4",21,1,"SEASON","SOLD","2025-10-23 13:51:59.429"
"E6BB0424","220","2",5,1,"DIST-OPEN","SOLD","2026-04-18 16:49:51.383"
"E6BB0424","110","5",3,1,"HOLD","HELD",NA
"E6BB0424","304","8",4,1,"SEASON","SOLD","2025-10-14 00:44:35.133"
"E6BB0424","307","10",23,1,"DIST-OPEN","COMP","2026-01-26 20:22:18.640"
"E6BB0424","210","6",9,1,"DIST-OPEN","SOLD","2026-02-04 23:55:24.260"
"E6BB0424","114","5",12,1,"DIST-OPEN","available",NA
"E6BB0424","405","4",10,1,"DIST-OPEN","available",NA
"E6BB0424","119","1",8,1,"HOLD","HELD",NA
"E6BB0424","302","2",1,1,"DIST-OPEN","SOLD","2026-03-11 18:34:24.492"
"E6BB0424","312","5",24,1,"DIST-OPEN","available",NA
"E6BB0424","406","2",15,1,"DIST-OPEN","available",NA
"E6BB0424","203","6",21,1,"HOLD","HELD",NA
"E6BB0424","113","8",1,1,"COMP","COMP","2026-01-10 06:36:07.481"
"E6BB0424","220","5",14,1,"SEASON","SOLD","2025-10-26 20:09:23.327"
"E6BB0424","302","9",12,1,"HOLD","COMP","2026-03-03 08:52:41.557"
"E6BB0424","202","4",14,1,"SEASON","SOLD","2025-10-23 15:46:03.451"
"E6BB0424","215","9",22,1,"SEASON","SOLD","2025-10-16 17:33:24.247"
"E6BB0424","202","1",6,1,"HOLD","HELD",NA
"E6BB0424","315","2",11,1,"DIST-OPEN","available",NA
"E6BB0424","319","10",5,1,"SEASON","SOLD","2025-10-09 22:41:45.434"
"E6BB0424","103","9",17,1,"SEASON","SOLD","2025-10-13 16:20:57.058"
"E6BB0424","113","7",17,1,"SEASON","SOLD","2025-10-22 14:42:36.753"
"E6BB0424","301","10",4,1,"HOLD","HELD",NA
"E6BB0424","110","1",24,1,"HOLD","HELD",NA
"E6BB0424","318","10",20,1,"SEASON","SOLD","2025-10-18 07:09:50.181"
"E6BB0424","112","6",4,1,"SEASON","SOLD","2025-10-19 11:01:23.209"
"E6BB0424","107","9",22,1,"SEASON","SOLD","2025-10-05 01:33:37.555"
"E6BB0424","410","2",1,1,"DIST-OPEN","COMP","2026-01-22 14:40:51.971"
"E6BB0424","318","4",10,1,"SEASON","SOLD","2025-10-23 07:34:22.035"
"E6BB0424","207","4",2,1,"HOLD","HELD",NA
"E6BB0424","216","10",3,1,"DIST-OPEN","available",NA
"E6BB0424","212","3",6,1,"DIST-OPEN","available",NA
"E6BB0424","206","9",6,1,"HOLD","HELD",NA
"E6BB0424","407","8",18,1,"SEASON","SOLD","2025-10-16 08:35:15.980"
"E6BB0424","214","10",21,1,"DIST-OPEN","available",NA
"E6BB0424","107","2",17,1,"DIST-OPEN","COMP","2026-03-28 04:30:05.542"
"E6BB0424","118","7",6,1,"SEASON","SOLD","2025-10-11 08:19:33.455"
"E6BB0424","320","3",6,1,"HOLD","HELD",NA
"E6BB0424","313","1",2,1,"DIST-OPEN","SOLD","2026-03-26 23:42:37.080"
"E6BB0424","201","5",19,1,"SEASON","SOLD","2025-10-18 19:05:12.177"
"E6BB0424","109","10",20,1,"HOLD","HELD",NA
"E6BB0424","409","5",3,1,"GROUP","HELD",NA
"E6BB0424","119","7",22,1,"HOLD","COMP","2026-03-07 01:05:42.072"
"E6BB0424","118","5",4,1,"GROUP","HELD",NA
"E6BB0424","111","5",15,1,"GROUP","HELD",NA
"E6BB0424","116","3",10,1,"GROUP","HELD",NA
"E6BB0424","318","5",11,1,"SEASON","SOLD","2025-10-30 04:40:28.663"
"E6BB0424","407","8",15,1,"COMP","HELD",NA
"E6BB0424","403","2",21,1,"GROUP","HELD",NA
"E6BB0424","101","7",12,1,"SEASON","SOLD","2025-10-20 00:14:58.336"
"E6BB0424","310","7",17,1,"SEASON","SOLD","2025-10-13 17:16:24.643"
"E6BB0424","120","3",20,1,"DIST-OPEN","available",NA
"E6BB0424","101","8",10,1,"DIST-OPEN","available",NA
"E6BB0424","318","8",8,1,"DIST-OPEN","available",NA
"E6BB0424","203","4",9,1,"SEASON","SOLD","2025-10-23 02:39:21.666"
"E6BB0424","311","7",5,1,"DIST-OPEN","SOLD","2026-04-03 06:59:11.317"
"E6BB0424","211","3",21,1,"DIST-OPEN","SOLD","2026-02-28 16:46:29.218"
"E6BB0424","308","6",12,1,"COMP","COMP","2026-02-14 02:30:31.923"
"E6BB0424","309","4",3,1,"DIST-OPEN","SOLD","2026-02-06 06:53:43.035"
"E6BB0424","104","6",19,1,"DIST-OPEN","SOLD","2026-01-14 02:48:17.298"
"E6BB0424","220","6",2,1,"GROUP","HELD",NA
"E6BB0424","110","9",7,1,"DIST-OPEN","SOLD","2025-12-12 18:44:39.902"
"E6BB0424","304","5",13,1,"GROUP","HELD",NA
"E6BB0424","307","7",20,1,"SEASON","SOLD","2025-10-22 20:32:37.828"
"E6BB0424","210","7",14,1,"DIST-OPEN","SOLD","2026-03-01 04:00:58.173"
"E6BB0424","114","2",4,1,"DIST-OPEN","SOLD","2026-02-18 15:39:34.523"
"E6BB0424","405","3",14,1,"SEASON","SOLD","2025-10-05 12:50:42.261"
"E6BB0424","119","9",7,1,"HOLD","HELD",NA
"E6BB0424","302","9",15,1,"GROUP","HELD",NA
"E6BB0424","312","8",24,1,"SEASON","SOLD","2025-10-21 07:25:51.743"
"E6BB0424","406","6",22,1,"GROUP","HELD",NA
"E6BB0424","203","9",1,1,"GROUP","HELD",NA
"E6BB0424","113","5",21,1,"SEASON","SOLD","2025-10-22 01:02:34.273"
"E6BB0424","220","1",23,1,"HOLD","HELD",NA
"E6BB0424","302","5",18,1,"DIST-OPEN","SOLD","2025-12-04 07:39:17.243"
"E6BB0424","202","7",21,1,"HOLD","HELD",NA
"E6BB0424","215","2",1,1,"DIST-OPEN","SOLD","2026-03-13 00:10:07.623"
"E6BB0424","202","1",20,1,"HOLD","HELD",NA
"E6BB0424","315","2",23,1,"COMP","HELD",NA
"E6BB0424","319","4",20,1,"SEASON","SOLD","2025-10-08 06:54:55.076"
"E6BB0424","103","5",12,1,"SEASON","SOLD","2025-10-26 17:43:49.067"
"E6BB0424","113","6",8,1,"DIST-OPEN","available",NA
"E6BB0424","301","7",19,1,"SEASON","SOLD","2025-10-08 11:15:33.314"
"E6BB0424","110","4",4,1,"DIST-OPEN","SOLD","2026-02-04 13:19:15.402"
"E6BB0424","318","5",17,1,"HOLD","HELD",NA
"E6BB0424","112","6",14,1,"DIST-OPEN","SOLD","2026-03-30 19:38:21.391"
"E6BB0424","107","9",7,1,"DIST-OPEN","available",NA
"E6BB0424","410","3",14,1,"DIST-OPEN","available",NA
"E6BB0424","318","7",1,1,"HOLD","HELD",NA
"E6BB0424","207","3",15,1,"DIST-OPEN","available",NA
"E6BB0424","216","2",5,1,"DIST-OPEN","SOLD","2026-02-04 09:24:59.044"
"E6BB0424","212","3",10,1,"DIST-OPEN","SOLD","2026-03-24 18:07:30.092"
"E6BB0424","206","7",24,1,"HOLD","HELD",NA
"E6BB0424","407","2",22,1,"DIST-OPEN","COMP","2026-03-30 23:43:02.571"
"E6BB0424","214","10",7,1,"DIST-OPEN","SOLD","2025-12-12 10:18:01.079"
"E6BB0424","107","1",1,1,"HOLD","HELD",NA
"E6BB0424","118","7",19,1,"DIST-OPEN","SOLD","2026-01-25 15:35:20.223"
"E6BB0424","320","2",16,1,"DIST-OPEN","SOLD","2026-03-02 01:44:06.648"
"E6BB0424","313","8",4,1,"SEASON","SOLD","2025-10-12 20:40:23.135"
"E6BB0424","201","9",12,1,"DIST-OPEN","SOLD","2025-11-26 02:26:44.654"
"E6BB0424","109","10",18,1,"DIST-OPEN","SOLD","2026-01-08 19:04:00.385"
"E6BB0424","409","2",18,1,"SEASON","SOLD","2025-10-21 04:35:35.155"
"E6BB0424","119","2",15,1,"DIST-OPEN","SOLD","2026-01-12 10:02:38.300"
"E6BB0424","118","8",6,1,"COMP","HELD",NA
"E6BB0424","111","2",20,1,"DIST-OPEN","available",NA
"E6BB0424","116","5",5,1,"DIST-OPEN","available",NA
"E6BB0424","318","4",16,1,"DIST-OPEN","available",NA
"E6BB0424","407","7",13,1,"GROUP","HELD",NA
"E6BB0424","403","2",16,1,"DIST-OPEN","SOLD","2026-04-08 02:44:23.095"
"E6BB0424","101","2",1,1,"DIST-OPEN","available",NA
"E6BB0424","310","10",20,1,"SEASON","SOLD","2025-10-24 13:23:26.622"
"E6BB0424","120","1",3,1,"DIST-OPEN","SOLD","2026-04-03 21:16:49.436"
"E6BB0424","101","5",21,1,"DIST-OPEN","SOLD","2025-11-21 20:33:09.697"
"E6BB0424","318","8",1,1,"DIST-OPEN","available",NA
"E6BB0424","203","8",16,1,"DIST-OPEN","SOLD","2025-11-17 01:46:07.026"
"E6BB0424","311","2",22,1,"DIST-OPEN","available",NA
"E6BB0424","211","2",5,1,"GROUP","COMP","2026-02-18 19:29:56.194"
"E6BB0424","308","1",10,1,"SEASON","SOLD","2025-10-09 08:36:58.591"
"E6BB0424","309","7",5,1,"DIST-OPEN","available",NA
"E6BB0424","104","10",20,1,"DIST-OPEN","SOLD","2025-11-18 22:46:46.453"
"E6BB0424","220","7",15,1,"GROUP","HELD",NA
"E6BB0424","110","6",10,1,"HOLD","HELD",NA
"E6BB0424","304","2",15,1,"GROUP","HELD",NA
"E6BB0424","307","8",18,1,"DIST-OPEN","SOLD","2026-02-02 03:09:03.574"
"E6BB0424","210","6",15,1,"DIST-OPEN","available",NA
"E6BB0424","114","8",9,1,"DIST-OPEN","available",NA
"E6BB0424","405","5",17,1,"HOLD","HELD",NA
"E6BB0424","119","10",11,1,"DIST-OPEN","SOLD","2026-03-15 18:33:09.094"
"E6BB0424","302","10",4,1,"DIST-OPEN","SOLD","2026-01-10 14:25:15.987"
"E6BB0424","312","9",9,1,"SEASON","SOLD","2025-10-20 21:29:03.599"
"E6BB0424","406","10",21,1,"DIST-OPEN","available",NA
"E6BB0424","203","5",15,1,"COMP","HELD",NA
"E6BB0424","113","7",7,1,"DIST-OPEN","available",NA
"E6BB0424","220","3",11,1,"DIST-OPEN","COMP","2026-03-23 06:54:31.761"
"E6BB0424","302","1",8,1,"DIST-OPEN","SOLD","2026-01-24 08:01:10.646"
"E6BB0424","202","3",13,1,"HOLD","COMP","2026-03-09 19:47:52.885"
"E6BB0424","215","2",3,1,"DIST-OPEN","available",NA
"E6BB0424","202","5",7,1,"SEASON","SOLD","2025-10-11 22:09:47.833"
"E6BB0424","315","8",7,1,"DIST-OPEN","SOLD","2026-03-26 05:28:50.118"
"E6BB0424","319","1",17,1,"DIST-OPEN","available",NA
"E6BB0424","103","10",23,1,"DIST-OPEN","SOLD","2026-03-01 09:17:45.620"
"E6BB0424","113","3",21,1,"DIST-OPEN","available",NA
"E6BB0424","301","6",18,1,"HOLD","HELD",NA
"E6BB0424","110","8",3,1,"SEASON","SOLD","2025-10-05 02:47:50.862"
"E6BB0424","318","10",14,1,"HOLD","HELD",NA
"E6BB0424","112","1",16,1,"HOLD","HELD",NA
"E6BB0424","107","1",8,1,"COMP","HELD",NA
"E6BB0424","410","7",3,1,"DIST-OPEN","available",NA
"E6BB0424","318","10",10,1,"DIST-OPEN","SOLD","2025-11-28 15:54:55.855"
"E6BB0424","207","1",14,1,"DIST-OPEN","available",NA
"E6BB0424","216","3",10,1,"HOLD","HELD",NA
"E6BB0424","212","7",6,1,"HOLD","HELD",NA
"E6BB0424","206","4",12,1,"SEASON","SOLD","2025-10-08 18:21:08.030"
"E6BB0424","407","9",23,1,"HOLD","HELD",NA
"E6BB0424","214","3",21,1,"SEASON","SOLD","2025-10-17 19:13:53.915"
"E6BB0424","107","9",1,1,"SEASON","SOLD","2025-10-11 22:08:13.925"
"E6BB0424","118","8",19,1,"GROUP","HELD",NA
"E6BB0424","320","4",7,1,"DIST-OPEN","available",NA
"E6BB0424","313","2",11,1,"DIST-OPEN","SOLD","2026-03-23 02:34:38.669"
"E6BB0424","201","1",13,1,"HOLD","HELD",NA
"E6BB0424","109","7",19,1,"DIST-OPEN","SOLD","2026-03-26 09:36:24.700"
"E6BB0424","409","10",9,1,"DIST-OPEN","available",NA
"E6BB0424","119","5",18,1,"COMP","COMP","2026-01-29 08:21:06.117"
"E6BB0424","118","3",9,1,"HOLD","HELD",NA
"E6BB0424","111","7",2,1,"DIST-OPEN","available",NA
"E6BB0424","116","3",16,1,"DIST-OPEN","available",NA
"E6BB0424","318","8",19,1,"SEASON","SOLD","2025-10-20 05:21:32.231"
"E6BB0424","407","6",23,1,"HOLD","HELD",NA
"E6BB0424","403","5",4,1,"DIST-OPEN","SOLD","2026-03-15 19:17:50.451"
"E6BB0424","101","8",12,1,"DIST-OPEN","available",NA
"E6BB0424","310","7",10,1,"DIST-OPEN","available",NA
"E6BB0424","120","1",4,1,"DIST-OPEN","available",NA
"E6BB0424","101","1",14,1,"SEASON","SOLD","2025-10-27 02:34:26.716"
"E6BB0424","318","6",6,1,"SEASON","SOLD","2025-10-10 15:42:06.562"
"E6BB0424","203","5",7,1,"DIST-OPEN","available",NA
"E6BB0424","311","9",3,1,"SEASON","SOLD","2025-10-16 03:58:57.416"
"E6BB0424","211","3",5,1,"DIST-OPEN","SOLD","2026-02-17 12:16:28.484"
"E6BB0424","308","5",3,1,"DIST-OPEN","available",NA
"E6BB0424","309","1",6,1,"DIST-OPEN","SOLD","2025-12-10 14:36:43.382"
"E6BB0424","104","7",24,1,"DIST-OPEN","available",NA
"E6BB0424","220","8",6,1,"DIST-OPEN","COMP","2026-03-16 03:08:46.218"
"E6BB0424","110","6",3,1,"DIST-OPEN","SOLD","2025-12-15 10:46:19.675"
"E6BB0424","304","4",16,1,"SEASON","SOLD","2025-10-18 19:48:31.592"
"E6BB0424","307","6",5,1,"DIST-OPEN","COMP","2026-03-07 00:16:50.016"
"E6BB0424","210","3",11,1,"COMP","HELD",NA
"E6BB0424","114","3",16,1,"HOLD","HELD",NA
"E6BB0424","405","9",16,1,"COMP","HELD",NA
"E6BB0424","119","2",14,1,"SEASON","SOLD","2025-10-17 16:04:46.602"
"E6BB0424","302","5",2,1,"DIST-OPEN","available",NA
"E6BB0424","312","5",8,1,"SEASON","SOLD","2025-10-10 20:35:18.287"
"E6BB0424","406","7",5,1,"SEASON","SOLD","2025-10-09 17:13:56.145"
"E6BB0424","203","3",7,1,"DIST-OPEN","COMP","2026-03-15 20:59:47.901"
"E6BB0424","113","6",8,1,"COMP","HELD",NA
"E6BB0424","220","4",20,1,"DIST-OPEN","available",NA
"E6BB0424","302","9",1,1,"DIST-OPEN","COMP","2026-03-30 17:46:04.534"
"E6BB0424","202","3",16,1,"GROUP","COMP","2026-02-26 14:58:05.687"
"E6BB0424","215","1",24,1,"SEASON","SOLD","2025-10-26 20:50:46.036"
"E6BB0424","202","8",12,1,"DIST-OPEN","available",NA
"E6BB0424","315","2",15,1,"DIST-OPEN","SOLD","2026-01-06 10:21:55.269"
"E6BB0424","319","6",3,1,"SEASON","SOLD","2025-10-17 00:55:51.775"
"E6BB0424","103","3",24,1,"HOLD","HELD",NA
"E6BB0424","113","9",5,1,"SEASON","SOLD","2025-10-18 14:19:05.938"
"E6BB0424","301","8",8,1,"HOLD","HELD",NA
"E6BB0424","110","1",7,1,"SEASON","SOLD","2025-10-24 11:39:57.451"
"E6BB0424","318","1",19,1,"HOLD","HELD",NA
"E6BB0424","112","1",6,1,"DIST-OPEN","SOLD","2026-01-19 17:59:21.176"
"E6BB0424","107","1",19,1,"SEASON","SOLD","2025-10-31 00:54:15.081"
"E6BB0424","410","4",22,1,"SEASON","SOLD","2025-10-07 11:16:23.622"
"E6BB0424","318","5",9,1,"DIST-OPEN","available",NA
"E6BB0424","207","10",22,1,"HOLD","HELD",NA
"E6BB0424","216","6",8,1,"HOLD","HELD",NA
"E6BB0424","212","10",24,1,"GROUP","HELD",NA
"E6BB0424","206","9",6,1,"SEASON","SOLD","2025-10-23 20:39:14.235"
"E6BB0424","407","3",11,1,"DIST-OPEN","available",NA
"E6BB0424","214","2",24,1,"DIST-OPEN","available",NA
"E6BB0424","107","1",21,1,"DIST-OPEN","available",NA
"E6BB0424","118","9",8,1,"DIST-OPEN","SOLD","2026-04-08 06:26:28.709"
"E6BB0424","320","4",10,1,"SEASON","SOLD","2025-10-17 16:01:31.676"
"E6BB0424","313","6",7,1,"DIST-OPEN","available",NA
"E6BB0424","201","2",16,1,"COMP","HELD",NA
"E6BB0424","109","8",5,1,"DIST-OPEN","SOLD","2025-11-29 03:27:42.696"
"E6BB0424","409","5",17,1,"DIST-OPEN","SOLD","2026-03-09 12:51:11.200"
"E6BB0424","119","3",12,1,"SEASON","SOLD","2025-10-26 05:24:24.512"
"E6BB0424","118","4",23,1,"DIST-OPEN","SOLD","2026-03-07 04:32:39.837"
"E6BB0424","111","5",2,1,"DIST-OPEN","available",NA
"E6BB0424","116","6",15,1,"SEASON","SOLD","2025-10-02 21:56:35.881"
"E6BB0424","318","1",17,1,"HOLD","COMP","2026-02-12 12:03:56.678"
"E6BB0424","407","1",10,1,"HOLD","HELD",NA
"E6BB0424","403","2",18,1,"DIST-OPEN","available",NA
"E6BB0424","101","3",17,1,"DIST-OPEN","available",NA
"E6BB0424","310","9",11,1,"SEASON","SOLD","2025-10-17 14:35:21.573"
"E6BB0424","120","10",23,1,"SEASON","SOLD","2025-10-16 04:11:24.666"
"E6BB0424","101","2",1,1,"DIST-OPEN","available",NA
"E6BB0424","318","3",2,1,"SEASON","SOLD","2025-10-25 14:29:43.816"
"E6BB0424","203","8",11,1,"HOLD","HELD",NA
"E6BB0424","311","6",9,1,"HOLD","HELD",NA
"E6BB0424","211","4",5,1,"SEASON","SOLD","2025-10-12 16:10:31.320"
"E6BB0424","308","3",6,1,"GROUP","HELD",NA
"E6BB0424","309","3",18,1,"DIST-OPEN","SOLD","2026-04-02 19:28:56.851"
"E6BB0424","104","9",12,1,"DIST-OPEN","available",NA
"E6BB0424","220","3",9,1,"DIST-OPEN","available",NA
"E6BB0424","110","3",12,1,"DIST-OPEN","available",NA
"E6BB0424","304","8",3,1,"DIST-OPEN","available",NA
"E6BB0424","307","1",1,1,"DIST-OPEN","available",NA
"E6BB0424","210","1",21,1,"HOLD","HELD",NA
"E6BB0424","114","2",1,1,"DIST-OPEN","available",NA
"E6BB0424","405","2",2,1,"SEASON","SOLD","2025-10-28 21:45:55.657"
"E6BB0424","119","10",17,1,"DIST-OPEN","available",NA
"E6BB0424","302","5",5,1,"COMP","HELD",NA
"E6BB0424","312","8",12,1,"COMP","HELD",NA
"E6BB0424","406","7",19,1,"HOLD","HELD",NA
"E6BB0424","203","4",17,1,"DIST-OPEN","SOLD","2026-02-02 19:02:00.874"
"E6BB0424","113","1",19,1,"DIST-OPEN","SOLD","2026-03-09 21:08:21.301"
"E6BB0424","220","2",16,1,"DIST-OPEN","SOLD","2026-03-07 15:12:16.284"
"E6BB0424","302","1",15,1,"DIST-OPEN","available",NA
"E6BB0424","202","5",10,1,"SEASON","SOLD","2025-10-16 07:14:07.614"
"E6BB0424","215","9",1,1,"COMP","HELD",NA
"E6BB0424","202","2",12,1,"DIST-OPEN","SOLD","2026-01-24 02:08:53.949"
"E6BB0424","315","7",23,1,"DIST-OPEN","COMP","2026-02-19 20:24:26.401"
"E6BB0424","319","9",12,1,"DIST-OPEN","SOLD","2026-04-17 13:51:17.949"
"E6BB0424","103","10",3,1,"DIST-OPEN","available",NA
"E6BB0424","113","6",5,1,"DIST-OPEN","SOLD","2026-01-27 09:15:12.924"
"E6BB0424","301","1",21,1,"DIST-OPEN","SOLD","2026-01-04 14:49:27.639"
"E6BB0424","110","7",5,1,"DIST-OPEN","available",NA
"E6BB0424","318","9",10,1,"DIST-OPEN","available",NA
"E6BB0424","112","9",17,1,"DIST-OPEN","SOLD","2026-01-29 23:32:07.296"
"E6BB0424","107","7",21,1,"HOLD","HELD",NA
"E6BB0424","410","6",23,1,"DIST-OPEN","available",NA
"E6BB0424","318","2",14,1,"DIST-OPEN","available",NA
"E6BB0424","207","5",23,1,"DIST-OPEN","SOLD","2025-12-31 14:07:35.034"
"E6BB0424","216","3",22,1,"DIST-OPEN","SOLD","2026-01-22 09:24:58.374"
"E6BB0424","212","7",10,1,"SEASON","SOLD","2025-10-20 20:05:54.201"
"E6BB0424","206","9",21,1,"DIST-OPEN","available",NA
"E6BB0424","407","2",12,1,"DIST-OPEN","COMP","2026-02-20 18:30:47.418"
"E6BB0424","214","5",12,1,"COMP","HELD",NA
"E6BB0424","107","1",7,1,"DIST-OPEN","SOLD","2026-01-10 08:44:30.895"
"E6BB0424","118","9",5,1,"DIST-OPEN","available",NA
"E6BB0424","320","8",12,1,"DIST-OPEN","SOLD","2026-04-20 08:09:16.685"
"E6BB0424","313","4",1,1,"DIST-OPEN","SOLD","2026-03-30 23:53:59.430"
"E6BB0424","201","7",18,1,"COMP","HELD",NA
"E6BB0424","109","7",1,1,"SEASON","SOLD","2025-10-16 10:28:42.267"
"E6BB0424","409","10",24,1,"DIST-OPEN","SOLD","2026-01-04 03:34:45.881"
"E6BB0424","119","6",19,1,"GROUP","HELD",NA
"E6BB0424","118","9",19,1,"DIST-OPEN","SOLD","2025-12-30 01:30:15.589"
"E6BB0424","111","5",4,1,"DIST-OPEN","SOLD","2025-12-05 20:45:52.343"
"E6BB0424","116","9",17,1,"DIST-OPEN","COMP","2026-02-21 12:16:49.912"
"E6BB0424","318","3",14,1,"HOLD","HELD",NA
"E6BB0424","407","6",19,1,"DIST-OPEN","SOLD","2025-11-21 05:22:34.365"
"E6BB0424","403","2",7,1,"COMP","HELD",NA
"E6BB0424","101","4",2,1,"DIST-OPEN","available",NA
"E6BB0424","310","1",23,1,"SEASON","SOLD","2025-10-11 09:26:35.026"
"E6BB0424","120","5",7,1,"HOLD","HELD",NA
"E6BB0424","101","2",20,1,"SEASON","SOLD","2025-10-12 18:21:37.393"
"E6BB0424","318","10",23,1,"DIST-OPEN","available",NA
"E6BB0424","203","2",4,1,"DIST-OPEN","available",NA
"E6BB0424","311","10",2,1,"DIST-OPEN","SOLD","2025-12-22 00:37:15.177"
"E6BB0424","211","4",18,1,"GROUP","HELD",NA
"E6BB0424","308","8",15,1,"HOLD","HELD",NA
"E6BB0424","309","8",14,1,"SEASON","SOLD","2025-10-17 23:15:26.050"
"E6BB0424","104","4",22,1,"DIST-OPEN","SOLD","2026-02-12 06:12:39.182"
"E6BB0424","220","9",24,1,"DIST-OPEN","available",NA
"E6BB0424","110","8",17,1,"SEASON","SOLD","2025-10-20 18:55:44.637"
"E6BB0424","304","10",18,1,"DIST-OPEN","available",NA
"E6BB0424","307","2",12,1,"HOLD","HELD",NA
"E6BB0424","210","7",15,1,"SEASON","SOLD","2025-10-12 03:54:06.510"
"E6BB0424","114","4",6,1,"HOLD","HELD",NA
"E6BB0424","405","5",19,1,"DIST-OPEN","SOLD","2025-11-18 13:40:47.874"
"E6BB0424","119","6",12,1,"DIST-OPEN","SOLD","2026-03-17 11:36:28.767"
"E6BB0424","302","7",23,1,"HOLD","HELD",NA
"E6BB0424","312","1",6,1,"DIST-OPEN","available",NA
"E6BB0424","406","7",17,1,"HOLD","HELD",NA
"E6BB0424","203","6",1,1,"GROUP","COMP","2026-03-20 08:23:31.459"
"E6BB0424","113","3",24,1,"SEASON","SOLD","2025-10-08 03:55:51.948"
"E6BB0424","220","9",23,1,"DIST-OPEN","available",NA
"E6BB0424","302","9",16,1,"COMP","HELD",NA
"E6BB0424","202","10",11,1,"DIST-OPEN","SOLD","2026-02-26 06:57:42.907"
"E6BB0424","215","9",17,1,"DIST-OPEN","available",NA
"E6BB0424","202","4",13,1,"DIST-OPEN","SOLD","2025-11-16 11:37:46.218"
"E6BB0424","315","10",20,1,"DIST-OPEN","available",NA
"E6BB0424","319","8",13,1,"SEASON","SOLD","2025-10-14 14:36:45.701"
"E6BB0424","103","8",16,1,"DIST-OPEN","SOLD","2026-01-30 09:55:13.873"
"E6BB0424","113","7",17,1,"DIST-OPEN","COMP","2026-01-24 03:18:51.097"
"E6BB0424","301","6",16,1,"DIST-OPEN","SOLD","2025-12-20 13:42:59.306"
"E6BB0424","110","1",18,1,"HOLD","HELD",NA
"E6BB0424","318","6",23,1,"SEASON","SOLD","2025-10-12 11:55:45.818"
"E6BB0424","112","1",8,1,"DIST-OPEN","available",NA
"E6BB0424","107","9",8,1,"DIST-OPEN","COMP","2026-03-17 21:15:57.573"
"E6BB0424","410","5",2,1,"SEASON","SOLD","2025-10-18 18:06:03.214"
"E6BB0424","318","6",15,1,"HOLD","HELD",NA
"E6BB0424","207","3",10,1,"DIST-OPEN","SOLD","2026-04-22 12:37:17.203"
"E6BB0424","216","8",11,1,"DIST-OPEN","SOLD","2026-01-17 05:38:36.060"
"E6BB0424","212","2",19,1,"GROUP","HELD",NA
"E6BB0424","206","4",5,1,"DIST-OPEN","COMP","2026-03-11 04:11:16.506"
"E6BB0424","407","2",9,1,"DIST-OPEN","available",NA
"E6BB0424","214","4",17,1,"HOLD","HELD",NA
"E6BB0424","107","6",20,1,"DIST-OPEN","SOLD","2026-01-13 11:27:19.520"
"E6BB0424","118","6",14,1,"DIST-OPEN","SOLD","2025-12-26 05:07:25.947"
"E6BB0424","320","10",16,1,"SEASON","SOLD","2025-10-02 04:07:52.674"
"E6BB0424","313","8",10,1,"SEASON","SOLD","2025-10-03 16:31:37.398"
"E6BB0424","201","8",3,1,"DIST-OPEN","available",NA
"E6BB0424","109","6",22,1,"SEASON","SOLD","2025-10-26 11:25:14.145"
"E6BB0424","409","3",19,1,"SEASON","SOLD","2025-10-18 12:58:38.627"
"E6BB0424","119","2",12,1,"DIST-OPEN","SOLD","2026-01-06 06:49:01.304"
"E6BB0424","118","6",3,1,"SEASON","SOLD","2025-10-04 06:16:35.521"
"E6BB0424","111","3",23,1,"DIST-OPEN","available",NA
"E6BB0424","116","2",19,1,"DIST-OPEN","available",NA
"E6BB0424","318","8",5,1,"GROUP","HELD",NA
"E6BB0424","407","2",12,1,"SEASON","SOLD","2025-10-13 19:32:45.297"
"E6BB0424","403","9",11,1,"SEASON","SOLD","2025-10-03 13:31:30.475"
"E6BB0424","101","4",6,1,"SEASON","SOLD","2025-10-16 19:48:14.672"
"E6BB0424","310","10",23,1,"GROUP","HELD",NA
"E6BB0424","120","9",1,1,"DIST-OPEN","available",NA
"E6BB0424","101","10",1,1,"HOLD","HELD",NA
"E6BB0424","318","7",1,1,"SEASON","SOLD","2025-10-22 19:56:39.035"
"E6BB0424","203","6",23,1,"SEASON","SOLD","2025-10-03 04:06:46.550"
"E6BB0424","311","7",8,1,"DIST-OPEN","available",NA
"E6BB0424","211","4",11,1,"HOLD","HELD",NA
"E6BB0424","308","4",1,1,"DIST-OPEN","available",NA
"E6BB0424","309","2",6,1,"HOLD","HELD",NA
"E6BB0424","104","6",22,1,"DIST-OPEN","available",NA
"E6BB0424","220","8",24,1,"HOLD","HELD",NA
"E6BB0424","110","3",10,1,"DIST-OPEN","available",NA
"E6BB0424","304","8",15,1,"DIST-OPEN","available",NA
"E6BB0424","307","8",20,1,"DIST-OPEN","available",NA
"E6BB0424","210","4",11,1,"DIST-OPEN","SOLD","2025-12-11 08:30:00.384"
"E6BB0424","114","1",7,1,"DIST-OPEN","COMP","2026-03-23 14:52:24.785"
"E6BB0424","405","2",15,1,"SEASON","SOLD","2025-10-24 01:21:33.146"
"E6BB0424","119","6",21,1,"DIST-OPEN","available",NA
"E6BB0424","302","1",20,1,"DIST-OPEN","available",NA
"E6BB0424","312","3",18,1,"DIST-OPEN","available",NA
"E6BB0424","406","9",10,1,"DIST-OPEN","available",NA
"E6BB0424","203","5",18,1,"HOLD","HELD",NA
"E6BB0424","113","10",14,1,"DIST-OPEN","COMP","2026-01-12 02:54:36.228"
"E6BB0424","220","1",9,1,"DIST-OPEN","available",NA
"E6BB0424","302","3",6,1,"DIST-OPEN","available",NA
"E6BB0424","202","10",14,1,"DIST-OPEN","SOLD","2026-04-16 20:07:10.759"
"E6BB0424","215","6",22,1,"DIST-OPEN","COMP","2026-02-18 05:04:39.632"
"E6BB0424","202","8",18,1,"DIST-OPEN","available",NA
"E6BB0424","315","4",9,1,"DIST-OPEN","SOLD","2026-02-04 23:34:51.273"
"E6BB0424","319","9",23,1,"DIST-OPEN","available",NA
"E6BB0424","103","3",2,1,"DIST-OPEN","SOLD","2025-12-13 07:40:24.043"
"E6BB0424","113","1",8,1,"DIST-OPEN","SOLD","2025-12-07 14:35:35.605"
"E6BB0424","301","2",17,1,"HOLD","HELD",NA
"E6BB0424","110","8",7,1,"SEASON","SOLD","2025-10-25 08:07:50.543"
"E6BB0424","318","2",6,1,"DIST-OPEN","SOLD","2026-03-26 16:02:01.679"
"E6BB0424","112","10",10,1,"DIST-OPEN","available",NA
"E6BB0424","107","7",5,1,"HOLD","HELD",NA
"E6BB0424","410","4",18,1,"DIST-OPEN","available",NA
"E6BB0424","318","6",6,1,"DIST-OPEN","available",NA
"E6BB0424","207","9",14,1,"DIST-OPEN","SOLD","2026-04-01 22:41:59.707"
"E6BB0424","216","10",17,1,"SEASON","SOLD","2025-10-07 04:11:44.287"
"E6BB0424","212","7",20,1,"HOLD","HELD",NA
"E6BB0424","206","4",11,1,"DIST-OPEN","SOLD","2026-02-07 11:38:00.387"
"E6BB0424","407","1",5,1,"SEASON","SOLD","2025-10-11 10:37:47.010"
"E6BB0424","214","2",23,1,"HOLD","HELD",NA
"E6BB0424","107","7",13,1,"DIST-OPEN","available",NA
"E6BB0424","118","6",19,1,"HOLD","HELD",NA
"E6BB0424","320","6",16,1,"DIST-OPEN","SOLD","2025-12-12 22:09:20.028"
"E6BB0424","313","3",9,1,"GROUP","HELD",NA
"E6BB0424","201","5",14,1,"DIST-OPEN","available",NA
"E6BB0424","109","2",21,1,"DIST-OPEN","SOLD","2026-02-07 15:00:08.606"
"E6BB0424","409","4",15,1,"DIST-OPEN","available",NA
"E6BB0424","119","5",11,1,"DIST-OPEN","available",NA
"E6BB0424","118","8",21,1,"DIST-OPEN","available",NA
"E6BB0424","111","3",10,1,"DIST-OPEN","available",NA
"E6BB0424","116","10",13,1,"DIST-OPEN","SOLD","2026-04-08 10:07:19.296"
"E6BB0424","318","2",8,1,"COMP","HELD",NA
"E6BB0424","407","1",5,1,"SEASON","SOLD","2025-10-23 15:44:08.759"
"E6BB0424","403","8",6,1,"HOLD","HELD",NA
"E6BB0424","101","2",6,1,"SEASON","SOLD","2025-10-27 10:49:48.641"
"E6BB0424","310","1",4,1,"COMP","HELD",NA
"E6BB0424","120","1",19,1,"DIST-OPEN","SOLD","2026-02-08 04:21:32.258"
"E6BB0424","101","4",17,1,"GROUP","HELD",NA
"E6BB0424","318","6",8,1,"DIST-OPEN","SOLD","2026-02-18 10:54:19.144"
"E6BB0424","203","3",23,1,"GROUP","HELD",NA
"E6BB0424","311","2",5,1,"DIST-OPEN","available",NA
"E6BB0424","211","1",15,1,"DIST-OPEN","available",NA
"E6BB0424","308","6",22,1,"GROUP","HELD",NA
"E6BB0424","309","6",3,1,"DIST-OPEN","available",NA
"E6BB0424","104","9",4,1,"DIST-OPEN","SOLD","2026-01-05 14:48:24.290"
"E6BB0424","220","2",5,1,"DIST-OPEN","available",NA
"E6BB0424","110","1",14,1,"SEASON","SOLD","2025-10-04 07:49:06.046"
"E6BB0424","304","4",9,1,"DIST-OPEN","available",NA
"E6BB0424","307","1",23,1,"DIST-OPEN","available",NA
"E6BB0424","210","8",1,1,"COMP","HELD",NA
"E6BB0424","114","5",1,1,"DIST-OPEN","SOLD","2025-12-24 19:09:28.069"
"E6BB0424","405","10",15,1,"DIST-OPEN","available",NA
"E6BB0424","119","10",1,1,"DIST-OPEN","COMP","2026-02-03 05:47:36.033"
"E6BB0424","302","1",17,1,"COMP","HELD",NA
"E6BB0424","312","7",20,1,"HOLD","HELD",NA
"E6BB0424","406","2",6,1,"DIST-OPEN","SOLD","2025-12-02 16:59:08.654"
"E6BB0424","203","1",8,1,"DIST-OPEN","SOLD","2026-01-25 19:30:11.682"
"E6BB0424","113","2",3,1,"DIST-OPEN","SOLD","2026-03-30 16:44:23.738"
"E6BB0424","220","6",12,1,"DIST-OPEN","available",NA
"E6BB0424","302","1",21,1,"SEASON","SOLD","2025-10-10 22:15:49.770"
"E6BB0424","202","10",9,1,"SEASON","SOLD","2025-10-16 10:21:09.824"
"E6BB0424","215","6",2,1,"DIST-OPEN","available",NA
"E6BB0424","202","4",1,1,"GROUP","HELD",NA
"E6BB0424","315","4",11,1,"DIST-OPEN","available",NA
"E6BB0424","319","9",6,1,"SEASON","SOLD","2025-10-15 07:35:55.198"
"E6BB0424","103","2",13,1,"SEASON","SOLD","2025-10-01 11:41:18.276"
"E6BB0424","113","8",2,1,"GROUP","HELD",NA
"E6BB0424","301","9",24,1,"GROUP","HELD",NA
"E6BB0424","110","4",6,1,"DIST-OPEN","available",NA
"E6BB0424","318","7",18,1,"HOLD","COMP","2026-03-28 02:37:28.505"
"E6BB0424","112","9",5,1,"DIST-OPEN","SOLD","2026-02-25 22:34:20.164"
"E6BB0424","107","5",5,1,"DIST-OPEN","available",NA
"E6BB0424","410","5",9,1,"DIST-OPEN","available",NA
"E6BB0424","318","6",15,1,"DIST-OPEN","available",NA
"E6BB0424","207","1",6,1,"SEASON","SOLD","2025-10-09 13:30:47.922"
"E6BB0424","216","2",22,1,"SEASON","SOLD","2025-10-21 11:48:33.959"
"E6BB0424","212","3",1,1,"HOLD","HELD",NA
"E6BB0424","206","6",15,1,"COMP","HELD",NA
"E6BB0424","407","10",10,1,"SEASON","SOLD","2025-10-05 21:52:44.964"
"E6BB0424","214","7",12,1,"DIST-OPEN","available",NA
"E6BB0424","107","5",16,1,"DIST-OPEN","available",NA
"E6BB0424","118","6",23,1,"SEASON","SOLD","2025-10-12 04:56:59.268"
"E6BB0424","320","4",15,1,"DIST-OPEN","available",NA
"E6BB0424","313","1",19,1,"DIST-OPEN","available",NA
"E6BB0424","201","3",9,1,"GROUP","HELD",NA
"E6BB0424","109","3",14,1,"DIST-OPEN","available",NA
"E6BB0424","409","1",5,1,"DIST-OPEN","SOLD","2026-04-09 01:44:36.672"
"E6BB0424","119","9",21,1,"DIST-OPEN","SOLD","2026-04-22 15:43:38.149"
"E6BB0424","118","8",15,1,"DIST-OPEN","available",NA
"E6BB0424","111","4",9,1,"SEASON","SOLD","2025-10-27 20:49:08.010"
"E6BB0424","116","4",13,1,"DIST-OPEN","SOLD","2026-02-16 09:27:55.120"
"E6BB0424","318","7",1,1,"DIST-OPEN","available",NA
"E6BB0424","407","10",22,1,"SEASON","SOLD","2025-10-03 22:16:01.517"
"E6BB0424","403","9",16,1,"DIST-OPEN","available",NA
"E6BB0424","101","4",6,1,"GROUP","HELD",NA
"E6BB0424","310","1",13,1,"HOLD","HELD",NA
"E6BB0424","120","2",12,1,"DIST-OPEN","SOLD","2025-12-14 04:18:51.399"
"E6BB0424","101","3",17,1,"SEASON","SOLD","2025-10-12 20:09:52.704"
"E6BB0424","318","1",6,1,"SEASON","SOLD","2025-10-31 01:57:25.281"
"E6BB0424","203","6",10,1,"SEASON","SOLD","2025-10-05 23:16:35.635"
"E6BB0424","311","7",6,1,"DIST-OPEN","SOLD","2026-03-10 01:26:03.516"
"E6BB0424","211","6",23,1,"HOLD","HELD",NA
"E6BB0424","308","1",8,1,"SEASON","SOLD","2025-10-10 07:51:46.186"
"E6BB0424","309","5",21,1,"DIST-OPEN","SOLD","2026-02-27 19:51:26.380"
"E6BB0424","104","4",14,1,"DIST-OPEN","available",NA
"E6BB0424","220","3",18,1,"DIST-OPEN","available",NA
"E6BB0424","110","1",6,1,"SEASON","SOLD","2025-10-24 03:05:50.145"
"E6BB0424","304","1",2,1,"COMP","HELD",NA
"E6BB0424","307","9",17,1,"HOLD","HELD",NA
"E6BB0424","210","5",18,1,"DIST-OPEN","SOLD","2026-03-03 03:33:14.916"
"E6BB0424","114","10",9,1,"DIST-OPEN","available",NA
"E6BB0424","405","6",3,1,"DIST-OPEN","SOLD","2026-02-19 13:45:52.720"
"E6BB0424","119","7",9,1,"DIST-OPEN","SOLD","2026-02-12 09:53:20.010"
"E6BB0424","302","9",16,1,"DIST-OPEN","COMP","2026-02-17 21:57:25.414"
"E6BB0424","312","5",14,1,"DIST-OPEN","SOLD","2025-12-08 07:58:32.462"
"E6BB0424","406","10",1,1,"SEASON","SOLD","2025-10-16 06:34:44.214"
"E6BB0424","203","1",2,1,"SEASON","SOLD","2025-10-08 06:45:30.752"
"E6BB0424","113","2",7,1,"SEASON","SOLD","2025-10-21 03:21:48.446"
"E6BB0424","220","5",20,1,"DIST-OPEN","SOLD","2026-01-09 09:23:21.182"
"E6BB0424","302","7",7,1,"COMP","COMP","2026-03-09 06:01:38.504"
"E6BB0424","202","8",1,1,"GROUP","COMP","2026-03-10 22:35:39.484"
"E6BB0424","215","7",1,1,"SEASON","SOLD","2025-10-26 01:36:51.679"
"E6BB0424","202","7",23,1,"GROUP","HELD",NA
"E6BB0424","315","6",17,1,"DIST-OPEN","available",NA
"E6BB0424","319","1",24,1,"COMP","HELD",NA
"E6BB0424","103","5",18,1,"HOLD","HELD",NA
"E6BB0424","113","5",23,1,"DIST-OPEN","SOLD","2026-03-30 18:14:40.091"
"E6BB0424","301","10",5,1,"DIST-OPEN","SOLD","2026-04-08 06:38:50.268"
"E6BB0424","110","3",4,1,"DIST-OPEN","COMP","2026-01-21 20:12:28.137"
"E6BB0424","318","8",2,1,"DIST-OPEN","available",NA
"E6BB0424","112","9",12,1,"HOLD","HELD",NA
"E6BB0424","107","5",1,1,"DIST-OPEN","available",NA
"E6BB0424","410","9",8,1,"DIST-OPEN","available",NA
"E6BB0424","318","5",14,1,"DIST-OPEN","SOLD","2026-02-24 00:51:06.174"
"E6BB0424","207","8",10,1,"HOLD","HELD",NA
"E6BB0424","216","3",19,1,"DIST-OPEN","available",NA
"E6BB0424","212","9",16,1,"HOLD","HELD",NA
"E6BB0424","206","1",15,1,"DIST-OPEN","COMP","2026-03-26 21:25:59.620"
"E6BB0424","407","4",1,1,"SEASON","SOLD","2025-10-14 22:18:15.334"
"E6BB0424","214","9",10,1,"HOLD","HELD",NA
"E6BB0424","107","2",8,1,"DIST-OPEN","SOLD","2026-02-06 09:31:29.514"
"E6BB0424","118","8",20,1,"SEASON","SOLD","2025-10-02 02:14:23.985"
"E6BB0424","320","6",7,1,"DIST-OPEN","available",NA
"E6BB0424","313","8",15,1,"DIST-OPEN","available",NA
"E6BB0424","201","10",16,1,"HOLD","HELD",NA
"E6BB0424","109","8",14,1,"DIST-OPEN","available",NA
"E6BB0424","409","4",20,1,"SEASON","SOLD","2025-10-12 09:02:16.226"
"E6BB0424","119","4",7,1,"DIST-OPEN","SOLD","2025-12-15 19:32:05.713"
"E6BB0424","118","7",4,1,"GROUP","HELD",NA
"E6BB0424","111","2",3,1,"SEASON","SOLD","2025-10-23 19:40:44.201"
"E6BB0424","116","6",7,1,"SEASON","SOLD","2025-10-24 00:09:35.118"
"E6BB0424","318","4",10,1,"DIST-OPEN","SOLD","2026-01-23 06:30:13.205"
"E6BB0424","407","6",8,1,"SEASON","SOLD","2025-10-05 13:36:46.053"
"E6BB0424","403","3",7,1,"DIST-OPEN","SOLD","2026-04-07 10:57:39.932"
"E6BB0424","101","9",4,1,"DIST-OPEN","available",NA
"E6BB0424","310","7",16,1,"HOLD","COMP","2026-03-15 19:13:58.393"
"E6BB0424","120","8",6,1,"SEASON","SOLD","2025-10-12 15:17:15.742"
"E6BB0424","101","9",1,1,"DIST-OPEN","available",NA
"E6BB0424","318","8",11,1,"DIST-OPEN","SOLD","2025-12-28 15:58:11.182"
"E6BB0424","203","3",9,1,"DIST-OPEN","available",NA
"E6BB0424","311","8",16,1,"DIST-OPEN","available",NA
"E6BB0424","211","4",9,1,"GROUP","HELD",NA
"E6BB0424","308","2",18,1,"DIST-OPEN","COMP","2026-02-23 00:31:07.666"
"E6BB0424","309","3",19,1,"HOLD","HELD",NA
"E6BB0424","104","3",2,1,"DIST-OPEN","available",NA
"E6BB0424","220","2",14,1,"DIST-OPEN","available",NA
"E6BB0424","110","7",21,1,"DIST-OPEN","SOLD","2025-12-12 18:29:06.773"
"E6BB0424","304","9",11,1,"GROUP","HELD",NA
"E6BB0424","307","6",18,1,"GROUP","HELD",NA
"E6BB0424","210","10",7,1,"DIST-OPEN","available",NA
"E6BB0424","114","2",15,1,"DIST-OPEN","available",NA
"E6BB0424","405","1",17,1,"DIST-OPEN","available",NA
"E6BB0424","119","9",19,1,"DIST-OPEN","SOLD","2026-02-05 03:25:09.943"
"E6BB0424","302","8",15,1,"DIST-OPEN","SOLD","2026-04-02 09:28:08.584"
"E6BB0424","312","9",2,1,"DIST-OPEN","available",NA
"E6BB0424","406","9",9,1,"DIST-OPEN","SOLD","2026-03-08 03:12:07.009"
"E6BB0424","203","10",18,1,"DIST-OPEN","available",NA
"E6BB0424","113","8",18,1,"DIST-OPEN","available",NA
"E6BB0424","220","9",17,1,"DIST-OPEN","SOLD","2026-04-19 23:29:58.919"
"E6BB0424","302","7",6,1,"SEASON","SOLD","2025-10-29 06:39:47.068"
"E6BB0424","202","5",6,1,"DIST-OPEN","available",NA
"E6BB0424","215","9",17,1,"DIST-OPEN","SOLD","2026-04-16 20:25:41.320"
"E6BB0424","202","3",23,1,"SEASON","SOLD","2025-10-10 23:30:34.109"
"E6BB0424","315","6",19,1,"SEASON","SOLD","2025-10-04 20:39:15.982"
"E6BB0424","319","5",14,1,"DIST-OPEN","available",NA
"E6BB0424","103","2",11,1,"COMP","HELD",NA
"E6BB0424","113","7",4,1,"DIST-OPEN","SOLD","2026-02-21 06:00:44.391"
"E6BB0424","301","10",21,1,"GROUP","HELD",NA
"E6BB0424","110","2",2,1,"COMP","HELD",NA
"E6BB0424","318","3",4,1,"DIST-OPEN","SOLD","2026-02-19 07:45:17.787"
"E6BB0424","112","7",18,1,"HOLD","HELD",NA
"E6BB0424","107","7",10,1,"HOLD","HELD",NA
"E6BB0424","410","5",5,1,"SEASON","SOLD","2025-10-20 22:00:04.452"
"E6BB0424","318","1",16,1,"GROUP","HELD",NA
"E6BB0424","207","6",17,1,"SEASON","SOLD","2025-10-30 04:09:41.674"
"E6BB0424","216","1",14,1,"DIST-OPEN","SOLD","2025-12-02 20:59:16.655"
"E6BB0424","212","3",12,1,"DIST-OPEN","SOLD","2026-02-02 08:00:29.995"
"E6BB0424","206","2",3,1,"SEASON","SOLD","2025-10-23 17:38:21.634"
"E6BB0424","407","1",8,1,"HOLD","HELD",NA
"E6BB0424","214","7",5,1,"DIST-OPEN","SOLD","2026-02-06 14:13:20.370"
"E6BB0424","107","7",9,1,"DIST-OPEN","available",NA
"E6BB0424","118","5",6,1,"DIST-OPEN","SOLD","2026-02-24 09:20:52.442"
"E6BB0424","320","8",18,1,"DIST-OPEN","SOLD","2026-01-17 02:03:43.874"
"E6BB0424","313","8",9,1,"HOLD","HELD",NA
"E6BB0424","201","2",22,1,"COMP","HELD",NA
"E6BB0424","109","9",16,1,"SEASON","SOLD","2025-10-17 01:28:13.163"
"E6BB0424","409","9",10,1,"DIST-OPEN","available",NA
"E6BB0424","119","3",19,1,"DIST-OPEN","available",NA
"E6BB0424","118","10",4,1,"DIST-OPEN","available",NA
"E6BB0424","111","7",17,1,"HOLD","HELD",NA
"E6BB0424","116","2",1,1,"DIST-OPEN","SOLD","2026-02-05 03:37:26.491"
"E6BB0424","318","9",24,1,"SEASON","SOLD","2025-10-29 13:29:49.996"
"E6BB0424","407","1",2,1,"DIST-OPEN","SOLD","2025-11-20 12:13:05.064"
"E6BB0424","403","2",22,1,"DIST-OPEN","SOLD","2026-02-22 18:28:02.377"
"E6BB0424","101","8",18,1,"DIST-OPEN","SOLD","2025-11-16 18:03:54.087"
"E6BB0424","310","1",13,1,"HOLD","COMP","2026-01-20 07:11:35.582"
"E6BB0424","120","5",19,1,"GROUP","COMP","2026-01-22 11:41:03.327"
"E6BB0424","101","4",14,1,"COMP","HELD",NA
"E6BB0424","318","8",2,1,"SEASON","SOLD","2025-10-03 11:08:32.614"
"E6BB0424","203","9",2,1,"SEASON","SOLD","2025-10-20 22:39:08.832"
"E6BB0424","311","9",11,1,"DIST-OPEN","available",NA
"E6BB0424","211","2",4,1,"HOLD","HELD",NA
"E6BB0424","308","6",24,1,"DIST-OPEN","available",NA
"E6BB0424","309","5",14,1,"HOLD","HELD",NA
"E6BB0424","104","6",11,1,"COMP","HELD",NA
"E6BB0424","220","7",1,1,"SEASON","SOLD","2025-10-07 19:01:16.343"
"E6BB0424","110","9",15,1,"DIST-OPEN","available",NA
"E6BB0424","304","6",6,1,"DIST-OPEN","available",NA
"E6BB0424","307","8",16,1,"DIST-OPEN","available",NA
"E6BB0424","210","7",22,1,"GROUP","HELD",NA
"E6BB0424","114","10",22,1,"DIST-OPEN","available",NA
"E6BB0424","405","4",8,1,"DIST-OPEN","COMP","2026-01-18 12:45:13.421"
"E6BB0424","119","9",12,1,"DIST-OPEN","SOLD","2025-12-30 05:49:43.573"
"E6BB0424","302","7",11,1,"GROUP","HELD",NA
"E6BB0424","312","9",13,1,"DIST-OPEN","available",NA
"E6BB0424","406","1",19,1,"DIST-OPEN","available",NA
"E6BB0424","203","1",5,1,"DIST-OPEN","available",NA
"E6BB0424","113","9",2,1,"DIST-OPEN","SOLD","2026-02-04 20:37:06.400"
"E6BB0424","220","1",4,1,"DIST-OPEN","available",NA
"E6BB0424","302","1",6,1,"DIST-OPEN","SOLD","2026-01-21 23:42:36.315"
"E6BB0424","202","5",17,1,"DIST-OPEN","SOLD","2026-04-01 08:59:25.074"
"E6BB0424","215","3",15,1,"DIST-OPEN","SOLD","2026-01-29 07:37:47.322"
"E6BB0424","202","7",16,1,"DIST-OPEN","available",NA
"E6BB0424","315","5",5,1,"COMP","HELD",NA
"E6BB0424","319","7",24,1,"DIST-OPEN","SOLD","2025-11-23 06:47:03.985"
"E6BB0424","103","9",22,1,"DIST-OPEN","SOLD","2026-04-15 19:14:28.934"
"E6BB0424","113","10",1,1,"DIST-OPEN","SOLD","2026-04-09 03:54:35.516"
"E6BB0424","301","5",23,1,"DIST-OPEN","available",NA
"E6BB0424","110","5",23,1,"DIST-OPEN","available",NA
"E6BB0424","318","7",3,1,"DIST-OPEN","available",NA
"E6BB0424","112","6",24,1,"HOLD","HELD",NA
"E6BB0424","107","2",14,1,"DIST-OPEN","available",NA
"E6BB0424","410","3",20,1,"DIST-OPEN","available",NA
"E6BB0424","318","5",21,1,"DIST-OPEN","available",NA
"E6BB0424","207","6",12,1,"DIST-OPEN","available",NA
"E6BB0424","216","2",23,1,"DIST-OPEN","SOLD","2026-03-20 11:51:34.677"
"E6BB0424","212","7",11,1,"DIST-OPEN","available",NA
"E6BB0424","206","7",16,1,"SEASON","SOLD","2025-10-30 09:25:46.551"
"E6BB0424","407","1",19,1,"SEASON","SOLD","2025-10-14 17:00:31.005"
"E6BB0424","214","3",22,1,"HOLD","HELD",NA
"E6BB0424","107","9",22,1,"SEASON","SOLD","2025-10-29 03:14:32.149"
"E6BB0424","118","2",8,1,"DIST-OPEN","available",NA
"E6BB0424","320","3",19,1,"SEASON","SOLD","2025-10-14 02:36:39.077"
"E6BB0424","313","5",20,1,"DIST-OPEN","SOLD","2026-02-16 17:05:08.967"
"E6BB0424","201","10",20,1,"DIST-OPEN","COMP","2026-01-16 04:05:38.599"
"E6BB0424","109","2",8,1,"DIST-OPEN","available",NA
"E6BB0424","409","6",15,1,"DIST-OPEN","available",NA
"E6BB0424","119","6",10,1,"GROUP","HELD",NA
"E6BB0424","118","4",11,1,"COMP","HELD",NA
"E6BB0424","111","8",14,1,"DIST-OPEN","available",NA
"E6BB0424","116","5",18,1,"DIST-OPEN","available",NA
"E6BB0424","318","8",11,1,"SEASON","SOLD","2025-10-27 17:18:03.774"
"E6BB0424","407","3",24,1,"DIST-OPEN","available",NA
"E6BB0424","403","5",7,1,"SEASON","SOLD","2025-10-16 01:31:58.550"
"E6BB0424","101","6",16,1,"DIST-OPEN","available",NA
"E6BB0424","310","6",14,1,"HOLD","HELD",NA
"E6BB0424","120","9",9,1,"DIST-OPEN","available",NA
"E6BB0424","101","9",18,1,"DIST-OPEN","SOLD","2026-02-18 10:07:58.981"
"E6BB0424","318","8",18,1,"COMP","COMP","2026-01-11 16:12:37.449"
"E6BB0424","203","8",15,1,"DIST-OPEN","available",NA
"E6BB0424","311","1",8,1,"SEASON","SOLD","2025-10-22 18:06:37.900"
"E6BB0424","211","5",12,1,"COMP","HELD",NA
"E6BB0424","308","5",6,1,"GROUP","HELD",NA
"E6BB0424","309","8",5,1,"DIST-OPEN","SOLD","2026-02-16 10:44:46.857"
"E6BB0424","104","10",21,1,"DIST-OPEN","available",NA
"E6BB0424","220","4",2,1,"DIST-OPEN","available",NA
"E6BB0424","110","9",21,1,"DIST-OPEN","SOLD","2026-01-26 14:34:46.609"
"E6BB0424","304","10",20,1,"DIST-OPEN","available",NA
"E6BB0424","307","1",19,1,"DIST-OPEN","available",NA
"E6BB0424","210","4",6,1,"SEASON","SOLD","2025-10-07 19:09:24.365"
"E6BB0424","114","6",22,1,"SEASON","SOLD","2025-10-22 18:33:29.361"
"E6BB0424","405","5",10,1,"DIST-OPEN","available",NA
"E6BB0424","119","9",10,1,"DIST-OPEN","available",NA
"E6BB0424","302","6",7,1,"DIST-OPEN","SOLD","2026-04-05 02:11:02.598"
"E6BB0424","312","10",18,1,"DIST-OPEN","SOLD","2025-11-22 05:45:01.881"
"E6BB0424","406","1",24,1,"DIST-OPEN","SOLD","2025-12-30 20:11:58.266"
"E6BB0424","203","6",1,1,"DIST-OPEN","SOLD","2025-12-11 16:55:52.684"
"E6BB0424","113","7",20,1,"SEASON","SOLD","2025-10-20 15:10:34.151"
"E6BB0424","220","5",14,1,"HOLD","HELD",NA
"E6BB0424","302","7",7,1,"DIST-OPEN","COMP","2026-03-30 02:13:17.872"
"E6BB0424","202","7",9,1,"COMP","HELD",NA
"E6BB0424","215","10",22,1,"HOLD","HELD",NA
"E6BB0424","202","5",6,1,"DIST-OPEN","SOLD","2025-12-23 17:03:36.997"
"E6BB0424","315","10",9,1,"HOLD","HELD",NA
"E6BB0424","319","10",20,1,"SEASON","SOLD","2025-10-09 13:51:37.354"
"E6BB0424","103","5",16,1,"SEASON","SOLD","2025-10-18 07:23:34.666"
"E6BB0424","113","2",20,1,"SEASON","SOLD","2025-10-22 18:37:31.657"
"E6BB0424","301","10",6,1,"DIST-OPEN","available",NA
"E6BB0424","110","6",19,1,"SEASON","SOLD","2025-10-20 02:25:01.921"
"E6BB0424","318","10",9,1,"GROUP","HELD",NA
"E6BB0424","112","10",3,1,"SEASON","SOLD","2025-10-26 04:06:25.745"
"E6BB0424","107","6",15,1,"HOLD","HELD",NA
"E6BB0424","410","8",5,1,"COMP","HELD",NA
"E6BB0424","318","10",22,1,"DIST-OPEN","COMP","2026-04-01 01:56:30.033"
"E6BB0424","207","5",3,1,"GROUP","HELD",NA
"E6BB0424","216","8",20,1,"GROUP","HELD",NA
"E6BB0424","212","10",17,1,"HOLD","HELD",NA
"E6BB0424","206","7",1,1,"DIST-OPEN","SOLD","2026-04-03 22:27:34.936"
"E6BB0424","407","10",21,1,"DIST-OPEN","COMP","2026-02-20 19:57:51.489"
"E6BB0424","214","2",4,1,"COMP","COMP","2026-01-20 21:12:37.799"
"E6BB0424","107","5",3,1,"SEASON","SOLD","2025-10-27 04:38:52.728"
"E6BB0424","118","8",8,1,"GROUP","HELD",NA
"E6BB0424","320","7",3,1,"SEASON","SOLD","2025-10-28 02:48:29.984"
"E6BB0424","313","4",22,1,"DIST-OPEN","available",NA
"E6BB0424","201","8",17,1,"SEASON","SOLD","2025-10-22 20:19:34.069"
"E6BB0424","109","5",5,1,"SEASON","SOLD","2025-10-17 16:57:44.813"
"E6BB0424","409","5",7,1,"DIST-OPEN","available",NA
"E6BB0424","119","9",2,1,"COMP","HELD",NA
"E6BB0424","118","8",10,1,"DIST-OPEN","available",NA
"E6BB0424","111","7",20,1,"GROUP","HELD",NA
"E6BB0424","116","6",9,1,"SEASON","SOLD","2025-10-05 10:17:28.935"
"E6BB0424","318","8",4,1,"SEASON","SOLD","2025-10-28 01:23:16.941"
"E6BB0424","407","10",1,1,"SEASON","SOLD","2025-10-14 16:21:12.881"
"E6BB0424","403","7",10,1,"DIST-OPEN","available",NA
"E6BB0424","101","6",5,1,"DIST-OPEN","available",NA
"E6BB0424","310","6",2,1,"DIST-OPEN","available",NA
"E6BB0424","120","4",2,1,"DIST-OPEN","SOLD","2026-04-10 18:04:13.103"
"E6BB0424","101","9",9,1,"COMP","HELD",NA
"E6BB0424","318","9",1,1,"COMP","HELD",NA
"E6BB0424","203","7",15,1,"GROUP","HELD",NA
"E6BB0424","311","6",24,1,"GROUP","HELD",NA
"E6BB0424","211","4",19,1,"SEASON","SOLD","2025-10-12 10:57:58.760"
"E6BB0424","308","10",3,1,"SEASON","SOLD","2025-10-28 05:32:03.987"
"E6BB0424","309","6",17,1,"SEASON","SOLD","2025-10-03 23:10:43.655"
"E6BB0424","104","2",1,1,"HOLD","HELD",NA
"E6BB0424","220","2",8,1,"HOLD","HELD",NA
"E6BB0424","110","4",6,1,"DIST-OPEN","available",NA
"E6BB0424","304","1",10,1,"HOLD","HELD",NA
"E6BB0424","307","5",3,1,"SEASON","SOLD","2025-10-13 08:45:02.086"
"E6BB0424","210","1",6,1,"HOLD","HELD",NA
"E6BB0424","114","2",22,1,"COMP","HELD",NA
"E6BB0424","405","1",15,1,"DIST-OPEN","available",NA
"E6BB0424","119","9",24,1,"DIST-OPEN","available",NA
"E6BB0424","302","6",10,1,"DIST-OPEN","available",NA
"E6BB0424","312","1",9,1,"DIST-OPEN","available",NA
"E6BB0424","406","9",5,1,"COMP","HELD",NA
"E6BB0424","203","4",9,1,"DIST-OPEN","available",NA
"E6BB0424","113","1",8,1,"DIST-OPEN","available",NA
"E6BB0424","220","10",15,1,"GROUP","HELD",NA
"E6BB0424","302","7",22,1,"DIST-OPEN","available",NA
"E6BB0424","202","6",13,1,"SEASON","SOLD","2025-10-12 06:10:20.536"
"E6BB0424","215","5",9,1,"GROUP","HELD",NA
"E6BB0424","202","10",13,1,"DIST-OPEN","available",NA
"E6BB0424","315","9",11,1,"SEASON","SOLD","2025-10-30 06:24:41.369"
"E6BB0424","319","2",13,1,"DIST-OPEN","SOLD","2025-12-07 07:02:49.414"
"E6BB0424","103","9",15,1,"HOLD","HELD",NA
"E6BB0424","113","8",12,1,"DIST-OPEN","SOLD","2025-12-14 10:03:01.673"
"E6BB0424","301","5",24,1,"DIST-OPEN","available",NA
"E6BB0424","110","5",20,1,"DIST-OPEN","SOLD","2025-12-15 04:57:23.752"
"E6BB0424","318","3",20,1,"SEASON","SOLD","2025-10-08 16:37:35.690"
"E6BB0424","112","6",15,1,"HOLD","HELD",NA
"E6BB0424","107","2",2,1,"DIST-OPEN","SOLD","2025-12-22 09:46:54.613"
"E6BB0424","410","2",13,1,"DIST-OPEN","SOLD","2025-12-21 01:45:22.013"
"E6BB0424","318","1",6,1,"COMP","COMP","2026-02-07 16:41:14.324"
"E6BB0424","207","8",14,1,"GROUP","HELD",NA
"E6BB0424","216","6",7,1,"DIST-OPEN","available",NA
"E6BB0424","212","9",23,1,"DIST-OPEN","COMP","2026-01-29 13:23:16.268"
"E6BB0424","206","6",13,1,"DIST-OPEN","available",NA
"E6BB0424","407","2",18,1,"HOLD","HELD",NA
"E6BB0424","214","5",13,1,"SEASON","SOLD","2025-10-01 18:33:39.924"
"E6BB0424","107","10",19,1,"HOLD","HELD",NA
"E6BB0424","118","2",13,1,"SEASON","SOLD","2025-10-27 11:03:06.721"
"E6BB0424","320","4",1,1,"GROUP","HELD",NA
"E6BB0424","313","5",11,1,"DIST-OPEN","available",NA
"E6BB0424","201","1",7,1,"DIST-OPEN","SOLD","2026-02-14 08:33:42.271"
"E6BB0424","109","9",13,1,"SEASON","SOLD","2025-10-02 02:31:09.352"
"E6BB0424","409","9",16,1,"DIST-OPEN","COMP","2026-02-11 16:48:15.983"
"E6BB0424","119","3",21,1,"DIST-OPEN","available",NA
"E6BB0424","118","9",9,1,"DIST-OPEN","COMP","2026-01-01 17:04:57.792"
"E6BB0424","111","2",7,1,"GROUP","HELD",NA
"E6BB0424","116","6",16,1,"SEASON","SOLD","2025-10-27 06:16:20.600"
"E6BB0424","318","3",7,1,"DIST-OPEN","available",NA
"E6BB0424","407","5",1,1,"DIST-OPEN","available",NA
"E6BB0424","403","9",19,1,"DIST-OPEN","SOLD","2025-11-30 07:35:47.345"
"E6BB0424","101","1",4,1,"HOLD","HELD",NA
"E6BB0424","310","1",1,1,"HOLD","HELD",NA
"E6BB0424","120","4",23,1,"DIST-OPEN","available",NA
"E6BB0424","101","9",21,1,"DIST-OPEN","available",NA
"E6BB0424","318","6",9,1,"DIST-OPEN","available",NA
"E6BB0424","203","1",4,1,"SEASON","SOLD","2025-10-23 19:43:43.095"
"E6BB0424","311","2",24,1,"SEASON","SOLD","2025-10-15 18:22:21.357"
"E6BB0424","211","2",8,1,"DIST-OPEN","SOLD","2025-12-13 13:22:32.753"
"E6BB0424","308","2",18,1,"DIST-OPEN","SOLD","2026-01-04 14:43:40.467"
"E6BB0424","309","1",11,1,"DIST-OPEN","available",NA
"E6BB0424","104","9",4,1,"DIST-OPEN","available",NA
"E6BB0424","220","6",7,1,"SEASON","SOLD","2025-10-16 18:34:16.541"
"E6BB0424","110","3",5,1,"GROUP","COMP","2026-03-24 03:38:04.006"
"E6BB0424","304","2",2,1,"DIST-OPEN","available",NA
"E6BB0424","307","6",2,1,"SEASON","SOLD","2025-10-21 17:00:12.530"
"E6BB0424","210","6",23,1,"SEASON","SOLD","2025-10-21 13:40:28.355"
"E6BB0424","114","7",18,1,"COMP","HELD",NA
"E6BB0424","405","2",18,1,"COMP","HELD",NA
"E6BB0424","119","4",13,1,"DIST-OPEN","available",NA
"E6BB0424","302","10",22,1,"DIST-OPEN","SOLD","2026-01-29 23:11:46.903"
"E6BB0424","312","6",13,1,"DIST-OPEN","COMP","2026-03-14 06:30:35.950"
"E6BB0424","406","3",7,1,"DIST-OPEN","SOLD","2026-03-26 00:30:51.401"
"E6BB0424","203","10",11,1,"DIST-OPEN","available",NA
"E6BB0424","113","6",21,1,"DIST-OPEN","available",NA
"E6BB0424","220","10",3,1,"DIST-OPEN","available",NA
"E6BB0424","302","5",5,1,"GROUP","HELD",NA
"E6BB0424","202","4",10,1,"DIST-OPEN","available",NA
"E6BB0424","215","10",21,1,"DIST-OPEN","SOLD","2025-12-14 15:03:12.925"
"E6BB0424","202","2",19,1,"DIST-OPEN","SOLD","2026-04-14 00:57:42.258"
"E6BB0424","315","1",19,1,"SEASON","SOLD","2025-10-08 23:25:56.525"
"E6BB0424","319","9",1,1,"DIST-OPEN","SOLD","2026-04-20 20:07:09.932"
"E6BB0424","103","4",8,1,"SEASON","SOLD","2025-10-08 08:16:20.119"
"E6BB0424","113","6",5,1,"DIST-OPEN","SOLD","2026-01-07 16:10:56.199"
"E6BB0424","301","2",20,1,"SEASON","SOLD","2025-10-04 16:07:20.272"
"E6BB0424","110","7",19,1,"HOLD","HELD",NA
"E6BB0424","318","5",3,1,"SEASON","SOLD","2025-10-11 11:20:36.583"
"E6BB0424","112","10",15,1,"HOLD","COMP","2026-02-26 05:05:35.121"
"E6BB0424","107","7",15,1,"DIST-OPEN","SOLD","2026-04-06 08:37:46.344"
"E6BB0424","410","6",20,1,"SEASON","SOLD","2025-10-15 07:41:03.038"
"E6BB0424","318","7",14,1,"DIST-OPEN","SOLD","2025-11-24 20:18:08.795"
"E6BB0424","207","3",14,1,"GROUP","HELD",NA
"E6BB0424","216","10",16,1,"DIST-OPEN","SOLD","2026-03-17 06:38:49.325"
"E6BB0424","212","3",22,1,"DIST-OPEN","SOLD","2025-12-26 10:57:48.875"
"E6BB0424","206","1",2,1,"DIST-OPEN","SOLD","2025-12-26 18:26:38.017"
"E6BB0424","407","7",19,1,"COMP","HELD",NA
"E6BB0424","214","4",3,1,"SEASON","SOLD","2025-10-09 21:17:04.688"
"E6BB0424","107","3",1,1,"DIST-OPEN","available",NA
"E6BB0424","118","4",9,1,"DIST-OPEN","available",NA
"E6BB0424","320","3",22,1,"DIST-OPEN","COMP","2026-03-05 06:53:12.576"
"E6BB0424","313","1",10,1,"HOLD","COMP","2026-03-07 11:15:44.823"
"E6BB0424","201","5",13,1,"DIST-OPEN","SOLD","2025-11-21 00:00:04.819"
"E6BB0424","109","1",15,1,"SEASON","SOLD","2025-10-16 16:18:05.410"
"E6BB0424","409","5",16,1,"DIST-OPEN","SOLD","2025-12-18 17:05:21.706"
"E6BB0424","119","7",4,1,"DIST-OPEN","available",NA
"E6BB0424","118","8",11,1,"DIST-OPEN","available",NA
"E6BB0424","111","7",17,1,"DIST-OPEN","available",NA
"E6BB0424","116","2",9,1,"COMP","HELD",NA
"E6BB0424","318","6",22,1,"DIST-OPEN","available",NA
"E6BB0424","407","3",2,1,"GROUP","HELD",NA
"E6BB0424","403","5",21,1,"DIST-OPEN","SOLD","2025-12-18 17:51:18.682"
"E6BB0424","101","1",19,1,"DIST-OPEN","SOLD","2026-03-14 17:57:44.015"
"E6BB0424","310","6",8,1,"DIST-OPEN","available",NA
"E6BB0424","120","8",14,1,"DIST-OPEN","available",NA
"E6BB0424","101","1",4,1,"HOLD","HELD",NA
"E6BB0424","318","4",6,1,"DIST-OPEN","available",NA
"E6BB0424","203","6",13,1,"DIST-OPEN","SOLD","2026-03-29 18:29:16.607"
"E6BB0424","311","9",7,1,"GROUP","HELD",NA
"E6BB0424","211","6",8,1,"DIST-OPEN","SOLD","2026-02-21 03:40:20.706"
"E6BB0424","308","9",12,1,"SEASON","SOLD","2025-10-09 19:38:27.031"
"E6BB0424","309","6",2,1,"DIST-OPEN","available",NA
"E6BB0424","104","10",7,1,"DIST-OPEN","available",NA
"E6BB0424","220","5",8,1,"DIST-OPEN","SOLD","2025-11-27 04:57:27.073"
"E6BB0424","110","6",8,1,"SEASON","SOLD","2025-10-26 23:09:16.774"
"E6BB0424","304","7",20,1,"COMP","HELD",NA
"E6BB0424","307","1",11,1,"SEASON","SOLD","2025-10-07 00:18:54.639"
"E6BB0424","210","6",9,1,"HOLD","HELD",NA
"E6BB0424","114","6",16,1,"HOLD","HELD",NA
"E6BB0424","405","8",16,1,"DIST-OPEN","SOLD","2025-11-26 06:17:39.472"
"E6BB0424","119","2",12,1,"DIST-OPEN","available",NA
"E6BB0424","302","9",4,1,"SEASON","SOLD","2025-10-23 15:07:00.575"
"E6BB0424","312","4",6,1,"DIST-OPEN","available",NA
"E6BB0424","406","6",11,1,"DIST-OPEN","SOLD","2026-03-07 12:19:54.743"
"E6BB0424","203","10",7,1,"GROUP","HELD",NA
"E6BB0424","113","3",12,1,"DIST-OPEN","SOLD","2026-03-18 09:20:11.977"
"E6BB0424","220","7",21,1,"DIST-OPEN","available",NA
"E6BB0424","302","1",3,1,"DIST-OPEN","available",NA
"E6BB0424","202","4",10,1,"DIST-OPEN","available",NA
"E6BB0424","215","10",8,1,"HOLD","HELD",NA
"E6BB0424","202","4",22,1,"DIST-OPEN","SOLD","2026-04-04 05:30:26.780"
"E6BB0424","315","8",7,1,"HOLD","HELD",NA
"E6BB0424","319","5",24,1,"DIST-OPEN","COMP","2026-03-12 10:09:23.811"
"E6BB0424","103","1",12,1,"DIST-OPEN","SOLD","2026-04-11 05:46:35.182"
"E6BB0424","113","7",11,1,"DIST-OPEN","available",NA
"E6BB0424","301","4",24,1,"SEASON","SOLD","2025-10-21 11:03:37.590"
"E6BB0424","110","2",9,1,"DIST-OPEN","COMP","2026-02-01 08:14:54.806"
"E6BB0424","318","9",16,1,"SEASON","SOLD","2025-10-12 21:24:51.455"
"E6BB0424","112","2",15,1,"DIST-OPEN","available",NA
"E6BB0424","107","10",19,1,"COMP","HELD",NA
"E6BB0424","410","3",15,1,"SEASON","SOLD","2025-10-25 04:23:24.436"
"E6BB0424","318","9",21,1,"DIST-OPEN","available",NA
"E6BB0424","207","6",16,1,"DIST-OPEN","COMP","2026-02-23 11:04:59.733"
"E6BB0424","216","1",1,1,"DIST-OPEN","available",NA
"E6BB0424","212","9",24,1,"GROUP","HELD",NA
"E6BB0424","206","3",21,1,"DIST-OPEN","SOLD","2025-12-01 02:46:11.302"
"E6BB0424","407","5",23,1,"DIST-OPEN","SOLD","2025-11-18 09:12:57.124"
"E6BB0424","214","5",6,1,"SEASON","SOLD","2025-10-15 20:10:22.630"
"E6BB0424","107","10",8,1,"SEASON","SOLD","2025-10-14 12:24:18.931"
"E6BB0424","118","8",12,1,"DIST-OPEN","available",NA
"E6BB0424","320","5",2,1,"DIST-OPEN","SOLD","2025-12-14 15:51:45.769"
"E6BB0424","313","8",9,1,"DIST-OPEN","available",NA
"E6BB0424","201","8",20,1,"DIST-OPEN","available",NA
"E6BB0424","109","3",15,1,"SEASON","SOLD","2025-10-10 06:14:04.206"
"E6BB0424","409","10",19,1,"DIST-OPEN","available",NA
"E6BB0424","119","5",9,1,"COMP","HELD",NA
"E6BB0424","118","10",16,1,"HOLD","HELD",NA
"E6BB0424","111","4",19,1,"DIST-OPEN","available",NA
"E6BB0424","116","4",11,1,"DIST-OPEN","available",NA
"E6BB0424","318","8",1,1,"DIST-OPEN","available",NA
"E6BB0424","407","7",7,1,"COMP","HELD",NA
"E6BB0424","403","10",13,1,"DIST-OPEN","available",NA
"E6BB0424","101","3",10,1,"HOLD","HELD",NA
"E6BB0424","310","2",5,1,"DIST-OPEN","SOLD","2025-12-04 03:05:17.597"
"E6BB0424","120","4",8,1,"SEASON","SOLD","2025-10-29 14:19:23.983"
"E6BB0424","101","4",4,1,"COMP","HELD",NA
"E6BB0424","318","6",19,1,"GROUP","HELD",NA
"E6BB0424","203","7",8,1,"SEASON","SOLD","2025-10-13 08:14:00.174"
"E6BB0424","311","5",13,1,"DIST-OPEN","SOLD","2026-03-01 23:40:28.474"
"E6BB0424","211","9",24,1,"DIST-OPEN","available",NA
"E6BB0424","308","7",19,1,"HOLD","HELD",NA
"E6BB0424","309","10",1,1,"HOLD","COMP","2026-02-11 10:11:06.936"
"E6BB0424","104","5",20,1,"DIST-OPEN","SOLD","2026-01-28 22:08:24.905"
"E6BB0424","220","2",20,1,"SEASON","SOLD","2025-10-22 21:41:36.258"
"E6BB0424","110","7",11,1,"DIST-OPEN","SOLD","2025-12-03 00:24:03.629"
"E6BB0424","304","9",9,1,"GROUP","HELD",NA
"E6BB0424","307","10",16,1,"DIST-OPEN","available",NA
"E6BB0424","210","4",21,1,"DIST-OPEN","available",NA
"E6BB0424","114","9",3,1,"DIST-OPEN","SOLD","2026-04-22 03:24:13.677"
"E6BB0424","405","4",23,1,"DIST-OPEN","available",NA
"E6BB0424","119","1",4,1,"DIST-OPEN","available",NA
"E6BB0424","302","6",22,1,"HOLD","HELD",NA
"E6BB0424","312","3",10,1,"DIST-OPEN","SOLD","2026-02-22 20:31:19.103"
"E6BB0424","406","8",3,1,"DIST-OPEN","available",NA
"E6BB0424","203","8",15,1,"DIST-OPEN","available",NA
"E6BB0424","113","5",19,1,"SEASON","SOLD","2025-10-26 13:10:51.785"
"E6BB0424","220","2",24,1,"SEASON","SOLD","2025-10-14 16:01:06.406"
"E6BB0424","302","7",1,1,"HOLD","HELD",NA
"E6BB0424","202","9",8,1,"SEASON","SOLD","2025-10-29 02:57:40.713"
"E6BB0424","215","6",12,1,"GROUP","COMP","2026-01-09 16:01:28.798"
"E6BB0424","202","9",9,1,"SEASON","SOLD","2025-10-07 19:38:02.957"
"E6BB0424","315","2",21,1,"DIST-OPEN","SOLD","2026-02-17 01:10:33.962"
"E6BB0424","319","9",4,1,"DIST-OPEN","SOLD","2026-01-19 11:46:25.643"
"E6BB0424","103","3",5,1,"DIST-OPEN","SOLD","2025-11-23 10:40:21.657"
"E6BB0424","113","8",14,1,"GROUP","COMP","2026-03-09 21:50:14.019"
"E6BB0424","301","3",22,1,"SEASON","SOLD","2025-10-21 03:41:46.871"
"E6BB0424","110","2",24,1,"DIST-OPEN","available",NA
"E6BB0424","318","2",1,1,"HOLD","HELD",NA
"E6BB0424","112","5",2,1,"SEASON","SOLD","2025-10-15 21:28:30.203"
"E6BB0424","107","5",6,1,"DIST-OPEN","SOLD","2026-03-09 18:11:02.142"
"E6BB0424","410","6",13,1,"DIST-OPEN","SOLD","2026-03-02 13:37:44.075"
"E6BB0424","318","10",16,1,"DIST-OPEN","SOLD","2025-12-24 09:59:10.222"
"E6BB0424","207","7",13,1,"SEASON","SOLD","2025-10-14 16:51:20.388"
"E6BB0424","216","5",8,1,"DIST-OPEN","SOLD","2025-12-12 11:27:24.984"
"E6BB0424","212","6",17,1,"DIST-OPEN","SOLD","2026-03-30 23:02:00.131"
"E6BB0424","206","8",17,1,"SEASON","SOLD","2025-10-14 09:21:23.313"
"E6BB0424","407","6",12,1,"SEASON","SOLD","2025-10-26 01:39:52.899"
"E6BB0424","214","9",10,1,"SEASON","SOLD","2025-10-18 06:56:59.009"
"E6BB0424","107","10",16,1,"DIST-OPEN","available",NA
"E6BB0424","118","2",22,1,"SEASON","SOLD","2025-10-30 17:30:49.330"
"E6BB0424","320","10",9,1,"GROUP","HELD",NA
"E6BB0424","313","8",9,1,"SEASON","SOLD","2025-10-25 20:06:32.319"
"E6BB0424","201","4",2,1,"HOLD","HELD",NA
"E6BB0424","109","10",11,1,"GROUP","HELD",NA
"E6BB0424","409","4",21,1,"DIST-OPEN","available",NA
"E6BB0424","119","6",20,1,"DIST-OPEN","SOLD","2026-04-12 11:30:17.667"
"E6BB0424","118","6",16,1,"SEASON","SOLD","2025-10-23 00:02:18.206"
"E6BB0424","111","1",18,1,"DIST-OPEN","COMP","2026-02-10 01:13:29.599"
"E6BB0424","116","4",1,1,"DIST-OPEN","SOLD","2025-11-22 08:44:46.346"
"E6BB0424","318","1",20,1,"DIST-OPEN","available",NA
"E6BB0424","407","1",4,1,"DIST-OPEN","SOLD","2025-12-22 20:26:55.169"
"E6BB0424","403","2",2,1,"DIST-OPEN","COMP","2026-03-29 18:03:27.505"
"E6BB0424","101","1",24,1,"DIST-OPEN","COMP","2026-01-12 08:57:29.132"
"E6BB0424","310","6",20,1,"HOLD","HELD",NA
"E6BB0424","120","8",21,1,"HOLD","HELD",NA
"E6BB0424","101","9",13,1,"DIST-OPEN","available",NA
"E6BB0424","318","8",22,1,"DIST-OPEN","SOLD","2025-12-09 09:46:05.436"
"E6BB0424","203","9",12,1,"DIST-OPEN","available",NA
"E6BB0424","311","9",16,1,"SEASON","SOLD","2025-10-28 01:20:57.273"
"E6BB0424","211","9",8,1,"DIST-OPEN","available",NA
"E6BB0424","308","5",8,1,"HOLD","HELD",NA
"E6BB0424","309","4",4,1,"HOLD","HELD",NA
"E6BB0424","104","2",12,1,"HOLD","HELD",NA
"E6BB0424","220","2",22,1,"SEASON","SOLD","2025-10-01 17:05:09.896"
"E6BB0424","110","2",11,1,"DIST-OPEN","SOLD","2025-11-27 11:48:05.293"
"E6BB0424","304","10",7,1,"DIST-OPEN","available",NA
"E6BB0424","307","3",4,1,"DIST-OPEN","available",NA
"E6BB0424","210","5",22,1,"HOLD","HELD",NA
"E6BB0424","114","7",9,1,"SEASON","SOLD","2025-10-18 19:57:47.414"
"E6BB0424","405","5",14,1,"DIST-OPEN","available",NA
"E6BB0424","119","1",5,1,"DIST-OPEN","available",NA
"E6BB0424","302","9",22,1,"HOLD","HELD",NA
"E6BB0424","312","4",21,1,"DIST-OPEN","available",NA
"E6BB0424","406","5",19,1,"COMP","HELD",NA
"E6BB0424","203","1",21,1,"DIST-OPEN","available",NA
"E6BB0424","113","3",17,1,"DIST-OPEN","available",NA
"E6BB0424","220","9",10,1,"SEASON","SOLD","2025-10-06 00:43:02.179"
"E6BB0424","302","10",3,1,"DIST-OPEN","available",NA
"E6BB0424","202","7",14,1,"DIST-OPEN","SOLD","2025-12-22 21:29:42.567"
"E6BB0424","215","7",19,1,"SEASON","SOLD","2025-10-05 02:59:55.024"
"E6BB0424","202","5",22,1,"DIST-OPEN","SOLD","2025-12-20 20:40:12.309"
"E6BB0424","315","4",24,1,"COMP","HELD",NA
"E6BB0424","319","7",4,1,"DIST-OPEN","SOLD","2025-11-17 01:09:18.216"
"E6BB0424","103","10",5,1,"SEASON","SOLD","2025-10-08 09:35:47.706"
"E6BB0424","113","4",20,1,"DIST-OPEN","available",NA
"E6BB0424","301","7",3,1,"HOLD","HELD",NA
"E6BB0424","110","10",9,1,"DIST-OPEN","available",NA
"E6BB0424","318","10",13,1,"DIST-OPEN","available",NA
"E6BB0424","112","5",12,1,"GROUP","COMP","2026-01-31 17:25:00.214"
"E6BB0424","107","2",19,1,"HOLD","HELD",NA
"E6BB0424","410","6",13,1,"SEASON","SOLD","2025-10-10 07:24:10.666"
"E6BB0424","318","10",21,1,"GROUP","COMP","2026-02-23 13:14:06.152"
"E6BB0424","207","9",2,1,"DIST-OPEN","available",NA
"E6BB0424","216","6",5,1,"DIST-OPEN","available",NA
"E6BB0424","212","10",12,1,"DIST-OPEN","available",NA
"E6BB0424","206","1",2,1,"COMP","HELD",NA
"E6BB0424","407","5",13,1,"GROUP","HELD",NA
"E6BB0424","214","9",6,1,"COMP","HELD",NA
"E6BB0424","107","7",4,1,"DIST-OPEN","available",NA
"E6BB0424","118","3",10,1,"SEASON","SOLD","2025-10-17 11:22:13.408"
"E6BB0424","320","5",21,1,"SEASON","SOLD","2025-10-13 19:23:11.022"
"E6BB0424","313","4",3,1,"SEASON","SOLD","2025-10-27 14:09:03.807"
"E6BB0424","201","2",1,1,"COMP","HELD",NA
"E6BB0424","109","6",5,1,"DIST-OPEN","available",NA
"E6BB0424","409","4",1,1,"HOLD","HELD",NA
"E6BB0424","119","9",1,1,"DIST-OPEN","SOLD","2025-11-19 02:21:18.749"
"E6BB0424","118","9",5,1,"DIST-OPEN","available",NA
"E6BB0424","111","7",12,1,"GROUP","HELD",NA
"E6BB0424","116","10",4,1,"DIST-OPEN","SOLD","2025-11-17 07:36:03.125"
"E6BB0424","318","3",3,1,"SEASON","SOLD","2025-10-05 03:36:59.268"
"E6BB0424","407","6",18,1,"DIST-OPEN","SOLD","2026-01-25 09:19:50.219"
"E6BB0424","403","4",14,1,"DIST-OPEN","SOLD","2025-11-16 20:26:43.094"
"E6BB0424","101","6",2,1,"DIST-OPEN","SOLD","2026-01-04 11:14:39.754"
"E6BB0424","310","6",10,1,"DIST-OPEN","available",NA
"E6BB0424","120","5",9,1,"HOLD","HELD",NA
"E6BB0424","101","2",15,1,"DIST-OPEN","available",NA
"E6BB0424","318","6",18,1,"DIST-OPEN","available",NA
"E6BB0424","203","8",17,1,"DIST-OPEN","available",NA
"E6BB0424","311","8",12,1,"DIST-OPEN","SOLD","2026-03-13 03:53:15.934"
"E6BB0424","211","3",5,1,"DIST-OPEN","SOLD","2026-01-17 17:38:23.182"
"E6BB0424","308","1",6,1,"DIST-OPEN","available",NA
"E6BB0424","309","7",6,1,"DIST-OPEN","available",NA
"E6BB0424","104","6",15,1,"DIST-OPEN","available",NA
"E6BB0424","220","3",5,1,"SEASON","SOLD","2025-10-30 07:33:35.428"
"E6BB0424","110","9",23,1,"SEASON","SOLD","2025-10-25 13:21:48.607"
"E6BB0424","304","5",24,1,"HOLD","HELD",NA
"E6BB0424","307","9",12,1,"SEASON","SOLD","2025-10-17 23:04:57.212"
"E6BB0424","210","3",4,1,"DIST-OPEN","COMP","2026-01-11 03:01:07.100"
"E6BB0424","114","8",4,1,"SEASON","SOLD","2025-10-04 02:11:01.435"
"E6BB0424","405","10",10,1,"SEASON","SOLD","2025-10-26 18:33:28.531"
"E6BB0424","119","8",4,1,"DIST-OPEN","available",NA
"E6BB0424","302","2",24,1,"HOLD","HELD",NA
"E6BB0424","312","8",15,1,"DIST-OPEN","SOLD","2026-01-04 19:12:39.218"
"E6BB0424","406","3",2,1,"DIST-OPEN","available",NA
"E6BB0424","203","7",12,1,"DIST-OPEN","SOLD","2025-12-03 00:49:19.646"
"E6BB0424","113","7",22,1,"HOLD","HELD",NA
"E6BB0424","220","2",17,1,"DIST-OPEN","SOLD","2025-12-26 03:31:40.150"
"E6BB0424","302","7",18,1,"SEASON","SOLD","2025-10-28 19:58:44.147"
"E6BB0424","202","3",15,1,"HOLD","HELD",NA
"E6BB0424","215","7",1,1,"SEASON","SOLD","2025-10-18 16:56:41.416"
"E6BB0424","202","7",18,1,"DIST-OPEN","available",NA
"E6BB0424","315","5",13,1,"SEASON","SOLD","2025-10-26 21:44:52.465"
"E6BB0424","319","10",17,1,"DIST-OPEN","available",NA
"E6BB0424","103","5",18,1,"DIST-OPEN","available",NA
"E6BB0424","113","10",23,1,"COMP","HELD",NA
"E6BB0424","301","7",1,1,"DIST-OPEN","available",NA
"E6BB0424","110","6",19,1,"HOLD","HELD",NA
"E6BB0424","318","7",12,1,"DIST-OPEN","SOLD","2026-01-27 07:59:05.315"
"E6BB0424","112","3",2,1,"DIST-OPEN","SOLD","2026-01-12 20:28:29.728"
"E6BB0424","107","9",11,1,"DIST-OPEN","available",NA
"E6BB0424","410","3",18,1,"DIST-OPEN","COMP","2026-03-17 23:14:30.006"
"E6BB0424","318","4",17,1,"DIST-OPEN","available",NA
"E6BB0424","207","9",13,1,"GROUP","HELD",NA
"E6BB0424","216","8",22,1,"SEASON","SOLD","2025-10-27 15:56:22.109"
"E6BB0424","212","5",1,1,"HOLD","HELD",NA
"E6BB0424","206","3",17,1,"DIST-OPEN","SOLD","2026-03-10 21:55:02.440"
"E6BB0424","407","10",23,1,"DIST-OPEN","available",NA
"E6BB0424","214","3",2,1,"SEASON","SOLD","2025-10-19 16:22:09.136"
"E6BB0424","107","8",6,1,"SEASON","SOLD","2025-10-29 04:54:57.832"
"E6BB0424","118","3",7,1,"DIST-OPEN","available",NA
"E6BB0424","320","1",21,1,"SEASON","SOLD","2025-10-26 03:09:27.462"
"E6BB0424","313","8",18,1,"HOLD","HELD",NA
"E6BB0424","201","5",23,1,"DIST-OPEN","available",NA
"E6BB0424","109","6",9,1,"DIST-OPEN","SOLD","2026-04-15 15:21:00.556"
"E6BB0424","409","9",24,1,"DIST-OPEN","SOLD","2025-12-04 13:43:39.498"
"E6BB0424","119","7",13,1,"GROUP","HELD",NA
"E6BB0424","118","2",7,1,"DIST-OPEN","SOLD","2026-01-01 10:19:55.789"
"E6BB0424","111","10",24,1,"SEASON","SOLD","2025-10-14 14:07:49.356"
"E6BB0424","116","5",7,1,"GROUP","HELD",NA
"E6BB0424","318","8",9,1,"DIST-OPEN","available",NA
"E6BB0424","407","9",3,1,"DIST-OPEN","available",NA
"E6BB0424","403","6",12,1,"DIST-OPEN","available",NA
"E6BB0424","101","6",19,1,"HOLD","HELD",NA
"E6BB0424","310","3",8,1,"HOLD","HELD",NA
"E6BB0424","120","7",5,1,"DIST-OPEN","SOLD","2025-12-04 02:28:44.473"
"E6BB0424","101","4",3,1,"DIST-OPEN","SOLD","2026-01-07 00:57:11.936"
"E6BB0424","318","2",6,1,"DIST-OPEN","SOLD","2026-03-05 22:42:10.422"
"E6BB0424","203","7",19,1,"SEASON","SOLD","2025-10-12 06:48:04.768"
"E6BB0424","311","4",2,1,"HOLD","HELD",NA
"E6BB0424","211","3",6,1,"DIST-OPEN","SOLD","2026-02-28 07:40:10.276"
"E6BB0424","308","7",20,1,"HOLD","HELD",NA
"E6BB0424","309","5",14,1,"HOLD","HELD",NA
"E6BB0424","104","9",8,1,"HOLD","HELD",NA
"E6BB0424","220","8",11,1,"DIST-OPEN","available",NA
"E6BB0424","110","4",21,1,"DIST-OPEN","SOLD","2026-03-02 17:16:57.799"
"E6BB0424","304","1",4,1,"DIST-OPEN","available",NA
"E6BB0424","307","1",17,1,"GROUP","HELD",NA
"E6BB0424","210","5",8,1,"GROUP","HELD",NA
"E6BB0424","114","1",9,1,"DIST-OPEN","SOLD","2026-02-03 02:40:26.342"
"E6BB0424","405","4",16,1,"HOLD","HELD",NA
"E6BB0424","119","8",6,1,"DIST-OPEN","SOLD","2026-04-20 16:33:04.766"
"E6BB0424","302","6",24,1,"DIST-OPEN","available",NA
"E6BB0424","312","4",3,1,"DIST-OPEN","available",NA
"E6BB0424","406","4",19,1,"DIST-OPEN","available",NA
"E6BB0424","203","7",19,1,"DIST-OPEN","available",NA
"E6BB0424","113","3",16,1,"COMP","HELD",NA
"E6BB0424","220","4",3,1,"DIST-OPEN","COMP","2026-01-18 02:25:45.094"
"E6BB0424","302","3",14,1,"DIST-OPEN","available",NA
"E6BB0424","202","8",11,1,"DIST-OPEN","available",NA
"E6BB0424","215","3",22,1,"DIST-OPEN","available",NA
"E6BB0424","202","5",24,1,"SEASON","SOLD","2025-10-09 03:18:00.655"
"E6BB0424","315","8",19,1,"DIST-OPEN","available",NA
"E6BB0424","319","10",17,1,"DIST-OPEN","SOLD","2025-12-09 12:58:42.699"
"E6BB0424","103","8",9,1,"GROUP","HELD",NA
"E6BB0424","113","9",16,1,"GROUP","COMP","2026-03-29 18:57:11.423"
"E6BB0424","301","9",24,1,"SEASON","SOLD","2025-10-16 16:11:07.430"
"E6BB0424","110","5",11,1,"DIST-OPEN","available",NA
"E6BB0424","318","4",5,1,"SEASON","SOLD","2025-10-31 08:58:06.727"
"E6BB0424","112","10",2,1,"HOLD","HELD",NA
"E6BB0424","107","6",16,1,"COMP","HELD",NA
"E6BB0424","410","1",14,1,"DIST-OPEN","SOLD","2026-03-27 03:14:42.509"
"E6BB0424","318","8",2,1,"SEASON","SOLD","2025-10-02 22:21:16.384"
"E6BB0424","207","4",16,1,"SEASON","SOLD","2025-10-11 18:01:50.229"
"E6BB0424","216","4",13,1,"SEASON","SOLD","2025-10-24 04:17:42.709"
"E6BB0424","212","8",22,1,"DIST-OPEN","available",NA
"E6BB0424","206","1",22,1,"SEASON","SOLD","2025-10-13 09:59:28.168"
"E6BB0424","407","4",24,1,"DIST-OPEN","SOLD","2026-01-20 08:18:52.152"
"E6BB0424","214","6",20,1,"SEASON","SOLD","2025-10-05 16:29:21.981"
"E6BB0424","107","7",21,1,"SEASON","SOLD","2025-10-17 00:22:34.322"
"E6BB0424","118","6",5,1,"HOLD","COMP","2026-02-04 07:48:21.086"
"E6BB0424","320","4",24,1,"SEASON","SOLD","2025-10-04 12:12:45.637"
"E6BB0424","313","10",17,1,"HOLD","COMP","2026-01-13 15:37:57.680"
"E6BB0424","201","1",13,1,"DIST-OPEN","COMP","2026-03-11 22:43:43.320"
"E6BB0424","109","3",14,1,"COMP","HELD",NA
"E6BB0424","409","6",3,1,"DIST-OPEN","available",NA
"E6BB0424","119","10",17,1,"DIST-OPEN","available",NA
"E6BB0424","118","2",12,1,"SEASON","SOLD","2025-10-06 04:11:01.055"
"E6BB0424","111","9",9,1,"DIST-OPEN","available",NA
"E6BB0424","116","3",13,1,"DIST-OPEN","SOLD","2026-02-18 01:06:33.037"
"E6BB0424","318","1",18,1,"DIST-OPEN","available",NA
"E6BB0424","407","10",9,1,"DIST-OPEN","SOLD","2026-04-14 07:58:04.917"
"E6BB0424","403","6",11,1,"GROUP","COMP","2026-01-09 09:49:19.081"
"E6BB0424","101","3",16,1,"DIST-OPEN","available",NA
"E6BB0424","310","1",16,1,"SEASON","SOLD","2025-10-26 06:53:31.012"
"E6BB0424","120","6",8,1,"COMP","HELD",NA
"E6BB0424","101","3",18,1,"DIST-OPEN","available",NA
"E6BB0424","318","4",19,1,"GROUP","HELD",NA
"E6BB0424","203","7",22,1,"DIST-OPEN","available",NA
"E6BB0424","311","8",12,1,"DIST-OPEN","SOLD","2026-01-19 07:26:16.523"
"E6BB0424","211","3",12,1,"SEASON","SOLD","2025-10-15 14:20:06.585"
"E6BB0424","308","9",5,1,"DIST-OPEN","SOLD","2025-11-30 22:55:51.765"
"E6BB0424","309","1",5,1,"SEASON","SOLD","2025-10-17 08:41:22.059"
"E6BB0424","104","2",5,1,"DIST-OPEN","available",NA
"E6BB0424","220","9",2,1,"DIST-OPEN","available",NA
"E6BB0424","110","2",15,1,"DIST-OPEN","available",NA
"E6BB0424","304","2",18,1,"SEASON","SOLD","2025-10-18 15:05:35.689"
"E6BB0424","307","10",24,1,"DIST-OPEN","available",NA
"E6BB0424","210","9",16,1,"COMP","HELD",NA
"E6BB0424","114","4",3,1,"DIST-OPEN","available",NA
"E6BB0424","405","6",12,1,"DIST-OPEN","SOLD","2026-02-05 12:31:08.127"
"E6BB0424","119","10",7,1,"DIST-OPEN","available",NA
"E6BB0424","302","5",24,1,"DIST-OPEN","available",NA
"E6BB0424","312","3",23,1,"DIST-OPEN","available",NA
"E6BB0424","406","6",18,1,"DIST-OPEN","COMP","2026-01-11 08:44:36.787"
"E6BB0424","203","10",3,1,"DIST-OPEN","available",NA
"E6BB0424","113","10",2,1,"DIST-OPEN","COMP","2026-03-08 08:18:44.837"
"E6BB0424","220","1",19,1,"GROUP","COMP","2026-03-27 14:43:18.813"
"E6BB0424","302","4",10,1,"SEASON","SOLD","2025-10-11 03:35:21.615"
"E6BB0424","202","3",11,1,"DIST-OPEN","SOLD","2025-11-25 04:45:22.170"
"E6BB0424","215","9",8,1,"DIST-OPEN","available",NA
"E6BB0424","202","5",23,1,"DIST-OPEN","available",NA
"E6BB0424","315","10",20,1,"DIST-OPEN","available",NA
"E6BB0424","319","10",19,1,"HOLD","HELD",NA
"E6BB0424","103","3",6,1,"DIST-OPEN","SOLD","2025-11-29 09:45:27.920"
"E6BB0424","113","5",12,1,"GROUP","HELD",NA
"E6BB0424","301","1",15,1,"COMP","HELD",NA
"E6BB0424","110","1",21,1,"DIST-OPEN","available",NA
"E6BB0424","318","10",7,1,"DIST-OPEN","SOLD","2025-12-19 02:31:09.998"
"E6BB0424","112","5",1,1,"DIST-OPEN","available",NA
"E6BB0424","107","5",4,1,"DIST-OPEN","SOLD","2026-01-06 16:01:42.798"
"E6BB0424","410","9",5,1,"SEASON","SOLD","2025-10-06 19:25:32.604"
"E6BB0424","318","9",24,1,"GROUP","COMP","2026-02-24 19:55:39.085"
"E6BB0424","207","9",21,1,"DIST-OPEN","SOLD","2026-03-17 09:31:27.344"
"E6BB0424","216","5",13,1,"SEASON","SOLD","2025-10-29 16:18:11.720"
"E6BB0424","212","7",22,1,"SEASON","SOLD","2025-10-14 09:43:06.735"
"E6BB0424","206","8",8,1,"DIST-OPEN","available",NA
"E6BB0424","407","6",3,1,"DIST-OPEN","available",NA
"E6BB0424","214","6",24,1,"COMP","HELD",NA
"E6BB0424","107","3",13,1,"COMP","HELD",NA
"E6BB0424","118","3",18,1,"DIST-OPEN","available",NA
"E6BB0424","320","8",5,1,"DIST-OPEN","SOLD","2025-12-15 18:41:38.975"
"E6BB0424","313","2",7,1,"SEASON","SOLD","2025-10-07 01:24:40.037"
"E6BB0424","201","7",21,1,"SEASON","SOLD","2025-10-09 05:25:48.093"
"E6BB0424","109","4",18,1,"DIST-OPEN","SOLD","2025-12-08 08:32:53.991"
"E6BB0424","409","10",9,1,"HOLD","HELD",NA
"E6BB0424","119","3",13,1,"SEASON","SOLD","2025-10-19 19:22:07.775"
"E6BB0424","118","5",10,1,"DIST-OPEN","available",NA
"E6BB0424","111","9",16,1,"DIST-OPEN","available",NA
"E6BB0424","116","10",6,1,"SEASON","SOLD","2025-10-25 12:54:37.155"
"E6BB0424","318","10",20,1,"DIST-OPEN","SOLD","2025-12-18 07:01:27.436"
"E6BB0424","407","1",1,1,"DIST-OPEN","SOLD","2026-04-07 17:26:22.915"
"E6BB0424","403","9",16,1,"DIST-OPEN","SOLD","2026-03-29 21:34:47.964"
"E6BB0424","101","4",4,1,"SEASON","SOLD","2025-10-18 02:09:48.352"
"E6BB0424","310","6",2,1,"HOLD","HELD",NA
"E6BB0424","120","2",11,1,"GROUP","HELD",NA
"E6BB0424","101","6",13,1,"DIST-OPEN","SOLD","2026-01-17 09:39:26.164"
"E6BB0424","318","2",12,1,"HOLD","HELD",NA
"E6BB0424","203","5",9,1,"DIST-OPEN","SOLD","2025-12-01 15:49:41.151"
"E6BB0424","311","10",20,1,"DIST-OPEN","available",NA
"E6BB0424","211","4",13,1,"DIST-OPEN","SOLD","2026-04-19 09:39:27.863"
"E6BB0424","308","6",15,1,"GROUP","HELD",NA
"E6BB0424","309","4",5,1,"SEASON","SOLD","2025-10-15 03:12:01.901"
"E6BB0424","104","8",3,1,"SEASON","SOLD","2025-10-05 19:35:28.286"
"E6BB0424","220","9",2,1,"DIST-OPEN","available",NA
"E6BB0424","110","9",12,1,"DIST-OPEN","SOLD","2026-01-28 15:12:11.359"
"E6BB0424","304","7",13,1,"HOLD","HELD",NA
"E6BB0424","307","10",23,1,"HOLD","HELD",NA
"E6BB0424","210","9",13,1,"DIST-OPEN","available",NA
"E6BB0424","114","8",16,1,"DIST-OPEN","available",NA
"E6BB0424","405","7",22,1,"HOLD","HELD",NA
"E6BB0424","119","8",14,1,"DIST-OPEN","available",NA
"E6BB0424","302","1",1,1,"DIST-OPEN","SOLD","2026-02-27 10:24:08.413"
"E6BB0424","312","7",2,1,"DIST-OPEN","COMP","2026-01-29 11:03:04.855"
"E6BB0424","406","5",20,1,"DIST-OPEN","available",NA
"E6BB0424","203","7",16,1,"SEASON","SOLD","2025-10-08 13:32:00.169"
"E6BB0424","113","7",19,1,"DIST-OPEN","available",NA
"E6BB0424","220","1",20,1,"COMP","HELD",NA
"E6BB0424","302","4",15,1,"SEASON","SOLD","2025-10-19 03:31:43.593"
"E6BB0424","202","2",15,1,"SEASON","SOLD","2025-10-04 01:40:44.163"
"E6BB0424","215","10",11,1,"DIST-OPEN","SOLD","2026-03-05 13:30:11.114"
"E6BB0424","202","5",1,1,"SEASON","SOLD","2025-10-08 07:16:20.268"
"E6BB0424","315","9",11,1,"DIST-OPEN","available",NA
"E6BB0424","319","10",21,1,"GROUP","HELD",NA
"E6BB0424","103","1",24,1,"DIST-OPEN","available",NA
"E6BB0424","113","8",23,1,"SEASON","SOLD","2025-10-30 08:20:18.847"
"E6BB0424","301","1",17,1,"DIST-OPEN","available",NA
"E6BB0424","110","8",4,1,"SEASON","SOLD","2025-10-26 23:27:30.248"
"E6BB0424","318","1",5,1,"DIST-OPEN","available",NA
"E6BB0424","112","10",8,1,"DIST-OPEN","SOLD","2026-03-19 11:50:45.362"
"E6BB0424","107","3",19,1,"DIST-OPEN","SOLD","2026-01-12 00:03:27.504"
"E6BB0424","410","7",15,1,"DIST-OPEN","COMP","2026-01-15 09:10:41.800"
"E6BB0424","318","7",6,1,"DIST-OPEN","SOLD","2026-02-11 15:32:36.637"
"E6BB0424","207","1",5,1,"DIST-OPEN","SOLD","2026-01-30 14:04:20.519"
"E6BB0424","216","6",22,1,"DIST-OPEN","SOLD","2026-01-25 09:30:31.248"
"E6BB0424","212","3",19,1,"DIST-OPEN","available",NA
"E6BB0424","206","7",16,1,"GROUP","HELD",NA
"E6BB0424","407","5",4,1,"DIST-OPEN","SOLD","2025-11-16 15:03:33.150"
"E6BB0424","214","10",1,1,"DIST-OPEN","SOLD","2025-12-20 16:15:16.617"
"E6BB0424","107","5",7,1,"SEASON","SOLD","2025-10-29 14:59:09.227"
"E6BB0424","118","6",15,1,"DIST-OPEN","SOLD","2026-04-11 12:34:25.123"
"E6BB0424","320","6",20,1,"GROUP","HELD",NA
"E6BB0424","313","7",6,1,"HOLD","HELD",NA
"E6BB0424","201","1",13,1,"HOLD","HELD",NA
"E6BB0424","109","9",24,1,"DIST-OPEN","available",NA
"E6BB0424","409","8",14,1,"SEASON","SOLD","2025-10-21 17:02:44.970"
"E6BB0424","119","8",4,1,"DIST-OPEN","available",NA
"E6BB0424","118","1",22,1,"SEASON","SOLD","2025-10-17 22:15:53.098"
"E6BB0424","111","1",16,1,"DIST-OPEN","COMP","2026-03-23 07:48:53.878"
"E6BB0424","116","7",7,1,"HOLD","HELD",NA
"E6BB0424","318","7",2,1,"DIST-OPEN","SOLD","2025-12-14 16:40:04.295"
"E6BB0424","407","8",3,1,"COMP","HELD",NA
"E6BB0424","403","6",9,1,"SEASON","SOLD","2025-10-13 17:02:09.044"
"E6BB0424","101","1",11,1,"DIST-OPEN","SOLD","2026-01-21 10:34:17.670"
"E6BB0424","310","1",16,1,"HOLD","HELD",NA
"E6BB0424","120","7",24,1,"DIST-OPEN","SOLD","2026-03-22 04:26:25.630"
"E6BB0424","101","2",20,1,"DIST-OPEN","COMP","2026-03-16 11:43:58.275"
"E6BB0424","318","3",24,1,"DIST-OPEN","available",NA
"E6BB0424","203","3",3,1,"COMP","COMP","2026-03-12 05:44:21.057"
"E6BB0424","311","3",1,1,"HOLD","HELD",NA
"E6BB0424","211","4",18,1,"DIST-OPEN","available",NA
"E6BB0424","308","6",18,1,"DIST-OPEN","available",NA
"E6BB0424","309","6",1,1,"DIST-OPEN","available",NA
"E6BB0424","104","7",3,1,"DIST-OPEN","available",NA
"E6BB0424","220","4",21,1,"COMP","HELD",NA
"E6BB0424","110","9",8,1,"DIST-OPEN","COMP","2026-02-26 23:14:09.805"
"E6BB0424","304","2",12,1,"COMP","HELD",NA
"E6BB0424","307","3",15,1,"DIST-OPEN","available",NA
"E6BB0424","210","1",13,1,"COMP","HELD",NA
"E6BB0424","114","5",5,1,"DIST-OPEN","available",NA
"E6BB0424","405","10",8,1,"DIST-OPEN","available",NA
"E6BB0424","119","8",3,1,"DIST-OPEN","SOLD","2026-01-29 16:53:55.968"
"E6BB0424","302","7",24,1,"SEASON","SOLD","2025-10-01 19:10:39.887"
"E6BB0424","312","8",23,1,"HOLD","HELD",NA
"E6BB0424","406","5",18,1,"GROUP","COMP","2026-01-04 00:51:14.342"
"E6BB0424","203","1",22,1,"DIST-OPEN","available",NA
"E6BB0424","113","8",17,1,"SEASON","SOLD","2025-10-04 22:18:53.116"
"E6BB0424","220","10",3,1,"HOLD","HELD",NA
"E6BB0424","302","7",22,1,"SEASON","SOLD","2025-10-12 07:13:50.100"
"E6BB0424","202","1",14,1,"GROUP","HELD",NA
"E6BB0424","215","2",9,1,"DIST-OPEN","SOLD","2025-12-10 10:22:51.051"
"E6BB0424","202","6",11,1,"DIST-OPEN","SOLD","2025-12-31 16:15:17.811"
"E6BB0424","315","5",15,1,"SEASON","SOLD","2025-10-12 00:17:37.209"
"E6BB0424","319","2",6,1,"SEASON","SOLD","2025-10-29 17:52:41.663"
"E6BB0424","103","10",21,1,"DIST-OPEN","available",NA
"E6BB0424","113","4",19,1,"DIST-OPEN","available",NA
"E6BB0424","301","3",6,1,"GROUP","HELD",NA
"E6BB0424","110","5",15,1,"DIST-OPEN","SOLD","2026-03-26 23:48:48.030"
"E6BB0424","318","3",5,1,"DIST-OPEN","SOLD","2026-01-14 00:15:38.490"
"E6BB0424","112","2",2,1,"HOLD","HELD",NA
"E6BB0424","107","9",12,1,"DIST-OPEN","SOLD","2025-11-29 11:21:43.384"
"E6BB0424","410","2",15,1,"COMP","COMP","2026-02-03 08:00:53.868"
"E6BB0424","318","8",15,1,"DIST-OPEN","available",NA
"E6BB0424","207","3",14,1,"SEASON","SOLD","2025-10-28 07:24:24.784"
"E6BB0424","216","6",19,1,"DIST-OPEN","SOLD","2025-11-24 01:13:39.923"
"E6BB0424","212","8",7,1,"SEASON","SOLD","2025-10-18 17:13:19.738"
"E6BB0424","206","2",14,1,"SEASON","SOLD","2025-10-17 12:40:57.096"
"E6BB0424","407","2",18,1,"DIST-OPEN","available",NA
"E6BB0424","214","10",14,1,"DIST-OPEN","SOLD","2026-01-15 19:40:08.988"
"E6BB0424","107","2",9,1,"SEASON","SOLD","2025-10-29 07:35:43.501"
"E6BB0424","118","9",2,1,"HOLD","HELD",NA
"E6BB0424","320","3",16,1,"HOLD","HELD",NA
"E6BB0424","313","1",8,1,"DIST-OPEN","available",NA
"E6BB0424","201","1",17,1,"HOLD","HELD",NA
"E6BB0424","109","6",3,1,"DIST-OPEN","available",NA
"E6BB0424","409","1",20,1,"SEASON","SOLD","2025-10-10 01:32:07.402"
"E6BB0424","119","1",23,1,"DIST-OPEN","available",NA
"E6BB0424","118","9",7,1,"DIST-OPEN","SOLD","2026-04-02 15:04:44.087"
"E6BB0424","111","1",1,1,"SEASON","SOLD","2025-10-21 00:04:15.484"
"E6BB0424","116","9",4,1,"DIST-OPEN","SOLD","2026-03-15 21:45:26.858"
"E6BB0424","318","7",6,1,"DIST-OPEN","SOLD","2026-01-16 11:06:23.407"
"E6BB0424","407","3",20,1,"SEASON","SOLD","2025-10-05 23:56:14.926"
"E6BB0424","403","1",5,1,"DIST-OPEN","SOLD","2026-04-15 00:01:32.820"
"E6BB0424","101","9",5,1,"SEASON","SOLD","2025-10-16 15:14:00.312"
"E6BB0424","310","8",24,1,"DIST-OPEN","available",NA
"E6BB0424","120","2",11,1,"DIST-OPEN","SOLD","2026-04-18 05:33:31.096"
"E6BB0424","101","8",20,1,"SEASON","SOLD","2025-10-20 14:55:30.927"
"E6BB0424","318","5",18,1,"DIST-OPEN","SOLD","2026-04-12 12:23:56.356"
"E6BB0424","203","7",8,1,"DIST-OPEN","available",NA
"E6BB0424","311","9",3,1,"GROUP","HELD",NA
"E6BB0424","211","5",13,1,"SEASON","SOLD","2025-10-08 22:05:45.025"
"E6BB0424","308","1",5,1,"GROUP","HELD",NA
"E6BB0424","309","2",22,1,"DIST-OPEN","available",NA
"E6BB0424","104","3",17,1,"DIST-OPEN","available",NA
"E6BB0424","220","1",4,1,"HOLD","HELD",NA
"E6BB0424","110","5",20,1,"SEASON","SOLD","2025-10-25 08:13:10.673"
"E6BB0424","304","4",20,1,"HOLD","HELD",NA
"E6BB0424","307","3",7,1,"DIST-OPEN","SOLD","2026-04-18 01:43:27.158"
"E6BB0424","210","10",12,1,"DIST-OPEN","SOLD","2025-12-11 12:08:47.331"
"E6BB0424","114","9",8,1,"DIST-OPEN","available",NA
"E6BB0424","405","1",10,1,"GROUP","HELD",NA
"E6BB0424","119","1",3,1,"DIST-OPEN","available",NA
"E6BB0424","302","4",20,1,"DIST-OPEN","SOLD","2026-02-05 00:00:17.258"
"E6BB0424","312","1",24,1,"DIST-OPEN","available",NA
"E6BB0424","406","1",16,1,"DIST-OPEN","available",NA
"E6BB0424","203","1",24,1,"SEASON","SOLD","2025-10-04 19:56:21.287"
"E6BB0424","113","9",23,1,"COMP","HELD",NA
"E6BB0424","220","2",16,1,"SEASON","SOLD","2025-10-08 16:10:13.395"
"E6BB0424","302","4",7,1,"GROUP","HELD",NA
"E6BB0424","202","10",19,1,"DIST-OPEN","SOLD","2026-03-30 13:26:55.958"
"E6BB0424","215","7",17,1,"DIST-OPEN","COMP","2026-01-21 11:43:10.693"
"E6BB0424","202","2",17,1,"DIST-OPEN","available",NA
"E6BB0424","315","10",22,1,"SEASON","SOLD","2025-10-09 00:26:58.664"
"E6BB0424","319","7",14,1,"HOLD","HELD",NA
"E6BB0424","103","9",23,1,"DIST-OPEN","available",NA
"E6BB0424","113","5",9,1,"DIST-OPEN","available",NA
"E6BB0424","301","9",10,1,"HOLD","HELD",NA
"E6BB0424","110","1",20,1,"DIST-OPEN","available",NA
"E6BB0424","318","2",24,1,"DIST-OPEN","SOLD","2026-02-23 22:24:47.350"
"E6BB0424","112","1",3,1,"HOLD","HELD",NA
"E6BB0424","107","1",20,1,"HOLD","HELD",NA
"E6BB0424","410","3",3,1,"SEASON","SOLD","2025-10-11 22:03:58.332"
"E6BB0424","318","9",19,1,"DIST-OPEN","available",NA
"E6BB0424","207","4",23,1,"SEASON","SOLD","2025-10-16 23:19:11.634"
"E6BB0424","216","6",22,1,"DIST-OPEN","available",NA
"E6BB0424","212","7",4,1,"SEASON","SOLD","2025-10-24 15:48:43.909"
"E6BB0424","206","3",11,1,"DIST-OPEN","available",NA
"E6BB0424","407","8",17,1,"DIST-OPEN","available",NA
"E6BB0424","214","5",18,1,"DIST-OPEN","SOLD","2026-01-21 06:36:04.063"
"E6BB0424","107","9",3,1,"DIST-OPEN","available",NA
"E6BB0424","118","4",14,1,"GROUP","HELD",NA
"E6BB0424","320","7",11,1,"DIST-OPEN","SOLD","2026-01-03 18:46:03.516"
"E6BB0424","313","9",15,1,"HOLD","HELD",NA
"E6BB0424","201","5",9,1,"DIST-OPEN","available",NA
"E6BB0424","109","8",13,1,"COMP","HELD",NA
"E6BB0424","409","7",15,1,"DIST-OPEN","SOLD","2026-04-23 17:57:18.180"
"E6BB0424","119","6",5,1,"DIST-OPEN","available",NA
"E6BB0424","118","1",9,1,"DIST-OPEN","COMP","2026-03-03 12:19:36.659"
"E6BB0424","111","3",17,1,"DIST-OPEN","available",NA
"E6BB0424","116","10",2,1,"DIST-OPEN","available",NA
"E6BB0424","318","10",5,1,"DIST-OPEN","available",NA
"E6BB0424","407","7",7,1,"SEASON","SOLD","2025-10-28 12:27:20.809"
"E6BB0424","403","5",18,1,"DIST-OPEN","available",NA
"E6BB0424","101","5",15,1,"HOLD","HELD",NA
"E6BB0424","310","1",21,1,"DIST-OPEN","available",NA
"E6BB0424","120","9",18,1,"DIST-OPEN","available",NA
"E6BB0424","101","9",5,1,"HOLD","HELD",NA
"E6BB0424","318","7",2,1,"DIST-OPEN","SOLD","2026-02-25 14:46:05.296"
"E6BB0424","203","7",18,1,"DIST-OPEN","available",NA
"E6BB0424","311","1",12,1,"DIST-OPEN","available",NA
"E6BB0424","211","6",24,1,"DIST-OPEN","SOLD","2026-04-21 16:13:03.351"
"E6BB0424","308","7",12,1,"DIST-OPEN","available",NA
"E6BB0424","309","5",6,1,"DIST-OPEN","SOLD","2026-01-05 09:08:35.175"
"E6BB0424","104","8",19,1,"DIST-OPEN","available",NA
"E6BB0424","220","5",9,1,"DIST-OPEN","COMP","2026-03-20 18:54:02.190"
"E6BB0424","110","2",21,1,"DIST-OPEN","SOLD","2025-12-30 18:33:50.929"
"E6BB0424","304","5",10,1,"DIST-OPEN","available",NA
"E6BB0424","307","1",5,1,"DIST-OPEN","SOLD","2025-12-31 14:28:23.254"
"E6BB0424","210","6",21,1,"SEASON","SOLD","2025-10-01 12:48:17.490"
"E6BB0424","114","10",19,1,"DIST-OPEN","SOLD","2026-02-19 22:09:18.054"
"E6BB0424","405","5",17,1,"SEASON","SOLD","2025-10-26 03:18:39.147"
"E6BB0424","119","10",17,1,"HOLD","HELD",NA
"E6BB0424","302","4",19,1,"SEASON","SOLD","2025-10-14 03:19:37.067"
"E6BB0424","312","2",13,1,"DIST-OPEN","SOLD","2025-12-20 17:47:38.646"
"E6BB0424","406","4",10,1,"DIST-OPEN","SOLD","2026-01-24 15:49:20.935"
"E6BB0424","203","2",7,1,"DIST-OPEN","COMP","2026-01-14 05:29:28.328"
"E6BB0424","113","1",17,1,"HOLD","HELD",NA
"E6BB0424","220","9",23,1,"SEASON","SOLD","2025-10-19 13:45:27.654"
"E6BB0424","302","2",4,1,"HOLD","HELD",NA
"E6BB0424","202","5",22,1,"SEASON","SOLD","2025-10-23 22:55:50.497"
"E6BB0424","215","8",13,1,"DIST-OPEN","COMP","2026-02-10 08:36:19.108"
"E6BB0424","202","10",23,1,"DIST-OPEN","available",NA
"E6BB0424","315","8",14,1,"DIST-OPEN","available",NA
"E6BB0424","319","1",22,1,"HOLD","HELD",NA
"E6BB0424","103","4",24,1,"SEASON","SOLD","2025-10-04 12:27:17.337"
"E6BB0424","113","2",22,1,"SEASON","SOLD","2025-10-21 20:09:59.475"
"E6BB0424","301","3",19,1,"DIST-OPEN","available",NA
"E6BB0424","110","6",12,1,"DIST-OPEN","available",NA
"E6BB0424","318","8",15,1,"DIST-OPEN","available",NA
"E6BB0424","112","3",13,1,"DIST-OPEN","available",NA
"E6BB0424","107","1",1,1,"DIST-OPEN","SOLD","2025-12-27 04:03:05.903"
"E6BB0424","410","9",9,1,"HOLD","HELD",NA
"E6BB0424","318","10",7,1,"DIST-OPEN","available",NA
"E6BB0424","207","2",2,1,"HOLD","HELD",NA
"E6BB0424","216","9",20,1,"DIST-OPEN","available",NA
"E6BB0424","212","10",5,1,"DIST-OPEN","SOLD","2026-03-02 15:22:41.124"
"E6BB0424","206","3",5,1,"DIST-OPEN","COMP","2026-02-14 10:14:11.013"
"E6BB0424","407","9",17,1,"DIST-OPEN","SOLD","2026-01-26 09:38:52.345"
"E6BB0424","214","7",9,1,"DIST-OPEN","available",NA
"E6BB0424","107","9",4,1,"DIST-OPEN","COMP","2026-02-11 01:23:23.178"
"E6BB0424","118","7",23,1,"DIST-OPEN","available",NA
"E6BB0424","320","6",18,1,"DIST-OPEN","COMP","2026-03-26 14:54:19.187"
"E6BB0424","313","6",23,1,"DIST-OPEN","available",NA
"E6BB0424","201","7",11,1,"HOLD","HELD",NA
"E6BB0424","109","5",15,1,"DIST-OPEN","available",NA
"E6BB0424","409","6",9,1,"DIST-OPEN","available",NA
"E6BB0424","119","7",9,1,"DIST-OPEN","available",NA
"E6BB0424","118","4",3,1,"COMP","HELD",NA
"E6BB0424","111","10",8,1,"DIST-OPEN","SOLD","2025-12-17 21:23:37.203"
"E6BB0424","116","2",11,1,"DIST-OPEN","SOLD","2026-04-17 15:49:18.412"
"E6BB0424","318","5",21,1,"GROUP","HELD",NA
"E6BB0424","407","9",15,1,"DIST-OPEN","COMP","2026-02-06 18:13:21.465"
"E6BB0424","403","2",6,1,"DIST-OPEN","available",NA
"E6BB0424","101","9",17,1,"DIST-OPEN","available",NA
"E6BB0424","310","7",10,1,"SEASON","SOLD","2025-10-22 23:54:58.625"
"E6BB0424","120","8",17,1,"DIST-OPEN","SOLD","2025-12-24 18:32:55.048"
"E6BB0424","101","5",23,1,"DIST-OPEN","SOLD","2026-02-01 20:34:36.081"
"E6BB0424","318","2",23,1,"DIST-OPEN","SOLD","2026-04-17 14:54:20.817"
"E6BB0424","203","8",19,1,"DIST-OPEN","available",NA
"E6BB0424","311","2",15,1,"DIST-OPEN","available",NA
"E6BB0424","211","8",24,1,"DIST-OPEN","SOLD","2025-12-31 05:51:07.318"
"E6BB0424","308","3",18,1,"SEASON","SOLD","2025-10-29 00:21:28.315"
"E6BB0424","309","9",11,1,"SEASON","SOLD","2025-10-27 16:49:22.005"
"E6BB0424","104","9",14,1,"DIST-OPEN","SOLD","2026-03-20 22:20:22.011"
"E6BB0424","220","8",12,1,"DIST-OPEN","available",NA
"E6BB0424","110","8",8,1,"DIST-OPEN","available",NA
"E6BB0424","304","3",19,1,"DIST-OPEN","available",NA
"E6BB0424","307","2",3,1,"DIST-OPEN","SOLD","2026-03-02 01:02:43.929"
"E6BB0424","210","3",13,1,"HOLD","HELD",NA
"E6BB0424","114","2",10,1,"DIST-OPEN","available",NA
"E6BB0424","405","7",7,1,"SEASON","SOLD","2025-10-08 23:00:59.110"
"E6BB0424","119","3",11,1,"DIST-OPEN","available",NA
"E6BB0424","302","5",20,1,"SEASON","SOLD","2025-10-16 13:57:18.235"
"E6BB0424","312","4",21,1,"DIST-OPEN","available",NA
"E6BB0424","406","3",14,1,"DIST-OPEN","available",NA
"E6BB0424","203","6",9,1,"DIST-OPEN","available",NA
"E6BB0424","113","5",5,1,"DIST-OPEN","SOLD","2026-01-16 04:24:24.904"
"E6BB0424","220","5",11,1,"COMP","HELD",NA
"E6BB0424","302","4",5,1,"DIST-OPEN","available",NA
"E6BB0424","202","1",24,1,"SEASON","SOLD","2025-10-24 06:54:31.326"
"E6BB0424","215","3",16,1,"HOLD","HELD",NA
"E6BB0424","202","6",24,1,"DIST-OPEN","available",NA
"E6BB0424","315","8",21,1,"DIST-OPEN","available",NA
"E6BB0424","319","10",21,1,"SEASON","SOLD","2025-10-12 15:14:09.553"
"E6BB0424","103","7",14,1,"HOLD","HELD",NA
"E6BB0424","113","10",19,1,"DIST-OPEN","available",NA
"E6BB0424","301","9",13,1,"HOLD","HELD",NA
"E6BB0424","110","8",13,1,"SEASON","SOLD","2025-10-05 04:39:37.261"
"E6BB0424","318","10",18,1,"HOLD","HELD",NA
"E6BB0424","112","2",2,1,"SEASON","SOLD","2025-10-12 08:19:09.405"
"E6BB0424","107","10",22,1,"DIST-OPEN","available",NA
"E6BB0424","410","5",17,1,"DIST-OPEN","SOLD","2025-11-30 18:06:49.774"
"E6BB0424","318","2",6,1,"HOLD","HELD",NA
"E6BB0424","207","7",13,1,"DIST-OPEN","SOLD","2026-04-19 14:20:28.635"
"E6BB0424","216","4",21,1,"HOLD","HELD",NA
"E6BB0424","212","4",20,1,"DIST-OPEN","SOLD","2025-12-21 05:02:27.922"
"E6BB0424","206","8",19,1,"SEASON","SOLD","2025-10-29 07:36:10.066"
"E6BB0424","407","7",15,1,"DIST-OPEN","SOLD","2026-03-11 22:20:54.113"
"E6BB0424","214","7",23,1,"HOLD","COMP","2026-03-16 18:05:35.295"
"E6BB0424","107","2",15,1,"HOLD","HELD",NA
"E6BB0424","118","8",21,1,"HOLD","COMP","2026-03-13 00:17:19.916"
"E6BB0424","320","10",23,1,"DIST-OPEN","SOLD","2026-03-11 16:13:20.914"
"E6BB0424","313","5",22,1,"DIST-OPEN","SOLD","2026-03-19 05:02:23.299"
"E6BB0424","201","6",13,1,"SEASON","SOLD","2025-10-23 14:08:07.677"
"E6BB0424","109","9",9,1,"DIST-OPEN","SOLD","2025-11-27 04:23:44.157"
"E6BB0424","409","10",7,1,"HOLD","HELD",NA
"E6BB0424","119","9",17,1,"DIST-OPEN","SOLD","2025-12-23 13:32:41.356"
"E6BB0424","118","1",1,1,"DIST-OPEN","SOLD","2025-11-22 15:24:19.498"
"E6BB0424","111","9",12,1,"DIST-OPEN","SOLD","2026-02-11 18:50:50.484"
"E6BB0424","116","8",18,1,"DIST-OPEN","COMP","2026-01-19 08:19:21.204"
"E6BB0424","318","3",15,1,"SEASON","SOLD","2025-10-05 13:20:59.932"
"E6BB0424","407","3",11,1,"HOLD","HELD",NA
"E6BB0424","403","5",15,1,"SEASON","SOLD","2025-10-14 19:01:11.389"
"E6BB0424","101","7",21,1,"HOLD","HELD",NA
"E6BB0424","310","3",8,1,"DIST-OPEN","available",NA
"E6BB0424","120","8",10,1,"DIST-OPEN","COMP","2026-01-05 01:04:54.158"
"E6BB0424","101","3",19,1,"DIST-OPEN","SOLD","2026-03-10 11:24:34.419"
"E6BB0424","318","5",4,1,"SEASON","SOLD","2025-10-03 21:47:54.732"
"E6BB0424","203","6",22,1,"DIST-OPEN","available",NA
"E6BB0424","311","5",18,1,"DIST-OPEN","available",NA
"E6BB0424","211","9",23,1,"DIST-OPEN","SOLD","2025-12-12 21:43:15.381"
"E6BB0424","308","9",8,1,"SEASON","SOLD","2025-10-17 03:04:25.643"
"E6BB0424","309","5",22,1,"DIST-OPEN","SOLD","2026-03-01 23:42:29.100"
"E6BB0424","104","9",23,1,"DIST-OPEN","SOLD","2026-01-03 11:11:06.538"
"E6BB0424","220","9",9,1,"DIST-OPEN","SOLD","2026-02-07 03:40:20.936"
"E6BB0424","110","4",24,1,"COMP","HELD",NA
"E6BB0424","304","10",5,1,"DIST-OPEN","available",NA
"E6BB0424","307","3",20,1,"DIST-OPEN","available",NA
"E6BB0424","210","2",16,1,"GROUP","HELD",NA
"E6BB0424","114","5",3,1,"DIST-OPEN","COMP","2026-01-07 02:15:50.868"
"E6BB0424","405","3",10,1,"SEASON","SOLD","2025-10-12 05:44:29.785"
"E6BB0424","119","7",2,1,"DIST-OPEN","available",NA
"E6BB0424","302","9",23,1,"HOLD","HELD",NA
"E6BB0424","312","7",5,1,"DIST-OPEN","available",NA
"E6BB0424","406","6",5,1,"SEASON","SOLD","2025-10-29 23:02:37.192"
"E6BB0424","203","10",19,1,"DIST-OPEN","available",NA
"E6BB0424","113","3",9,1,"DIST-OPEN","COMP","2026-03-28 11:05:58.993"
"E6BB0424","220","3",7,1,"DIST-OPEN","SOLD","2025-12-10 10:42:46.943"
"E6BB0424","302","9",10,1,"HOLD","HELD",NA
"E6BB0424","202","8",10,1,"DIST-OPEN","SOLD","2025-11-18 07:28:22.515"
"E6BB0424","215","8",21,1,"DIST-OPEN","SOLD","2026-01-19 12:13:56.344"
"E6BB0424","202","7",4,1,"HOLD","HELD",NA
"E6BB0424","315","5",19,1,"SEASON","SOLD","2025-10-24 20:42:02.565"
"E6BB0424","319","10",16,1,"DIST-OPEN","available",NA
"E6BB0424","103","3",14,1,"HOLD","HELD",NA
"E6BB0424","113","3",18,1,"DIST-OPEN","SOLD","2025-12-19 08:25:49.648"
"E6BB0424","301","7",10,1,"DIST-OPEN","SOLD","2025-12-18 11:30:04.720"
"E6BB0424","110","8",20,1,"DIST-OPEN","available",NA
"E6BB0424","318","9",24,1,"GROUP","HELD",NA
"E6BB0424","112","1",11,1,"GROUP","HELD",NA
"E6BB0424","107","4",21,1,"SEASON","SOLD","2025-10-16 05:39:26.802"
"E6BB0424","410","5",9,1,"GROUP","HELD",NA
"E6BB0424","318","4",10,1,"HOLD","HELD",NA
"E6BB0424","207","9",22,1,"DIST-OPEN","available",NA
"E6BB0424","216","10",4,1,"SEASON","SOLD","2025-10-25 01:55:19.728"
"E6BB0424","212","9",16,1,"DIST-OPEN","available",NA
"E6BB0424","206","3",12,1,"SEASON","SOLD","2025-10-16 19:25:05.977"
"E6BB0424","407","6",9,1,"DIST-OPEN","SOLD","2026-03-01 23:42:06.638"
"E6BB0424","214","4",8,1,"HOLD","HELD",NA
"E6BB0424","107","5",8,1,"HOLD","HELD",NA
"E6BB0424","118","6",9,1,"GROUP","HELD",NA
"E6BB0424","320","2",17,1,"HOLD","HELD",NA
"E6BB0424","313","6",6,1,"COMP","HELD",NA
"E6BB0424","201","9",17,1,"DIST-OPEN","SOLD","2025-11-30 01:54:35.499"
"E6BB0424","109","1",18,1,"DIST-OPEN","COMP","2026-03-27 10:08:21.773"
"E6BB0424","409","1",9,1,"HOLD","HELD",NA
"E6BB0424","119","5",12,1,"SEASON","SOLD","2025-10-17 11:57:06.960"
"E6BB0424","118","9",9,1,"DIST-OPEN","SOLD","2026-01-15 18:43:28.067"
"E6BB0424","111","1",12,1,"SEASON","SOLD","2025-10-17 18:50:38.910"
"E6BB0424","116","5",20,1,"HOLD","HELD",NA
"E6BB0424","318","7",2,1,"DIST-OPEN","SOLD","2026-04-06 19:12:12.984"
"E6BB0424","407","1",20,1,"DIST-OPEN","SOLD","2026-01-06 10:34:47.676"
"E6BB0424","403","2",12,1,"DIST-OPEN","SOLD","2025-12-22 08:37:36.412"
"E6BB0424","101","5",14,1,"HOLD","HELD",NA
"E6BB0424","310","2",15,1,"COMP","HELD",NA
"E6BB0424","120","5",22,1,"COMP","HELD",NA
"E6BB0424","101","10",21,1,"DIST-OPEN","SOLD","2026-01-04 16:39:14.327"
"E6BB0424","318","6",11,1,"SEASON","SOLD","2025-10-14 14:25:27.065"
"E6BB0424","203","7",20,1,"DIST-OPEN","available",NA
"E6BB0424","311","7",1,1,"SEASON","SOLD","2025-10-27 08:25:47.330"
"E6BB0424","211","1",12,1,"DIST-OPEN","SOLD","2025-11-30 08:06:43.038"
"E6BB0424","308","2",3,1,"GROUP","HELD",NA
"E6BB0424","309","8",3,1,"SEASON","SOLD","2025-10-31 07:28:51.200"
"E6BB0424","104","4",19,1,"DIST-OPEN","SOLD","2026-01-29 16:57:20.783"
"E6BB0424","220","2",20,1,"DIST-OPEN","available",NA
"E6BB0424","110","2",13,1,"SEASON","SOLD","2025-10-16 14:55:43.364"
"E6BB0424","304","1",10,1,"DIST-OPEN","available",NA
"E6BB0424","307","9",10,1,"DIST-OPEN","available",NA
"E6BB0424","210","2",4,1,"SEASON","SOLD","2025-10-12 22:46:29.269"
"E6BB0424","114","3",11,1,"DIST-OPEN","available",NA
"E6BB0424","405","6",12,1,"DIST-OPEN","available",NA
"E6BB0424","119","10",20,1,"DIST-OPEN","available",NA
"E6BB0424","302","3",13,1,"COMP","HELD",NA
"E6BB0424","312","2",5,1,"DIST-OPEN","SOLD","2025-12-25 08:16:17.019"
"E6BB0424","406","8",5,1,"DIST-OPEN","available",NA
"E6BB0424","203","7",2,1,"GROUP","COMP","2026-03-31 04:50:16.521"
"E6BB0424","113","5",4,1,"SEASON","SOLD","2025-10-13 16:24:43.715"
"E6BB0424","220","4",15,1,"COMP","HELD",NA
"E6BB0424","302","9",19,1,"SEASON","SOLD","2025-10-22 07:03:30.878"
"E6BB0424","202","10",22,1,"DIST-OPEN","SOLD","2026-03-31 06:01:35.348"
"E6BB0424","215","9",22,1,"DIST-OPEN","SOLD","2026-02-04 05:00:09.455"
"E6BB0424","202","2",13,1,"DIST-OPEN","available",NA
"E6BB0424","315","4",10,1,"DIST-OPEN","SOLD","2026-01-29 07:44:01.771"
"E6BB0424","319","1",6,1,"DIST-OPEN","available",NA
"E6BB0424","103","2",13,1,"DIST-OPEN","SOLD","2026-04-10 17:29:26.579"
"E6BB0424","113","4",11,1,"GROUP","HELD",NA
"E6BB0424","301","5",13,1,"DIST-OPEN","available",NA
"E6BB0424","110","3",10,1,"SEASON","SOLD","2025-10-06 13:35:14.440"
"E6BB0424","318","9",22,1,"DIST-OPEN","COMP","2026-02-16 18:49:41.154"
"E6BB0424","112","4",7,1,"GROUP","HELD",NA
"E6BB0424","107","10",7,1,"DIST-OPEN","available",NA
"E6BB0424","410","2",10,1,"COMP","HELD",NA
"E6BB0424","318","4",16,1,"DIST-OPEN","available",NA
"E6BB0424","207","2",23,1,"SEASON","SOLD","2025-10-03 11:11:09.768"
"E6BB0424","216","5",2,1,"SEASON","SOLD","2025-10-12 09:39:17.434"
"E6BB0424","212","7",19,1,"COMP","HELD",NA
"E6BB0424","206","6",13,1,"DIST-OPEN","COMP","2026-03-12 02:25:31.398"
"E6BB0424","407","5",3,1,"DIST-OPEN","available",NA
"E6BB0424","214","6",6,1,"GROUP","HELD",NA
"E6BB0424","107","1",20,1,"DIST-OPEN","SOLD","2026-01-23 13:28:01.136"
"E6BB0424","118","3",3,1,"SEASON","SOLD","2025-10-18 16:41:46.307"
"E6BB0424","320","6",8,1,"SEASON","SOLD","2025-10-12 01:11:24.102"
"E6BB0424","313","5",18,1,"DIST-OPEN","SOLD","2026-02-04 22:51:21.662"
"E6BB0424","201","4",1,1,"DIST-OPEN","available",NA
"E6BB0424","109","10",13,1,"DIST-OPEN","available",NA
"E6BB0424","409","5",12,1,"GROUP","COMP","2026-03-10 14:07:45.515"
"E6BB0424","119","2",20,1,"DIST-OPEN","SOLD","2026-04-17 13:39:06.624"
"E6BB0424","118","1",17,1,"DIST-OPEN","SOLD","2026-03-28 12:29:48.827"
"E6BB0424","111","1",1,1,"DIST-OPEN","available",NA
"E6BB0424","116","2",11,1,"SEASON","SOLD","2025-10-20 22:01:43.232"
"E6BB0424","318","7",13,1,"DIST-OPEN","SOLD","2026-03-20 01:44:14.639"
"E6BB0424","407","7",2,1,"GROUP","HELD",NA
"E6BB0424","403","2",15,1,"HOLD","HELD",NA
"E6BB0424","101","2",6,1,"SEASON","SOLD","2025-10-24 08:04:11.287"
"E6BB0424","310","2",24,1,"SEASON","SOLD","2025-10-10 14:15:16.220"
"E6BB0424","120","1",20,1,"HOLD","HELD",NA
"E6BB0424","101","1",12,1,"HOLD","HELD",NA
"E6BB0424","318","3",16,1,"SEASON","SOLD","2025-10-23 21:22:29.280"
"E6BB0424","203","3",14,1,"DIST-OPEN","available",NA
"E6BB0424","311","4",18,1,"GROUP","HELD",NA
"E6BB0424","211","3",22,1,"DIST-OPEN","SOLD","2026-01-09 20:10:17.172"
"E6BB0424","308","1",1,1,"HOLD","HELD",NA
"E6BB0424","309","8",17,1,"DIST-OPEN","available",NA
"E6BB0424","104","7",9,1,"DIST-OPEN","COMP","2026-03-14 08:42:54.926"
"E6BB0424","220","2",1,1,"SEASON","SOLD","2025-10-07 23:34:11.001"
"E6BB0424","110","3",4,1,"HOLD","HELD",NA
"E6BB0424","304","3",9,1,"GROUP","HELD",NA
"E6BB0424","307","1",14,1,"DIST-OPEN","COMP","2026-02-13 08:56:49.587"
"E6BB0424","210","5",10,1,"DIST-OPEN","available",NA
"E6BB0424","114","10",4,1,"COMP","HELD",NA
"E6BB0424","405","1",5,1,"SEASON","SOLD","2025-10-15 05:57:55.065"
"E6BB0424","119","7",23,1,"SEASON","SOLD","2025-10-11 12:03:25.364"
"E6BB0424","302","10",6,1,"DIST-OPEN","available",NA
"E6BB0424","312","6",8,1,"DIST-OPEN","SOLD","2025-11-27 07:28:33.229"
"E6BB0424","406","6",1,1,"SEASON","SOLD","2025-10-09 12:38:27.250"
"E6BB0424","203","5",10,1,"DIST-OPEN","available",NA
"E6BB0424","113","9",20,1,"DIST-OPEN","available",NA
"E6BB0424","220","5",24,1,"SEASON","SOLD","2025-10-02 16:11:21.185"
"E6BB0424","302","2",4,1,"GROUP","HELD",NA
"E6BB0424","202","8",18,1,"COMP","HELD",NA
"E6BB0424","215","6",3,1,"SEASON","SOLD","2025-10-20 14:52:32.571"
"E6BB0424","202","4",10,1,"GROUP","HELD",NA
"E6BB0424","315","5",4,1,"HOLD","HELD",NA
"E6BB0424","319","9",7,1,"HOLD","HELD",NA
"E6BB0424","103","5",5,1,"COMP","COMP","2026-01-21 08:08:03.387"
"E6BB0424","113","5",24,1,"SEASON","SOLD","2025-10-13 20:00:05.591"
"E6BB0424","301","2",22,1,"COMP","HELD",NA
"E6BB0424","110","2",12,1,"HOLD","HELD",NA
"E6BB0424","318","4",10,1,"DIST-OPEN","available",NA
"E6BB0424","112","2",23,1,"DIST-OPEN","SOLD","2025-12-26 03:02:25.186"
"E6BB0424","107","2",13,1,"SEASON","SOLD","2025-10-11 21:52:51.982"
"E6BB0424","410","6",9,1,"GROUP","HELD",NA
"E6BB0424","318","7",18,1,"SEASON","SOLD","2025-10-14 15:41:36.685"
"E6BB0424","207","4",1,1,"SEASON","SOLD","2025-10-01 21:14:00.186"
"E6BB0424","216","8",22,1,"COMP","HELD",NA
"E6BB0424","212","7",20,1,"DIST-OPEN","SOLD","2026-03-15 12:32:49.489"
"E6BB0424","206","2",16,1,"SEASON","SOLD","2025-10-08 12:54:27.916"
"E6BB0424","407","5",14,1,"DIST-OPEN","COMP","2026-02-13 14:42:02.880"
"E6BB0424","214","1",8,1,"DIST-OPEN","SOLD","2026-01-10 06:48:14.178"
"E6BB0424","107","1",17,1,"DIST-OPEN","available",NA
"E6BB0424","118","4",17,1,"GROUP","HELD",NA
"E6BB0424","320","1",16,1,"DIST-OPEN","available",NA
"E6BB0424","313","3",2,1,"DIST-OPEN","SOLD","2026-03-18 11:07:32.560"
"E6BB0424","201","2",4,1,"DIST-OPEN","available",NA
"E6BB0424","109","10",20,1,"HOLD","HELD",NA
"E6BB0424","409","2",12,1,"DIST-OPEN","SOLD","2026-03-06 19:08:43.750"
"E6BB0424","119","8",15,1,"SEASON","SOLD","2025-10-14 13:27:06.563"
"E6BB0424","118","10",6,1,"SEASON","SOLD","2025-10-03 20:23:03.104"
"E6BB0424","111","3",5,1,"DIST-OPEN","available",NA
"E6BB0424","116","8",1,1,"GROUP","HELD",NA
"E6BB0424","318","3",7,1,"DIST-OPEN","available",NA
"E6BB0424","407","9",20,1,"DIST-OPEN","SOLD","2025-11-23 11:53:28.589"
"E6BB0424","403","3",5,1,"DIST-OPEN","available",NA
"E6BB0424","101","10",1,1,"DIST-OPEN","SOLD","2026-01-18 01:20:36.650"
"E6BB0424","310","2",14,1,"DIST-OPEN","SOLD","2026-04-21 01:56:32.754"
"E6BB0424","120","6",13,1,"HOLD","HELD",NA
"E6BB0424","101","2",20,1,"HOLD","HELD",NA
"E6BB0424","318","6",21,1,"DIST-OPEN","available",NA
"E6BB0424","203","2",19,1,"DIST-OPEN","SOLD","2026-02-13 02:15:47.513"
"E6BB0424","311","7",9,1,"HOLD","HELD",NA
"E6BB0424","211","9",22,1,"DIST-OPEN","SOLD","2025-11-26 23:00:28.563"
"E6BB0424","308","2",13,1,"DIST-OPEN","SOLD","2025-12-21 13:00:14.037"
"E6BB0424","309","8",11,1,"DIST-OPEN","SOLD","2025-11-19 18:36:29.996"
"E6BB0424","104","9",19,1,"DIST-OPEN","available",NA
"E6BB0424","220","4",10,1,"DIST-OPEN","SOLD","2026-01-09 12:54:00.893"
"E6BB0424","110","10",21,1,"GROUP","HELD",NA
"E6BB0424","304","3",20,1,"SEASON","SOLD","2025-10-27 23:05:01.847"
"E6BB0424","307","1",12,1,"SEASON","SOLD","2025-10-22 14:10:19.289"
"E6BB0424","210","8",21,1,"HOLD","HELD",NA
"E6BB0424","114","7",22,1,"DIST-OPEN","available",NA
"E6BB0424","405","9",8,1,"DIST-OPEN","available",NA
"E6BB0424","119","6",16,1,"DIST-OPEN","SOLD","2026-01-08 04:34:10.411"
"E6BB0424","302","9",24,1,"COMP","COMP","2026-01-04 02:49:02.929"
"E6BB0424","312","1",2,1,"DIST-OPEN","COMP","2026-03-04 18:31:34.373"
"E6BB0424","406","3",6,1,"COMP","HELD",NA
"E6BB0424","203","1",10,1,"DIST-OPEN","SOLD","2026-04-08 06:46:05.032"
"E6BB0424","113","8",18,1,"DIST-OPEN","available",NA
"E6BB0424","220","3",23,1,"DIST-OPEN","available",NA
"E6BB0424","302","10",7,1,"DIST-OPEN","available",NA
"E6BB0424","202","7",19,1,"DIST-OPEN","SOLD","2026-03-21 12:39:52.336"
"E6BB0424","215","6",11,1,"SEASON","SOLD","2025-10-28 08:35:05.452"
"E6BB0424","202","8",16,1,"SEASON","SOLD","2025-10-21 18:36:39.558"
"E6BB0424","315","9",10,1,"HOLD","HELD",NA
"E6BB0424","319","9",6,1,"HOLD","HELD",NA
"E6BB0424","103","2",3,1,"DIST-OPEN","available",NA
"E6BB0424","113","1",1,1,"DIST-OPEN","available",NA
"E6BB0424","301","7",16,1,"DIST-OPEN","available",NA
"E6BB0424","110","1",22,1,"SEASON","SOLD","2025-10-30 09:38:41.004"
"E6BB0424","318","4",11,1,"SEASON","SOLD","2025-10-14 15:15:24.263"
"E6BB0424","112","7",22,1,"SEASON","SOLD","2025-10-05 04:52:31.338"
"E6BB0424","107","7",18,1,"SEASON","SOLD","2025-10-14 07:31:31.805"
"E6BB0424","410","8",14,1,"DIST-OPEN","COMP","2026-01-15 07:11:09.104"
"E6BB0424","318","5",9,1,"DIST-OPEN","available",NA
"E6BB0424","207","1",21,1,"DIST-OPEN","SOLD","2026-03-09 20:39:09.367"
"E6BB0424","216","6",21,1,"SEASON","SOLD","2025-10-13 19:50:13.914"
"E6BB0424","212","8",15,1,"SEASON","SOLD","2025-10-09 20:29:51.167"
"E6BB0424","206","1",3,1,"SEASON","SOLD","2025-10-16 01:53:09.335"
"E6BB0424","407","5",7,1,"SEASON","SOLD","2025-10-13 06:42:11.283"
"E6BB0424","214","3",10,1,"COMP","HELD",NA
"E6BB0424","107","8",3,1,"SEASON","SOLD","2025-10-03 04:30:18.074"
"E6BB0424","118","7",1,1,"SEASON","SOLD","2025-10-27 02:01:21.399"
"E6BB0424","320","5",20,1,"DIST-OPEN","SOLD","2026-01-25 18:50:30.995"
"E6BB0424","313","1",17,1,"SEASON","SOLD","2025-10-15 13:46:18.117"
"E6BB0424","201","8",1,1,"COMP","HELD",NA
"E6BB0424","109","5",24,1,"DIST-OPEN","available",NA
"E6BB0424","409","6",4,1,"DIST-OPEN","COMP","2026-01-16 00:37:14.073"
"E6BB0424","119","5",21,1,"DIST-OPEN","SOLD","2026-02-07 12:52:15.271"
"E6BB0424","118","6",18,1,"SEASON","SOLD","2025-10-12 04:46:32.715"
"E6BB0424","111","2",21,1,"DIST-OPEN","SOLD","2026-03-28 16:55:16.913"
"E6BB0424","116","4",13,1,"GROUP","HELD",NA
"E6BB0424","318","10",9,1,"DIST-OPEN","available",NA
"E6BB0424","407","4",4,1,"DIST-OPEN","available",NA
"E6BB0424","403","6",3,1,"DIST-OPEN","available",NA
"E6BB0424","101","2",19,1,"DIST-OPEN","available",NA
"E6BB0424","310","3",22,1,"DIST-OPEN","SOLD","2026-03-17 08:28:50.768"
"E6BB0424","120","7",10,1,"SEASON","SOLD","2025-10-19 04:58:09.091"
"E6BB0424","101","2",13,1,"DIST-OPEN","COMP","2026-01-09 03:17:38.756"
"E6BB0424","318","10",10,1,"DIST-OPEN","SOLD","2026-02-08 05:18:15.641"
"E6BB0424","203","4",6,1,"HOLD","HELD",NA
"E6BB0424","311","6",24,1,"SEASON","SOLD","2025-10-06 06:49:29.701"
"E6BB0424","211","6",8,1,"COMP","HELD",NA
"E6BB0424","308","2",4,1,"COMP","HELD",NA
"E6BB0424","309","6",17,1,"COMP","HELD",NA
"E6BB0424","104","4",1,1,"SEASON","SOLD","2025-10-09 00:24:46.907"
"E6BB0424","220","9",12,1,"HOLD","HELD",NA
"E6BB0424","110","10",19,1,"DIST-OPEN","SOLD","2025-11-27 13:48:56.420"
"E6BB0424","304","5",18,1,"HOLD","HELD",NA
"E6BB0424","307","1",19,1,"DIST-OPEN","available",NA
"E6BB0424","210","2",5,1,"SEASON","SOLD","2025-10-08 03:36:37.158"
"E6BB0424","114","5",23,1,"SEASON","SOLD","2025-10-12 08:50:39.116"
"E6BB0424","405","6",10,1,"GROUP","HELD",NA
"E6BB0424","119","5",7,1,"DIST-OPEN","SOLD","2026-04-14 22:04:20.058"
"E6BB0424","302","1",1,1,"DIST-OPEN","SOLD","2026-04-12 20:45:04.162"
"E6BB0424","312","6",1,1,"COMP","COMP","2026-02-08 22:57:00.988"
"E6BB0424","406","4",24,1,"HOLD","COMP","2026-01-08 19:42:30.328"
"E6BB0424","203","4",17,1,"DIST-OPEN","SOLD","2025-12-31 13:30:57.785"
"E6BB0424","113","3",12,1,"HOLD","COMP","2026-02-21 01:37:53.830"
"E6BB0424","220","9",11,1,"DIST-OPEN","available",NA
"E6BB0424","302","6",6,1,"SEASON","SOLD","2025-10-08 15:36:58.578"
"E6BB0424","202","10",22,1,"DIST-OPEN","available",NA
"E6BB0424","215","3",7,1,"DIST-OPEN","SOLD","2026-02-03 03:24:40.991"
"E6BB0424","202","7",14,1,"SEASON","SOLD","2025-10-02 05:43:50.983"
"E6BB0424","315","3",19,1,"GROUP","HELD",NA
"E6BB0424","319","6",6,1,"HOLD","HELD",NA
"E6BB0424","103","9",8,1,"DIST-OPEN","SOLD","2026-01-20 14:53:50.040"
"E6BB0424","113","1",6,1,"DIST-OPEN","SOLD","2025-12-18 03:05:43.540"
"E6BB0424","301","1",5,1,"SEASON","SOLD","2025-10-04 17:28:30.100"
"E6BB0424","110","8",2,1,"DIST-OPEN","available",NA
"E6BB0424","318","2",22,1,"SEASON","SOLD","2025-10-18 02:07:23.820"
"E6BB0424","112","7",21,1,"DIST-OPEN","available",NA
"E6BB0424","107","9",16,1,"DIST-OPEN","SOLD","2026-01-03 20:38:41.081"
"E6BB0424","410","1",14,1,"HOLD","COMP","2026-03-06 17:38:41.874"
"E6BB0424","318","3",6,1,"DIST-OPEN","available",NA
"E6BB0424","207","1",12,1,"DIST-OPEN","available",NA
"E6BB0424","216","9",9,1,"DIST-OPEN","SOLD","2026-02-16 03:30:12.813"
"E6BB0424","212","3",6,1,"DIST-OPEN","SOLD","2026-01-07 15:57:12.152"
"E6BB0424","206","6",11,1,"DIST-OPEN","available",NA
"E6BB0424","407","5",16,1,"SEASON","SOLD","2025-10-23 02:20:46.374"
"E6BB0424","214","7",13,1,"DIST-OPEN","SOLD","2025-11-21 14:10:39.353"
"E6BB0424","107","6",6,1,"HOLD","HELD",NA
"E6BB0424","118","3",16,1,"DIST-OPEN","SOLD","2025-12-20 21:23:10.765"
"E6BB0424","320","10",7,1,"DIST-OPEN","COMP","2026-02-09 06:28:03.222"
"E6BB0424","313","1",1,1,"HOLD","HELD",NA
"E6BB0424","201","10",18,1,"DIST-OPEN","available",NA
"E6BB0424","109","3",2,1,"COMP","HELD",NA
"E6BB0424","409","3",9,1,"DIST-OPEN","SOLD","2026-04-15 13:44:34.175"
"E6BB0424","119","9",18,1,"SEASON","SOLD","2025-10-26 04:11:09.503"
"E6BB0424","118","9",15,1,"COMP","HELD",NA
"E6BB0424","111","2",6,1,"SEASON","SOLD","2025-10-24 05:44:53.403"
"E6BB0424","116","7",13,1,"HOLD","HELD",NA
"E6BB0424","318","10",3,1,"GROUP","HELD",NA
"E6BB0424","407","5",1,1,"GROUP","HELD",NA
"E6BB0424","403","10",1,1,"COMP","HELD",NA
"E6BB0424","101","8",10,1,"DIST-OPEN","SOLD","2026-01-03 21:04:08.141"
"E6BB0424","310","5",7,1,"DIST-OPEN","available",NA
"E6BB0424","120","7",24,1,"DIST-OPEN","available",NA
"E6BB0424","101","5",14,1,"COMP","HELD",NA
"E6BB0424","318","9",5,1,"DIST-OPEN","available",NA
"E6BB0424","203","9",1,1,"DIST-OPEN","available",NA
"E6BB0424","311","10",14,1,"DIST-OPEN","available",NA
"E6BB0424","211","3",22,1,"DIST-OPEN","SOLD","2026-04-03 05:16:16.945"
"E6BB0424","308","7",17,1,"HOLD","COMP","2026-01-06 08:06:05.363"
"E6BB0424","309","7",6,1,"SEASON","SOLD","2025-10-15 11:44:34.913"
"E6BB0424","104","3",14,1,"HOLD","HELD",NA
"E6BB0424","220","1",22,1,"DIST-OPEN","SOLD","2026-04-13 21:50:22.323"
"E6BB0424","110","2",18,1,"DIST-OPEN","SOLD","2026-04-20 13:04:43.880"
"E6BB0424","304","4",2,1,"HOLD","HELD",NA
"E6BB0424","307","8",8,1,"DIST-OPEN","available",NA
"E6BB0424","210","8",4,1,"DIST-OPEN","available",NA
"E6BB0424","114","7",13,1,"SEASON","SOLD","2025-10-14 15:05:30.233"
"E6BB0424","405","2",23,1,"GROUP","HELD",NA
"E6BB0424","119","9",20,1,"DIST-OPEN","SOLD","2026-01-10 00:27:26.421"
"E6BB0424","302","9",1,1,"GROUP","HELD",NA
"E6BB0424","312","7",5,1,"DIST-OPEN","available",NA
"E6BB0424","406","3",8,1,"DIST-OPEN","available",NA
"E6BB0424","203","3",6,1,"DIST-OPEN","SOLD","2026-04-11 17:10:51.578"
"E6BB0424","113","1",10,1,"DIST-OPEN","available",NA
"E6BB0424","220","6",23,1,"SEASON","SOLD","2025-10-19 15:30:09.309"
"E6BB0424","302","9",2,1,"SEASON","SOLD","2025-10-20 22:23:30.951"
"E6BB0424","202","8",18,1,"DIST-OPEN","SOLD","2026-01-11 05:32:35.393"
"E6BB0424","215","3",12,1,"DIST-OPEN","SOLD","2026-04-22 02:50:41.125"
"E6BB0424","202","1",15,1,"DIST-OPEN","SOLD","2025-11-24 12:20:34.512"
"E6BB0424","315","8",23,1,"HOLD","HELD",NA
"E6BB0424","319","4",18,1,"DIST-OPEN","SOLD","2025-12-30 19:06:11.828"
"E6BB0424","103","6",12,1,"DIST-OPEN","available",NA
"E6BB0424","113","2",4,1,"SEASON","SOLD","2025-10-17 17:33:09.700"
"E6BB0424","301","4",8,1,"DIST-OPEN","available",NA
"E6BB0424","110","6",8,1,"HOLD","HELD",NA
"E6BB0424","318","9",14,1,"DIST-OPEN","SOLD","2026-01-27 05:24:25.102"
"E6BB0424","112","3",13,1,"DIST-OPEN","available",NA
"E6BB0424","107","8",15,1,"SEASON","SOLD","2025-10-30 02:10:16.874"
"E6BB0424","410","10",8,1,"HOLD","HELD",NA
"E6BB0424","318","10",15,1,"GROUP","HELD",NA
"E6BB0424","207","9",6,1,"SEASON","SOLD","2025-10-01 20:44:42.231"
"E6BB0424","216","2",7,1,"DIST-OPEN","SOLD","2026-01-18 16:44:27.603"
"E6BB0424","212","4",18,1,"DIST-OPEN","available",NA
"E6BB0424","206","10",24,1,"DIST-OPEN","SOLD","2025-12-28 08:26:35.951"
"E6BB0424","407","7",11,1,"GROUP","HELD",NA
"E6BB0424","214","8",19,1,"DIST-OPEN","COMP","2026-03-02 20:57:31.374"
"E6BB0424","107","2",19,1,"HOLD","HELD",NA
"E6BB0424","118","7",24,1,"GROUP","HELD",NA
"E6BB0424","320","7",2,1,"DIST-OPEN","available",NA
"E6BB0424","313","3",18,1,"DIST-OPEN","available",NA
"E6BB0424","201","1",22,1,"GROUP","HELD",NA
"E6BB0424","109","4",16,1,"HOLD","HELD",NA
"E6BB0424","409","1",7,1,"GROUP","HELD",NA
"E6BB0424","119","3",11,1,"DIST-OPEN","available",NA
"E6BB0424","118","6",4,1,"DIST-OPEN","available",NA
"E6BB0424","111","4",10,1,"COMP","HELD",NA
"E6BB0424","116","8",16,1,"SEASON","SOLD","2025-10-26 05:56:59.158"
"E6BB0424","318","9",21,1,"GROUP","HELD",NA
"E6BB0424","407","2",1,1,"DIST-OPEN","SOLD","2026-01-31 22:33:41.736"
"E6BB0424","403","10",22,1,"DIST-OPEN","SOLD","2026-02-16 12:57:12.671"
"E6BB0424","101","1",21,1,"DIST-OPEN","COMP","2026-02-01 11:09:54.969"
"E6BB0424","310","3",17,1,"DIST-OPEN","SOLD","2025-12-19 17:58:00.472"
"E6BB0424","120","3",16,1,"DIST-OPEN","SOLD","2025-12-26 22:27:31.880"
"E6BB0424","101","5",2,1,"DIST-OPEN","available",NA
"E6BB0424","318","1",20,1,"DIST-OPEN","SOLD","2025-11-17 23:36:45.041"
"E6BB0424","203","7",16,1,"HOLD","COMP","2026-03-19 09:10:57.124"
"E6BB0424","311","4",17,1,"DIST-OPEN","COMP","2026-03-14 06:32:21.453"
"E6BB0424","211","3",12,1,"DIST-OPEN","available",NA
"E6BB0424","308","2",24,1,"HOLD","COMP","2026-03-17 12:33:34.169"
"E6BB0424","309","3",2,1,"SEASON","SOLD","2025-10-30 17:22:22.609"
"E6BB0424","104","8",10,1,"DIST-OPEN","COMP","2026-01-06 01:33:01.756"
"E6BB0424","220","9",18,1,"HOLD","HELD",NA
"E6BB0424","110","8",23,1,"DIST-OPEN","available",NA
"E6BB0424","304","9",19,1,"SEASON","SOLD","2025-10-16 07:31:01.597"
"E6BB0424","307","5",22,1,"DIST-OPEN","COMP","2026-01-06 14:57:53.766"
"E6BB0424","210","6",14,1,"DIST-OPEN","SOLD","2026-04-16 16:31:13.738"
"E6BB0424","114","4",14,1,"DIST-OPEN","available",NA
"E6BB0424","405","5",7,1,"DIST-OPEN","COMP","2026-01-27 07:06:16.733"
"E6BB0424","119","8",18,1,"DIST-OPEN","SOLD","2026-03-18 21:34:50.863"
"E6BB0424","302","9",14,1,"DIST-OPEN","SOLD","2026-03-29 23:28:41.628"
"E6BB0424","312","5",19,1,"DIST-OPEN","available",NA
"E6BB0424","406","4",10,1,"SEASON","SOLD","2025-10-24 02:11:38.128"
"E6BB0424","203","8",22,1,"DIST-OPEN","available",NA
"E6BB0424","113","3",4,1,"DIST-OPEN","SOLD","2026-01-27 11:09:41.070"
"E6BB0424","220","1",5,1,"SEASON","SOLD","2025-10-09 19:19:23.750"
"E6BB0424","302","1",15,1,"DIST-OPEN","SOLD","2026-03-04 17:34:02.272"
"E6BB0424","202","9",22,1,"SEASON","SOLD","2025-10-02 02:41:41.226"
"E6BB0424","215","2",11,1,"DIST-OPEN","COMP","2026-01-23 04:27:13.351"
"E6BB0424","202","5",9,1,"DIST-OPEN","available",NA
"E6BB0424","315","9",14,1,"HOLD","HELD",NA
"E6BB0424","319","1",11,1,"DIST-OPEN","available",NA
"E6BB0424","103","8",19,1,"SEASON","SOLD","2025-10-05 19:23:53.614"
"E6BB0424","113","3",8,1,"DIST-OPEN","available",NA
"E6BB0424","301","6",13,1,"SEASON","SOLD","2025-10-29 03:57:21.467"
"E6BB0424","110","4",14,1,"COMP","HELD",NA
"E6BB0424","318","7",1,1,"DIST-OPEN","available",NA
"E6BB0424","112","4",17,1,"SEASON","SOLD","2025-10-06 05:58:40.121"
"E6BB0424","107","8",6,1,"SEASON","SOLD","2025-10-08 11:28:28.173"
"E6BB0424","410","2",17,1,"DIST-OPEN","available",NA
"E6BB0424","318","8",10,1,"DIST-OPEN","SOLD","2026-01-15 23:47:32.084"
"E6BB0424","207","10",2,1,"GROUP","HELD",NA
"E6BB0424","216","10",19,1,"DIST-OPEN","available",NA
"E6BB0424","212","10",16,1,"COMP","HELD",NA
"E6BB0424","206","2",18,1,"DIST-OPEN","available",NA
"E6BB0424","407","4",12,1,"DIST-OPEN","available",NA
"E6BB0424","214","8",3,1,"COMP","HELD",NA
"E6BB0424","107","4",6,1,"DIST-OPEN","COMP","2026-02-13 10:15:02.433"
"E6BB0424","118","2",14,1,"GROUP","HELD",NA
"E6BB0424","320","9",8,1,"SEASON","SOLD","2025-10-04 21:11:58.788"
"E6BB0424","313","7",6,1,"DIST-OPEN","available",NA
"E6BB0424","201","3",17,1,"DIST-OPEN","SOLD","2025-12-13 19:17:12.114"
"E6BB0424","109","3",7,1,"SEASON","SOLD","2025-10-01 15:49:37.252"
"E6BB0424","409","2",11,1,"HOLD","HELD",NA
"E6BB0424","119","9",14,1,"SEASON","SOLD","2025-10-16 07:31:58.632"
"E6BB0424","118","2",24,1,"DIST-OPEN","available",NA
"E6BB0424","111","3",8,1,"DIST-OPEN","available",NA
"E6BB0424","116","5",1,1,"SEASON","SOLD","2025-10-23 09:06:41.702"
"E6BB0424","318","4",14,1,"SEASON","SOLD","2025-10-26 20:21:00.111"
"E6BB0424","407","1",13,1,"DIST-OPEN","COMP","2026-03-04 17:19:23.550"
"E6BB0424","403","7",15,1,"DIST-OPEN","available",NA
"E6BB0424","101","4",2,1,"DIST-OPEN","SOLD","2026-01-24 01:13:05.909"
"E6BB0424","310","6",24,1,"SEASON","SOLD","2025-10-13 04:30:08.824"
"E6BB0424","120","4",12,1,"COMP","HELD",NA
"E6BB0424","101","5",18,1,"GROUP","COMP","2026-02-08 00:26:57.515"
"E6BB0424","318","6",1,1,"DIST-OPEN","available",NA
"E6BB0424","203","8",1,1,"SEASON","SOLD","2025-10-27 09:15:03.901"
"E6BB0424","311","1",16,1,"DIST-OPEN","available",NA
"E6BB0424","211","2",1,1,"DIST-OPEN","available",NA
"E6BB0424","308","9",10,1,"HOLD","HELD",NA
"E6BB0424","309","2",15,1,"SEASON","SOLD","2025-10-06 16:33:28.774"
"E6BB0424","104","6",1,1,"SEASON","SOLD","2025-10-29 19:31:03.912"
"E6BB0424","220","4",24,1,"DIST-OPEN","SOLD","2026-03-16 23:55:07.576"
"E6BB0424","110","6",2,1,"GROUP","HELD",NA
"E6BB0424","304","1",5,1,"SEASON","SOLD","2025-10-12 12:00:31.887"
"E6BB0424","307","2",24,1,"SEASON","SOLD","2025-10-01 23:37:32.911"
"E6BB0424","210","9",6,1,"HOLD","HELD",NA
"E6BB0424","114","1",12,1,"HOLD","HELD",NA
"E6BB0424","405","1",16,1,"DIST-OPEN","available",NA
"E6BB0424","119","3",1,1,"DIST-OPEN","available",NA
"E6BB0424","302","10",5,1,"HOLD","HELD",NA
"E6BB0424","312","7",9,1,"GROUP","HELD",NA
"E6BB0424","406","6",23,1,"HOLD","HELD",NA
"E6BB0424","203","1",18,1,"HOLD","HELD",NA
"E6BB0424","113","10",21,1,"SEASON","SOLD","2025-10-07 13:54:26.853"
"E6BB0424","220","4",14,1,"HOLD","HELD",NA
"E6BB0424","302","3",7,1,"SEASON","SOLD","2025-10-08 07:08:40.800"
"E6BB0424","202","10",22,1,"HOLD","HELD",NA
"E6BB0424","215","3",20,1,"DIST-OPEN","SOLD","2026-04-15 19:41:17.430"
"E6BB0424","202","3",13,1,"DIST-OPEN","available",NA
"E6BB0424","315","8",13,1,"SEASON","SOLD","2025-10-14 20:28:21.442"
"E6BB0424","319","10",9,1,"DIST-OPEN","SOLD","2025-11-22 16:16:16.628"
"E6BB0424","103","5",13,1,"SEASON","SOLD","2025-10-10 04:48:20.181"
"E6BB0424","113","7",8,1,"DIST-OPEN","available",NA
"E6BB0424","301","9",20,1,"GROUP","HELD",NA
"E6BB0424","110","8",14,1,"DIST-OPEN","SOLD","2026-03-01 21:17:15.464"
"E6BB0424","318","5",24,1,"COMP","HELD",NA
"E6BB0424","112","2",3,1,"DIST-OPEN","SOLD","2026-03-31 20:22:22.386"
"E6BB0424","107","7",10,1,"SEASON","SOLD","2025-10-08 01:53:50.731"
"E6BB0424","410","4",24,1,"SEASON","SOLD","2025-10-19 23:08:56.305"
"E6BB0424","318","3",12,1,"DIST-OPEN","available",NA
"E6BB0424","207","2",3,1,"DIST-OPEN","available",NA
"E6BB0424","216","6",5,1,"DIST-OPEN","available",NA
"E6BB0424","212","3",4,1,"DIST-OPEN","available",NA
"E6BB0424","206","2",24,1,"HOLD","COMP","2026-01-02 09:09:52.213"
"E6BB0424","407","5",1,1,"COMP","HELD",NA
"E6BB0424","214","1",20,1,"HOLD","HELD",NA
"E6BB0424","107","6",2,1,"SEASON","SOLD","2025-10-05 22:25:47.166"
"E6BB0424","118","3",20,1,"HOLD","HELD",NA
"E6BB0424","320","4",9,1,"HOLD","COMP","2026-01-25 22:32:18.375"
"E6BB0424","313","9",8,1,"DIST-OPEN","SOLD","2026-04-07 06:16:35.346"
"E6BB0424","201","6",4,1,"SEASON","SOLD","2025-10-13 13:46:43.553"
"E6BB0424","109","5",21,1,"SEASON","SOLD","2025-10-22 12:55:02.485"
"E6BB0424","409","9",21,1,"DIST-OPEN","SOLD","2026-02-12 03:48:45.231"
"E6BB0424","119","10",17,1,"SEASON","SOLD","2025-10-11 16:17:54.039"
"E6BB0424","118","10",23,1,"DIST-OPEN","available",NA
"E6BB0424","111","1",11,1,"DIST-OPEN","SOLD","2026-01-28 05:21:02.585"
"E6BB0424","116","2",2,1,"DIST-OPEN","available",NA
"E6BB0424","318","6",12,1,"DIST-OPEN","available",NA
"E6BB0424","407","9",10,1,"HOLD","HELD",NA
"E6BB0424","403","3",13,1,"SEASON","SOLD","2025-10-06 22:58:20.465"
"E6BB0424","101","10",9,1,"HOLD","COMP","2026-03-05 15:52:03.203"
"E6BB0424","310","9",9,1,"HOLD","HELD",NA
"E6BB0424","120","5",24,1,"HOLD","HELD",NA
"E6BB0424","101","2",14,1,"DIST-OPEN","available",NA
"E6BB0424","318","4",6,1,"SEASON","SOLD","2025-10-15 19:04:22.414"
"E6BB0424","203","4",20,1,"DIST-OPEN","COMP","2026-02-26 00:46:48.954"
"E6BB0424","311","8",22,1,"HOLD","HELD",NA
"E6BB0424","211","6",6,1,"DIST-OPEN","available",NA
"E6BB0424","308","8",11,1,"DIST-OPEN","available",NA
"E6BB0424","309","6",14,1,"DIST-OPEN","available",NA
"E6BB0424","104","2",17,1,"DIST-OPEN","SOLD","2026-02-09 00:53:39.875"
"E6BB0424","220","10",22,1,"DIST-OPEN","available",NA
"E6BB0424","110","9",19,1,"DIST-OPEN","SOLD","2026-01-28 17:27:14.370"
"E6BB0424","304","8",13,1,"DIST-OPEN","available",NA
"E6BB0424","307","8",10,1,"DIST-OPEN","available",NA
"E6BB0424","210","9",16,1,"GROUP","HELD",NA
"E6BB0424","114","3",2,1,"COMP","HELD",NA
"E6BB0424","405","3",8,1,"HOLD","HELD",NA
"E6BB0424","119","9",12,1,"SEASON","SOLD","2025-10-10 08:18:48.071"
"E6BB0424","302","6",10,1,"HOLD","HELD",NA
"E6BB0424","312","1",19,1,"DIST-OPEN","available",NA
"E6BB0424","406","3",17,1,"SEASON","SOLD","2025-10-20 13:16:47.160"
"E6BB0424","203","2",20,1,"DIST-OPEN","available",NA
"E6BB0424","113","9",4,1,"HOLD","HELD",NA
"E6BB0424","220","7",19,1,"SEASON","SOLD","2025-10-09 08:05:33.660"
"E6BB0424","302","1",10,1,"SEASON","SOLD","2025-10-05 02:30:15.077"
"E6BB0424","202","10",20,1,"DIST-OPEN","available",NA
"E6BB0424","215","1",8,1,"DIST-OPEN","SOLD","2026-01-28 03:44:53.092"
"E6BB0424","202","6",23,1,"SEASON","SOLD","2025-10-10 20:40:11.902"
"E6BB0424","315","4",3,1,"SEASON","SOLD","2025-10-01 16:00:00.306"
"E6BB0424","319","4",20,1,"SEASON","SOLD","2025-10-21 05:18:57.037"
"E6BB0424","103","1",19,1,"DIST-OPEN","SOLD","2026-03-27 23:24:48.712"
"E6BB0424","113","10",4,1,"DIST-OPEN","COMP","2026-01-13 20:35:54.229"
"E6BB0424","301","6",4,1,"GROUP","HELD",NA
"E6BB0424","110","1",17,1,"SEASON","SOLD","2025-10-24 20:23:42.401"
"E6BB0424","318","3",8,1,"HOLD","HELD",NA
"E6BB0424","112","5",24,1,"DIST-OPEN","SOLD","2026-03-24 08:56:23.535"
"E6BB0424","107","1",14,1,"SEASON","SOLD","2025-10-23 02:37:27.366"
"E6BB0424","410","5",21,1,"GROUP","HELD",NA
"E6BB0424","318","10",10,1,"DIST-OPEN","SOLD","2026-03-08 19:59:18.109"
"E6BB0424","207","4",16,1,"DIST-OPEN","available",NA
"E6BB0424","216","10",6,1,"HOLD","HELD",NA
"E6BB0424","212","1",23,1,"DIST-OPEN","available",NA
"E6BB0424","206","6",17,1,"COMP","HELD",NA
"E6BB0424","407","7",21,1,"SEASON","SOLD","2025-10-11 17:50:49.655"
"E6BB0424","214","6",5,1,"DIST-OPEN","available",NA
"E6BB0424","107","2",21,1,"SEASON","SOLD","2025-10-15 08:13:25.429"
"E6BB0424","118","4",12,1,"HOLD","HELD",NA
"E6BB0424","320","9",19,1,"DIST-OPEN","available",NA
"E6BB0424","313","1",18,1,"DIST-OPEN","COMP","2026-01-06 20:56:35.532"
"E6BB0424","201","7",4,1,"GROUP","HELD",NA
"E6BB0424","109","10",21,1,"SEASON","SOLD","2025-10-18 11:58:24.328"
"E6BB0424","409","1",22,1,"DIST-OPEN","available",NA
"E6BB0424","119","1",1,1,"GROUP","HELD",NA
"E6BB0424","118","7",10,1,"GROUP","HELD",NA
"E6BB0424","111","9",22,1,"DIST-OPEN","SOLD","2026-01-05 11:40:39.238"
"E6BB0424","116","1",3,1,"DIST-OPEN","available",NA
"E6BB0424","318","9",7,1,"SEASON","SOLD","2025-10-03 19:29:33.247"
"E6BB0424","407","10",7,1,"DIST-OPEN","available",NA
"E6BB0424","403","1",5,1,"COMP","HELD",NA
"E6BB0424","101","2",9,1,"SEASON","SOLD","2025-10-26 19:47:42.867"
"E6BB0424","310","5",8,1,"DIST-OPEN","available",NA
"E6BB0424","120","9",7,1,"COMP","HELD",NA
"E6BB0424","101","3",6,1,"HOLD","HELD",NA
"E6BB0424","318","3",10,1,"DIST-OPEN","SOLD","2026-03-04 18:09:16.799"
"E6BB0424","203","1",1,1,"COMP","HELD",NA
"E6BB0424","311","1",6,1,"DIST-OPEN","SOLD","2026-02-14 23:16:27.596"
"E6BB0424","211","4",10,1,"HOLD","HELD",NA
"E6BB0424","308","6",17,1,"DIST-OPEN","SOLD","2026-03-21 01:58:14.371"
"E6BB0424","309","4",15,1,"DIST-OPEN","SOLD","2026-03-21 17:18:25.593"
"E6BB0424","104","1",2,1,"GROUP","HELD",NA
"E6BB0424","220","10",3,1,"GROUP","HELD",NA
"E6BB0424","110","5",13,1,"COMP","HELD",NA
"E6BB0424","304","1",20,1,"GROUP","HELD",NA
"E6BB0424","307","5",6,1,"DIST-OPEN","available",NA
"E6BB0424","210","10",18,1,"SEASON","SOLD","2025-10-16 22:10:16.630"
"E6BB0424","114","3",9,1,"DIST-OPEN","available",NA
"E6BB0424","405","3",11,1,"DIST-OPEN","available",NA
"E6BB0424","119","1",14,1,"HOLD","HELD",NA
"E6BB0424","302","3",14,1,"DIST-OPEN","available",NA
"E6BB0424","312","7",16,1,"SEASON","SOLD","2025-10-25 04:44:13.999"
"E6BB0424","406","7",19,1,"SEASON","SOLD","2025-10-31 00:33:38.537"
"E6BB0424","203","10",13,1,"DIST-OPEN","available",NA
"E6BB0424","113","5",12,1,"DIST-OPEN","SOLD","2025-12-29 05:48:47.628"
"E6BB0424","220","10",22,1,"SEASON","SOLD","2025-10-27 10:36:57.866"
"E6BB0424","302","2",11,1,"HOLD","HELD",NA
"E6BB0424","202","10",23,1,"DIST-OPEN","SOLD","2026-04-20 13:41:47.732"
"E6BB0424","215","7",16,1,"DIST-OPEN","available",NA
"E6BB0424","202","7",18,1,"SEASON","SOLD","2025-10-31 06:17:18.380"
"E6BB0424","315","1",6,1,"DIST-OPEN","SOLD","2026-04-18 23:22:34.346"
"E6BB0424","319","5",17,1,"DIST-OPEN","available",NA
"E6BB0424","103","8",24,1,"SEASON","SOLD","2025-10-01 13:49:31.010"
"E6BB0424","113","1",14,1,"DIST-OPEN","available",NA
"E6BB0424","301","8",5,1,"SEASON","SOLD","2025-10-28 18:17:40.661"
"E6BB0424","110","9",13,1,"GROUP","HELD",NA
"E6BB0424","318","10",3,1,"DIST-OPEN","SOLD","2026-02-13 19:37:38.229"
"E6BB0424","112","1",14,1,"SEASON","SOLD","2025-10-20 21:08:21.291"
"E6BB0424","107","10",19,1,"SEASON","SOLD","2025-10-29 06:31:43.912"
"E6BB0424","410","1",16,1,"COMP","HELD",NA
"E6BB0424","318","3",5,1,"DIST-OPEN","available",NA
"E6BB0424","207","8",13,1,"SEASON","SOLD","2025-10-29 14:05:42.793"
"E6BB0424","216","9",9,1,"DIST-OPEN","available",NA
"E6BB0424","212","1",17,1,"HOLD","HELD",NA
"E6BB0424","206","7",7,1,"SEASON","SOLD","2025-10-03 10:55:47.351"
"E6BB0424","407","4",6,1,"DIST-OPEN","SOLD","2025-11-23 09:16:51.878"
"E6BB0424","214","3",5,1,"DIST-OPEN","available",NA
"E6BB0424","107","6",10,1,"SEASON","SOLD","2025-10-02 12:25:00.141"
"E6BB0424","118","3",22,1,"COMP","HELD",NA
"E6BB0424","320","4",16,1,"GROUP","HELD",NA
"E6BB0424","313","1",7,1,"HOLD","HELD",NA
"E6BB0424","201","4",12,1,"HOLD","COMP","2026-01-02 12:50:50.139"
"E6BB0424","109","1",1,1,"DIST-OPEN","available",NA
"E6BB0424","409","9",21,1,"COMP","HELD",NA
"E6BB0424","119","10",18,1,"DIST-OPEN","SOLD","2026-02-20 21:44:42.829"
"E6BB0424","118","4",15,1,"HOLD","HELD",NA
"E6BB0424","111","9",17,1,"DIST-OPEN","available",NA
"E6BB0424","116","7",23,1,"HOLD","HELD",NA
"E6BB0424","318","7",19,1,"SEASON","SOLD","2025-10-20 21:32:19.894"
"E6BB0424","407","6",21,1,"DIST-OPEN","COMP","2026-02-10 11:45:40.436"
"E6BB0424","403","4",7,1,"COMP","HELD",NA
"E6BB0424","101","7",8,1,"DIST-OPEN","SOLD","2026-02-22 17:25:52.744"
"E6BB0424","310","2",7,1,"DIST-OPEN","available",NA
"E6BB0424","120","3",23,1,"HOLD","HELD",NA
"E6BB0424","101","9",2,1,"DIST-OPEN","available",NA
"E6BB0424","318","1",2,1,"GROUP","HELD",NA
"E6BB0424","203","2",11,1,"COMP","HELD",NA
"E6BB0424","311","6",14,1,"DIST-OPEN","available",NA
"E6BB0424","211","10",15,1,"DIST-OPEN","available",NA
"E6BB0424","308","4",9,1,"DIST-OPEN","available",NA
"E6BB0424","309","4",8,1,"DIST-OPEN","SOLD","2026-01-19 03:46:21.907"
"E6BB0424","104","8",3,1,"HOLD","HELD",NA
"E6BB0424","220","7",14,1,"HOLD","HELD",NA
"E6BB0424","110","6",18,1,"DIST-OPEN","SOLD","2025-11-26 04:12:04.842"
"E6BB0424","304","6",3,1,"DIST-OPEN","available",NA
"E6BB0424","307","2",9,1,"SEASON","SOLD","2025-10-08 05:32:36.055"
"E6BB0424","210","5",16,1,"DIST-OPEN","SOLD","2025-11-17 08:26:37.169"
"E6BB0424","114","2",23,1,"DIST-OPEN","SOLD","2026-01-12 21:24:04.870"
"E6BB0424","405","9",1,1,"GROUP","HELD",NA
"E6BB0424","119","8",5,1,"SEASON","SOLD","2025-10-25 15:41:42.356"
"E6BB0424","302","1",15,1,"DIST-OPEN","available",NA
"E6BB0424","312","5",10,1,"DIST-OPEN","SOLD","2026-02-26 18:21:35.248"
"E6BB0424","406","10",12,1,"DIST-OPEN","SOLD","2026-03-24 04:40:04.344"
"E6BB0424","203","5",10,1,"DIST-OPEN","available",NA
"E6BB0424","113","3",11,1,"DIST-OPEN","available",NA
"E6BB0424","220","6",16,1,"DIST-OPEN","available",NA
"E6BB0424","302","4",16,1,"GROUP","HELD",NA
"E6BB0424","202","1",12,1,"GROUP","HELD",NA
"E6BB0424","215","9",9,1,"DIST-OPEN","SOLD","2026-03-25 14:24:56.746"
"E6BB0424","202","3",18,1,"DIST-OPEN","available",NA
"E6BB0424","315","8",4,1,"SEASON","SOLD","2025-10-21 00:18:49.230"
"E6BB0424","319","6",3,1,"HOLD","HELD",NA
"E6BB0424","103","7",16,1,"DIST-OPEN","available",NA
"E6BB0424","113","1",5,1,"GROUP","HELD",NA
"E6BB0424","301","10",5,1,"DIST-OPEN","available",NA
"E6BB0424","110","10",10,1,"HOLD","HELD",NA
"E6BB0424","318","8",18,1,"DIST-OPEN","available",NA
"E6BB0424","112","6",7,1,"DIST-OPEN","available",NA
"E6BB0424","107","2",22,1,"COMP","HELD",NA
"E6BB0424","410","3",14,1,"HOLD","HELD",NA
"E6BB0424","318","7",14,1,"DIST-OPEN","available",NA
"E6BB0424","207","10",7,1,"DIST-OPEN","available",NA
"E6BB0424","216","8",13,1,"SEASON","SOLD","2025-10-22 23:24:14.599"
"E6BB0424","212","6",15,1,"SEASON","SOLD","2025-10-27 10:31:29.111"
"E6BB0424","206","2",10,1,"SEASON","SOLD","2025-10-23 04:40:16.336"
"E6BB0424","407","1",2,1,"HOLD","HELD",NA
"E6BB0424","214","10",18,1,"DIST-OPEN","available",NA
"E6BB0424","107","9",19,1,"DIST-OPEN","available",NA
"E6BB0424","118","2",10,1,"SEASON","SOLD","2025-10-21 21:47:42.888"
"E6BB0424","320","9",7,1,"GROUP","HELD",NA
"E6BB0424","313","10",20,1,"SEASON","SOLD","2025-10-16 08:54:39.744"
"E6BB0424","201","5",2,1,"DIST-OPEN","available",NA
"E6BB0424","109","7",24,1,"COMP","COMP","2026-03-02 17:38:51.789"
"E6BB0424","409","7",5,1,"SEASON","SOLD","2025-10-17 13:43:09.596"
"E6BB0424","119","4",5,1,"GROUP","HELD",NA
"E6BB0424","118","2",23,1,"SEASON","SOLD","2025-10-31 00:44:05.489"
"E6BB0424","111","10",24,1,"DIST-OPEN","available",NA
"E6BB0424","116","7",6,1,"SEASON","SOLD","2025-10-15 05:31:56.183"
"E6BB0424","318","9",16,1,"HOLD","HELD",NA
"E6BB0424","407","10",12,1,"DIST-OPEN","available",NA
"E6BB0424","403","6",19,1,"SEASON","SOLD","2025-10-17 02:30:32.966"
"E6BB0424","101","4",16,1,"SEASON","SOLD","2025-10-26 05:27:49.583"
"E6BB0424","310","6",13,1,"COMP","HELD",NA
"E6BB0424","120","2",19,1,"DIST-OPEN","SOLD","2026-04-07 03:49:21.360"
"E6BB0424","101","2",7,1,"DIST-OPEN","SOLD","2026-02-21 22:14:51.600"
"E6BB0424","318","7",2,1,"DIST-OPEN","SOLD","2026-04-14 10:57:52.393"
"E6BB0424","203","3",23,1,"DIST-OPEN","SOLD","2026-02-15 16:22:35.745"
"E6BB0424","311","1",4,1,"DIST-OPEN","available",NA
"E6BB0424","211","5",6,1,"DIST-OPEN","SOLD","2026-03-12 20:50:20.591"
"E6BB0424","308","1",8,1,"DIST-OPEN","SOLD","2025-12-23 06:29:24.816"
"E6BB0424","309","5",15,1,"GROUP","HELD",NA
"E6BB0424","104","6",2,1,"COMP","HELD",NA
"E6BB0424","220","4",16,1,"DIST-OPEN","available",NA
"E6BB0424","110","10",21,1,"COMP","HELD",NA
"E6BB0424","304","8",24,1,"GROUP","HELD",NA
"E6BB0424","307","3",8,1,"DIST-OPEN","SOLD","2026-02-18 23:52:49.970"
"E6BB0424","210","9",10,1,"SEASON","SOLD","2025-10-30 21:48:32.011"
"E6BB0424","114","4",21,1,"SEASON","SOLD","2025-10-12 07:38:34.355"
"E6BB0424","405","9",16,1,"DIST-OPEN","available",NA
"E6BB0424","119","9",20,1,"SEASON","SOLD","2025-10-30 11:38:28.303"
"E6BB0424","302","7",16,1,"DIST-OPEN","available",NA
"E6BB0424","312","7",7,1,"DIST-OPEN","SOLD","2025-12-16 23:53:23.854"
"E6BB0424","406","5",20,1,"HOLD","HELD",NA
"E6BB0424","203","8",8,1,"DIST-OPEN","available",NA
"E6BB0424","113","10",12,1,"DIST-OPEN","SOLD","2026-04-07 15:37:39.439"
"E6BB0424","220","7",4,1,"SEASON","SOLD","2025-10-02 17:07:16.022"
"E6BB0424","302","3",23,1,"DIST-OPEN","available",NA
"E6BB0424","202","8",18,1,"SEASON","SOLD","2025-10-21 21:15:42.684"
"E6BB0424","215","10",8,1,"DIST-OPEN","available",NA
"E6BB0424","202","1",15,1,"DIST-OPEN","SOLD","2025-12-01 07:46:39.854"
"E6BB0424","315","1",7,1,"DIST-OPEN","available",NA
"E6BB0424","319","3",15,1,"DIST-OPEN","available",NA
"E6BB0424","103","8",13,1,"DIST-OPEN","available",NA
"E6BB0424","113","10",11,1,"DIST-OPEN","SOLD","2026-02-07 00:02:17.511"
"E6BB0424","301","1",16,1,"DIST-OPEN","SOLD","2026-02-06 17:55:14.623"
"E6BB0424","110","7",3,1,"SEASON","SOLD","2025-10-17 08:33:53.719"
"E6BB0424","318","2",13,1,"DIST-OPEN","available",NA
"E6BB0424","112","10",13,1,"DIST-OPEN","COMP","2026-03-30 09:34:17.795"
"E6BB0424","107","6",5,1,"HOLD","HELD",NA
"E6BB0424","410","3",16,1,"DIST-OPEN","SOLD","2026-02-18 03:38:53.087"
"E6BB0424","318","10",16,1,"SEASON","SOLD","2025-10-23 14:46:26.870"
"E6BB0424","207","7",15,1,"SEASON","SOLD","2025-10-19 22:45:11.903"
"E6BB0424","216","7",20,1,"SEASON","SOLD","2025-10-30 17:13:07.079"
"E6BB0424","212","5",5,1,"SEASON","SOLD","2025-10-10 06:44:28.872"
"E6BB0424","206","3",8,1,"SEASON","SOLD","2025-10-27 20:36:36.667"
"E6BB0424","407","2",5,1,"DIST-OPEN","SOLD","2025-12-08 19:33:10.286"
"E6BB0424","214","10",21,1,"SEASON","SOLD","2025-10-11 07:22:45.811"
"E6BB0424","107","8",24,1,"SEASON","SOLD","2025-10-28 20:17:08.216"
"E6BB0424","118","8",10,1,"SEASON","SOLD","2025-10-21 18:50:52.852"
"E6BB0424","320","9",9,1,"SEASON","SOLD","2025-10-05 04:02:04.267"
"E6BB0424","313","4",5,1,"HOLD","HELD",NA
"E6BB0424","201","7",11,1,"DIST-OPEN","SOLD","2026-01-22 12:32:53.067"
"E6BB0424","109","6",18,1,"SEASON","SOLD","2025-10-03 00:25:21.543"
"E6BB0424","409","7",14,1,"DIST-OPEN","SOLD","2026-02-23 15:47:54.394"
"E6BB0424","119","3",17,1,"DIST-OPEN","COMP","2026-01-13 23:32:36.361"
"E6BB0424","118","6",1,1,"DIST-OPEN","SOLD","2026-02-03 16:36:22.332"
"E6BB0424","111","5",18,1,"SEASON","SOLD","2025-10-17 08:32:39.521"
"E6BB0424","116","5",7,1,"DIST-OPEN","available",NA
"E6BB0424","318","5",15,1,"SEASON","SOLD","2025-10-29 20:48:37.563"
"E6BB0424","407","5",9,1,"DIST-OPEN","SOLD","2026-01-11 10:33:30.376"
"E6BB0424","403","7",10,1,"HOLD","HELD",NA
"E6BB0424","101","5",14,1,"GROUP","HELD",NA
"E6BB0424","310","8",5,1,"DIST-OPEN","SOLD","2026-01-26 13:18:04.727"
"E6BB0424","120","8",15,1,"DIST-OPEN","available",NA
"E6BB0424","101","8",6,1,"HOLD","HELD",NA
"E6BB0424","318","6",7,1,"DIST-OPEN","SOLD","2025-12-20 02:36:20.951"
"E6BB0424","203","4",4,1,"COMP","HELD",NA
"E6BB0424","311","5",18,1,"SEASON","SOLD","2025-10-19 10:31:30.916"
"E6BB0424","211","8",4,1,"HOLD","HELD",NA
"E6BB0424","308","8",8,1,"HOLD","HELD",NA
"E6BB0424","309","10",1,1,"DIST-OPEN","SOLD","2026-02-15 00:45:29.573"
"E6BB0424","104","6",16,1,"SEASON","SOLD","2025-10-19 04:41:58.407"
"E6BB0424","220","10",20,1,"DIST-OPEN","SOLD","2026-04-20 10:15:19.545"
"E6BB0424","110","8",4,1,"DIST-OPEN","available",NA
"E6BB0424","304","3",1,1,"GROUP","HELD",NA
"E6BB0424","307","10",8,1,"DIST-OPEN","SOLD","2026-04-07 21:20:47.530"
"E6BB0424","210","6",15,1,"DIST-OPEN","SOLD","2026-03-30 00:05:55.504"
"E6BB0424","114","1",4,1,"DIST-OPEN","available",NA
"E6BB0424","405","1",18,1,"DIST-OPEN","SOLD","2025-11-17 08:35:36.093"
"E6BB0424","119","2",8,1,"DIST-OPEN","available",NA
"E6BB0424","302","6",19,1,"DIST-OPEN","SOLD","2025-12-25 19:34:35.877"
"E6BB0424","312","6",14,1,"DIST-OPEN","available",NA
"E6BB0424","406","5",3,1,"HOLD","HELD",NA
"E6BB0424","203","10",22,1,"SEASON","SOLD","2025-10-17 18:39:54.605"
"E6BB0424","113","9",20,1,"DIST-OPEN","SOLD","2026-03-06 16:46:35.157"
"E6BB0424","220","5",17,1,"HOLD","COMP","2026-01-28 15:15:12.710"
"E6BB0424","302","6",5,1,"DIST-OPEN","SOLD","2025-11-17 06:57:31.051"
"E6BB0424","202","9",6,1,"DIST-OPEN","available",NA
"E6BB0424","215","4",17,1,"DIST-OPEN","COMP","2026-02-21 08:12:43.633"
"E6BB0424","202","7",4,1,"COMP","COMP","2026-01-15 22:27:24.942"
"E6BB0424","315","1",14,1,"DIST-OPEN","SOLD","2026-02-06 11:52:42.043"
"E6BB0424","319","2",13,1,"HOLD","HELD",NA
"E6BB0424","103","4",24,1,"GROUP","HELD",NA
"E6BB0424","113","1",21,1,"SEASON","SOLD","2025-10-23 03:18:29.316"
"E6BB0424","301","6",13,1,"DIST-OPEN","available",NA
"E6BB0424","110","1",15,1,"DIST-OPEN","available",NA
"E6BB0424","318","9",2,1,"HOLD","HELD",NA
"E6BB0424","112","10",24,1,"DIST-OPEN","available",NA
"E6BB0424","107","4",14,1,"SEASON","SOLD","2025-10-29 06:19:06.997"
"E6BB0424","410","7",21,1,"HOLD","HELD",NA
"E6BB0424","318","5",15,1,"SEASON","SOLD","2025-10-25 11:05:59.164"
"E6BB0424","207","2",19,1,"DIST-OPEN","SOLD","2026-02-06 09:50:32.678"
"E6BB0424","216","8",7,1,"SEASON","SOLD","2025-10-17 16:11:45.569"
"E6BB0424","212","1",13,1,"DIST-OPEN","SOLD","2026-03-06 19:58:19.785"
"E6BB0424","206","4",19,1,"DIST-OPEN","SOLD","2026-04-21 06:53:41.733"
"E6BB0424","407","1",7,1,"DIST-OPEN","available",NA
"E6BB0424","214","3",14,1,"HOLD","HELD",NA
"E6BB0424","107","3",2,1,"COMP","HELD",NA
"E6BB0424","118","1",17,1,"COMP","HELD",NA
"E6BB0424","320","8",4,1,"GROUP","HELD",NA
"E6BB0424","313","8",5,1,"COMP","HELD",NA
"E6BB0424","201","6",8,1,"DIST-OPEN","available",NA
"E6BB0424","109","5",13,1,"DIST-OPEN","available",NA
"E6BB0424","409","10",22,1,"SEASON","SOLD","2025-10-02 06:36:25.470"
"E6BB0424","119","2",17,1,"DIST-OPEN","available",NA
"E6BB0424","118","2",6,1,"HOLD","HELD",NA
"E6BB0424","111","3",17,1,"SEASON","SOLD","2025-10-20 05:34:22.173"
"E6BB0424","116","9",19,1,"SEASON","SOLD","2025-10-11 17:47:23.751"
"E6BB0424","318","6",11,1,"SEASON","SOLD","2025-10-14 13:20:37.339"
"E6BB0424","407","9",12,1,"SEASON","SOLD","2025-10-15 17:47:34.739"
"E6BB0424","403","3",9,1,"SEASON","SOLD","2025-10-23 13:56:32.719"
"E6BB0424","101","9",6,1,"SEASON","SOLD","2025-10-19 05:48:43.795"
"E6BB0424","310","3",8,1,"DIST-OPEN","available",NA
"E6BB0424","120","5",9,1,"HOLD","HELD",NA
"E6BB0424","101","8",14,1,"DIST-OPEN","SOLD","2026-03-11 05:11:28.610"
"E6BB0424","318","7",3,1,"SEASON","SOLD","2025-10-14 04:56:12.050"
"E6BB0424","203","9",3,1,"SEASON","SOLD","2025-10-12 11:43:23.785"
"E6BB0424","311","5",3,1,"SEASON","SOLD","2025-10-26 16:36:56.035"
"E6BB0424","211","8",7,1,"DIST-OPEN","available",NA
"E6BB0424","308","8",8,1,"DIST-OPEN","available",NA
"E6BB0424","309","2",4,1,"HOLD","HELD",NA
"E6BB0424","104","6",7,1,"DIST-OPEN","SOLD","2025-11-16 13:48:52.164"
"E6BB0424","220","8",24,1,"SEASON","SOLD","2025-10-15 06:23:13.907"
"E6BB0424","110","7",20,1,"HOLD","HELD",NA
"E6BB0424","304","2",12,1,"DIST-OPEN","SOLD","2026-03-05 14:13:28.870"
"E6BB0424","307","9",8,1,"GROUP","HELD",NA
"E6BB0424","210","5",23,1,"DIST-OPEN","available",NA
"E6BB0424","114","8",9,1,"DIST-OPEN","SOLD","2026-01-06 02:12:53.469"
"E6BB0424","405","7",17,1,"DIST-OPEN","available",NA
"E6BB0424","119","7",17,1,"HOLD","HELD",NA
"E6BB0424","302","3",15,1,"SEASON","SOLD","2025-10-19 18:54:28.376"
"E6BB0424","312","6",1,1,"DIST-OPEN","available",NA
"E6BB0424","406","10",10,1,"DIST-OPEN","available",NA
"E6BB0424","203","1",3,1,"DIST-OPEN","available",NA
"E6BB0424","113","6",8,1,"DIST-OPEN","available",NA
"E6BB0424","220","9",17,1,"DIST-OPEN","SOLD","2026-04-03 03:22:35.124"
"E6BB0424","302","2",3,1,"HOLD","HELD",NA
"E6BB0424","202","5",7,1,"DIST-OPEN","SOLD","2025-12-20 07:15:20.917"
"E6BB0424","215","2",2,1,"SEASON","SOLD","2025-10-29 14:34:29.568"
"E6BB0424","202","9",12,1,"DIST-OPEN","available",NA
"E6BB0424","315","8",22,1,"SEASON","SOLD","2025-10-20 18:57:23.018"
"E6BB0424","319","4",1,1,"DIST-OPEN","available",NA
"E6BB0424","103","6",5,1,"DIST-OPEN","COMP","2026-01-06 05:05:14.957"
"E6BB0424","113","2",15,1,"SEASON","SOLD","2025-10-21 05:41:59.959"
"E6BB0424","301","2",11,1,"HOLD","HELD",NA
"E6BB0424","110","7",20,1,"DIST-OPEN","available",NA
"E6BB0424","318","4",11,1,"HOLD","HELD",NA
"E6BB0424","112","2",16,1,"HOLD","HELD",NA
"E6BB0424","107","1",10,1,"HOLD","HELD",NA
"E6BB0424","410","8",16,1,"DIST-OPEN","COMP","2026-01-28 16:05:06.477"
"E6BB0424","318","3",12,1,"DIST-OPEN","available",NA
"E6BB0424","207","10",5,1,"SEASON","SOLD","2025-10-14 06:32:25.048"
"E6BB0424","216","7",7,1,"COMP","HELD",NA
"E6BB0424","212","8",5,1,"SEASON","SOLD","2025-10-30 09:54:47.438"
"E6BB0424","206","3",10,1,"DIST-OPEN","SOLD","2026-01-28 09:40:06.671"
"E6BB0424","407","10",3,1,"HOLD","HELD",NA
"E6BB0424","214","5",17,1,"DIST-OPEN","available",NA
"E6BB0424","107","6",16,1,"DIST-OPEN","available",NA
"E6BB0424","118","3",11,1,"DIST-OPEN","SOLD","2025-11-18 21:06:51.594"
"E6BB0424","320","1",2,1,"SEASON","SOLD","2025-10-17 15:35:05.742"
"E6BB0424","313","1",1,1,"DIST-OPEN","SOLD","2025-12-19 05:39:59.679"
"E6BB0424","201","3",11,1,"DIST-OPEN","available",NA
"E6BB0424","109","1",18,1,"COMP","HELD",NA
"E6BB0424","409","1",18,1,"DIST-OPEN","available",NA
"E6BB0424","119","5",14,1,"GROUP","HELD",NA
"E6BB0424","118","3",5,1,"DIST-OPEN","SOLD","2026-02-28 23:34:54.514"
"E6BB0424","111","3",15,1,"SEASON","SOLD","2025-10-07 08:07:02.545"
"E6BB0424","116","5",2,1,"DIST-OPEN","available",NA
"E6BB0424","318","2",21,1,"DIST-OPEN","available",NA
"E6BB0424","407","8",12,1,"DIST-OPEN","available",NA
"E6BB0424","403","9",6,1,"DIST-OPEN","SOLD","2026-03-22 07:19:14.516"
"E6BB0424","101","5",24,1,"DIST-OPEN","SOLD","2025-11-24 06:07:18.193"
"E6BB0424","310","2",1,1,"SEASON","SOLD","2025-10-18 01:03:43.750"
"E6BB0424","120","3",21,1,"SEASON","SOLD","2025-10-28 20:32:53.738"
"E6BB0424","101","10",8,1,"SEASON","SOLD","2025-10-16 11:36:59.704"
"E6BB0424","318","10",17,1,"DIST-OPEN","SOLD","2026-03-11 07:56:08.588"
"E6BB0424","203","10",22,1,"HOLD","HELD",NA
"E6BB0424","311","8",22,1,"DIST-OPEN","available",NA
"E6BB0424","211","10",12,1,"COMP","HELD",NA
"E6BB0424","308","5",6,1,"COMP","HELD",NA
"E6BB0424","309","3",20,1,"DIST-OPEN","available",NA
"E6BB0424","104","9",5,1,"HOLD","HELD",NA
"E6BB0424","220","4",8,1,"GROUP","HELD",NA
"E6BB0424","110","9",23,1,"GROUP","HELD",NA
"E6BB0424","304","5",11,1,"DIST-OPEN","available",NA
"E6BB0424","307","6",14,1,"GROUP","HELD",NA
"E6BB0424","210","4",12,1,"SEASON","SOLD","2025-10-14 12:19:46.836"
"E6BB0424","114","9",6,1,"DIST-OPEN","available",NA
"E6BB0424","405","9",20,1,"DIST-OPEN","SOLD","2026-01-19 16:14:47.614"
"E6BB0424","119","4",6,1,"DIST-OPEN","available",NA
"E6BB0424","302","2",24,1,"COMP","HELD",NA
"E6BB0424","312","9",13,1,"COMP","HELD",NA
"E6BB0424","406","6",2,1,"DIST-OPEN","SOLD","2026-02-24 15:23:11.365"
"E6BB0424","203","10",7,1,"DIST-OPEN","available",NA
"E6BB0424","113","5",20,1,"COMP","HELD",NA
"E6BB0424","220","3",5,1,"SEASON","SOLD","2025-10-08 09:36:21.098"
"E6BB0424","302","10",5,1,"SEASON","SOLD","2025-10-27 00:03:37.871"
"E6BB0424","202","2",15,1,"DIST-OPEN","SOLD","2026-02-20 00:42:08.646"
"E6BB0424","215","9",11,1,"SEASON","SOLD","2025-10-11 06:14:00.338"
"E6BB0424","202","7",23,1,"SEASON","SOLD","2025-10-08 03:26:12.710"
"E6BB0424","315","6",5,1,"DIST-OPEN","available",NA
"E6BB0424","319","2",11,1,"DIST-OPEN","available",NA
"E6BB0424","103","7",6,1,"DIST-OPEN","available",NA
"E6BB0424","113","8",6,1,"SEASON","SOLD","2025-10-07 00:38:14.587"
"E6BB0424","301","8",6,1,"DIST-OPEN","available",NA
"E6BB0424","110","3",21,1,"DIST-OPEN","available",NA
"E6BB0424","318","10",22,1,"HOLD","HELD",NA
"E6BB0424","112","7",10,1,"DIST-OPEN","COMP","2026-02-13 19:00:01.002"
"E6BB0424","107","3",19,1,"DIST-OPEN","available",NA
"E6BB0424","410","7",1,1,"SEASON","SOLD","2025-10-16 03:48:24.774"
"E6BB0424","318","10",1,1,"DIST-OPEN","available",NA
"E6BB0424","207","1",4,1,"GROUP","HELD",NA
"E6BB0424","216","9",4,1,"HOLD","COMP","2026-02-20 02:49:15.389"
"E6BB0424","212","9",11,1,"SEASON","SOLD","2025-10-20 23:16:29.267"
"E6BB0424","206","9",2,1,"DIST-OPEN","SOLD","2025-12-16 13:14:32.636"
"E6BB0424","407","8",10,1,"DIST-OPEN","available",NA
"E6BB0424","214","8",6,1,"DIST-OPEN","SOLD","2026-01-15 13:37:14.482"
"E6BB0424","107","4",21,1,"SEASON","SOLD","2025-10-13 20:50:35.240"
"E6BB0424","118","7",13,1,"DIST-OPEN","available",NA
"E6BB0424","320","4",5,1,"DIST-OPEN","available",NA
"E6BB0424","313","10",24,1,"COMP","HELD",NA
"E6BB0424","201","3",18,1,"DIST-OPEN","SOLD","2025-12-19 21:04:32.895"
"E6BB0424","109","4",16,1,"DIST-OPEN","available",NA
"E6BB0424","409","4",17,1,"DIST-OPEN","available",NA
"E6BB0424","119","4",6,1,"DIST-OPEN","SOLD","2026-02-10 02:11:32.623"
"E6BB0424","118","10",24,1,"SEASON","SOLD","2025-10-04 16:57:24.099"
"E6BB0424","111","6",6,1,"HOLD","HELD",NA
"E6BB0424","116","5",20,1,"DIST-OPEN","SOLD","2026-01-04 07:39:37.369"
"E6BB0424","318","9",4,1,"DIST-OPEN","available",NA
"E6BB0424","407","1",17,1,"SEASON","SOLD","2025-10-28 17:08:38.152"
"E6BB0424","403","4",19,1,"SEASON","SOLD","2025-10-10 07:52:59.451"
"E6BB0424","101","7",24,1,"DIST-OPEN","available",NA
"E6BB0424","310","6",4,1,"DIST-OPEN","SOLD","2025-12-11 01:16:58.975"
"E6BB0424","120","3",5,1,"DIST-OPEN","SOLD","2026-03-21 08:59:38.307"
"E6BB0424","101","9",3,1,"DIST-OPEN","available",NA
"E6BB0424","318","7",15,1,"HOLD","HELD",NA
"E6BB0424","203","8",2,1,"DIST-OPEN","SOLD","2025-12-18 00:20:10.741"
"E6BB0424","311","10",8,1,"DIST-OPEN","COMP","2026-01-17 08:22:52.127"
"E6BB0424","211","6",14,1,"DIST-OPEN","SOLD","2026-03-30 00:35:15.036"
"E6BB0424","308","2",10,1,"DIST-OPEN","available",NA
"E6BB0424","309","7",18,1,"DIST-OPEN","available",NA
"E6BB0424","104","8",11,1,"GROUP","HELD",NA
"E6BB0424","220","5",9,1,"DIST-OPEN","SOLD","2026-01-15 14:33:07.601"
"E6BB0424","110","2",2,1,"SEASON","SOLD","2025-10-20 06:43:31.909"
"E6BB0424","304","8",22,1,"DIST-OPEN","available",NA
"E6BB0424","307","7",19,1,"DIST-OPEN","available",NA
"E6BB0424","210","8",14,1,"HOLD","COMP","2026-01-05 03:18:03.475"
"E6BB0424","114","5",19,1,"GROUP","HELD",NA
"E6BB0424","405","4",14,1,"DIST-OPEN","SOLD","2026-04-07 23:43:30.450"
"E6BB0424","119","9",3,1,"HOLD","HELD",NA
"E6BB0424","302","2",18,1,"SEASON","SOLD","2025-10-21 05:46:44.164"
"E6BB0424","312","5",5,1,"SEASON","SOLD","2025-10-13 21:38:21.698"
"E6BB0424","406","7",21,1,"SEASON","SOLD","2025-10-02 15:17:52.716"
"E6BB0424","203","5",17,1,"HOLD","HELD",NA
"E6BB0424","113","6",16,1,"HOLD","HELD",NA
"E6BB0424","220","3",11,1,"GROUP","HELD",NA
"E6BB0424","302","8",7,1,"DIST-OPEN","SOLD","2026-02-13 10:47:44.031"
"E6BB0424","202","10",23,1,"HOLD","HELD",NA
"E6BB0424","215","2",6,1,"DIST-OPEN","SOLD","2026-01-31 15:56:52.719"
"E6BB0424","202","7",1,1,"GROUP","HELD",NA
"E6BB0424","315","1",15,1,"SEASON","SOLD","2025-10-30 12:08:02.439"
"E6BB0424","319","6",17,1,"DIST-OPEN","SOLD","2026-02-20 14:00:49.367"
"E6BB0424","103","8",5,1,"HOLD","HELD",NA
"E6BB0424","113","9",2,1,"DIST-OPEN","available",NA
"E6BB0424","301","6",9,1,"SEASON","SOLD","2025-10-11 20:20:58.960"
"E6BB0424","110","3",18,1,"HOLD","HELD",NA
"E6BB0424","318","9",20,1,"SEASON","SOLD","2025-10-27 12:36:16.976"
"E6BB0424","112","2",15,1,"DIST-OPEN","available",NA
"E6BB0424","107","6",17,1,"DIST-OPEN","SOLD","2026-03-31 09:23:50.890"
"E6BB0424","410","3",4,1,"DIST-OPEN","available",NA
"E6BB0424","318","5",9,1,"DIST-OPEN","available",NA
"E6BB0424","207","1",18,1,"SEASON","SOLD","2025-10-22 07:26:11.883"
"E6BB0424","216","2",21,1,"DIST-OPEN","SOLD","2026-03-10 03:48:18.218"
"E6BB0424","212","9",5,1,"DIST-OPEN","SOLD","2026-03-22 10:13:26.436"
"E6BB0424","206","8",2,1,"GROUP","COMP","2026-03-06 21:21:41.759"
"E6BB0424","407","2",14,1,"GROUP","HELD",NA
"E6BB0424","214","7",18,1,"HOLD","HELD",NA
"E6BB0424","107","2",15,1,"DIST-OPEN","COMP","2026-01-04 12:20:39.711"
"E6BB0424","118","2",19,1,"DIST-OPEN","COMP","2026-01-30 11:50:00.989"
"E6BB0424","320","5",6,1,"SEASON","SOLD","2025-10-27 12:53:13.411"
"E6BB0424","313","4",11,1,"HOLD","HELD",NA
"E6BB0424","201","5",4,1,"DIST-OPEN","SOLD","2026-02-02 16:55:56.668"
"E6BB0424","109","4",11,1,"HOLD","HELD",NA
"E6BB0424","409","6",18,1,"DIST-OPEN","SOLD","2025-11-20 09:05:01.813"
"E6BB0424","119","9",6,1,"DIST-OPEN","available",NA
"E6BB0424","118","2",14,1,"DIST-OPEN","SOLD","2026-04-20 01:02:02.472"
"E6BB0424","111","3",14,1,"SEASON","SOLD","2025-10-17 23:04:00.247"
"E6BB0424","116","4",18,1,"DIST-OPEN","SOLD","2025-12-24 05:20:27.495"
"E6BB0424","318","9",22,1,"DIST-OPEN","available",NA
"E6BB0424","407","8",24,1,"DIST-OPEN","available",NA
"E6BB0424","403","2",22,1,"GROUP","HELD",NA
"E6BB0424","101","9",16,1,"DIST-OPEN","SOLD","2026-03-04 20:05:09.577"
"E6BB0424","310","8",16,1,"SEASON","SOLD","2025-10-29 21:02:23.480"
"E6BB0424","120","3",20,1,"SEASON","SOLD","2025-10-13 04:05:43.684"
"E6BB0424","101","1",20,1,"SEASON","SOLD","2025-10-21 15:37:47.723"
"E6BB0424","318","6",4,1,"GROUP","HELD",NA
"E6BB0424","203","10",9,1,"DIST-OPEN","COMP","2026-03-02 02:11:00.209"
"E6BB0424","311","10",10,1,"DIST-OPEN","available",NA
"E6BB0424","211","9",6,1,"COMP","COMP","2026-02-28 00:51:23.995"
"E6BB0424","308","6",23,1,"DIST-OPEN","SOLD","2025-11-19 08:46:28.801"
"E6BB0424","309","6",1,1,"COMP","HELD",NA
"E6BB0424","104","4",1,1,"SEASON","SOLD","2025-10-08 06:25:01.452"
"E6BB0424","220","3",19,1,"DIST-OPEN","SOLD","2026-01-22 23:24:02.213"
"E6BB0424","110","3",6,1,"DIST-OPEN","SOLD","2026-01-14 05:32:34.669"
"E6BB0424","304","5",1,1,"GROUP","HELD",NA
"E6BB0424","307","1",16,1,"DIST-OPEN","available",NA
"E6BB0424","210","8",6,1,"SEASON","SOLD","2025-10-19 17:50:00.637"
"E6BB0424","114","2",18,1,"HOLD","HELD",NA
"E6BB0424","405","5",4,1,"COMP","HELD",NA
"E6BB0424","119","4",1,1,"DIST-OPEN","available",NA
"E6BB0424","302","7",1,1,"DIST-OPEN","available",NA
"E6BB0424","312","6",12,1,"DIST-OPEN","SOLD","2026-02-04 03:26:44.233"
"E6BB0424","406","2",7,1,"DIST-OPEN","available",NA
"E6BB0424","203","6",21,1,"DIST-OPEN","available",NA
"E6BB0424","113","1",7,1,"DIST-OPEN","SOLD","2026-03-06 13:48:36.974"
"E6BB0424","220","10",15,1,"DIST-OPEN","available",NA
"E6BB0424","302","8",15,1,"DIST-OPEN","SOLD","2025-12-02 04:51:45.934"
"E6BB0424","202","5",13,1,"DIST-OPEN","SOLD","2026-02-16 16:20:19.057"
"E6BB0424","215","6",10,1,"HOLD","HELD",NA
"E6BB0424","202","2",10,1,"GROUP","HELD",NA
"E6BB0424","315","7",13,1,"HOLD","HELD",NA
"E6BB0424","319","9",24,1,"GROUP","HELD",NA
"E6BB0424","103","4",16,1,"SEASON","SOLD","2025-10-12 02:57:36.628"
"E6BB0424","113","3",5,1,"GROUP","HELD",NA
"E6BB0424","301","7",23,1,"DIST-OPEN","available",NA
"E6BB0424","110","6",5,1,"DIST-OPEN","SOLD","2026-02-04 17:27:43.220"
"E6BB0424","318","1",7,1,"SEASON","SOLD","2025-10-14 06:41:42.165"
"E6BB0424","112","6",18,1,"SEASON","SOLD","2025-10-24 03:15:45.592"
"E6BB0424","107","5",21,1,"SEASON","SOLD","2025-10-21 14:47:40.636"
"E6BB0424","410","1",20,1,"DIST-OPEN","SOLD","2026-02-06 15:24:27.992"
"E6BB0424","318","9",16,1,"HOLD","HELD",NA
"E6BB0424","207","5",13,1,"SEASON","SOLD","2025-10-25 18:57:18.932"
"E6BB0424","216","4",5,1,"DIST-OPEN","available",NA
"E6BB0424","212","3",9,1,"DIST-OPEN","SOLD","2025-12-16 05:10:13.227"
"E6BB0424","206","1",23,1,"COMP","HELD",NA
"E6BB0424","407","1",1,1,"DIST-OPEN","available",NA
"E6BB0424","214","2",21,1,"DIST-OPEN","available",NA
"E6BB0424","107","3",22,1,"DIST-OPEN","available",NA
"E6BB0424","118","6",23,1,"SEASON","SOLD","2025-10-15 12:52:31.473"
"E6BB0424","320","4",21,1,"HOLD","HELD",NA
"E6BB0424","313","8",10,1,"DIST-OPEN","available",NA
"E6BB0424","201","10",9,1,"SEASON","SOLD","2025-10-12 02:12:39.907"
"E6BB0424","109","5",23,1,"DIST-OPEN","available",NA
"E6BB0424","409","4",13,1,"DIST-OPEN","available",NA
"E6BB0424","119","8",16,1,"DIST-OPEN","SOLD","2026-03-03 05:24:01.235"
"E6BB0424","118","8",19,1,"HOLD","HELD",NA
"E6BB0424","111","3",9,1,"DIST-OPEN","SOLD","2025-12-18 21:52:12.289"
"E6BB0424","116","4",7,1,"HOLD","HELD",NA
"E6BB0424","318","9",21,1,"DIST-OPEN","available",NA
"E6BB0424","407","10",6,1,"SEASON","SOLD","2025-10-15 22:06:00.025"
"E6BB0424","403","5",13,1,"GROUP","HELD",NA
"E6BB0424","101","6",11,1,"DIST-OPEN","SOLD","2025-11-20 16:34:40.592"
"E6BB0424","310","2",19,1,"HOLD","HELD",NA
"E6BB0424","120","1",24,1,"DIST-OPEN","available",NA
"E6BB0424","101","5",22,1,"DIST-OPEN","available",NA
"E6BB0424","318","5",8,1,"DIST-OPEN","SOLD","2026-01-29 19:04:29.393"
"E6BB0424","203","6",4,1,"SEASON","SOLD","2025-10-17 20:35:06.162"
"E6BB0424","311","9",3,1,"SEASON","SOLD","2025-10-27 15:33:50.767"
"E6BB0424","211","9",18,1,"HOLD","HELD",NA
"E6BB0424","308","6",23,1,"DIST-OPEN","available",NA
"E6BB0424","309","3",12,1,"DIST-OPEN","available",NA
"E6BB0424","104","5",1,1,"DIST-OPEN","SOLD","2025-12-05 13:14:47.792"
"E6BB0424","220","3",10,1,"DIST-OPEN","available",NA
"E6BB0424","110","3",7,1,"DIST-OPEN","available",NA
"E6BB0424","304","4",3,1,"COMP","HELD",NA
"E6BB0424","307","2",14,1,"DIST-OPEN","available",NA
"E6BB0424","210","4",14,1,"DIST-OPEN","SOLD","2026-01-26 03:07:19.010"
"E6BB0424","114","1",17,1,"DIST-OPEN","SOLD","2025-12-17 15:18:27.175"
"E6BB0424","405","1",19,1,"DIST-OPEN","available",NA
"E6BB0424","119","4",5,1,"SEASON","SOLD","2025-10-19 23:26:58.860"
"E6BB0424","302","1",22,1,"DIST-OPEN","available",NA
"E6BB0424","312","9",13,1,"SEASON","SOLD","2025-10-02 05:00:27.432"
"E6BB0424","406","1",11,1,"DIST-OPEN","available",NA
"E6BB0424","203","8",2,1,"DIST-OPEN","available",NA
"E6BB0424","113","9",15,1,"DIST-OPEN","SOLD","2026-04-21 07:30:40.417"
"E6BB0424","220","5",5,1,"COMP","HELD",NA
"E6BB0424","302","9",4,1,"DIST-OPEN","SOLD","2025-12-17 14:47:53.717"
"E6BB0424","202","2",20,1,"SEASON","SOLD","2025-10-26 22:31:49.968"
"E6BB0424","215","5",5,1,"SEASON","SOLD","2025-10-10 01:14:33.320"
"E6BB0424","202","3",24,1,"DIST-OPEN","available",NA
"E6BB0424","315","2",13,1,"GROUP","HELD",NA
"E6BB0424","319","5",19,1,"SEASON","SOLD","2025-10-02 23:49:27.435"
"E6BB0424","103","6",12,1,"DIST-OPEN","available",NA
"E6BB0424","113","5",15,1,"DIST-OPEN","SOLD","2025-12-05 07:06:44.609"
"E6BB0424","301","6",7,1,"DIST-OPEN","COMP","2026-03-17 04:34:12.407"
"E6BB0424","110","9",15,1,"DIST-OPEN","SOLD","2025-12-10 18:15:24.788"
"E6BB0424","318","9",4,1,"SEASON","SOLD","2025-10-06 19:08:26.729"
"E6BB0424","112","7",8,1,"DIST-OPEN","SOLD","2026-04-11 18:53:04.270"
"E6BB0424","107","8",12,1,"DIST-OPEN","SOLD","2026-03-19 10:23:12.312"
"E6BB0424","410","10",13,1,"DIST-OPEN","SOLD","2026-01-13 15:54:02.354"
"E6BB0424","318","5",12,1,"SEASON","SOLD","2025-10-30 20:14:07.018"
"E6BB0424","207","1",8,1,"DIST-OPEN","available",NA
"E6BB0424","216","7",10,1,"HOLD","HELD",NA
"E6BB0424","212","3",8,1,"GROUP","HELD",NA
"E6BB0424","206","5",7,1,"GROUP","HELD",NA
"E6BB0424","407","10",23,1,"DIST-OPEN","available",NA
"E6BB0424","214","1",8,1,"DIST-OPEN","available",NA
"E6BB0424","107","2",23,1,"DIST-OPEN","available",NA
"E6BB0424","118","8",7,1,"DIST-OPEN","available",NA
"E6BB0424","320","1",21,1,"DIST-OPEN","COMP","2026-02-03 04:28:52.699"
"E6BB0424","313","6",6,1,"HOLD","HELD",NA
"E6BB0424","201","4",6,1,"SEASON","SOLD","2025-10-02 16:38:43.449"
"E6BB0424","109","5",23,1,"DIST-OPEN","available",NA
"E6BB0424","409","3",20,1,"HOLD","HELD",NA
"E6BB0424","119","3",10,1,"DIST-OPEN","SOLD","2026-04-16 02:59:52.739"
"E6BB0424","118","2",19,1,"DIST-OPEN","SOLD","2026-02-09 00:06:20.321"
"E6BB0424","111","10",11,1,"DIST-OPEN","SOLD","2026-01-15 13:50:19.184"
"E6BB0424","116","10",1,1,"HOLD","HELD",NA
"E6BB0424","318","3",4,1,"HOLD","HELD",NA
"E6BB0424","407","9",3,1,"GROUP","HELD",NA
"E6BB0424","403","4",10,1,"SEASON","SOLD","2025-10-03 08:29:10.282"
"E6BB0424","101","7",3,1,"GROUP","HELD",NA
"E6BB0424","310","3",7,1,"SEASON","SOLD","2025-10-07 08:07:18.497"
"E6BB0424","120","2",18,1,"DIST-OPEN","available",NA
"E6BB0424","101","5",10,1,"DIST-OPEN","available",NA
"E6BB0424","318","10",19,1,"SEASON","SOLD","2025-10-05 16:00:04.084"
"E6BB0424","203","7",16,1,"DIST-OPEN","SOLD","2025-11-20 04:55:58.499"
"E6BB0424","311","3",18,1,"SEASON","SOLD","2025-10-04 01:03:52.767"
"E6BB0424","211","7",16,1,"HOLD","HELD",NA
"E6BB0424","308","7",18,1,"HOLD","HELD",NA
"E6BB0424","309","7",5,1,"DIST-OPEN","available",NA
"E6BB0424","104","5",14,1,"SEASON","SOLD","2025-10-21 01:25:43.071"
"E6BB0424","220","1",8,1,"HOLD","HELD",NA
"E6BB0424","110","2",4,1,"SEASON","SOLD","2025-10-22 01:03:03.318"
"E6BB0424","304","1",19,1,"DIST-OPEN","available",NA
"E6BB0424","307","9",16,1,"SEASON","SOLD","2025-10-23 11:58:59.353"
"E6BB0424","210","8",21,1,"HOLD","HELD",NA
"E6BB0424","114","5",4,1,"DIST-OPEN","COMP","2026-01-03 07:30:29.525"
"E6BB0424","405","10",23,1,"COMP","HELD",NA
"E6BB0424","119","3",23,1,"DIST-OPEN","SOLD","2025-12-24 11:14:02.448"
"E6BB0424","302","10",8,1,"HOLD","HELD",NA
"E6BB0424","312","4",9,1,"DIST-OPEN","available",NA
"E6BB0424","406","9",9,1,"SEASON","SOLD","2025-10-09 21:43:51.368"
"E6BB0424","203","6",19,1,"HOLD","HELD",NA
"E6BB0424","113","8",10,1,"DIST-OPEN","available",NA
"E6BB0424","220","3",21,1,"DIST-OPEN","available",NA
"E6BB0424","302","6",24,1,"DIST-OPEN","available",NA
"E6BB0424","202","3",23,1,"COMP","HELD",NA
"E6BB0424","215","9",22,1,"COMP","HELD",NA
"E6BB0424","202","6",5,1,"DIST-OPEN","available",NA
"E6BB0424","315","3",14,1,"COMP","HELD",NA
"E6BB0424","319","3",17,1,"HOLD","HELD",NA
"E6BB0424","103","4",4,1,"DIST-OPEN","available",NA
"E6BB0424","113","7",1,1,"DIST-OPEN","available",NA
"E6BB0424","301","5",5,1,"DIST-OPEN","available",NA
"E6BB0424","110","3",1,1,"GROUP","HELD",NA
"E6BB0424","318","2",22,1,"DIST-OPEN","available",NA
"E6BB0424","112","1",7,1,"SEASON","SOLD","2025-10-20 03:31:07.014"
"E6BB0424","107","9",21,1,"SEASON","SOLD","2025-10-10 05:37:38.754"
"E6BB0424","410","1",19,1,"SEASON","SOLD","2025-10-24 16:25:40.630"
"E6BB0424","318","10",10,1,"HOLD","HELD",NA
"E6BB0424","207","10",4,1,"SEASON","SOLD","2025-10-06 23:01:47.816"
"E6BB0424","216","5",4,1,"SEASON","SOLD","2025-10-04 18:08:05.922"
"E6BB0424","212","5",16,1,"COMP","HELD",NA
"E6BB0424","206","1",19,1,"DIST-OPEN","SOLD","2026-04-18 06:22:49.172"
"E6BB0424","407","5",21,1,"DIST-OPEN","available",NA
"E6BB0424","214","9",12,1,"DIST-OPEN","available",NA
"E6BB0424","107","10",5,1,"SEASON","SOLD","2025-10-07 05:22:27.380"
"E6BB0424","118","10",17,1,"HOLD","HELD",NA
"E6BB0424","320","6",17,1,"DIST-OPEN","available",NA
"E6BB0424","313","10",12,1,"DIST-OPEN","available",NA
"E6BB0424","201","5",8,1,"DIST-OPEN","COMP","2026-03-13 11:53:50.595"
"E6BB0424","109","10",12,1,"HOLD","HELD",NA
"E6BB0424","409","7",5,1,"SEASON","SOLD","2025-10-16 21:58:29.854"
"E6BB0424","119","1",2,1,"DIST-OPEN","available",NA
"E6BB0424","118","6",2,1,"DIST-OPEN","SOLD","2026-03-16 07:41:24.599"
"E6BB0424","111","4",19,1,"DIST-OPEN","SOLD","2025-12-18 23:17:45.274"
"E6BB0424","116","9",16,1,"GROUP","HELD",NA
"E6BB0424","318","2",5,1,"DIST-OPEN","SOLD","2026-02-20 06:22:43.866"
"E6BB0424","407","5",14,1,"SEASON","SOLD","2025-10-05 13:42:08.920"
"E6BB0424","403","1",12,1,"DIST-OPEN","available",NA
"E6BB0424","101","1",23,1,"DIST-OPEN","available",NA
"E6BB0424","310","4",15,1,"DIST-OPEN","SOLD","2026-02-18 19:37:42.830"
"E6BB0424","120","5",22,1,"SEASON","SOLD","2025-10-22 03:15:24.086"
"E6BB0424","101","1",20,1,"DIST-OPEN","available",NA
"E6BB0424","318","4",13,1,"DIST-OPEN","SOLD","2026-03-13 14:03:38.280"
"E6BB0424","203","4",20,1,"COMP","HELD",NA
"E6BB0424","311","10",22,1,"GROUP","COMP","2026-02-06 06:45:15.015"
"E6BB0424","211","6",1,1,"GROUP","HELD",NA
"E6BB0424","308","6",8,1,"SEASON","SOLD","2025-10-15 21:54:32.375"
"E6BB0424","309","10",23,1,"DIST-OPEN","SOLD","2025-12-20 22:37:21.202"
"E6BB0424","104","7",23,1,"DIST-OPEN","available",NA
"E6BB0424","220","6",5,1,"DIST-OPEN","available",NA
"E6BB0424","110","4",7,1,"HOLD","HELD",NA
"E6BB0424","304","9",11,1,"COMP","HELD",NA
"E6BB0424","307","4",1,1,"SEASON","SOLD","2025-10-07 01:34:20.653"
"E6BB0424","210","10",11,1,"DIST-OPEN","COMP","2026-02-01 09:09:30.767"
"E6BB0424","114","10",19,1,"HOLD","HELD",NA
"E6BB0424","405","6",2,1,"DIST-OPEN","COMP","2026-02-23 18:11:02.688"
"E6BB0424","119","3",5,1,"DIST-OPEN","SOLD","2026-02-18 14:37:36.717"
"E6BB0424","302","3",22,1,"SEASON","SOLD","2025-10-13 23:46:58.054"
"E6BB0424","312","3",24,1,"GROUP","HELD",NA
"E6BB0424","406","2",19,1,"SEASON","SOLD","2025-10-05 07:03:21.663"
"E6BB0424","203","8",9,1,"SEASON","SOLD","2025-10-19 14:49:09.125"
"E6BB0424","113","10",9,1,"SEASON","SOLD","2025-10-08 10:53:18.303"
"E6BB0424","220","5",19,1,"DIST-OPEN","SOLD","2026-04-19 19:18:26.000"
"E6BB0424","302","4",8,1,"DIST-OPEN","available",NA
"E6BB0424","202","1",23,1,"DIST-OPEN","available",NA
"E6BB0424","215","4",13,1,"SEASON","SOLD","2025-10-22 14:24:48.304"
"E6BB0424","202","7",14,1,"DIST-OPEN","available",NA
"E6BB0424","315","10",6,1,"GROUP","HELD",NA
"E6BB0424","319","6",12,1,"DIST-OPEN","COMP","2026-01-27 17:58:12.947"
"E6BB0424","103","8",24,1,"DIST-OPEN","available",NA
"E6BB0424","113","6",21,1,"HOLD","HELD",NA
"E6BB0424","301","9",9,1,"DIST-OPEN","available",NA
"E6BB0424","110","7",9,1,"SEASON","SOLD","2025-10-15 01:27:13.027"
"E6BB0424","318","5",11,1,"HOLD","HELD",NA
"E6BB0424","112","3",21,1,"SEASON","SOLD","2025-10-21 12:33:52.211"
"E6BB0424","107","1",24,1,"HOLD","HELD",NA
"E6BB0424","410","7",5,1,"SEASON","SOLD","2025-10-25 21:59:08.210"
"E6BB0424","318","3",6,1,"DIST-OPEN","SOLD","2026-02-26 15:52:44.992"
"E6BB0424","207","8",2,1,"GROUP","HELD",NA
"E6BB0424","216","4",4,1,"GROUP","HELD",NA
"E6BB0424","212","2",14,1,"HOLD","COMP","2026-01-06 05:12:40.858"
"E6BB0424","206","6",22,1,"DIST-OPEN","SOLD","2025-12-27 08:39:24.380"
"E6BB0424","407","9",12,1,"GROUP","HELD",NA
"E6BB0424","214","2",1,1,"COMP","HELD",NA
"E6BB0424","107","10",21,1,"DIST-OPEN","SOLD","2026-01-24 17:19:39.141"
"E6BB0424","118","3",19,1,"DIST-OPEN","available",NA
"E6BB0424","320","7",21,1,"DIST-OPEN","SOLD","2026-03-16 22:39:26.275"
"E6BB0424","313","4",14,1,"DIST-OPEN","available",NA
"E6BB0424","201","10",9,1,"DIST-OPEN","SOLD","2026-04-21 13:45:41.992"
"E6BB0424","109","7",19,1,"HOLD","HELD",NA
"E6BB0424","409","1",12,1,"DIST-OPEN","SOLD","2026-03-18 03:52:37.998"
"E6BB0424","119","7",5,1,"DIST-OPEN","COMP","2026-02-11 15:01:52.128"
"E6BB0424","118","10",23,1,"HOLD","HELD",NA
"E6BB0424","111","6",14,1,"DIST-OPEN","available",NA
"E6BB0424","116","2",6,1,"DIST-OPEN","available",NA
"E6BB0424","318","7",6,1,"DIST-OPEN","available",NA
"E6BB0424","407","9",21,1,"SEASON","SOLD","2025-10-08 18:48:58.449"
"E6BB0424","403","10",2,1,"COMP","HELD",NA
"E6BB0424","101","9",5,1,"DIST-OPEN","available",NA
"E6BB0424","310","5",10,1,"SEASON","SOLD","2025-10-19 13:27:23.819"
"E6BB0424","120","8",21,1,"DIST-OPEN","available",NA
"E6BB0424","101","8",16,1,"COMP","HELD",NA
"E6BB0424","318","4",7,1,"DIST-OPEN","available",NA
"E6BB0424","203","8",16,1,"SEASON","SOLD","2025-10-03 11:04:40.185"
"E6BB0424","311","4",22,1,"DIST-OPEN","COMP","2026-01-16 00:09:14.061"
"E6BB0424","211","4",23,1,"DIST-OPEN","SOLD","2026-03-18 10:18:00.332"
"E6BB0424","308","2",14,1,"DIST-OPEN","available",NA
"E6BB0424","309","3",12,1,"DIST-OPEN","available",NA
"E6BB0424","104","3",14,1,"SEASON","SOLD","2025-10-01 10:19:22.251"
"E6BB0424","220","7",5,1,"DIST-OPEN","available",NA
"E6BB0424","110","2",17,1,"GROUP","HELD",NA
"E6BB0424","304","9",24,1,"SEASON","SOLD","2025-10-16 23:55:49.873"
"E6BB0424","307","7",9,1,"DIST-OPEN","available",NA
"E6BB0424","210","7",19,1,"DIST-OPEN","SOLD","2025-11-16 17:30:31.878"
"E6BB0424","114","8",14,1,"DIST-OPEN","SOLD","2026-02-16 13:26:12.884"
"E6BB0424","405","6",2,1,"COMP","COMP","2026-03-18 22:56:07.682"
"E6BB0424","119","7",23,1,"DIST-OPEN","SOLD","2025-12-30 04:14:53.082"
"E6BB0424","302","2",2,1,"HOLD","HELD",NA
"E6BB0424","312","6",19,1,"HOLD","COMP","2026-01-08 21:20:00.796"
"E6BB0424","406","3",15,1,"DIST-OPEN","SOLD","2025-11-29 19:26:36.391"
"E6BB0424","203","8",23,1,"SEASON","SOLD","2025-10-02 13:54:05.047"
"E6BB0424","113","4",19,1,"DIST-OPEN","COMP","2026-03-26 13:17:28.921"
"E6BB0424","220","7",15,1,"SEASON","SOLD","2025-10-21 22:55:56.257"
"E6BB0424","302","4",13,1,"DIST-OPEN","SOLD","2026-01-14 14:07:44.098"
"E6BB0424","202","8",10,1,"GROUP","HELD",NA
"E6BB0424","215","8",24,1,"DIST-OPEN","SOLD","2026-03-11 09:30:42.504"
"E6BB0424","202","10",17,1,"COMP","COMP","2026-02-17 11:13:11.735"
"E6BB0424","315","5",4,1,"DIST-OPEN","available",NA
"E6BB0424","319","9",3,1,"DIST-OPEN","available",NA
"E6BB0424","103","7",15,1,"DIST-OPEN","SOLD","2026-03-13 01:56:23.429"
"E6BB0424","113","3",22,1,"DIST-OPEN","available",NA
"E6BB0424","301","4",10,1,"COMP","HELD",NA
"E6BB0424","110","3",11,1,"SEASON","SOLD","2025-10-02 00:22:54.879"
"E6BB0424","318","5",23,1,"DIST-OPEN","available",NA
"E6BB0424","112","2",18,1,"DIST-OPEN","SOLD","2026-01-19 17:18:24.197"
"E6BB0424","107","3",4,1,"DIST-OPEN","available",NA
"E6BB0424","410","3",15,1,"DIST-OPEN","SOLD","2026-03-25 23:59:49.994"
"E6BB0424","318","9",1,1,"DIST-OPEN","COMP","2026-02-01 04:05:58.527"
"E6BB0424","207","3",5,1,"DIST-OPEN","SOLD","2026-03-20 13:17:55.152"
"E6BB0424","216","7",1,1,"DIST-OPEN","available",NA
"E6BB0424","212","6",1,1,"DIST-OPEN","SOLD","2026-01-25 21:23:45.032"
"E6BB0424","206","7",1,1,"DIST-OPEN","SOLD","2026-03-17 15:29:45.424"
"E6BB0424","407","10",19,1,"HOLD","HELD",NA
"E6BB0424","214","5",16,1,"DIST-OPEN","available",NA
"E6BB0424","107","9",1,1,"DIST-OPEN","SOLD","2026-04-05 09:10:27.816"
"E6BB0424","118","1",6,1,"COMP","HELD",NA
"E6BB0424","320","8",11,1,"SEASON","SOLD","2025-10-18 14:14:44.944"
"E6BB0424","313","1",11,1,"DIST-OPEN","SOLD","2026-02-11 21:25:53.715"
"E6BB0424","201","8",21,1,"DIST-OPEN","SOLD","2025-11-29 15:25:47.147"
"E6BB0424","109","4",19,1,"DIST-OPEN","SOLD","2026-01-10 13:28:15.166"
"E6BB0424","409","10",6,1,"SEASON","SOLD","2025-10-09 23:21:45.268"
"E6BB0424","119","3",10,1,"DIST-OPEN","COMP","2026-02-11 22:26:08.857"
"E6BB0424","118","9",18,1,"DIST-OPEN","available",NA
"E6BB0424","111","1",6,1,"COMP","HELD",NA
"E6BB0424","116","3",23,1,"DIST-OPEN","available",NA
"E6BB0424","318","6",1,1,"DIST-OPEN","SOLD","2026-03-06 18:57:26.030"
"E6BB0424","407","10",9,1,"HOLD","HELD",NA
"E6BB0424","403","1",23,1,"COMP","COMP","2026-03-15 06:28:12.614"
"E6BB0424","101","10",4,1,"GROUP","HELD",NA
"E6BB0424","310","4",12,1,"DIST-OPEN","available",NA
"E6BB0424","120","1",7,1,"SEASON","SOLD","2025-10-21 20:01:33.141"
"E6BB0424","101","3",20,1,"DIST-OPEN","SOLD","2026-03-13 02:36:43.458"
"E6BB0424","318","10",4,1,"DIST-OPEN","SOLD","2025-12-18 08:11:14.247"
"E6BB0424","203","10",12,1,"DIST-OPEN","available",NA
"E6BB0424","311","5",13,1,"DIST-OPEN","available",NA
"E6BB0424","211","3",23,1,"GROUP","COMP","2026-01-05 12:47:05.503"
"E6BB0424","308","1",24,1,"DIST-OPEN","SOLD","2025-12-27 05:14:31.246"
"E6BB0424","309","5",10,1,"SEASON","SOLD","2025-10-30 15:48:56.660"
"E6BB0424","104","7",1,1,"SEASON","SOLD","2025-10-24 19:42:48.165"
"E6BB0424","220","4",23,1,"SEASON","SOLD","2025-10-30 18:58:00.081"
"E6BB0424","110","9",24,1,"DIST-OPEN","available",NA
"E6BB0424","304","3",23,1,"DIST-OPEN","SOLD","2026-03-06 23:23:05.076"
"E6BB0424","307","7",23,1,"SEASON","SOLD","2025-10-03 02:55:17.465"
"E6BB0424","210","2",13,1,"SEASON","SOLD","2025-10-16 08:40:13.234"
"E6BB0424","114","8",15,1,"HOLD","HELD",NA
"E6BB0424","405","8",10,1,"SEASON","SOLD","2025-10-07 21:59:15.262"
"E6BB0424","119","1",6,1,"HOLD","HELD",NA
"E6BB0424","302","5",17,1,"HOLD","HELD",NA
"E6BB0424","312","4",14,1,"SEASON","SOLD","2025-10-25 01:14:11.948"
"E6BB0424","406","1",16,1,"DIST-OPEN","available",NA
"E6BB0424","203","8",3,1,"DIST-OPEN","available",NA
"E6BB0424","113","2",11,1,"DIST-OPEN","SOLD","2025-11-30 00:25:03.306"
"E6BB0424","220","6",7,1,"COMP","HELD",NA
"E6BB0424","302","7",9,1,"COMP","HELD",NA
"E6BB0424","202","4",12,1,"DIST-OPEN","SOLD","2026-02-20 18:27:58.025"
"E6BB0424","215","4",16,1,"SEASON","SOLD","2025-10-21 06:35:05.361"
"E6BB0424","202","3",18,1,"DIST-OPEN","COMP","2026-02-15 11:49:30.913"
"E6BB0424","315","10",2,1,"HOLD","HELD",NA
"E6BB0424","319","10",10,1,"DIST-OPEN","available",NA
"E6BB0424","103","2",24,1,"DIST-OPEN","available",NA
"E6BB0424","113","5",18,1,"HOLD","HELD",NA
"E6BB0424","301","4",14,1,"SEASON","SOLD","2025-10-15 13:50:54.948"
"E6BB0424","110","3",4,1,"DIST-OPEN","SOLD","2026-04-07 11:44:06.195"
"E6BB0424","318","8",11,1,"DIST-OPEN","available",NA
"E6BB0424","112","4",5,1,"DIST-OPEN","SOLD","2025-12-05 12:59:11.376"
"E6BB0424","107","10",10,1,"HOLD","HELD",NA
"E6BB0424","410","3",5,1,"SEASON","SOLD","2025-10-28 09:00:38.280"
"E6BB0424","318","5",21,1,"SEASON","SOLD","2025-10-03 15:34:44.889"
"E6BB0424","207","10",15,1,"SEASON","SOLD","2025-10-26 05:01:35.848"
"E6BB0424","216","1",19,1,"COMP","HELD",NA
"E6BB0424","212","2",16,1,"DIST-OPEN","SOLD","2026-03-10 01:29:55.278"
"E6BB0424","206","7",5,1,"HOLD","COMP","2026-01-06 03:38:41.082"
"E6BB0424","407","7",14,1,"COMP","HELD",NA
"E6BB0424","214","5",10,1,"SEASON","SOLD","2025-10-19 17:04:37.478"
"E6BB0424","107","4",22,1,"SEASON","SOLD","2025-10-23 11:11:53.947"
"E6BB0424","118","7",8,1,"COMP","COMP","2026-03-30 16:23:16.036"
"E6BB0424","320","8",17,1,"DIST-OPEN","available",NA
"E6BB0424","313","1",17,1,"COMP","HELD",NA
"E6BB0424","201","2",1,1,"DIST-OPEN","SOLD","2026-02-15 05:05:51.817"
"E6BB0424","109","8",18,1,"DIST-OPEN","available",NA
"E6BB0424","409","2",4,1,"SEASON","SOLD","2025-10-24 08:19:46.135"
"E6BB0424","119","9",4,1,"DIST-OPEN","available",NA
"E6BB0424","118","10",4,1,"GROUP","HELD",NA
"E6BB0424","111","3",20,1,"SEASON","SOLD","2025-10-13 02:35:53.316"
"E6BB0424","116","2",15,1,"COMP","HELD",NA
"E6BB0424","318","4",11,1,"DIST-OPEN","SOLD","2025-12-24 11:34:07.942"
"E6BB0424","407","5",8,1,"SEASON","SOLD","2025-10-09 14:02:21.684"
"E6BB0424","403","1",13,1,"DIST-OPEN","SOLD","2026-02-09 14:39:56.138"
"E6BB0424","101","6",24,1,"DIST-OPEN","SOLD","2026-04-15 02:42:35.498"
"E6BB0424","310","3",21,1,"COMP","HELD",NA
"E6BB0424","120","10",11,1,"SEASON","SOLD","2025-10-06 15:43:28.446"
"E6BB0424","101","5",8,1,"DIST-OPEN","SOLD","2026-02-26 06:43:45.280"
"E6BB0424","318","4",2,1,"HOLD","HELD",NA
"E6BB0424","203","8",14,1,"DIST-OPEN","SOLD","2026-01-31 11:48:30.544"
"E6BB0424","311","2",16,1,"HOLD","HELD",NA
"E6BB0424","211","1",20,1,"HOLD","HELD",NA
"E6BB0424","308","2",5,1,"DIST-OPEN","available",NA
"E6BB0424","309","3",6,1,"SEASON","SOLD","2025-10-25 06:30:18.005"
"E6BB0424","104","4",6,1,"HOLD","HELD",NA
"E6BB0424","220","7",9,1,"DIST-OPEN","SOLD","2026-04-10 08:19:59.711"
"E6BB0424","110","8",13,1,"DIST-OPEN","SOLD","2026-01-31 05:13:04.545"
"E6BB0424","304","3",19,1,"SEASON","SOLD","2025-10-23 14:24:20.592"
"E6BB0424","307","6",19,1,"DIST-OPEN","available",NA
"E6BB0424","210","6",7,1,"DIST-OPEN","SOLD","2026-01-07 13:02:43.719"
"E6BB0424","114","8",9,1,"GROUP","HELD",NA
"E6BB0424","405","10",19,1,"DIST-OPEN","available",NA
"E6BB0424","119","1",2,1,"DIST-OPEN","SOLD","2025-12-12 03:29:51.741"
"E6BB0424","302","7",20,1,"DIST-OPEN","COMP","2026-02-02 03:51:03.201"
"E6BB0424","312","8",9,1,"HOLD","HELD",NA
"E6BB0424","406","1",23,1,"DIST-OPEN","COMP","2026-02-26 05:05:25.159"
"E6BB0424","203","9",23,1,"SEASON","SOLD","2025-10-30 08:40:03.459"
"E6BB0424","113","6",12,1,"GROUP","HELD",NA
"E6BB0424","220","9",19,1,"DIST-OPEN","available",NA
"E6BB0424","302","6",24,1,"SEASON","SOLD","2025-10-27 03:20:54.721"
"E6BB0424","202","6",4,1,"DIST-OPEN","COMP","2026-01-13 01:57:30.011"
"E6BB0424","215","8",8,1,"DIST-OPEN","SOLD","2026-04-14 11:13:54.312"
"E6BB0424","202","6",2,1,"SEASON","SOLD","2025-10-22 15:04:32.384"
"E6BB0424","315","10",5,1,"GROUP","COMP","2026-01-20 03:07:47.266"
"E6BB0424","319","1",3,1,"DIST-OPEN","available",NA
"E6BB0424","103","3",17,1,"DIST-OPEN","available",NA
"E6BB0424","113","6",11,1,"SEASON","SOLD","2025-10-24 07:52:33.687"
"E6BB0424","301","9",19,1,"DIST-OPEN","available",NA
"E6BB0424","110","10",24,1,"DIST-OPEN","available",NA
"E6BB0424","318","9",23,1,"DIST-OPEN","available",NA
"E6BB0424","112","10",8,1,"SEASON","SOLD","2025-10-18 20:44:11.018"
"E6BB0424","107","8",14,1,"DIST-OPEN","available",NA
"E6BB0424","410","3",7,1,"DIST-OPEN","available",NA
"E6BB0424","318","7",19,1,"SEASON","SOLD","2025-10-01 19:24:23.513"
"E6BB0424","207","5",4,1,"DIST-OPEN","available",NA
"E6BB0424","216","8",21,1,"DIST-OPEN","COMP","2026-03-14 19:32:16.788"
"E6BB0424","212","7",6,1,"SEASON","SOLD","2025-10-05 07:51:26.953"
"E6BB0424","206","3",3,1,"DIST-OPEN","available",NA
"E6BB0424","407","5",4,1,"DIST-OPEN","COMP","2026-02-19 17:48:50.109"
"E6BB0424","214","10",22,1,"DIST-OPEN","SOLD","2026-04-16 10:40:26.002"
"E6BB0424","107","4",14,1,"SEASON","SOLD","2025-10-27 13:24:05.628"
"E6BB0424","118","7",3,1,"COMP","HELD",NA
"E6BB0424","320","4",14,1,"DIST-OPEN","SOLD","2026-03-30 21:02:24.669"
"E6BB0424","313","8",17,1,"DIST-OPEN","available",NA
"E6BB0424","201","4",2,1,"DIST-OPEN","COMP","2026-02-16 07:42:51.649"
"E6BB0424","109","9",14,1,"DIST-OPEN","available",NA
"E6BB0424","409","1",13,1,"DIST-OPEN","available",NA
"E6BB0424","119","3",6,1,"DIST-OPEN","available",NA
"E6BB0424","118","3",20,1,"DIST-OPEN","available",NA
"E6BB0424","111","4",24,1,"SEASON","SOLD","2025-10-03 22:45:59.488"
"E6BB0424","116","7",16,1,"DIST-OPEN","available",NA
"E6BB0424","318","9",17,1,"DIST-OPEN","SOLD","2025-12-16 10:12:19.346"
"E6BB0424","407","5",1,1,"GROUP","HELD",NA
"E6BB0424","403","1",6,1,"SEASON","SOLD","2025-10-22 02:20:25.537"
"E6BB0424","101","3",12,1,"DIST-OPEN","SOLD","2026-04-09 07:55:18.021"
"E6BB0424","310","6",13,1,"DIST-OPEN","available",NA
"E6BB0424","120","8",7,1,"DIST-OPEN","available",NA
"E6BB0424","101","10",6,1,"DIST-OPEN","SOLD","2025-12-14 10:07:57.489"
"E6BB0424","318","4",14,1,"COMP","HELD",NA
"E6BB0424","203","9",24,1,"SEASON","SOLD","2025-10-24 11:30:37.505"
"E6BB0424","311","9",2,1,"DIST-OPEN","available",NA
"E6BB0424","211","10",19,1,"DIST-OPEN","available",NA
"E6BB0424","308","10",1,1,"SEASON","SOLD","2025-10-06 19:31:32.225"
"E6BB0424","309","7",20,1,"DIST-OPEN","SOLD","2026-01-07 10:06:38.281"
"E6BB0424","104","9",15,1,"DIST-OPEN","available",NA
"E6BB0424","220","10",6,1,"SEASON","SOLD","2025-10-18 00:15:18.055"
"E6BB0424","110","7",3,1,"DIST-OPEN","available",NA
"E6BB0424","304","9",20,1,"DIST-OPEN","available",NA
"E6BB0424","307","2",10,1,"SEASON","SOLD","2025-10-29 06:06:23.244"
"E6BB0424","210","3",20,1,"DIST-OPEN","SOLD","2026-02-26 06:54:18.917"
"E6BB0424","114","3",17,1,"DIST-OPEN","available",NA
"E6BB0424","405","3",9,1,"DIST-OPEN","available",NA
"E6BB0424","119","3",19,1,"GROUP","HELD",NA
"E6BB0424","302","6",23,1,"DIST-OPEN","SOLD","2026-01-01 09:57:30.368"
"E6BB0424","312","5",9,1,"SEASON","SOLD","2025-10-25 01:20:36.020"
"E6BB0424","406","5",22,1,"HOLD","HELD",NA
"E6BB0424","203","1",4,1,"GROUP","HELD",NA
"E6BB0424","113","6",18,1,"SEASON","SOLD","2025-10-15 16:36:18.257"
"E6BB0424","220","9",4,1,"SEASON","SOLD","2025-10-04 08:12:46.434"
"E6BB0424","302","2",9,1,"DIST-OPEN","available",NA
"E6BB0424","202","9",12,1,"DIST-OPEN","SOLD","2026-04-22 17:42:54.378"
"E6BB0424","215","2",13,1,"GROUP","COMP","2026-03-26 12:34:10.168"
"E6BB0424","202","3",7,1,"DIST-OPEN","SOLD","2026-01-03 10:25:57.906"
"E6BB0424","315","2",12,1,"DIST-OPEN","available",NA
"E6BB0424","319","4",3,1,"HOLD","HELD",NA
"E6BB0424","103","4",16,1,"COMP","HELD",NA
"E6BB0424","113","10",16,1,"SEASON","SOLD","2025-10-23 21:02:25.024"
"E6BB0424","301","2",5,1,"SEASON","SOLD","2025-10-28 14:36:29.303"
"E6BB0424","110","5",20,1,"SEASON","SOLD","2025-10-29 16:41:31.423"
"E6BB0424","318","7",18,1,"DIST-OPEN","SOLD","2026-04-22 18:46:33.583"
"E6BB0424","112","6",3,1,"SEASON","SOLD","2025-10-20 12:53:08.404"
"E6BB0424","107","7",17,1,"DIST-OPEN","available",NA
"E6BB0424","410","6",3,1,"SEASON","SOLD","2025-10-17 19:24:15.893"
"E6BB0424","318","6",21,1,"DIST-OPEN","SOLD","2026-03-13 03:30:47.595"
"E6BB0424","207","4",11,1,"SEASON","SOLD","2025-10-09 16:07:08.492"
"E6BB0424","216","3",12,1,"DIST-OPEN","SOLD","2026-01-16 11:43:40.162"
"E6BB0424","212","3",17,1,"HOLD","COMP","2026-03-08 16:15:11.224"
"E6BB0424","206","5",21,1,"DIST-OPEN","available",NA
"E6BB0424","407","9",17,1,"DIST-OPEN","COMP","2026-01-09 13:58:19.691"
"E6BB0424","214","4",9,1,"DIST-OPEN","SOLD","2026-02-06 23:52:53.274"
"E6BB0424","107","2",13,1,"DIST-OPEN","available",NA
"E6BB0424","118","4",1,1,"DIST-OPEN","SOLD","2025-12-29 22:29:09.904"
"E6BB0424","320","4",1,1,"DIST-OPEN","available",NA
"E6BB0424","313","9",9,1,"DIST-OPEN","available",NA
"E6BB0424","201","5",7,1,"DIST-OPEN","available",NA
"E6BB0424","109","10",3,1,"GROUP","HELD",NA
"E6BB0424","409","1",15,1,"DIST-OPEN","SOLD","2026-02-14 04:23:53.982"
"E6BB0424","119","9",3,1,"DIST-OPEN","available",NA
"E6BB0424","118","2",13,1,"DIST-OPEN","available",NA
"E6BB0424","111","1",15,1,"DIST-OPEN","COMP","2026-02-18 22:24:29.356"
"E6BB0424","116","8",18,1,"DIST-OPEN","SOLD","2026-02-01 17:26:43.154"
"E6BB0424","318","8",13,1,"GROUP","HELD",NA
"E6BB0424","407","2",7,1,"DIST-OPEN","available",NA
"E6BB0424","403","3",10,1,"SEASON","SOLD","2025-10-17 12:22:36.585"
"E6BB0424","101","8",20,1,"GROUP","HELD",NA
"E6BB0424","310","10",1,1,"DIST-OPEN","available",NA
"E6BB0424","120","8",15,1,"COMP","HELD",NA
"E6BB0424","101","6",24,1,"DIST-OPEN","available",NA
"E6BB0424","318","2",22,1,"DIST-OPEN","SOLD","2026-01-05 10:22:51.828"
"E6BB0424","203","7",12,1,"SEASON","SOLD","2025-10-05 13:05:37.581"
"E6BB0424","311","9",19,1,"DIST-OPEN","available",NA
"E6BB0424","211","1",4,1,"DIST-OPEN","available",NA
"E6BB0424","308","3",8,1,"DIST-OPEN","SOLD","2026-04-06 08:39:31.047"
"E6BB0424","309","3",10,1,"DIST-OPEN","available",NA
"E6BB0424","104","6",2,1,"SEASON","SOLD","2025-10-27 05:33:37.538"
"E6BB0424","220","6",8,1,"SEASON","SOLD","2025-10-25 10:06:02.882"
"E6BB0424","110","3",16,1,"GROUP","HELD",NA
"E6BB0424","304","2",20,1,"DIST-OPEN","SOLD","2026-03-31 22:01:02.947"
"E6BB0424","307","3",10,1,"DIST-OPEN","SOLD","2026-01-21 00:58:13.395"
"E6BB0424","210","5",7,1,"DIST-OPEN","available",NA
"E6BB0424","114","9",13,1,"SEASON","SOLD","2025-10-27 17:08:43.951"
"E6BB0424","405","6",18,1,"SEASON","SOLD","2025-10-21 06:27:16.356"
"E6BB0424","119","1",9,1,"SEASON","SOLD","2025-10-29 12:39:38.368"
"E6BB0424","302","9",1,1,"DIST-OPEN","available",NA
"E6BB0424","312","10",6,1,"SEASON","SOLD","2025-10-14 10:48:53.022"
"E6BB0424","406","6",19,1,"SEASON","SOLD","2025-10-29 04:48:27.506"
"E6BB0424","203","8",10,1,"DIST-OPEN","available",NA
"E6BB0424","113","2",9,1,"DIST-OPEN","available",NA
"E6BB0424","220","2",22,1,"DIST-OPEN","available",NA
"E6BB0424","302","4",14,1,"SEASON","SOLD","2025-10-17 18:51:55.127"
"E6BB0424","202","8",18,1,"DIST-OPEN","available",NA
"E6BB0424","215","6",14,1,"HOLD","HELD",NA
"E6BB0424","202","3",23,1,"HOLD","HELD",NA
"E6BB0424","315","2",17,1,"DIST-OPEN","available",NA
"E6BB0424","319","9",23,1,"DIST-OPEN","SOLD","2026-04-13 02:41:01.497"
"E6BB0424","103","1",12,1,"DIST-OPEN","available",NA
"E6BB0424","113","7",8,1,"SEASON","SOLD","2025-10-03 14:22:13.151"
"E6BB0424","301","4",19,1,"GROUP","COMP","2026-03-10 09:08:36.596"
"E6BB0424","110","8",6,1,"DIST-OPEN","available",NA
"E6BB0424","318","6",3,1,"HOLD","HELD",NA
"E6BB0424","112","3",5,1,"DIST-OPEN","SOLD","2025-12-14 18:55:35.704"
"E6BB0424","107","8",3,1,"SEASON","SOLD","2025-10-16 23:20:40.690"
"E6BB0424","410","2",24,1,"GROUP","HELD",NA
"E6BB0424","318","7",24,1,"SEASON","SOLD","2025-10-29 03:46:09.354"
"E6BB0424","207","8",9,1,"DIST-OPEN","SOLD","2025-11-29 22:26:16.224"
"E6BB0424","216","7",13,1,"DIST-OPEN","available",NA
"E6BB0424","212","5",10,1,"COMP","HELD",NA
"E6BB0424","206","7",17,1,"GROUP","HELD",NA
"E6BB0424","407","5",16,1,"SEASON","SOLD","2025-10-12 11:16:50.113"
"E6BB0424","214","1",24,1,"HOLD","HELD",NA
"E6BB0424","107","7",11,1,"DIST-OPEN","available",NA
"E6BB0424","118","10",14,1,"DIST-OPEN","SOLD","2025-12-03 07:55:05.342"
"E6BB0424","320","1",18,1,"HOLD","HELD",NA
"E6BB0424","313","5",4,1,"DIST-OPEN","SOLD","2026-01-15 22:34:01.749"
"E6BB0424","201","10",3,1,"HOLD","HELD",NA
"E6BB0424","109","3",18,1,"HOLD","HELD",NA
"E6BB0424","409","8",6,1,"HOLD","HELD",NA
"E6BB0424","119","8",16,1,"DIST-OPEN","SOLD","2026-01-17 10:45:43.235"
"E6BB0424","118","3",5,1,"SEASON","SOLD","2025-10-01 17:22:53.151"
"E6BB0424","111","7",8,1,"DIST-OPEN","available",NA
"E6BB0424","116","2",8,1,"SEASON","SOLD","2025-10-13 21:46:18.693"
"E6BB0424","318","6",9,1,"COMP","COMP","2026-03-31 02:11:46.547"
"E6BB0424","407","5",7,1,"SEASON","SOLD","2025-10-14 02:50:50.127"
"E6BB0424","403","9",7,1,"SEASON","SOLD","2025-10-06 06:02:17.923"
"E6BB0424","101","5",8,1,"SEASON","SOLD","2025-10-23 05:07:32.552"
"E6BB0424","310","4",17,1,"DIST-OPEN","COMP","2026-02-19 23:19:16.575"
"E6BB0424","120","10",21,1,"DIST-OPEN","SOLD","2025-12-01 12:38:21.309"
"E6BB0424","101","7",5,1,"SEASON","SOLD","2025-10-17 22:32:23.522"
"E6BB0424","318","4",12,1,"DIST-OPEN","available",NA
"E6BB0424","203","2",20,1,"GROUP","HELD",NA
"E6BB0424","311","9",14,1,"SEASON","SOLD","2025-10-01 14:06:02.195"
"E6BB0424","211","1",4,1,"DIST-OPEN","available",NA
"E6BB0424","308","3",2,1,"DIST-OPEN","available",NA
"E6BB0424","309","3",21,1,"SEASON","SOLD","2025-10-25 03:28:52.648"
"E6BB0424","104","7",12,1,"GROUP","HELD",NA
"E6BB0424","220","10",14,1,"DIST-OPEN","available",NA
"E6BB0424","110","8",10,1,"SEASON","SOLD","2025-10-28 22:01:45.749"
"E6BB0424","304","5",2,1,"SEASON","SOLD","2025-10-31 00:41:25.344"
"E6BB0424","307","9",1,1,"DIST-OPEN","SOLD","2026-03-07 18:41:49.594"
"E6BB0424","210","9",22,1,"COMP","HELD",NA
"E6BB0424","114","10",23,1,"SEASON","SOLD","2025-10-22 03:24:29.154"
"E6BB0424","405","6",21,1,"GROUP","HELD",NA
"E6BB0424","119","6",18,1,"HOLD","HELD",NA
"E6BB0424","302","1",15,1,"DIST-OPEN","SOLD","2025-12-30 18:17:26.798"
"E6BB0424","312","4",9,1,"DIST-OPEN","available",NA
"E6BB0424","406","7",20,1,"DIST-OPEN","SOLD","2026-04-09 01:58:12.369"
"E6BB0424","203","6",5,1,"DIST-OPEN","SOLD","2026-01-28 05:16:51.985"
"E6BB0424","113","2",6,1,"DIST-OPEN","available",NA
"E6BB0424","220","10",22,1,"DIST-OPEN","SOLD","2025-12-31 02:22:28.926"
"E6BB0424","302","4",9,1,"DIST-OPEN","SOLD","2026-04-12 20:21:35.894"
"E6BB0424","202","2",1,1,"DIST-OPEN","COMP","2026-03-08 11:18:25.763"
"E6BB0424","215","2",5,1,"HOLD","HELD",NA
"E6BB0424","202","9",21,1,"SEASON","SOLD","2025-10-16 10:22:41.826"
"E6BB0424","315","6",22,1,"SEASON","SOLD","2025-10-24 12:25:52.674"
"E6BB0424","319","9",2,1,"DIST-OPEN","available",NA
"E6BB0424","103","9",21,1,"DIST-OPEN","SOLD","2025-12-05 08:46:43.115"
"E6BB0424","113","6",16,1,"SEASON","SOLD","2025-10-05 06:36:21.314"
"E6BB0424","301","9",1,1,"SEASON","SOLD","2025-10-27 20:36:38.658"
"E6BB0424","110","5",16,1,"SEASON","SOLD","2025-10-15 07:29:54.507"
"E6BB0424","318","4",13,1,"DIST-OPEN","available",NA
"E6BB0424","112","7",9,1,"DIST-OPEN","SOLD","2026-03-30 10:08:40.968"
"E6BB0424","107","4",7,1,"DIST-OPEN","SOLD","2026-02-23 01:11:26.665"
"E6BB0424","410","8",8,1,"DIST-OPEN","SOLD","2025-11-15 15:45:24.682"
"E6BB0424","318","5",19,1,"DIST-OPEN","available",NA
"E6BB0424","207","2",10,1,"SEASON","SOLD","2025-10-18 21:29:42.112"
"E6BB0424","216","8",14,1,"DIST-OPEN","available",NA
"E6BB0424","212","10",4,1,"DIST-OPEN","COMP","2026-02-28 17:12:33.775"
"E6BB0424","206","5",23,1,"DIST-OPEN","available",NA
"E6BB0424","407","10",3,1,"DIST-OPEN","SOLD","2026-03-01 01:12:30.433"
"E6BB0424","214","6",3,1,"DIST-OPEN","SOLD","2026-03-10 01:38:13.159"
"E6BB0424","107","6",1,1,"HOLD","HELD",NA
"E6BB0424","118","4",2,1,"SEASON","SOLD","2025-10-23 08:09:33.069"
"E6BB0424","320","5",4,1,"SEASON","SOLD","2025-10-20 06:57:45.954"
"E6BB0424","313","5",4,1,"DIST-OPEN","SOLD","2026-02-21 21:41:32.979"
"E6BB0424","201","5",24,1,"SEASON","SOLD","2025-10-30 19:25:36.626"
"E6BB0424","109","6",20,1,"SEASON","SOLD","2025-10-10 14:36:00.909"
"E6BB0424","409","7",21,1,"SEASON","SOLD","2025-10-20 22:53:05.563"
"E6BB0424","119","3",14,1,"DIST-OPEN","available",NA
"E6BB0424","118","5",8,1,"COMP","HELD",NA
"E6BB0424","111","7",15,1,"DIST-OPEN","available",NA
"E6BB0424","116","3",4,1,"DIST-OPEN","available",NA
"E6BB0424","318","8",16,1,"DIST-OPEN","available",NA
"E6BB0424","407","7",4,1,"DIST-OPEN","SOLD","2026-03-30 23:39:02.285"
"E6BB0424","403","8",22,1,"DIST-OPEN","available",NA
"E6BB0424","101","4",10,1,"DIST-OPEN","available",NA
"E6BB0424","310","7",2,1,"HOLD","HELD",NA
"E6BB0424","120","3",23,1,"DIST-OPEN","SOLD","2025-12-26 11:22:55.457"
"E6BB0424","101","8",15,1,"SEASON","SOLD","2025-10-27 08:33:00.408"
"E6BB0424","318","4",8,1,"DIST-OPEN","available",NA
"E6BB0424","203","9",6,1,"DIST-OPEN","SOLD","2026-03-18 08:14:43.391"
"E6BB0424","311","4",15,1,"GROUP","HELD",NA
"E6BB0424","211","7",23,1,"SEASON","SOLD","2025-10-16 05:59:34.857"
"E6BB0424","308","4",16,1,"HOLD","HELD",NA
"E6BB0424","309","9",22,1,"DIST-OPEN","SOLD","2026-01-31 09:59:46.986"
"E6BB0424","104","5",7,1,"COMP","HELD",NA
"E6BB0424","220","4",2,1,"HOLD","HELD",NA
"E6BB0424","110","10",9,1,"DIST-OPEN","available",NA
"E6BB0424","304","9",6,1,"DIST-OPEN","available",NA
"E6BB0424","307","6",14,1,"GROUP","HELD",NA
"E6BB0424","210","2",7,1,"DIST-OPEN","available",NA
"E6BB0424","114","5",1,1,"GROUP","HELD",NA
"E6BB0424","405","4",21,1,"DIST-OPEN","COMP","2026-03-25 19:10:22.078"
"E6BB0424","119","3",16,1,"SEASON","SOLD","2025-10-22 08:45:58.411"
"E6BB0424","302","8",12,1,"DIST-OPEN","available",NA
"E6BB0424","312","5",7,1,"SEASON","SOLD","2025-10-14 02:14:15.855"
"E6BB0424","406","10",13,1,"DIST-OPEN","available",NA
"E6BB0424","203","5",2,1,"DIST-OPEN","SOLD","2026-03-04 08:52:31.103"
"E6BB0424","113","5",17,1,"COMP","HELD",NA
"E6BB0424","220","5",3,1,"SEASON","SOLD","2025-10-09 02:49:25.825"
"E6BB0424","302","3",2,1,"GROUP","HELD",NA
"E6BB0424","202","2",13,1,"COMP","HELD",NA
"E6BB0424","215","4",19,1,"GROUP","HELD",NA
"E6BB0424","202","9",23,1,"SEASON","SOLD","2025-10-08 23:09:29.267"
"E6BB0424","315","1",23,1,"DIST-OPEN","available",NA
"E6BB0424","319","4",20,1,"COMP","HELD",NA
"E6BB0424","103","2",13,1,"DIST-OPEN","available",NA
"E6BB0424","113","8",19,1,"DIST-OPEN","SOLD","2025-12-06 15:08:46.265"
"E6BB0424","301","3",5,1,"DIST-OPEN","available",NA
"E6BB0424","110","3",2,1,"GROUP","HELD",NA
"E6BB0424","318","5",17,1,"GROUP","COMP","2026-01-03 17:41:09.808"
"E6BB0424","112","10",11,1,"COMP","HELD",NA
"E6BB0424","107","5",8,1,"SEASON","SOLD","2025-10-20 14:45:20.966"
"E6BB0424","410","5",8,1,"SEASON","SOLD","2025-10-21 09:01:24.861"
"E6BB0424","318","2",1,1,"SEASON","SOLD","2025-10-14 01:38:17.150"
"E6BB0424","207","9",2,1,"DIST-OPEN","available",NA
"E6BB0424","216","10",24,1,"DIST-OPEN","SOLD","2026-03-04 01:26:05.987"
"E6BB0424","212","5",4,1,"DIST-OPEN","available",NA
"E6BB0424","206","1",18,1,"SEASON","SOLD","2025-10-26 01:12:56.926"
"E6BB0424","407","10",5,1,"COMP","HELD",NA
"E6BB0424","214","7",11,1,"GROUP","HELD",NA
"E6BB0424","107","10",20,1,"SEASON","SOLD","2025-10-15 18:46:52.878"
"E6BB0424","118","3",22,1,"DIST-OPEN","available",NA
"E6BB0424","320","3",15,1,"DIST-OPEN","available",NA
"E6BB0424","313","5",24,1,"DIST-OPEN","SOLD","2026-04-06 00:46:46.350"
"E6BB0424","201","6",10,1,"GROUP","HELD",NA
"E6BB0424","109","1",15,1,"DIST-OPEN","SOLD","2026-01-01 17:51:37.447"
"E6BB0424","409","3",24,1,"DIST-OPEN","available",NA
"E6BB0424","119","10",14,1,"HOLD","COMP","2026-03-08 08:48:41.090"
"E6BB0424","118","10",10,1,"HOLD","COMP","2026-01-20 04:09:54.488"
"E6BB0424","111","8",6,1,"DIST-OPEN","available",NA
"E6BB0424","116","6",4,1,"DIST-OPEN","available",NA
"E6BB0424","318","6",9,1,"DIST-OPEN","SOLD","2025-12-31 23:07:49.813"
"E6BB0424","407","2",20,1,"SEASON","SOLD","2025-10-13 06:46:12.425"
"E6BB0424","403","1",8,1,"DIST-OPEN","available",NA
"E6BB0424","101","7",5,1,"HOLD","HELD",NA
"E6BB0424","310","9",19,1,"HOLD","HELD",NA
"E6BB0424","120","8",11,1,"DIST-OPEN","available",NA
"E6BB0424","101","5",8,1,"SEASON","SOLD","2025-10-21 23:05:55.306"
"E6BB0424","318","5",3,1,"HOLD","HELD",NA
"E6BB0424","203","1",4,1,"DIST-OPEN","available",NA
"E6BB0424","311","3",16,1,"COMP","HELD",NA
"E6BB0424","211","1",13,1,"DIST-OPEN","available",NA
"E6BB0424","308","1",20,1,"COMP","HELD",NA
"E6BB0424","309","1",8,1,"DIST-OPEN","SOLD","2026-02-25 06:07:07.556"
"E6BB0424","104","8",19,1,"SEASON","SOLD","2025-10-09 20:41:32.183"
"E6BB0424","220","10",1,1,"DIST-OPEN","SOLD","2025-11-28 18:10:26.856"
"E6BB0424","110","2",2,1,"DIST-OPEN","SOLD","2026-02-13 04:05:06.722"
"E6BB0424","304","6",20,1,"DIST-OPEN","SOLD","2026-03-11 00:53:33.611"
"E6BB0424","307","6",15,1,"DIST-OPEN","available",NA
"E6BB0424","210","6",8,1,"DIST-OPEN","SOLD","2026-04-10 16:54:53.474"
"E6BB0424","114","3",1,1,"HOLD","HELD",NA
"E6BB0424","405","9",14,1,"SEASON","SOLD","2025-10-02 07:15:33.482"
"E6BB0424","119","2",15,1,"HOLD","HELD",NA
"E6BB0424","302","3",12,1,"DIST-OPEN","available",NA
"E6BB0424","312","3",15,1,"DIST-OPEN","available",NA
"E6BB0424","406","5",8,1,"DIST-OPEN","SOLD","2026-02-13 02:24:07.429"
"E6BB0424","203","7",17,1,"DIST-OPEN","available",NA
"E6BB0424","113","1",23,1,"DIST-OPEN","available",NA
"E6BB0424","220","2",9,1,"SEASON","SOLD","2025-10-30 20:33:09.736"
"E6BB0424","302","9",13,1,"DIST-OPEN","COMP","2026-03-05 11:22:56.353"
"E6BB0424","202","1",3,1,"SEASON","SOLD","2025-10-21 14:55:08.064"
"E6BB0424","215","7",4,1,"DIST-OPEN","SOLD","2026-04-07 20:36:51.883"
"E6BB0424","202","3",16,1,"DIST-OPEN","available",NA
"E6BB0424","315","5",16,1,"DIST-OPEN","available",NA
"E6BB0424","319","2",9,1,"DIST-OPEN","SOLD","2025-12-11 08:40:53.167"
"E6BB0424","103","7",12,1,"SEASON","SOLD","2025-10-30 00:50:00.047"
"E6BB0424","113","5",2,1,"DIST-OPEN","SOLD","2026-04-21 01:14:01.566"
"E6BB0424","301","4",22,1,"DIST-OPEN","available",NA
"E6BB0424","110","6",19,1,"SEASON","SOLD","2025-10-18 13:35:45.048"
"E6BB0424","318","8",6,1,"DIST-OPEN","SOLD","2026-01-20 17:58:34.825"
"E6BB0424","112","9",17,1,"DIST-OPEN","available",NA
"E6BB0424","107","7",13,1,"DIST-OPEN","available",NA
"E6BB0424","410","10",8,1,"HOLD","HELD",NA
"E6BB0424","318","8",24,1,"SEASON","SOLD","2025-10-12 06:32:08.336"
"E6BB0424","207","3",7,1,"GROUP","HELD",NA
"E6BB0424","216","6",14,1,"HOLD","HELD",NA
"E6BB0424","212","6",13,1,"SEASON","SOLD","2025-10-10 19:32:20.336"
"E6BB0424","206","8",12,1,"DIST-OPEN","available",NA
"E6BB0424","407","10",23,1,"HOLD","COMP","2026-01-18 07:00:23.943"
"E6BB0424","214","9",23,1,"DIST-OPEN","available",NA
"E6BB0424","107","9",2,1,"DIST-OPEN","SOLD","2026-02-07 02:35:12.401"
"E6BB0424","118","5",15,1,"SEASON","SOLD","2025-10-13 10:57:50.781"
"E6BB0424","320","9",14,1,"DIST-OPEN","SOLD","2026-01-24 03:06:18.934"
"E6BB0424","313","2",7,1,"DIST-OPEN","SOLD","2026-03-29 23:11:23.007"
"E6BB0424","201","5",16,1,"DIST-OPEN","SOLD","2026-01-18 17:51:59.768"
"E6BB0424","109","7",2,1,"SEASON","SOLD","2025-10-04 21:16:29.497"
"E6BB0424","409","2",24,1,"DIST-OPEN","available",NA
"E6BB0424","119","5",9,1,"COMP","HELD",NA
"E6BB0424","118","2",8,1,"DIST-OPEN","available",NA
"E6BB0424","111","10",16,1,"DIST-OPEN","available",NA
"E6BB0424","116","2",24,1,"DIST-OPEN","available",NA
"E6BB0424","318","4",13,1,"GROUP","HELD",NA
"E6BB0424","407","3",2,1,"GROUP","HELD",NA
"E6BB0424","403","6",4,1,"SEASON","SOLD","2025-10-19 08:01:38.386"
"E6BB0424","101","1",19,1,"DIST-OPEN","available",NA
"E6BB0424","310","7",9,1,"SEASON","SOLD","2025-10-04 15:29:24.599"
"E6BB0424","120","5",2,1,"DIST-OPEN","available",NA
"E6BB0424","101","6",21,1,"GROUP","HELD",NA
"E6BB0424","318","3",3,1,"DIST-OPEN","available",NA
"E6BB0424","203","1",15,1,"SEASON","SOLD","2025-10-03 17:23:52.458"
"E6BB0424","311","1",2,1,"HOLD","HELD",NA
"E6BB0424","211","4",6,1,"SEASON","SOLD","2025-10-06 04:28:46.635"
"E6BB0424","308","6",15,1,"SEASON","SOLD","2025-10-13 22:01:35.210"
"E6BB0424","309","9",8,1,"SEASON","SOLD","2025-10-17 10:31:39.245"
"E6BB0424","104","10",11,1,"DIST-OPEN","available",NA
"E6BB0424","220","5",14,1,"HOLD","HELD",NA
"E6BB0424","110","3",12,1,"DIST-OPEN","SOLD","2026-01-30 14:46:43.861"
"E6BB0424","304","9",24,1,"DIST-OPEN","available",NA
"E6BB0424","307","3",16,1,"GROUP","HELD",NA
"E6BB0424","210","9",1,1,"GROUP","COMP","2026-03-06 05:01:04.813"
"E6BB0424","114","9",12,1,"DIST-OPEN","available",NA
"E6BB0424","405","3",3,1,"SEASON","SOLD","2025-10-16 12:22:58.373"
"E6BB0424","119","4",3,1,"DIST-OPEN","available",NA
"E6BB0424","302","4",1,1,"GROUP","COMP","2026-03-04 22:55:38.073"
"E6BB0424","312","9",17,1,"SEASON","SOLD","2025-10-20 06:42:22.658"
"E6BB0424","406","9",12,1,"COMP","COMP","2026-01-24 02:38:32.865"
"E6BB0424","203","8",24,1,"COMP","HELD",NA
"E6BB0424","113","6",23,1,"DIST-OPEN","SOLD","2026-04-11 20:26:56.202"
"E6BB0424","220","2",22,1,"HOLD","HELD",NA
"E6BB0424","302","1",9,1,"HOLD","HELD",NA
"E6BB0424","202","2",20,1,"SEASON","SOLD","2025-10-12 14:30:26.457"
"E6BB0424","215","8",12,1,"DIST-OPEN","available",NA
"E6BB0424","202","5",21,1,"DIST-OPEN","available",NA
"E6BB0424","315","5",23,1,"DIST-OPEN","available",NA
"E6BB0424","319","3",13,1,"COMP","HELD",NA
"E6BB0424","103","4",14,1,"DIST-OPEN","available",NA
"E6BB0424","113","3",16,1,"DIST-OPEN","available",NA
"E6BB0424","301","7",22,1,"DIST-OPEN","available",NA
"E6BB0424","110","6",5,1,"DIST-OPEN","available",NA
"E6BB0424","318","9",16,1,"SEASON","SOLD","2025-10-30 19:12:27.518"
"E6BB0424","112","7",23,1,"GROUP","HELD",NA
"E6BB0424","107","8",20,1,"SEASON","SOLD","2025-10-31 09:50:55.057"
"E6BB0424","410","1",11,1,"DIST-OPEN","available",NA
"E6BB0424","318","8",20,1,"DIST-OPEN","SOLD","2026-01-02 00:42:34.903"
"E6BB0424","207","4",15,1,"DIST-OPEN","available",NA
"E6BB0424","216","5",18,1,"DIST-OPEN","available",NA
"E6BB0424","212","6",9,1,"HOLD","HELD",NA
"E6BB0424","206","3",23,1,"SEASON","SOLD","2025-10-09 15:21:54.597"
"E6BB0424","407","5",15,1,"HOLD","COMP","2026-03-30 00:53:27.106"
"E6BB0424","214","4",4,1,"DIST-OPEN","SOLD","2025-11-21 23:18:52.539"
"E6BB0424","107","1",18,1,"DIST-OPEN","available",NA
"E6BB0424","118","4",17,1,"DIST-OPEN","SOLD","2026-01-23 01:33:55.227"
"E6BB0424","320","8",3,1,"SEASON","SOLD","2025-10-09 05:10:19.247"
"E6BB0424","313","3",21,1,"GROUP","HELD",NA
"E6BB0424","201","2",4,1,"HOLD","HELD",NA
"E6BB0424","109","6",1,1,"HOLD","HELD",NA
"E6BB0424","409","9",11,1,"GROUP","HELD",NA
"E6BB0424","119","3",4,1,"DIST-OPEN","SOLD","2026-01-19 01:12:06.823"
"E6BB0424","118","3",17,1,"HOLD","HELD",NA
"E6BB0424","111","6",10,1,"COMP","HELD",NA
"E6BB0424","116","4",1,1,"HOLD","HELD",NA
"E6BB0424","318","4",5,1,"SEASON","SOLD","2025-10-23 13:34:47.220"
"E6BB0424","407","6",8,1,"DIST-OPEN","available",NA
"E6BB0424","403","4",10,1,"SEASON","SOLD","2025-10-07 08:43:07.859"
"E6BB0424","101","3",14,1,"COMP","COMP","2026-01-08 20:01:34.176"
"E6BB0424","310","8",11,1,"DIST-OPEN","available",NA
"E6BB0424","120","4",11,1,"DIST-OPEN","available",NA
"E6BB0424","101","5",9,1,"DIST-OPEN","available",NA
"E6BB0424","318","7",20,1,"DIST-OPEN","SOLD","2026-03-09 08:13:55.422"
"E6BB0424","203","4",6,1,"COMP","HELD",NA
"E6BB0424","311","8",21,1,"DIST-OPEN","available",NA
"E6BB0424","211","7",5,1,"COMP","COMP","2026-01-05 10:00:06.837"
"E6BB0424","308","7",17,1,"SEASON","SOLD","2025-10-07 17:38:58.922"
"E6BB0424","309","5",3,1,"DIST-OPEN","available",NA
"E6BB0424","104","5",15,1,"DIST-OPEN","available",NA
"E6BB0424","220","7",8,1,"DIST-OPEN","SOLD","2026-02-28 18:48:56.108"
"E6BB0424","110","9",2,1,"DIST-OPEN","available",NA
"E6BB0424","304","7",18,1,"DIST-OPEN","SOLD","2026-03-30 09:45:20.982"
"E6BB0424","307","1",19,1,"SEASON","SOLD","2025-10-23 22:42:45.378"
"E6BB0424","210","6",4,1,"HOLD","HELD",NA
"E6BB0424","114","8",5,1,"GROUP","HELD",NA
"E6BB0424","405","1",15,1,"SEASON","SOLD","2025-10-14 15:10:36.637"
"E6BB0424","119","9",16,1,"DIST-OPEN","SOLD","2026-01-05 09:14:40.886"
"E6BB0424","302","1",19,1,"SEASON","SOLD","2025-10-17 08:17:06.722"
"E6BB0424","312","7",7,1,"DIST-OPEN","available",NA
"E6BB0424","406","4",23,1,"DIST-OPEN","available",NA
"E6BB0424","203","2",6,1,"DIST-OPEN","COMP","2026-02-23 06:13:16.832"
"E6BB0424","113","8",22,1,"DIST-OPEN","SOLD","2025-11-23 11:30:05.640"
"E6BB0424","220","2",19,1,"DIST-OPEN","SOLD","2026-02-14 15:50:19.070"
"E6BB0424","302","5",21,1,"HOLD","HELD",NA
"E6BB0424","202","5",16,1,"DIST-OPEN","SOLD","2026-03-23 19:39:15.947"
"E6BB0424","215","1",13,1,"SEASON","SOLD","2025-10-28 23:15:17.509"
"E6BB0424","202","2",11,1,"DIST-OPEN","SOLD","2026-03-19 20:00:23.765"
"E6BB0424","315","7",5,1,"DIST-OPEN","available",NA
"E6BB0424","319","1",7,1,"DIST-OPEN","SOLD","2025-12-05 14:29:15.812"
"E6BB0424","103","5",3,1,"DIST-OPEN","available",NA
"E6BB0424","113","1",2,1,"DIST-OPEN","SOLD","2026-02-04 23:47:01.179"
"E6BB0424","301","2",16,1,"DIST-OPEN","available",NA
"E6BB0424","110","5",24,1,"DIST-OPEN","available",NA
"E6BB0424","318","3",21,1,"DIST-OPEN","available",NA
"E6BB0424","112","4",17,1,"SEASON","SOLD","2025-10-17 21:35:50.000"
"E6BB0424","107","4",9,1,"SEASON","SOLD","2025-10-10 15:22:56.325"
"E6BB0424","410","7",6,1,"DIST-OPEN","SOLD","2025-12-21 18:30:53.342"
"E6BB0424","318","3",19,1,"GROUP","HELD",NA
"E6BB0424","207","9",19,1,"HOLD","HELD",NA
"E6BB0424","216","7",9,1,"SEASON","SOLD","2025-10-26 06:19:47.846"
"E6BB0424","212","7",8,1,"HOLD","HELD",NA
"E6BB0424","206","7",22,1,"DIST-OPEN","COMP","2026-01-24 09:30:31.410"
"E6BB0424","407","2",13,1,"DIST-OPEN","SOLD","2026-03-15 01:49:55.354"
"E6BB0424","214","10",4,1,"DIST-OPEN","SOLD","2026-01-01 05:56:25.593"
"E6BB0424","107","6",20,1,"DIST-OPEN","available",NA
"E6BB0424","118","1",23,1,"GROUP","HELD",NA
"E6BB0424","320","6",7,1,"DIST-OPEN","SOLD","2026-01-24 13:46:19.481"
"E6BB0424","313","2",9,1,"GROUP","HELD",NA
"E6BB0424","201","4",19,1,"DIST-OPEN","SOLD","2026-01-07 23:18:09.529"
"E6BB0424","109","7",11,1,"DIST-OPEN","SOLD","2026-01-23 21:00:00.213"
"E6BB0424","409","2",16,1,"HOLD","COMP","2026-03-18 19:26:14.992"
"E6BB0424","119","4",13,1,"DIST-OPEN","available",NA
"E6BB0424","118","8",21,1,"DIST-OPEN","SOLD","2025-12-29 04:32:31.662"
"E6BB0424","111","4",15,1,"DIST-OPEN","SOLD","2026-02-22 16:38:17.094"
"E6BB0424","116","3",13,1,"DIST-OPEN","available",NA
"E6BB0424","318","1",11,1,"COMP","HELD",NA
"E6BB0424","407","10",10,1,"DIST-OPEN","available",NA
"E6BB0424","403","4",5,1,"SEASON","SOLD","2025-10-02 11:25:35.667"
"E6BB0424","101","1",7,1,"DIST-OPEN","SOLD","2026-02-12 05:11:36.464"
"E6BB0424","310","9",24,1,"HOLD","HELD",NA
"E6BB0424","120","10",18,1,"SEASON","SOLD","2025-10-29 23:51:29.761"
"E6BB0424","101","4",17,1,"DIST-OPEN","available",NA
"E6BB0424","318","6",13,1,"DIST-OPEN","SOLD","2025-12-12 09:03:10.949"
"E6BB0424","203","3",15,1,"DIST-OPEN","SOLD","2025-11-30 21:06:32.245"
"E6BB0424","311","4",22,1,"SEASON","SOLD","2025-10-09 07:25:25.198"
"E6BB0424","211","4",1,1,"DIST-OPEN","available",NA
"E6BB0424","308","5",17,1,"DIST-OPEN","available",NA
"E6BB0424","309","10",1,1,"DIST-OPEN","available",NA
"E6BB0424","104","7",6,1,"HOLD","COMP","2026-03-10 23:25:16.916"
"E6BB0424","220","5",21,1,"DIST-OPEN","SOLD","2025-12-12 20:42:51.906"
"E6BB0424","110","4",1,1,"DIST-OPEN","available",NA
"E6BB0424","304","3",23,1,"DIST-OPEN","SOLD","2026-02-14 02:45:20.509"
"E6BB0424","307","2",7,1,"DIST-OPEN","SOLD","2026-03-15 01:57:49.822"
"E6BB0424","210","7",15,1,"DIST-OPEN","SOLD","2025-11-30 06:04:15.063"
"E6BB0424","114","8",20,1,"DIST-OPEN","available",NA
"E6BB0424","405","8",9,1,"GROUP","HELD",NA
"E6BB0424","119","7",9,1,"DIST-OPEN","available",NA
"E6BB0424","302","2",4,1,"COMP","COMP","2026-02-23 07:37:45.193"
"E6BB0424","312","8",20,1,"DIST-OPEN","available",NA
"E6BB0424","406","4",17,1,"SEASON","SOLD","2025-10-06 06:29:42.037"
"E6BB0424","203","10",4,1,"DIST-OPEN","available",NA
"E6BB0424","113","8",1,1,"DIST-OPEN","available",NA
"E6BB0424","220","3",14,1,"SEASON","SOLD","2025-10-30 00:55:44.426"
"E6BB0424","302","10",5,1,"HOLD","HELD",NA
"E6BB0424","202","5",16,1,"HOLD","HELD",NA
"E6BB0424","215","4",22,1,"DIST-OPEN","SOLD","2025-12-30 23:19:16.869"
"E6BB0424","202","9",7,1,"SEASON","SOLD","2025-10-12 21:57:03.787"
"E6BB0424","315","3",7,1,"DIST-OPEN","SOLD","2026-04-09 17:46:51.297"
"E6BB0424","319","9",21,1,"DIST-OPEN","SOLD","2026-02-06 03:14:52.723"
"E6BB0424","103","1",9,1,"DIST-OPEN","available",NA
"E6BB0424","113","9",17,1,"DIST-OPEN","SOLD","2026-04-06 08:21:26.419"
"E6BB0424","301","6",1,1,"DIST-OPEN","SOLD","2026-03-31 11:49:05.531"
"E6BB0424","110","4",1,1,"HOLD","HELD",NA
"E6BB0424","318","9",10,1,"DIST-OPEN","SOLD","2025-11-29 09:54:19.855"
"E6BB0424","112","7",18,1,"DIST-OPEN","available",NA
"E6BB0424","107","9",11,1,"DIST-OPEN","SOLD","2026-03-08 23:00:15.560"
"E6BB0424","410","8",11,1,"DIST-OPEN","SOLD","2026-01-24 15:57:41.753"
"E6BB0424","318","9",19,1,"HOLD","COMP","2026-02-26 12:40:36.336"
"E6BB0424","207","3",10,1,"DIST-OPEN","SOLD","2026-01-27 17:25:24.942"
"E6BB0424","216","9",2,1,"COMP","HELD",NA
"E6BB0424","212","9",5,1,"DIST-OPEN","available",NA
"E6BB0424","206","4",14,1,"DIST-OPEN","available",NA
"E6BB0424","407","3",9,1,"SEASON","SOLD","2025-10-12 22:09:17.573"
"E6BB0424","214","7",17,1,"GROUP","HELD",NA
"E6BB0424","107","4",13,1,"DIST-OPEN","SOLD","2026-04-10 07:40:32.481"
"E6BB0424","118","3",9,1,"COMP","HELD",NA
"E6BB0424","320","8",2,1,"COMP","HELD",NA
"E6BB0424","313","7",3,1,"SEASON","SOLD","2025-10-06 09:31:21.030"
"E6BB0424","201","6",18,1,"SEASON","SOLD","2025-10-13 16:31:52.463"
"E6BB0424","109","2",11,1,"DIST-OPEN","available",NA
"E6BB0424","409","3",15,1,"DIST-OPEN","SOLD","2025-12-18 14:33:23.448"
"E6BB0424","119","7",23,1,"DIST-OPEN","available",NA
"E6BB0424","118","8",22,1,"SEASON","SOLD","2025-10-11 06:59:06.870"
"E6BB0424","111","2",4,1,"HOLD","HELD",NA
"E6BB0424","116","10",14,1,"DIST-OPEN","SOLD","2026-03-21 00:29:26.782"
"E6BB0424","318","8",21,1,"HOLD","HELD",NA
"E6BB0424","407","2",24,1,"DIST-OPEN","available",NA
"E6BB0424","403","5",22,1,"DIST-OPEN","available",NA
"E6BB0424","101","9",17,1,"DIST-OPEN","SOLD","2025-12-29 11:47:01.287"
"E6BB0424","310","7",15,1,"SEASON","SOLD","2025-10-06 15:40:11.445"
"E6BB0424","120","9",8,1,"DIST-OPEN","SOLD","2026-01-30 20:11:35.567"
"E6BB0424","101","10",21,1,"HOLD","COMP","2026-02-16 03:22:38.823"
"E6BB0424","318","3",20,1,"SEASON","SOLD","2025-10-02 03:46:50.151"
"E6BB0424","203","9",17,1,"DIST-OPEN","SOLD","2025-12-22 19:21:53.662"
"E6BB0424","311","8",13,1,"DIST-OPEN","available",NA
"E6BB0424","211","1",16,1,"DIST-OPEN","SOLD","2026-01-31 13:16:36.268"
"E6BB0424","308","10",2,1,"SEASON","SOLD","2025-10-19 16:34:45.495"
"E6BB0424","309","6",3,1,"SEASON","SOLD","2025-10-17 18:22:14.885"
"E6BB0424","104","8",24,1,"DIST-OPEN","available",NA
"E6BB0424","220","3",8,1,"DIST-OPEN","available",NA
"E6BB0424","110","2",4,1,"DIST-OPEN","available",NA
"E6BB0424","304","2",1,1,"DIST-OPEN","available",NA
"E6BB0424","307","1",2,1,"DIST-OPEN","available",NA
"E6BB0424","210","10",8,1,"SEASON","SOLD","2025-10-06 01:25:07.802"
"E6BB0424","114","3",18,1,"SEASON","SOLD","2025-10-13 14:28:24.072"
"E6BB0424","405","8",21,1,"HOLD","HELD",NA
"E6BB0424","119","5",22,1,"HOLD","HELD",NA
"E6BB0424","302","1",6,1,"DIST-OPEN","available",NA
"E6BB0424","312","2",3,1,"DIST-OPEN","available",NA
"E6BB0424","406","5",12,1,"HOLD","HELD",NA
"E6BB0424","203","8",12,1,"SEASON","SOLD","2025-10-26 14:09:25.739"
"E6BB0424","113","3",10,1,"SEASON","SOLD","2025-10-16 05:02:21.094"
"E6BB0424","220","7",19,1,"DIST-OPEN","SOLD","2026-04-23 19:58:03.619"
"E6BB0424","302","9",10,1,"SEASON","SOLD","2025-10-23 22:47:22.544"
"E6BB0424","202","5",9,1,"DIST-OPEN","available",NA
"E6BB0424","215","2",23,1,"HOLD","HELD",NA
"E6BB0424","202","1",13,1,"DIST-OPEN","SOLD","2026-03-24 20:49:11.983"
"E6BB0424","315","8",1,1,"DIST-OPEN","SOLD","2025-12-18 10:43:35.741"
"E6BB0424","319","9",5,1,"DIST-OPEN","available",NA
"E6BB0424","103","9",3,1,"DIST-OPEN","available",NA
"E6BB0424","113","1",2,1,"HOLD","HELD",NA
"E6BB0424","301","4",3,1,"SEASON","SOLD","2025-10-08 11:34:47.725"
"E6BB0424","110","10",24,1,"DIST-OPEN","SOLD","2025-12-23 21:30:26.069"
"E6BB0424","318","7",2,1,"DIST-OPEN","available",NA
"E6BB0424","112","3",19,1,"SEASON","SOLD","2025-10-23 15:26:48.372"
"E6BB0424","107","10",11,1,"SEASON","SOLD","2025-10-05 00:43:23.952"
"E6BB0424","410","9",1,1,"GROUP","HELD",NA
"E6BB0424","318","7",2,1,"DIST-OPEN","SOLD","2025-12-01 06:26:06.852"
"E6BB0424","207","2",7,1,"HOLD","COMP","2026-03-22 14:39:32.748"
"E6BB0424","216","9",11,1,"COMP","HELD",NA
"E6BB0424","212","10",3,1,"DIST-OPEN","available",NA
"E6BB0424","206","6",7,1,"DIST-OPEN","SOLD","2025-12-13 11:40:35.435"
"E6BB0424","407","5",1,1,"DIST-OPEN","COMP","2026-01-13 04:13:21.032"
"E6BB0424","214","2",20,1,"HOLD","HELD",NA
"E6BB0424","107","8",7,1,"DIST-OPEN","SOLD","2026-01-16 03:19:38.232"
"E6BB0424","118","2",11,1,"GROUP","HELD",NA
"E6BB0424","320","6",16,1,"COMP","HELD",NA
"E6BB0424","313","2",7,1,"DIST-OPEN","available",NA
"E6BB0424","201","10",10,1,"HOLD","COMP","2026-03-03 11:05:06.256"
"E6BB0424","109","9",5,1,"HOLD","HELD",NA
"E6BB0424","409","5",13,1,"DIST-OPEN","available",NA
"E6BB0424","119","9",19,1,"HOLD","HELD",NA
"E6BB0424","118","1",16,1,"DIST-OPEN","SOLD","2026-01-31 06:43:34.962"
"E6BB0424","111","5",1,1,"COMP","HELD",NA
"E6BB0424","116","3",10,1,"DIST-OPEN","COMP","2026-01-26 16:43:45.532"
"E6BB0424","318","4",11,1,"DIST-OPEN","SOLD","2025-11-30 09:50:42.632"
"E6BB0424","407","7",11,1,"DIST-OPEN","available",NA
"E6BB0424","403","4",20,1,"SEASON","SOLD","2025-10-19 00:52:20.243"
"E6BB0424","101","7",7,1,"DIST-OPEN","SOLD","2025-11-30 15:40:10.080"
"E6BB0424","310","10",24,1,"DIST-OPEN","SOLD","2025-11-27 21:51:58.808"
"E6BB0424","120","10",10,1,"SEASON","SOLD","2025-10-14 22:46:39.854"
"E6BB0424","101","1",12,1,"DIST-OPEN","available",NA
"E6BB0424","318","6",12,1,"DIST-OPEN","available",NA
"E6BB0424","203","2",7,1,"DIST-OPEN","COMP","2026-03-16 14:48:13.771"
"E6BB0424","311","2",2,1,"DIST-OPEN","SOLD","2026-02-17 08:11:12.794"
"E6BB0424","211","8",1,1,"COMP","HELD",NA
"E6BB0424","308","10",6,1,"DIST-OPEN","SOLD","2026-04-08 13:42:11.114"
"E6BB0424","309","10",24,1,"HOLD","HELD",NA
"E6BB0424","104","8",5,1,"COMP","HELD",NA
"E6BB0424","220","3",14,1,"DIST-OPEN","available",NA
"E6BB0424","110","9",18,1,"HOLD","HELD",NA
"E6BB0424","304","4",19,1,"DIST-OPEN","available",NA
"E6BB0424","307","9",13,1,"SEASON","SOLD","2025-10-17 01:30:27.294"
"E6BB0424","210","7",22,1,"HOLD","HELD",NA
"E6BB0424","114","8",20,1,"DIST-OPEN","available",NA
"E6BB0424","405","7",7,1,"GROUP","HELD",NA
"E6BB0424","119","4",22,1,"HOLD","HELD",NA
"E6BB0424","302","3",12,1,"GROUP","HELD",NA
"E6BB0424","312","6",18,1,"COMP","HELD",NA
"E6BB0424","406","7",1,1,"GROUP","COMP","2026-03-03 05:55:26.772"
"E6BB0424","203","1",2,1,"HOLD","HELD",NA
"E6BB0424","113","7",6,1,"DIST-OPEN","COMP","2026-03-13 09:01:33.167"
"E6BB0424","220","9",19,1,"SEASON","SOLD","2025-10-10 23:03:59.526"
"E6BB0424","302","10",10,1,"HOLD","HELD",NA
"E6BB0424","202","7",3,1,"SEASON","SOLD","2025-10-20 09:34:27.911"
"E6BB0424","215","9",5,1,"DIST-OPEN","available",NA
"E6BB0424","202","9",19,1,"SEASON","SOLD","2025-10-23 04:03:20.659"
"E6BB0424","315","7",22,1,"GROUP","HELD",NA
"E6BB0424","319","8",16,1,"DIST-OPEN","available",NA
"E6BB0424","103","10",10,1,"DIST-OPEN","SOLD","2025-11-22 16:54:33.970"
"E6BB0424","113","9",13,1,"HOLD","HELD",NA
"E6BB0424","301","5",14,1,"DIST-OPEN","available",NA
"E6BB0424","110","8",17,1,"HOLD","HELD",NA
"E6BB0424","318","5",18,1,"DIST-OPEN","available",NA
"E6BB0424","112","4",11,1,"DIST-OPEN","available",NA
"E6BB0424","107","9",10,1,"SEASON","SOLD","2025-10-18 12:42:22.236"
"E6BB0424","410","2",15,1,"DIST-OPEN","available",NA
"E6BB0424","318","10",13,1,"HOLD","HELD",NA
"E6BB0424","207","4",7,1,"DIST-OPEN","available",NA
"E6BB0424","216","8",2,1,"GROUP","HELD",NA
"E6BB0424","212","3",4,1,"DIST-OPEN","available",NA
"E6BB0424","206","10",23,1,"DIST-OPEN","SOLD","2025-12-23 12:45:41.498"
"E6BB0424","407","10",1,1,"SEASON","SOLD","2025-10-06 12:55:42.172"
"E6BB0424","214","4",14,1,"DIST-OPEN","COMP","2026-01-31 01:13:03.487"
"E6BB0424","107","4",4,1,"DIST-OPEN","SOLD","2025-11-18 16:54:37.044"
"E6BB0424","118","7",8,1,"SEASON","SOLD","2025-10-04 03:30:41.969"
"E6BB0424","320","10",24,1,"DIST-OPEN","available",NA
"E6BB0424","313","5",24,1,"DIST-OPEN","available",NA
"E6BB0424","201","4",18,1,"DIST-OPEN","SOLD","2025-11-17 15:05:05.862"
"E6BB0424","109","2",10,1,"COMP","HELD",NA
"E6BB0424","409","2",13,1,"DIST-OPEN","available",NA
"E6BB0424","119","1",10,1,"SEASON","SOLD","2025-10-05 06:20:55.439"
"E6BB0424","118","7",21,1,"DIST-OPEN","COMP","2026-02-28 20:15:55.222"
"E6BB0424","111","10",4,1,"DIST-OPEN","SOLD","2025-11-29 02:04:20.336"
"E6BB0424","116","8",21,1,"DIST-OPEN","available",NA
"E6BB0424","318","4",4,1,"DIST-OPEN","available",NA
"E6BB0424","407","7",6,1,"COMP","COMP","2026-03-21 07:48:08.843"
"E6BB0424","403","1",3,1,"DIST-OPEN","available",NA
"E6BB0424","101","10",23,1,"COMP","HELD",NA
"E6BB0424","310","7",13,1,"DIST-OPEN","available",NA
"E6BB0424","120","4",14,1,"GROUP","HELD",NA
"E6BB0424","101","5",11,1,"DIST-OPEN","SOLD","2025-11-28 20:47:12.963"
"E6BB0424","318","9",11,1,"GROUP","HELD",NA
"E6BB0424","203","6",17,1,"DIST-OPEN","available",NA
"E6BB0424","311","1",2,1,"GROUP","HELD",NA
"E6BB0424","211","6",24,1,"DIST-OPEN","available",NA
"E6BB0424","308","7",8,1,"DIST-OPEN","SOLD","2025-12-10 10:15:32.823"
"E6BB0424","309","1",1,1,"DIST-OPEN","available",NA
"E6BB0424","104","2",21,1,"SEASON","SOLD","2025-10-14 06:55:55.995"
"E6BB0424","220","6",6,1,"DIST-OPEN","available",NA
"E6BB0424","110","9",12,1,"SEASON","SOLD","2025-10-27 02:08:52.517"
"E6BB0424","304","6",14,1,"GROUP","HELD",NA
"E6BB0424","307","8",10,1,"DIST-OPEN","SOLD","2026-04-16 06:15:20.012"
"E6BB0424","210","2",10,1,"DIST-OPEN","available",NA
"E6BB0424","114","9",22,1,"GROUP","HELD",NA
"E6BB0424","405","3",12,1,"HOLD","HELD",NA
"E6BB0424","119","4",16,1,"SEASON","SOLD","2025-10-16 02:55:46.223"
"E6BB0424","302","9",10,1,"SEASON","SOLD","2025-10-15 23:35:48.748"
"E6BB0424","312","2",23,1,"SEASON","SOLD","2025-10-13 22:11:07.178"
"E6BB0424","406","3",19,1,"DIST-OPEN","SOLD","2026-02-26 06:39:08.199"
"E6BB0424","203","4",11,1,"HOLD","HELD",NA
"E6BB0424","113","7",8,1,"DIST-OPEN","available",NA
"E6BB0424","220","10",18,1,"DIST-OPEN","SOLD","2026-03-12 18:45:45.936"
"E6BB0424","302","6",6,1,"SEASON","SOLD","2025-10-21 22:44:41.156"
"E6BB0424","202","10",13,1,"DIST-OPEN","SOLD","2026-03-23 15:51:16.115"
"E6BB0424","215","9",15,1,"DIST-OPEN","available",NA
"E6BB0424","202","2",10,1,"COMP","HELD",NA
"E6BB0424","315","5",13,1,"DIST-OPEN","available",NA
"E6BB0424","319","9",8,1,"SEASON","SOLD","2025-10-26 07:32:37.389"
"E6BB0424","103","5",3,1,"DIST-OPEN","available",NA
"E6BB0424","113","3",5,1,"DIST-OPEN","available",NA
"E6BB0424","301","9",10,1,"DIST-OPEN","available",NA
"E6BB0424","110","7",2,1,"DIST-OPEN","SOLD","2026-02-15 03:48:48.895"
"E6BB0424","318","7",12,1,"HOLD","COMP","2026-01-10 03:14:36.961"
"E6BB0424","112","7",19,1,"SEASON","SOLD","2025-10-27 01:30:43.966"
"E6BB0424","107","1",22,1,"DIST-OPEN","available",NA
"E6BB0424","410","9",24,1,"HOLD","HELD",NA
"E6BB0424","318","3",15,1,"GROUP","HELD",NA
"E6BB0424","207","4",15,1,"SEASON","SOLD","2025-10-27 09:24:09.950"
"E6BB0424","216","6",13,1,"DIST-OPEN","available",NA
"E6BB0424","212","9",3,1,"SEASON","SOLD","2025-10-09 13:02:29.842"
"E6BB0424","206","3",3,1,"DIST-OPEN","available",NA
"E6BB0424","407","9",9,1,"SEASON","SOLD","2025-10-03 16:42:00.123"
"E6BB0424","214","2",6,1,"COMP","HELD",NA
"E6BB0424","107","6",23,1,"DIST-OPEN","SOLD","2026-04-08 15:08:41.271"
"E6BB0424","118","8",6,1,"GROUP","COMP","2026-03-12 23:27:22.608"
"E6BB0424","320","7",13,1,"DIST-OPEN","available",NA
"E6BB0424","313","9",22,1,"DIST-OPEN","COMP","2026-01-08 14:19:43.903"
"E6BB0424","201","10",14,1,"HOLD","HELD",NA
"E6BB0424","109","10",12,1,"SEASON","SOLD","2025-10-17 21:56:24.315"
"E6BB0424","409","7",4,1,"DIST-OPEN","available",NA
"E6BB0424","119","10",15,1,"DIST-OPEN","available",NA
"E6BB0424","118","9",20,1,"DIST-OPEN","SOLD","2026-01-16 08:03:29.812"
"E6BB0424","111","6",13,1,"DIST-OPEN","available",NA
"E6BB0424","116","2",12,1,"SEASON","SOLD","2025-10-29 04:28:03.895"
"E6BB0424","318","2",24,1,"DIST-OPEN","available",NA
"E6BB0424","407","1",22,1,"DIST-OPEN","available",NA
"E6BB0424","403","6",23,1,"DIST-OPEN","available",NA
"E6BB0424","101","8",24,1,"GROUP","HELD",NA
"E6BB0424","310","1",19,1,"SEASON","SOLD","2025-10-09 00:43:48.807"
"E6BB0424","120","6",6,1,"DIST-OPEN","available",NA
"E6BB0424","101","3",5,1,"SEASON","SOLD","2025-10-12 18:31:21.958"
"E6BB0424","318","2",13,1,"DIST-OPEN","SOLD","2026-02-07 20:30:25.218"
"E6BB0424","203","9",23,1,"DIST-OPEN","COMP","2026-03-18 20:43:07.873"
"E6BB0424","311","6",5,1,"DIST-OPEN","available",NA
"E6BB0424","211","5",4,1,"HOLD","HELD",NA
"E6BB0424","308","4",16,1,"HOLD","COMP","2026-02-22 15:38:25.973"
"E6BB0424","309","9",4,1,"SEASON","SOLD","2025-10-22 10:45:30.447"
"E6BB0424","104","5",16,1,"DIST-OPEN","available",NA
"E6BB0424","220","8",9,1,"DIST-OPEN","available",NA
"E6BB0424","110","9",10,1,"COMP","HELD",NA
"E6BB0424","304","9",14,1,"SEASON","SOLD","2025-10-26 20:16:00.568"
"E6BB0424","307","5",8,1,"DIST-OPEN","SOLD","2025-12-08 13:13:10.015"
"E6BB0424","210","5",24,1,"SEASON","SOLD","2025-10-12 05:37:42.322"
"E6BB0424","114","8",23,1,"COMP","HELD",NA
"E6BB0424","405","3",22,1,"SEASON","SOLD","2025-10-13 11:00:19.684"
"E6BB0424","119","8",7,1,"DIST-OPEN","available",NA
"E6BB0424","302","8",11,1,"DIST-OPEN","available",NA
"E6BB0424","312","3",12,1,"HOLD","HELD",NA
"E6BB0424","406","2",15,1,"DIST-OPEN","available",NA
"E6BB0424","203","6",11,1,"SEASON","SOLD","2025-10-17 16:48:42.369"
"E6BB0424","113","2",17,1,"DIST-OPEN","available",NA
"E6BB0424","220","1",20,1,"SEASON","SOLD","2025-10-10 00:02:20.273"
"E6BB0424","302","10",20,1,"HOLD","HELD",NA
"E6BB0424","202","4",14,1,"HOLD","HELD",NA
"E6BB0424","215","7",13,1,"HOLD","HELD",NA
"E6BB0424","202","4",19,1,"DIST-OPEN","SOLD","2025-12-26 09:40:59.667"
"E6BB0424","315","1",9,1,"DIST-OPEN","available",NA
"E6BB0424","319","8",5,1,"SEASON","SOLD","2025-10-11 13:00:12.070"
"E6BB0424","103","10",13,1,"DIST-OPEN","available",NA
"E6BB0424","113","5",19,1,"DIST-OPEN","available",NA
"E6BB0424","301","9",13,1,"SEASON","SOLD","2025-10-05 16:11:44.542"
"E6BB0424","110","6",18,1,"DIST-OPEN","available",NA
"E6BB0424","318","7",11,1,"COMP","HELD",NA
"E6BB0424","112","5",12,1,"DIST-OPEN","SOLD","2026-03-03 22:41:26.237"
"E6BB0424","107","6",5,1,"SEASON","SOLD","2025-10-11 16:38:50.492"
"E6BB0424","410","4",11,1,"DIST-OPEN","available",NA
"E6BB0424","318","4",8,1,"DIST-OPEN","available",NA
"E6BB0424","207","4",5,1,"DIST-OPEN","SOLD","2025-12-04 21:08:16.194"
"E6BB0424","216","2",6,1,"COMP","HELD",NA
"E6BB0424","212","5",17,1,"DIST-OPEN","SOLD","2025-12-05 13:30:29.101"
"E6BB0424","206","2",20,1,"DIST-OPEN","SOLD","2026-03-13 14:02:33.677"
"E6BB0424","407","9",22,1,"DIST-OPEN","available",NA
"E6BB0424","214","2",23,1,"DIST-OPEN","available",NA
"E6BB0424","107","3",21,1,"DIST-OPEN","available",NA
"E6BB0424","118","5",23,1,"DIST-OPEN","SOLD","2026-02-09 04:19:26.993"
"E6BB0424","320","4",3,1,"DIST-OPEN","SOLD","2026-04-08 07:33:59.494"
"E6BB0424","313","2",15,1,"DIST-OPEN","SOLD","2026-03-25 14:52:13.810"
"E6BB0424","201","4",3,1,"DIST-OPEN","available",NA
"E6BB0424","109","9",16,1,"GROUP","HELD",NA
"E6BB0424","409","7",8,1,"SEASON","SOLD","2025-10-09 23:26:52.376"
"E6BB0424","119","9",20,1,"DIST-OPEN","available",NA
"E6BB0424","118","3",6,1,"DIST-OPEN","available",NA
"E6BB0424","111","3",6,1,"DIST-OPEN","available",NA
"E6BB0424","116","4",11,1,"SEASON","SOLD","2025-10-25 10:45:42.835"
"E6BB0424","318","8",3,1,"DIST-OPEN","SOLD","2026-04-04 12:07:36.439"
"E6BB0424","407","1",23,1,"SEASON","SOLD","2025-10-17 00:02:59.576"
"E6BB0424","403","10",1,1,"SEASON","SOLD","2025-10-29 02:59:45.045"
"E6BB0424","101","7",1,1,"HOLD","HELD",NA
"E6BB0424","310","9",3,1,"DIST-OPEN","available",NA
"E6BB0424","120","6",9,1,"DIST-OPEN","SOLD","2026-03-04 08:16:18.978"
"E6BB0424","101","9",1,1,"DIST-OPEN","available",NA
"E6BB0424","318","1",1,1,"DIST-OPEN","available",NA
"E6BB0424","203","10",3,1,"HOLD","HELD",NA
"E6BB0424","311","1",24,1,"HOLD","HELD",NA
"E6BB0424","211","10",23,1,"HOLD","HELD",NA
"E6BB0424","308","8",4,1,"HOLD","HELD",NA
"E6BB0424","309","8",3,1,"DIST-OPEN","available",NA
"E6BB0424","104","8",1,1,"GROUP","HELD",NA
"E6BB0424","220","7",12,1,"DIST-OPEN","SOLD","2025-12-24 07:48:42.569"
"E6BB0424","110","5",1,1,"DIST-OPEN","COMP","2026-01-16 19:13:47.101"
"E6BB0424","304","6",3,1,"DIST-OPEN","SOLD","2026-03-11 12:37:16.015"
"E6BB0424","307","5",5,1,"DIST-OPEN","available",NA
"E6BB0424","210","6",13,1,"DIST-OPEN","available",NA
"E6BB0424","114","4",12,1,"HOLD","HELD",NA
"E6BB0424","405","2",2,1,"DIST-OPEN","SOLD","2026-04-10 13:59:31.512"
"E6BB0424","119","3",12,1,"DIST-OPEN","SOLD","2025-12-18 08:59:19.768"
"E6BB0424","302","9",20,1,"SEASON","SOLD","2025-10-14 05:13:20.318"
"E6BB0424","312","10",2,1,"DIST-OPEN","SOLD","2026-03-28 10:50:28.208"
"E6BB0424","406","5",23,1,"DIST-OPEN","available",NA
"E6BB0424","203","10",5,1,"DIST-OPEN","available",NA
"E6BB0424","113","6",23,1,"COMP","HELD",NA
"E6BB0424","220","10",3,1,"COMP","HELD",NA
"E6BB0424","302","6",20,1,"DIST-OPEN","available",NA
"E6BB0424","202","6",5,1,"DIST-OPEN","SOLD","2025-11-20 23:36:58.391"
"E6BB0424","215","7",24,1,"SEASON","SOLD","2025-10-14 01:55:48.475"
"E6BB0424","202","2",21,1,"DIST-OPEN","available",NA
"E6BB0424","315","5",6,1,"DIST-OPEN","SOLD","2025-11-22 11:39:49.537"
"E6BB0424","319","4",6,1,"SEASON","SOLD","2025-10-27 14:29:30.550"
"E6BB0424","103","5",17,1,"COMP","HELD",NA
"E6BB0424","113","2",22,1,"DIST-OPEN","available",NA
"E6BB0424","301","6",2,1,"DIST-OPEN","COMP","2026-01-28 02:09:25.661"
"E6BB0424","110","8",2,1,"DIST-OPEN","available",NA
"E6BB0424","318","10",6,1,"DIST-OPEN","available",NA
"E6BB0424","112","4",9,1,"DIST-OPEN","SOLD","2026-03-15 00:40:48.781"
"E6BB0424","107","2",19,1,"DIST-OPEN","SOLD","2025-12-03 07:00:40.508"
"E6BB0424","410","4",7,1,"GROUP","HELD",NA
"E6BB0424","318","1",14,1,"DIST-OPEN","available",NA
"E6BB0424","207","2",9,1,"DIST-OPEN","available",NA
"E6BB0424","216","7",22,1,"DIST-OPEN","available",NA
"E6BB0424","212","5",22,1,"SEASON","SOLD","2025-10-01 14:06:34.208"
"E6BB0424","206","9",1,1,"DIST-OPEN","COMP","2026-01-09 14:00:55.421"
"E6BB0424","407","4",17,1,"DIST-OPEN","SOLD","2026-01-01 13:00:20.689"
"E6BB0424","214","9",9,1,"SEASON","SOLD","2025-10-26 02:19:23.214"
"E6BB0424","107","1",1,1,"DIST-OPEN","SOLD","2026-01-06 13:09:15.639"
"E6BB0424","118","9",1,1,"DIST-OPEN","available",NA
"E6BB0424","320","3",11,1,"DIST-OPEN","available",NA
"E6BB0424","313","9",5,1,"DIST-OPEN","SOLD","2025-12-06 16:32:05.687"
"E6BB0424","201","9",15,1,"SEASON","SOLD","2025-10-25 18:04:35.033"
"E6BB0424","109","9",5,1,"DIST-OPEN","COMP","2026-02-12 09:28:06.159"
"E6BB0424","409","6",22,1,"COMP","HELD",NA
"E6BB0424","119","8",12,1,"DIST-OPEN","SOLD","2026-02-22 00:23:14.271"
"E6BB0424","118","6",14,1,"DIST-OPEN","available",NA
"E6BB0424","111","5",15,1,"GROUP","HELD",NA
"E6BB0424","116","2",6,1,"COMP","HELD",NA
"E6BB0424","318","2",23,1,"SEASON","SOLD","2025-10-02 22:21:06.463"
"E6BB0424","407","1",17,1,"DIST-OPEN","available",NA
"E6BB0424","403","9",8,1,"DIST-OPEN","available",NA
"E6BB0424","101","10",10,1,"SEASON","SOLD","2025-10-30 04:46:47.488"
"E6BB0424","310","1",22,1,"DIST-OPEN","available",NA
"E6BB0424","120","1",20,1,"DIST-OPEN","SOLD","2026-03-21 22:22:39.985"
"E6BB0424","101","1",23,1,"GROUP","HELD",NA
"E6BB0424","318","2",4,1,"DIST-OPEN","available",NA
"E6BB0424","203","4",19,1,"HOLD","HELD",NA
"E6BB0424","311","7",21,1,"SEASON","SOLD","2025-10-21 05:13:36.275"
"E6BB0424","211","4",11,1,"DIST-OPEN","available",NA
"E6BB0424","308","8",9,1,"DIST-OPEN","available",NA
"E6BB0424","309","9",15,1,"DIST-OPEN","available",NA
"E6BB0424","104","2",6,1,"COMP","HELD",NA
"E6BB0424","220","10",8,1,"DIST-OPEN","SOLD","2025-12-28 22:59:31.908"
"E6BB0424","110","6",23,1,"HOLD","HELD",NA
"E6BB0424","304","2",22,1,"DIST-OPEN","available",NA
"E6BB0424","307","5",19,1,"HOLD","HELD",NA
"E6BB0424","210","7",14,1,"DIST-OPEN","available",NA
"E6BB0424","114","3",21,1,"DIST-OPEN","available",NA
"E6BB0424","405","7",6,1,"HOLD","HELD",NA
"E6BB0424","119","7",4,1,"SEASON","SOLD","2025-10-18 20:55:08.778"
"E6BB0424","302","6",9,1,"DIST-OPEN","SOLD","2026-04-20 21:29:57.418"
"E6BB0424","312","7",3,1,"HOLD","HELD",NA
"E6BB0424","406","9",4,1,"SEASON","SOLD","2025-10-16 12:58:26.103"
"E6BB0424","203","10",23,1,"HOLD","HELD",NA
"E6BB0424","113","2",4,1,"GROUP","HELD",NA
"E6BB0424","220","4",15,1,"SEASON","SOLD","2025-10-22 10:26:35.755"
"E6BB0424","302","7",20,1,"HOLD","HELD",NA
"E6BB0424","202","6",9,1,"DIST-OPEN","available",NA
"E6BB0424","215","2",8,1,"DIST-OPEN","available",NA
"E6BB0424","202","10",17,1,"DIST-OPEN","SOLD","2025-11-24 02:26:22.938"
"E6BB0424","315","2",3,1,"HOLD","HELD",NA
"E6BB0424","319","6",3,1,"SEASON","SOLD","2025-10-16 14:46:59.745"
"E6BB0424","103","1",24,1,"COMP","HELD",NA
"E6BB0424","113","9",18,1,"HOLD","HELD",NA
"E6BB0424","301","1",1,1,"GROUP","HELD",NA
"E6BB0424","110","7",18,1,"HOLD","HELD",NA
"E6BB0424","318","5",7,1,"SEASON","SOLD","2025-10-28 21:39:14.218"
"E6BB0424","112","5",16,1,"DIST-OPEN","SOLD","2025-11-21 12:29:32.305"
"E6BB0424","107","3",23,1,"DIST-OPEN","available",NA
"E6BB0424","410","10",23,1,"GROUP","COMP","2026-01-06 04:35:03.398"
"E6BB0424","318","2",15,1,"HOLD","HELD",NA
"E6BB0424","207","10",14,1,"GROUP","HELD",NA
"E6BB0424","216","8",3,1,"COMP","HELD",NA
"E6BB0424","212","6",8,1,"DIST-OPEN","available",NA
"E6BB0424","206","9",21,1,"SEASON","SOLD","2025-10-18 17:00:22.437"
"E6BB0424","407","9",14,1,"HOLD","HELD",NA
"E6BB0424","214","5",23,1,"DIST-OPEN","available",NA
"E6BB0424","107","10",6,1,"SEASON","SOLD","2025-10-04 15:08:48.486"
"E6BB0424","118","2",8,1,"DIST-OPEN","COMP","2026-03-06 16:35:40.267"
"E6BB0424","320","6",15,1,"DIST-OPEN","SOLD","2026-04-09 14:12:54.687"
"E6BB0424","313","7",21,1,"SEASON","SOLD","2025-10-08 09:29:50.358"
"E6BB0424","201","6",2,1,"HOLD","HELD",NA
"E6BB0424","109","7",6,1,"SEASON","SOLD","2025-10-25 22:53:35.871"
"E6BB0424","409","5",13,1,"DIST-OPEN","SOLD","2025-12-18 15:29:58.648"
"E6BB0424","119","10",14,1,"COMP","HELD",NA
"E6BB0424","118","8",15,1,"GROUP","HELD",NA
"E6BB0424","111","7",24,1,"DIST-OPEN","available",NA
"E6BB0424","116","10",8,1,"DIST-OPEN","SOLD","2026-03-19 23:39:58.895"
"E6BB0424","318","1",15,1,"DIST-OPEN","available",NA
"E6BB0424","407","3",14,1,"DIST-OPEN","available",NA
"E6BB0424","403","10",21,1,"DIST-OPEN","available",NA
"E6BB0424","101","5",1,1,"SEASON","SOLD","2025-10-17 21:44:23.347"
"E6BB0424","310","2",1,1,"DIST-OPEN","SOLD","2026-01-03 04:06:18.217"
"E6BB0424","120","9",22,1,"DIST-OPEN","available",NA
"E6BB0424","101","3",12,1,"DIST-OPEN","SOLD","2026-01-31 20:03:28.039"
"E6BB0424","318","7",24,1,"GROUP","HELD",NA
"E6BB0424","203","9",1,1,"DIST-OPEN","available",NA
"E6BB0424","311","2",8,1,"DIST-OPEN","available",NA
"E6BB0424","211","8",2,1,"SEASON","SOLD","2025-10-21 01:08:15.051"
"E6BB0424","308","5",24,1,"HOLD","HELD",NA
"E6BB0424","309","8",6,1,"DIST-OPEN","available",NA
"E6BB0424","104","8",4,1,"DIST-OPEN","SOLD","2026-01-10 16:28:15.747"
"E6BB0424","220","6",1,1,"DIST-OPEN","available",NA
"E6BB0424","110","5",10,1,"DIST-OPEN","available",NA
"E6BB0424","304","8",10,1,"COMP","HELD",NA
"E6BB0424","307","6",4,1,"SEASON","SOLD","2025-10-18 07:57:55.887"
"E6BB0424","210","7",19,1,"DIST-OPEN","available",NA
"E6BB0424","114","7",7,1,"DIST-OPEN","available",NA
"E6BB0424","405","1",6,1,"DIST-OPEN","COMP","2026-01-26 18:50:36.200"
"E6BB0424","119","8",9,1,"DIST-OPEN","SOLD","2026-02-03 06:50:48.587"
"E6BB0424","302","10",14,1,"SEASON","SOLD","2025-10-02 14:56:46.586"
"E6BB0424","312","2",18,1,"DIST-OPEN","available",NA
"E6BB0424","406","8",4,1,"DIST-OPEN","COMP","2026-03-12 00:22:44.211"
"E6BB0424","203","3",2,1,"DIST-OPEN","SOLD","2026-03-03 12:33:52.227"
"E6BB0424","113","3",7,1,"DIST-OPEN","SOLD","2026-01-06 02:11:16.169"
"E6BB0424","220","5",19,1,"DIST-OPEN","SOLD","2026-02-05 18:48:48.587"
"E6BB0424","302","10",15,1,"DIST-OPEN","COMP","2026-03-22 19:19:04.112"
"E6BB0424","202","9",5,1,"HOLD","HELD",NA
"E6BB0424","215","3",17,1,"DIST-OPEN","available",NA
"E6BB0424","202","4",4,1,"SEASON","SOLD","2025-10-13 00:59:12.744"
"E6BB0424","315","3",15,1,"HOLD","COMP","2026-01-22 11:50:24.370"
"E6BB0424","319","5",11,1,"DIST-OPEN","available",NA
"E6BB0424","103","4",11,1,"DIST-OPEN","SOLD","2026-04-22 00:30:39.876"
"E6BB0424","113","4",15,1,"DIST-OPEN","SOLD","2025-11-26 03:42:42.928"
"E6BB0424","301","9",19,1,"SEASON","SOLD","2025-10-11 06:33:44.392"
"E6BB0424","110","9",13,1,"DIST-OPEN","SOLD","2026-02-16 15:35:39.821"
"E6BB0424","318","2",19,1,"DIST-OPEN","COMP","2026-03-19 00:20:17.887"
"E6BB0424","112","4",14,1,"SEASON","SOLD","2025-10-19 08:55:56.298"
"E6BB0424","107","9",17,1,"SEASON","SOLD","2025-10-18 04:31:17.999"
"E6BB0424","410","1",23,1,"DIST-OPEN","SOLD","2026-04-16 00:20:30.208"
"E6BB0424","318","4",23,1,"SEASON","SOLD","2025-10-02 06:40:11.363"
"E6BB0424","207","9",24,1,"SEASON","SOLD","2025-10-26 07:43:30.473"
"E6BB0424","216","8",7,1,"SEASON","SOLD","2025-10-05 03:26:07.441"
"E6BB0424","212","4",5,1,"DIST-OPEN","available",NA
"E6BB0424","206","10",11,1,"DIST-OPEN","available",NA
"E6BB0424","407","10",6,1,"DIST-OPEN","available",NA
"E6BB0424","214","2",1,1,"DIST-OPEN","available",NA
"E6BB0424","107","1",4,1,"DIST-OPEN","SOLD","2025-11-17 01:44:39.671"
"E6BB0424","118","2",3,1,"DIST-OPEN","COMP","2026-02-14 11:25:26.338"
"E6BB0424","320","3",11,1,"DIST-OPEN","SOLD","2025-12-12 15:54:49.176"
"E6BB0424","313","8",8,1,"DIST-OPEN","available",NA
"E6BB0424","201","8",7,1,"DIST-OPEN","SOLD","2025-12-05 02:43:48.202"
"E6BB0424","109","5",13,1,"DIST-OPEN","available",NA
"E6BB0424","409","3",17,1,"SEASON","SOLD","2025-10-19 09:29:50.190"
"E6BB0424","119","2",17,1,"DIST-OPEN","available",NA
"E6BB0424","118","2",2,1,"HOLD","HELD",NA
"E6BB0424","111","6",16,1,"DIST-OPEN","available",NA
"E6BB0424","116","1",7,1,"DIST-OPEN","available",NA
"E6BB0424","318","2",16,1,"SEASON","SOLD","2025-10-09 20:52:11.536"
"E6BB0424","407","6",21,1,"HOLD","HELD",NA
"E6BB0424","403","1",15,1,"DIST-OPEN","SOLD","2025-12-21 01:42:49.821"
"E6BB0424","101","2",20,1,"SEASON","SOLD","2025-10-11 03:17:59.487"
"E6BB0424","310","6",4,1,"DIST-OPEN","SOLD","2025-12-25 18:25:09.661"
"E6BB0424","120","2",3,1,"GROUP","HELD",NA
"E6BB0424","101","10",20,1,"DIST-OPEN","available",NA
"E6BB0424","318","5",10,1,"GROUP","HELD",NA
"E6BB0424","203","9",21,1,"DIST-OPEN","available",NA
"E6BB0424","311","8",16,1,"DIST-OPEN","available",NA
"E6BB0424","211","8",20,1,"DIST-OPEN","available",NA
"E6BB0424","308","7",17,1,"DIST-OPEN","SOLD","2025-11-26 17:04:06.317"
"E6BB0424","309","1",5,1,"DIST-OPEN","available",NA
"E6BB0424","104","8",6,1,"DIST-OPEN","SOLD","2025-12-05 07:38:43.063"
"E6BB0424","220","2",5,1,"DIST-OPEN","available",NA
"E6BB0424","110","8",13,1,"DIST-OPEN","SOLD","2026-01-26 12:03:35.965"
"E6BB0424","304","9",7,1,"DIST-OPEN","available",NA
"E6BB0424","307","6",13,1,"DIST-OPEN","SOLD","2026-04-16 05:17:44.536"
"E6BB0424","210","10",17,1,"DIST-OPEN","available",NA
"E6BB0424","114","4",15,1,"SEASON","SOLD","2025-10-27 08:42:31.184"
"E6BB0424","405","9",21,1,"SEASON","SOLD","2025-10-21 18:01:14.727"
"E6BB0424","119","2",1,1,"SEASON","SOLD","2025-10-12 19:18:13.931"
"E6BB0424","302","2",17,1,"GROUP","HELD",NA
"E6BB0424","312","2",20,1,"SEASON","SOLD","2025-10-15 12:42:04.039"
"E6BB0424","406","4",1,1,"SEASON","SOLD","2025-10-22 10:01:26.569"
"E6BB0424","203","1",6,1,"DIST-OPEN","available",NA
"E6BB0424","113","6",17,1,"SEASON","SOLD","2025-10-02 06:11:14.179"
"E6BB0424","220","6",2,1,"SEASON","SOLD","2025-10-18 16:10:26.026"
"E6BB0424","302","7",16,1,"DIST-OPEN","available",NA
"E6BB0424","202","6",14,1,"DIST-OPEN","available",NA
"E6BB0424","215","3",15,1,"SEASON","SOLD","2025-10-18 20:42:55.414"
"E6BB0424","202","6",14,1,"GROUP","HELD",NA
"E6BB0424","315","10",16,1,"DIST-OPEN","SOLD","2025-11-24 00:40:42.086"
"E6BB0424","319","6",15,1,"DIST-OPEN","available",NA
"E6BB0424","103","7",7,1,"SEASON","SOLD","2025-10-27 01:22:37.697"
"E6BB0424","113","8",3,1,"DIST-OPEN","available",NA
"E6BB0424","301","6",5,1,"DIST-OPEN","available",NA
"E6BB0424","110","10",17,1,"SEASON","SOLD","2025-10-22 14:40:58.790"
"E6BB0424","318","7",18,1,"GROUP","COMP","2026-01-26 11:44:51.946"
"E6BB0424","112","5",24,1,"GROUP","HELD",NA
"E6BB0424","107","9",21,1,"DIST-OPEN","available",NA
"E6BB0424","410","6",7,1,"DIST-OPEN","available",NA
"E6BB0424","318","7",20,1,"DIST-OPEN","available",NA
"E6BB0424","207","10",20,1,"DIST-OPEN","SOLD","2026-04-19 09:59:05.188"
"E6BB0424","216","1",13,1,"SEASON","SOLD","2025-10-08 23:30:22.670"
"E6BB0424","212","1",14,1,"DIST-OPEN","COMP","2026-04-01 03:23:30.490"
"E6BB0424","206","5",10,1,"HOLD","HELD",NA
"E6BB0424","407","10",2,1,"DIST-OPEN","available",NA
"E6BB0424","214","9",15,1,"DIST-OPEN","available",NA
"E6BB0424","107","6",3,1,"DIST-OPEN","available",NA
"E6BB0424","118","3",10,1,"SEASON","SOLD","2025-10-15 01:14:15.549"
"E6BB0424","320","10",7,1,"HOLD","HELD",NA
"E6BB0424","313","9",13,1,"DIST-OPEN","available",NA
"E6BB0424","201","9",3,1,"DIST-OPEN","SOLD","2026-04-22 05:38:45.539"
"E6BB0424","109","4",10,1,"DIST-OPEN","available",NA
"E6BB0424","409","10",3,1,"HOLD","HELD",NA
"E6BB0424","119","1",23,1,"DIST-OPEN","SOLD","2025-11-20 13:12:40.135"
"E6BB0424","118","2",13,1,"SEASON","SOLD","2025-10-29 10:04:31.558"
"E6BB0424","111","7",24,1,"SEASON","SOLD","2025-10-13 03:36:17.314"
"E6BB0424","116","7",24,1,"DIST-OPEN","available",NA
"E6BB0424","318","1",11,1,"HOLD","COMP","2026-02-26 08:33:33.105"
"E6BB0424","407","2",19,1,"DIST-OPEN","SOLD","2026-02-08 12:55:55.536"
"E6BB0424","403","6",15,1,"SEASON","SOLD","2025-10-23 17:22:53.720"
"E6BB0424","101","5",10,1,"SEASON","SOLD","2025-10-26 18:59:16.190"
"E6BB0424","310","5",18,1,"GROUP","HELD",NA
"E6BB0424","120","10",16,1,"DIST-OPEN","available",NA
"E6BB0424","101","8",23,1,"DIST-OPEN","available",NA
"E6BB0424","318","10",20,1,"DIST-OPEN","available",NA
"E6BB0424","203","1",8,1,"DIST-OPEN","available",NA
"E6BB0424","311","6",15,1,"SEASON","SOLD","2025-10-23 18:23:48.842"
"E6BB0424","211","9",16,1,"DIST-OPEN","available",NA
"E6BB0424","308","8",9,1,"HOLD","HELD",NA
"E6BB0424","309","10",6,1,"SEASON","SOLD","2025-10-08 13:47:36.586"
"E6BB0424","104","5",1,1,"DIST-OPEN","SOLD","2025-12-11 10:48:23.925"
"E6BB0424","220","9",23,1,"DIST-OPEN","available",NA
"E6BB0424","110","8",4,1,"DIST-OPEN","available",NA
"E6BB0424","304","7",5,1,"SEASON","SOLD","2025-10-23 18:44:53.939"
"E6BB0424","307","2",11,1,"SEASON","SOLD","2025-10-18 21:34:35.714"
"E6BB0424","210","8",5,1,"DIST-OPEN","SOLD","2025-12-02 21:55:37.630"
"E6BB0424","114","5",23,1,"SEASON","SOLD","2025-10-28 10:56:04.771"
"E6BB0424","405","9",15,1,"SEASON","SOLD","2025-10-13 13:56:58.319"
"E6BB0424","119","5",21,1,"SEASON","SOLD","2025-10-28 16:33:42.453"
"E6BB0424","302","3",9,1,"SEASON","SOLD","2025-10-19 07:33:36.637"
"E6BB0424","312","7",8,1,"SEASON","SOLD","2025-10-06 11:55:32.138"
"E6BB0424","406","5",4,1,"GROUP","HELD",NA
"E6BB0424","203","8",1,1,"COMP","HELD",NA
"E6BB0424","113","1",3,1,"COMP","HELD",NA
"E6BB0424","220","4",17,1,"DIST-OPEN","available",NA
"E6BB0424","302","2",15,1,"DIST-OPEN","available",NA
"E6BB0424","202","1",5,1,"DIST-OPEN","SOLD","2026-03-09 21:45:34.123"
"E6BB0424","215","9",16,1,"HOLD","HELD",NA
"E6BB0424","202","1",24,1,"DIST-OPEN","available",NA
"E6BB0424","315","6",3,1,"DIST-OPEN","available",NA
"E6BB0424","319","7",12,1,"DIST-OPEN","available",NA
"E6BB0424","103","9",1,1,"GROUP","HELD",NA
"E6BB0424","113","3",13,1,"HOLD","HELD",NA
"E6BB0424","301","1",24,1,"HOLD","HELD",NA
"E6BB0424","110","2",15,1,"SEASON","SOLD","2025-10-12 18:23:10.620"
"E6BB0424","318","9",5,1,"SEASON","SOLD","2025-10-27 08:58:21.730"
"E6BB0424","112","9",20,1,"DIST-OPEN","available",NA
"E6BB0424","107","7",15,1,"DIST-OPEN","available",NA
"E6BB0424","410","9",16,1,"SEASON","SOLD","2025-10-09 04:51:00.243"
"E6BB0424","318","2",10,1,"DIST-OPEN","SOLD","2025-11-24 07:02:15.284"
"E6BB0424","207","4",18,1,"DIST-OPEN","available",NA
"E6BB0424","216","3",14,1,"DIST-OPEN","available",NA
"E6BB0424","212","1",11,1,"COMP","HELD",NA
"E6BB0424","206","4",11,1,"HOLD","HELD",NA
"E6BB0424","407","9",8,1,"SEASON","SOLD","2025-10-25 07:11:19.771"
"E6BB0424","214","6",9,1,"DIST-OPEN","SOLD","2026-02-22 12:56:37.826"
"E6BB0424","107","10",7,1,"SEASON","SOLD","2025-10-29 04:42:53.362"
"E6BB0424","118","1",14,1,"DIST-OPEN","available",NA
"E6BB0424","320","6",3,1,"DIST-OPEN","SOLD","2026-02-06 20:47:24.498"
"E6BB0424","313","1",22,1,"COMP","HELD",NA
"E6BB0424","201","3",2,1,"DIST-OPEN","available",NA
"E6BB0424","109","8",6,1,"COMP","HELD",NA
"E6BB0424","409","9",9,1,"DIST-OPEN","SOLD","2026-02-04 01:54:11.758"
"E6BB0424","119","6",23,1,"DIST-OPEN","available",NA
"E6BB0424","118","5",15,1,"DIST-OPEN","SOLD","2025-11-17 19:38:55.158"
"E6BB0424","111","9",21,1,"GROUP","HELD",NA
"E6BB0424","116","3",10,1,"COMP","HELD",NA
"E6BB0424","318","8",13,1,"COMP","HELD",NA
"E6BB0424","407","4",4,1,"HOLD","COMP","2026-01-18 12:57:14.603"
"E6BB0424","403","10",9,1,"DIST-OPEN","SOLD","2026-04-01 02:44:55.812"
"E6BB0424","101","3",12,1,"SEASON","SOLD","2025-10-15 19:43:54.874"
"E6BB0424","310","3",12,1,"DIST-OPEN","SOLD","2026-02-06 22:06:55.510"
"E6BB0424","120","10",21,1,"DIST-OPEN","SOLD","2025-11-23 07:30:42.762"
"E6BB0424","101","6",12,1,"HOLD","HELD",NA
"E6BB0424","318","4",4,1,"DIST-OPEN","available",NA
"E6BB0424","203","6",1,1,"DIST-OPEN","available",NA
"E6BB0424","311","6",21,1,"SEASON","SOLD","2025-10-23 21:39:00.804"
"E6BB0424","211","1",11,1,"DIST-OPEN","SOLD","2026-03-26 02:28:44.879"
"E6BB0424","308","10",19,1,"DIST-OPEN","available",NA
"E6BB0424","309","3",21,1,"SEASON","SOLD","2025-10-24 00:33:28.017"
"E6BB0424","104","5",13,1,"COMP","HELD",NA
"E6BB0424","220","8",16,1,"DIST-OPEN","available",NA
"E6BB0424","110","2",11,1,"SEASON","SOLD","2025-10-28 02:53:11.937"
"E6BB0424","304","6",8,1,"DIST-OPEN","SOLD","2026-02-24 21:16:37.714"
"E6BB0424","307","1",12,1,"DIST-OPEN","SOLD","2026-04-11 04:27:57.638"
"E6BB0424","210","6",11,1,"DIST-OPEN","SOLD","2026-02-18 00:00:05.132"
"E6BB0424","114","10",10,1,"DIST-OPEN","COMP","2026-03-06 16:40:11.127"
"E6BB0424","405","1",22,1,"HOLD","HELD",NA
"E6BB0424","119","10",20,1,"SEASON","SOLD","2025-10-16 02:01:52.644"
"E6BB0424","302","4",1,1,"DIST-OPEN","SOLD","2026-02-27 16:26:15.516"
"E6BB0424","312","1",23,1,"GROUP","HELD",NA
"E6BB0605","409","6",5,1,"HOLD","HELD",NA
"E6BB0605","202","7",1,1,"DIST-OPEN","SOLD","2025-11-26 12:04:57.041"
"E6BB0605","309","4",14,1,"DIST-OPEN","available",NA
"E6BB0605","204","5",14,1,"DIST-OPEN","SOLD","2026-04-09 20:41:38.281"
"E6BB0605","220","9",23,1,"DIST-OPEN","SOLD","2026-03-05 18:14:37.423"
"E6BB0605","302","3",16,1,"DIST-OPEN","COMP","2026-04-01 05:55:43.225"
"E6BB0605","317","7",13,1,"DIST-OPEN","SOLD","2026-05-20 10:56:53.967"
"E6BB0605","205","6",5,1,"DIST-OPEN","SOLD","2026-04-06 12:40:01.477"
"E6BB0605","404","10",9,1,"DIST-OPEN","COMP","2026-03-11 01:03:53.282"
"E6BB0605","106","2",10,1,"DIST-OPEN","SOLD","2026-02-22 20:58:51.618"
"E6BB0605","105","5",24,1,"DIST-OPEN","SOLD","2025-12-10 04:14:42.511"
"E6BB0605","307","1",8,1,"HOLD","COMP","2026-03-22 09:42:55.186"
"E6BB0605","213","10",21,1,"HOLD","COMP","2026-03-12 00:09:42.948"
"E6BB0605","302","2",12,1,"DIST-OPEN","available",NA
"E6BB0605","403","2",17,1,"DIST-OPEN","available",NA
"E6BB0605","207","6",2,1,"GROUP","HELD",NA
"E6BB0605","217","9",10,1,"DIST-OPEN","SOLD","2026-04-01 00:06:12.564"
"E6BB0605","404","7",12,1,"SEASON","SOLD","2025-10-06 17:10:13.484"
"E6BB0605","201","4",8,1,"GROUP","HELD",NA
"E6BB0605","403","4",3,1,"HOLD","HELD",NA
"E6BB0605","115","1",8,1,"DIST-OPEN","available",NA
"E6BB0605","209","1",13,1,"DIST-OPEN","SOLD","2026-04-17 09:44:05.662"
"E6BB0605","219","2",2,1,"DIST-OPEN","available",NA
"E6BB0605","303","7",6,1,"DIST-OPEN","available",NA
"E6BB0605","220","4",23,1,"SEASON","SOLD","2025-10-13 19:21:42.298"
"E6BB0605","209","4",4,1,"DIST-OPEN","SOLD","2026-01-22 19:03:30.642"
"E6BB0605","403","1",9,1,"HOLD","COMP","2026-03-14 14:09:23.708"
"E6BB0605","404","8",9,1,"SEASON","SOLD","2025-10-14 16:52:31.040"
"E6BB0605","314","5",15,1,"DIST-OPEN","SOLD","2026-05-04 10:09:51.422"
"E6BB0605","108","6",18,1,"SEASON","SOLD","2025-10-18 23:16:01.163"
"E6BB0605","212","7",19,1,"DIST-OPEN","SOLD","2026-04-04 13:45:28.318"
"E6BB0605","302","6",4,1,"GROUP","HELD",NA
"E6BB0605","202","3",20,1,"DIST-OPEN","SOLD","2026-03-24 15:41:25.600"
"E6BB0605","206","3",16,1,"DIST-OPEN","available",NA
"E6BB0605","202","8",10,1,"SEASON","SOLD","2025-10-01 14:26:50.342"
"E6BB0605","407","5",6,1,"HOLD","HELD",NA
"E6BB0605","320","6",11,1,"DIST-OPEN","available",NA
"E6BB0605","204","3",2,1,"HOLD","HELD",NA
"E6BB0605","115","5",5,1,"SEASON","SOLD","2025-10-19 13:36:00.439"
"E6BB0605","402","8",17,1,"SEASON","SOLD","2025-10-24 04:25:56.194"
"E6BB0605","116","7",20,1,"DIST-OPEN","SOLD","2025-12-31 16:28:00.665"
"E6BB0605","312","4",4,1,"DIST-OPEN","available",NA
"E6BB0605","306","5",21,1,"DIST-OPEN","SOLD","2025-12-10 18:41:49.496"
"E6BB0605","201","5",9,1,"DIST-OPEN","available",NA
"E6BB0605","409","4",11,1,"SEASON","SOLD","2025-10-23 14:44:42.837"
"E6BB0605","114","2",23,1,"HOLD","HELD",NA
"E6BB0605","102","8",20,1,"DIST-OPEN","available",NA
"E6BB0605","213","3",23,1,"HOLD","HELD",NA
"E6BB0605","209","8",4,1,"GROUP","HELD",NA
"E6BB0605","303","9",9,1,"DIST-OPEN","available",NA
"E6BB0605","308","8",22,1,"DIST-OPEN","SOLD","2026-01-14 08:12:00.964"
"E6BB0605","101","9",20,1,"SEASON","SOLD","2025-10-29 20:12:25.115"
"E6BB0605","408","10",2,1,"SEASON","SOLD","2025-10-29 15:18:52.368"
"E6BB0605","403","1",13,1,"DIST-OPEN","COMP","2026-03-27 09:03:11.191"
"E6BB0605","108","7",5,1,"DIST-OPEN","SOLD","2026-04-09 13:02:40.545"
"E6BB0605","309","5",11,1,"DIST-OPEN","available",NA
"E6BB0605","316","8",20,1,"DIST-OPEN","available",NA
"E6BB0605","311","3",22,1,"DIST-OPEN","SOLD","2025-12-20 09:08:05.029"
"E6BB0605","315","9",9,1,"SEASON","SOLD","2025-10-23 19:31:14.907"
"E6BB0605","302","5",23,1,"DIST-OPEN","available",NA
"E6BB0605","409","3",21,1,"DIST-OPEN","SOLD","2026-02-24 19:31:20.778"
"E6BB0605","202","4",21,1,"DIST-OPEN","SOLD","2026-05-19 00:52:24.925"
"E6BB0605","309","8",21,1,"DIST-OPEN","SOLD","2026-05-05 05:31:06.209"
"E6BB0605","204","4",24,1,"GROUP","HELD",NA
"E6BB0605","220","5",20,1,"HOLD","HELD",NA
"E6BB0605","302","3",12,1,"DIST-OPEN","SOLD","2025-12-21 08:11:57.735"
"E6BB0605","317","10",5,1,"DIST-OPEN","COMP","2026-02-15 11:44:19.512"
"E6BB0605","205","7",14,1,"SEASON","SOLD","2025-10-12 14:31:23.337"
"E6BB0605","404","5",20,1,"DIST-OPEN","available",NA
"E6BB0605","106","10",1,1,"SEASON","SOLD","2025-10-24 01:46:38.447"
"E6BB0605","105","2",8,1,"DIST-OPEN","available",NA
"E6BB0605","307","7",15,1,"HOLD","HELD",NA
"E6BB0605","213","4",23,1,"HOLD","HELD",NA
"E6BB0605","302","6",17,1,"DIST-OPEN","available",NA
"E6BB0605","403","4",24,1,"SEASON","SOLD","2025-10-10 12:26:04.235"
"E6BB0605","207","2",16,1,"HOLD","HELD",NA
"E6BB0605","217","7",5,1,"DIST-OPEN","SOLD","2026-02-22 13:23:34.483"
"E6BB0605","404","8",22,1,"SEASON","SOLD","2025-10-03 10:30:47.502"
"E6BB0605","201","8",10,1,"HOLD","HELD",NA
"E6BB0605","403","10",10,1,"DIST-OPEN","available",NA
"E6BB0605","115","8",10,1,"SEASON","SOLD","2025-10-04 11:27:15.157"
"E6BB0605","209","7",16,1,"SEASON","SOLD","2025-10-18 12:55:27.831"
"E6BB0605","219","6",5,1,"DIST-OPEN","SOLD","2025-12-18 16:37:57.123"
"E6BB0605","303","7",16,1,"DIST-OPEN","SOLD","2026-05-08 07:37:12.521"
"E6BB0605","220","3",8,1,"DIST-OPEN","SOLD","2026-04-02 21:22:02.903"
"E6BB0605","209","3",10,1,"HOLD","HELD",NA
"E6BB0605","403","7",6,1,"DIST-OPEN","available",NA
"E6BB0605","404","7",15,1,"HOLD","COMP","2026-03-29 22:00:38.260"
"E6BB0605","314","3",17,1,"COMP","HELD",NA
"E6BB0605","108","4",14,1,"DIST-OPEN","SOLD","2026-04-08 03:19:31.678"
"E6BB0605","212","7",2,1,"SEASON","SOLD","2025-10-14 14:16:28.743"
"E6BB0605","302","9",1,1,"DIST-OPEN","available",NA
"E6BB0605","202","4",1,1,"HOLD","HELD",NA
"E6BB0605","206","8",8,1,"SEASON","SOLD","2025-10-21 04:55:21.284"
"E6BB0605","202","3",21,1,"DIST-OPEN","SOLD","2026-01-26 18:21:15.471"
"E6BB0605","407","8",24,1,"DIST-OPEN","available",NA
"E6BB0605","320","8",18,1,"DIST-OPEN","available",NA
"E6BB0605","204","1",18,1,"DIST-OPEN","available",NA
"E6BB0605","115","1",1,1,"DIST-OPEN","SOLD","2026-01-09 17:53:10.359"
"E6BB0605","402","8",12,1,"GROUP","HELD",NA
"E6BB0605","116","7",6,1,"DIST-OPEN","available",NA
"E6BB0605","312","5",15,1,"DIST-OPEN","available",NA
"E6BB0605","306","7",20,1,"DIST-OPEN","available",NA
"E6BB0605","201","2",10,1,"DIST-OPEN","COMP","2026-01-16 08:32:43.835"
"E6BB0605","409","9",23,1,"SEASON","SOLD","2025-10-14 01:46:59.065"
"E6BB0605","114","6",23,1,"SEASON","SOLD","2025-10-07 20:56:50.194"
"E6BB0605","102","7",5,1,"HOLD","HELD",NA
"E6BB0605","213","10",14,1,"HOLD","HELD",NA
"E6BB0605","209","4",7,1,"DIST-OPEN","available",NA
"E6BB0605","303","2",15,1,"DIST-OPEN","COMP","2026-03-09 11:46:43.810"
"E6BB0605","308","6",7,1,"DIST-OPEN","available",NA
"E6BB0605","101","6",7,1,"DIST-OPEN","COMP","2026-01-27 09:26:38.509"
"E6BB0605","408","5",14,1,"SEASON","SOLD","2025-10-09 12:58:31.134"
"E6BB0605","403","6",7,1,"HOLD","HELD",NA
"E6BB0605","108","2",1,1,"DIST-OPEN","SOLD","2026-04-13 00:50:32.106"
"E6BB0605","309","3",16,1,"DIST-OPEN","COMP","2026-03-26 07:25:35.333"
"E6BB0605","316","6",22,1,"DIST-OPEN","SOLD","2026-04-03 20:48:28.968"
"E6BB0605","311","10",12,1,"SEASON","SOLD","2025-10-07 03:01:20.449"
"E6BB0605","315","9",18,1,"DIST-OPEN","SOLD","2025-12-07 13:05:23.823"
"E6BB0605","302","9",11,1,"DIST-OPEN","SOLD","2026-04-03 20:10:55.845"
"E6BB0605","409","5",24,1,"HOLD","HELD",NA
"E6BB0605","202","3",21,1,"DIST-OPEN","SOLD","2026-02-27 16:35:38.748"
"E6BB0605","309","2",16,1,"DIST-OPEN","SOLD","2026-04-05 20:13:49.178"
"E6BB0605","204","1",8,1,"HOLD","HELD",NA
"E6BB0605","220","9",11,1,"SEASON","SOLD","2025-10-09 16:19:14.007"
"E6BB0605","302","10",7,1,"SEASON","SOLD","2025-10-03 08:19:13.807"
"E6BB0605","317","3",2,1,"DIST-OPEN","SOLD","2026-04-17 10:00:05.953"
"E6BB0605","205","6",22,1,"DIST-OPEN","available",NA
"E6BB0605","404","5",9,1,"DIST-OPEN","SOLD","2025-12-07 04:12:42.629"
"E6BB0605","106","9",12,1,"GROUP","HELD",NA
"E6BB0605","105","9",11,1,"DIST-OPEN","available",NA
"E6BB0605","307","2",20,1,"SEASON","SOLD","2025-10-20 05:03:47.059"
"E6BB0605","213","7",9,1,"DIST-OPEN","available",NA
"E6BB0605","302","3",5,1,"DIST-OPEN","COMP","2026-03-04 21:39:42.200"
"E6BB0605","403","4",22,1,"DIST-OPEN","COMP","2026-01-04 07:08:28.159"
"E6BB0605","207","6",8,1,"DIST-OPEN","available",NA
"E6BB0605","217","7",5,1,"DIST-OPEN","available",NA
"E6BB0605","404","1",13,1,"DIST-OPEN","SOLD","2026-01-08 23:54:49.824"
"E6BB0605","201","2",15,1,"GROUP","HELD",NA
"E6BB0605","403","6",11,1,"DIST-OPEN","available",NA
"E6BB0605","115","7",15,1,"SEASON","SOLD","2025-10-15 08:20:36.185"
"E6BB0605","209","1",19,1,"DIST-OPEN","available",NA
"E6BB0605","219","6",18,1,"SEASON","SOLD","2025-10-14 23:40:44.247"
"E6BB0605","303","3",19,1,"DIST-OPEN","SOLD","2025-11-28 05:18:09.396"
"E6BB0605","220","4",1,1,"HOLD","HELD",NA
"E6BB0605","209","3",22,1,"GROUP","HELD",NA
"E6BB0605","403","9",5,1,"DIST-OPEN","available",NA
"E6BB0605","404","10",16,1,"DIST-OPEN","available",NA
"E6BB0605","314","7",19,1,"DIST-OPEN","available",NA
"E6BB0605","108","3",14,1,"GROUP","HELD",NA
"E6BB0605","212","6",24,1,"DIST-OPEN","available",NA
"E6BB0605","302","1",23,1,"DIST-OPEN","available",NA
"E6BB0605","202","9",20,1,"DIST-OPEN","SOLD","2026-04-12 02:18:40.883"
"E6BB0605","206","9",18,1,"COMP","HELD",NA
"E6BB0605","202","3",10,1,"COMP","HELD",NA
"E6BB0605","407","9",20,1,"COMP","HELD",NA
"E6BB0605","320","3",23,1,"DIST-OPEN","available",NA
"E6BB0605","204","10",19,1,"DIST-OPEN","available",NA
"E6BB0605","115","4",17,1,"DIST-OPEN","available",NA
"E6BB0605","402","10",24,1,"COMP","HELD",NA
"E6BB0605","116","1",12,1,"DIST-OPEN","COMP","2026-01-13 11:10:16.629"
"E6BB0605","312","6",12,1,"SEASON","SOLD","2025-10-21 12:02:55.157"
"E6BB0605","306","7",3,1,"DIST-OPEN","available",NA
"E6BB0605","201","6",13,1,"GROUP","HELD",NA
"E6BB0605","409","2",22,1,"DIST-OPEN","available",NA
"E6BB0605","114","7",9,1,"SEASON","SOLD","2025-10-05 02:52:05.985"
"E6BB0605","102","8",21,1,"DIST-OPEN","available",NA
"E6BB0605","213","5",21,1,"DIST-OPEN","SOLD","2026-01-02 08:28:16.460"
"E6BB0605","209","10",8,1,"DIST-OPEN","SOLD","2026-02-03 19:54:54.090"
"E6BB0605","303","4",6,1,"GROUP","HELD",NA
"E6BB0605","308","4",13,1,"DIST-OPEN","available",NA
"E6BB0605","101","3",17,1,"DIST-OPEN","available",NA
"E6BB0605","408","7",16,1,"DIST-OPEN","available",NA
"E6BB0605","403","9",12,1,"SEASON","SOLD","2025-10-21 05:14:05.537"
"E6BB0605","108","6",4,1,"GROUP","HELD",NA
"E6BB0605","309","5",9,1,"SEASON","SOLD","2025-10-27 13:46:06.812"
"E6BB0605","316","9",8,1,"SEASON","SOLD","2025-10-06 09:33:37.007"
"E6BB0605","311","9",22,1,"DIST-OPEN","available",NA
"E6BB0605","315","3",14,1,"DIST-OPEN","SOLD","2025-12-07 14:07:53.942"
"E6BB0605","302","5",9,1,"SEASON","SOLD","2025-10-17 02:36:10.338"
"E6BB0605","409","9",8,1,"HOLD","HELD",NA
"E6BB0605","202","7",7,1,"DIST-OPEN","available",NA
"E6BB0605","309","1",17,1,"SEASON","SOLD","2025-10-03 10:13:14.227"
"E6BB0605","204","6",22,1,"COMP","HELD",NA
"E6BB0605","220","9",9,1,"SEASON","SOLD","2025-10-03 14:23:43.357"
"E6BB0605","302","6",3,1,"SEASON","SOLD","2025-10-06 09:12:04.516"
"E6BB0605","317","10",12,1,"HOLD","HELD",NA
"E6BB0605","205","4",18,1,"HOLD","COMP","2026-02-12 02:54:27.907"
"E6BB0605","404","3",6,1,"DIST-OPEN","COMP","2026-02-03 15:28:08.046"
"E6BB0605","106","5",23,1,"DIST-OPEN","available",NA
"E6BB0605","105","5",13,1,"DIST-OPEN","available",NA
"E6BB0605","307","7",17,1,"DIST-OPEN","SOLD","2026-02-18 21:46:12.479"
"E6BB0605","213","1",17,1,"GROUP","HELD",NA
"E6BB0605","302","1",6,1,"DIST-OPEN","SOLD","2025-11-15 16:30:29.627"
"E6BB0605","403","10",19,1,"DIST-OPEN","COMP","2026-02-17 01:50:22.005"
"E6BB0605","207","6",23,1,"DIST-OPEN","SOLD","2026-01-10 03:50:01.214"
"E6BB0605","217","4",6,1,"SEASON","SOLD","2025-10-11 06:09:13.152"
"E6BB0605","404","5",11,1,"DIST-OPEN","SOLD","2026-02-05 21:11:36.324"
"E6BB0605","201","9",10,1,"DIST-OPEN","available",NA
"E6BB0605","403","1",20,1,"DIST-OPEN","available",NA
"E6BB0605","115","6",9,1,"DIST-OPEN","available",NA
"E6BB0605","209","5",15,1,"DIST-OPEN","SOLD","2025-11-19 23:27:54.634"
"E6BB0605","219","5",5,1,"DIST-OPEN","available",NA
"E6BB0605","303","8",24,1,"SEASON","SOLD","2025-10-14 03:07:42.930"
"E6BB0605","220","4",10,1,"HOLD","HELD",NA
"E6BB0605","209","10",9,1,"DIST-OPEN","SOLD","2026-05-12 05:47:34.218"
"E6BB0605","403","4",21,1,"COMP","HELD",NA
"E6BB0605","404","4",22,1,"DIST-OPEN","COMP","2026-03-14 19:14:49.095"
"E6BB0605","314","4",6,1,"SEASON","SOLD","2025-10-25 08:50:56.253"
"E6BB0605","108","1",17,1,"DIST-OPEN","SOLD","2026-01-14 03:17:45.454"
"E6BB0605","212","1",21,1,"COMP","HELD",NA
"E6BB0605","302","6",20,1,"DIST-OPEN","available",NA
"E6BB0605","202","4",7,1,"DIST-OPEN","available",NA
"E6BB0605","206","2",3,1,"GROUP","HELD",NA
"E6BB0605","202","6",12,1,"HOLD","HELD",NA
"E6BB0605","407","2",19,1,"DIST-OPEN","available",NA
"E6BB0605","320","6",10,1,"SEASON","SOLD","2025-10-09 05:18:56.694"
"E6BB0605","204","1",21,1,"HOLD","HELD",NA
"E6BB0605","115","6",13,1,"SEASON","SOLD","2025-10-28 20:37:10.872"
"E6BB0605","402","2",13,1,"DIST-OPEN","available",NA
"E6BB0605","116","2",23,1,"DIST-OPEN","available",NA
"E6BB0605","312","8",21,1,"DIST-OPEN","SOLD","2026-02-19 02:54:17.153"
"E6BB0605","306","3",15,1,"DIST-OPEN","available",NA
"E6BB0605","201","8",2,1,"SEASON","SOLD","2025-10-16 08:43:37.789"
"E6BB0605","409","10",5,1,"SEASON","SOLD","2025-10-10 16:56:59.075"
"E6BB0605","114","2",18,1,"DIST-OPEN","available",NA
"E6BB0605","102","7",20,1,"DIST-OPEN","SOLD","2026-03-23 01:35:02.446"
"E6BB0605","213","10",11,1,"SEASON","SOLD","2025-10-03 15:33:23.534"
"E6BB0605","209","7",20,1,"GROUP","HELD",NA
"E6BB0605","303","2",10,1,"DIST-OPEN","SOLD","2026-03-10 23:54:22.571"
"E6BB0605","308","5",23,1,"HOLD","HELD",NA
"E6BB0605","101","9",3,1,"SEASON","SOLD","2025-10-21 19:01:30.300"
"E6BB0605","408","8",20,1,"DIST-OPEN","available",NA
"E6BB0605","403","10",12,1,"SEASON","SOLD","2025-10-26 00:45:32.973"
"E6BB0605","108","7",14,1,"DIST-OPEN","available",NA
"E6BB0605","309","7",10,1,"GROUP","HELD",NA
"E6BB0605","316","3",7,1,"COMP","HELD",NA
"E6BB0605","311","7",8,1,"DIST-OPEN","available",NA
"E6BB0605","315","5",3,1,"DIST-OPEN","available",NA
"E6BB0605","302","10",20,1,"DIST-OPEN","SOLD","2026-03-09 14:22:11.797"
"E6BB0605","409","7",15,1,"SEASON","SOLD","2025-10-17 18:02:32.896"
"E6BB0605","202","2",19,1,"SEASON","SOLD","2025-10-27 10:39:42.607"
"E6BB0605","309","6",3,1,"SEASON","SOLD","2025-10-25 11:49:33.246"
"E6BB0605","204","7",24,1,"GROUP","HELD",NA
"E6BB0605","220","6",20,1,"DIST-OPEN","available",NA
"E6BB0605","302","4",3,1,"DIST-OPEN","available",NA
"E6BB0605","317","8",16,1,"DIST-OPEN","SOLD","2026-05-12 20:18:54.031"
"E6BB0605","205","2",14,1,"GROUP","HELD",NA
"E6BB0605","404","6",10,1,"COMP","COMP","2026-03-30 04:35:52.297"
"E6BB0605","106","5",5,1,"DIST-OPEN","SOLD","2026-03-21 07:47:59.139"
"E6BB0605","105","1",20,1,"COMP","HELD",NA
"E6BB0605","307","9",11,1,"SEASON","SOLD","2025-10-23 07:48:31.114"
"E6BB0605","213","3",2,1,"GROUP","HELD",NA
"E6BB0605","302","1",6,1,"DIST-OPEN","available",NA
"E6BB0605","403","10",12,1,"HOLD","HELD",NA
"E6BB0605","207","9",22,1,"DIST-OPEN","SOLD","2026-05-29 00:24:27.389"
"E6BB0605","217","3",24,1,"DIST-OPEN","available",NA
"E6BB0605","404","6",22,1,"DIST-OPEN","available",NA
"E6BB0605","201","2",18,1,"DIST-OPEN","SOLD","2026-02-23 08:37:31.514"
"E6BB0605","403","6",24,1,"DIST-OPEN","COMP","2026-01-20 04:59:53.981"
"E6BB0605","115","1",19,1,"DIST-OPEN","available",NA
"E6BB0605","209","7",11,1,"DIST-OPEN","SOLD","2025-12-16 00:19:45.347"
"E6BB0605","219","10",18,1,"COMP","HELD",NA
"E6BB0605","303","1",5,1,"DIST-OPEN","available",NA
"E6BB0605","220","7",5,1,"DIST-OPEN","available",NA
"E6BB0605","209","7",9,1,"SEASON","SOLD","2025-10-29 12:21:32.730"
"E6BB0605","403","10",13,1,"HOLD","COMP","2026-01-21 08:03:33.320"
"E6BB0605","404","7",4,1,"DIST-OPEN","SOLD","2026-03-20 07:13:28.753"
"E6BB0605","314","10",5,1,"SEASON","SOLD","2025-10-08 17:06:31.445"
"E6BB0605","108","7",8,1,"DIST-OPEN","SOLD","2026-01-14 07:59:28.735"
"E6BB0605","212","9",14,1,"DIST-OPEN","available",NA
"E6BB0605","302","3",17,1,"DIST-OPEN","SOLD","2026-01-06 12:04:07.075"
"E6BB0605","202","5",17,1,"DIST-OPEN","available",NA
"E6BB0605","206","9",15,1,"SEASON","SOLD","2025-10-17 17:46:53.116"
"E6BB0605","202","4",17,1,"HOLD","HELD",NA
"E6BB0605","407","3",3,1,"DIST-OPEN","SOLD","2026-05-06 12:17:18.095"
"E6BB0605","320","7",1,1,"DIST-OPEN","available",NA
"E6BB0605","204","3",14,1,"DIST-OPEN","available",NA
"E6BB0605","115","9",24,1,"DIST-OPEN","SOLD","2026-04-04 19:43:38.651"
"E6BB0605","402","9",24,1,"HOLD","HELD",NA
"E6BB0605","116","8",12,1,"DIST-OPEN","SOLD","2026-04-06 03:21:10.301"
"E6BB0605","312","3",20,1,"DIST-OPEN","SOLD","2025-12-20 22:11:56.866"
"E6BB0605","306","3",6,1,"DIST-OPEN","SOLD","2026-03-06 08:35:03.596"
"E6BB0605","201","2",18,1,"DIST-OPEN","available",NA
"E6BB0605","409","8",24,1,"COMP","HELD",NA
"E6BB0605","114","3",19,1,"SEASON","SOLD","2025-10-29 15:49:31.962"
"E6BB0605","102","1",4,1,"HOLD","HELD",NA
"E6BB0605","213","8",6,1,"HOLD","HELD",NA
"E6BB0605","209","6",11,1,"DIST-OPEN","available",NA
"E6BB0605","303","5",17,1,"DIST-OPEN","SOLD","2026-05-09 08:09:32.505"
"E6BB0605","308","4",18,1,"SEASON","SOLD","2025-10-09 04:15:40.752"
"E6BB0605","101","4",2,1,"DIST-OPEN","available",NA
"E6BB0605","408","9",16,1,"GROUP","HELD",NA
"E6BB0605","403","9",19,1,"SEASON","SOLD","2025-10-02 17:52:30.206"
"E6BB0605","108","3",13,1,"DIST-OPEN","available",NA
"E6BB0605","309","8",15,1,"COMP","HELD",NA
"E6BB0605","316","8",12,1,"DIST-OPEN","SOLD","2026-02-07 18:28:17.333"
"E6BB0605","311","4",17,1,"DIST-OPEN","SOLD","2025-12-19 16:52:36.341"
"E6BB0605","315","2",12,1,"SEASON","SOLD","2025-10-04 11:32:28.792"
"E6BB0605","302","7",1,1,"HOLD","HELD",NA
"E6BB0605","409","9",23,1,"DIST-OPEN","available",NA
"E6BB0605","202","10",16,1,"SEASON","SOLD","2025-10-07 14:28:31.214"
"E6BB0605","309","1",3,1,"DIST-OPEN","SOLD","2026-04-12 10:11:23.317"
"E6BB0605","204","7",1,1,"DIST-OPEN","SOLD","2026-01-04 06:05:01.034"
"E6BB0605","220","3",18,1,"HOLD","HELD",NA
"E6BB0605","302","3",6,1,"COMP","HELD",NA
"E6BB0605","317","7",5,1,"SEASON","SOLD","2025-10-27 07:33:14.426"
"E6BB0605","205","6",13,1,"HOLD","HELD",NA
"E6BB0605","404","3",22,1,"DIST-OPEN","SOLD","2025-12-18 20:53:33.387"
"E6BB0605","106","10",18,1,"GROUP","HELD",NA
"E6BB0605","105","8",10,1,"DIST-OPEN","SOLD","2026-01-09 21:36:44.973"
"E6BB0605","307","6",16,1,"DIST-OPEN","SOLD","2025-11-16 07:46:58.156"
"E6BB0605","213","3",23,1,"DIST-OPEN","available",NA
"E6BB0605","302","6",14,1,"SEASON","SOLD","2025-10-16 17:21:44.390"
"E6BB0605","403","1",9,1,"DIST-OPEN","SOLD","2026-01-13 04:48:08.741"
"E6BB0605","207","1",9,1,"DIST-OPEN","SOLD","2026-04-05 10:09:09.123"
"E6BB0605","217","7",22,1,"DIST-OPEN","available",NA
"E6BB0605","404","3",15,1,"SEASON","SOLD","2025-10-02 21:12:42.107"
"E6BB0605","201","9",9,1,"DIST-OPEN","available",NA
"E6BB0605","403","9",13,1,"GROUP","COMP","2026-01-12 22:05:51.360"
"E6BB0605","115","3",18,1,"DIST-OPEN","available",NA
"E6BB0605","209","3",17,1,"SEASON","SOLD","2025-10-13 11:26:28.558"
"E6BB0605","219","8",5,1,"SEASON","SOLD","2025-10-15 22:31:30.789"
"E6BB0605","303","9",19,1,"DIST-OPEN","available",NA
"E6BB0605","220","7",13,1,"SEASON","SOLD","2025-10-24 11:08:13.019"
"E6BB0605","209","3",1,1,"DIST-OPEN","available",NA
"E6BB0605","403","8",5,1,"HOLD","HELD",NA
"E6BB0605","404","1",12,1,"DIST-OPEN","available",NA
"E6BB0605","314","5",2,1,"DIST-OPEN","available",NA
"E6BB0605","108","9",3,1,"GROUP","HELD",NA
"E6BB0605","212","8",15,1,"DIST-OPEN","SOLD","2026-02-17 22:42:39.302"
"E6BB0605","302","4",9,1,"DIST-OPEN","SOLD","2026-05-01 11:49:02.186"
"E6BB0605","202","1",22,1,"HOLD","HELD",NA
"E6BB0605","206","5",1,1,"HOLD","HELD",NA
"E6BB0605","202","4",21,1,"SEASON","SOLD","2025-10-14 00:29:20.820"
"E6BB0605","407","10",14,1,"HOLD","HELD",NA
"E6BB0605","320","8",23,1,"GROUP","HELD",NA
"E6BB0605","204","10",12,1,"GROUP","HELD",NA
"E6BB0605","115","2",8,1,"DIST-OPEN","available",NA
"E6BB0605","402","8",20,1,"DIST-OPEN","COMP","2026-03-09 20:11:09.393"
"E6BB0605","116","7",1,1,"HOLD","HELD",NA
"E6BB0605","312","3",1,1,"DIST-OPEN","available",NA
"E6BB0605","306","7",8,1,"DIST-OPEN","available",NA
"E6BB0605","201","2",9,1,"DIST-OPEN","SOLD","2025-11-30 00:52:17.110"
"E6BB0605","409","3",4,1,"DIST-OPEN","available",NA
"E6BB0605","114","7",15,1,"DIST-OPEN","COMP","2026-01-10 06:38:16.460"
"E6BB0605","102","7",22,1,"SEASON","SOLD","2025-10-06 00:49:03.474"
"E6BB0605","213","8",4,1,"SEASON","SOLD","2025-10-22 21:25:41.189"
"E6BB0605","209","10",20,1,"DIST-OPEN","available",NA
"E6BB0605","303","8",18,1,"DIST-OPEN","available",NA
"E6BB0605","308","6",17,1,"HOLD","HELD",NA
"E6BB0605","101","6",1,1,"DIST-OPEN","SOLD","2026-02-01 18:00:40.786"
"E6BB0605","408","2",11,1,"DIST-OPEN","COMP","2026-02-03 13:48:55.522"
"E6BB0605","403","1",4,1,"SEASON","SOLD","2025-10-05 01:22:32.582"
"E6BB0605","108","3",19,1,"DIST-OPEN","SOLD","2026-05-08 08:25:15.253"
"E6BB0605","309","9",12,1,"DIST-OPEN","COMP","2026-02-05 15:26:19.518"
"E6BB0605","316","9",15,1,"DIST-OPEN","SOLD","2026-04-08 13:47:40.837"
"E6BB0605","311","7",23,1,"DIST-OPEN","available",NA
"E6BB0605","315","7",13,1,"DIST-OPEN","SOLD","2026-05-10 12:04:03.373"
"E6BB0605","302","2",21,1,"COMP","HELD",NA
"E6BB0605","409","6",2,1,"SEASON","SOLD","2025-10-03 07:07:03.114"
"E6BB0605","202","4",7,1,"DIST-OPEN","available",NA
"E6BB0605","309","5",20,1,"DIST-OPEN","SOLD","2026-03-20 15:22:49.626"
"E6BB0605","204","8",14,1,"HOLD","HELD",NA
"E6BB0605","220","10",2,1,"SEASON","SOLD","2025-10-02 12:26:34.226"
"E6BB0605","302","4",11,1,"SEASON","SOLD","2025-10-21 00:09:23.885"
"E6BB0605","317","2",1,1,"SEASON","SOLD","2025-10-07 18:43:58.904"
"E6BB0605","205","7",23,1,"DIST-OPEN","SOLD","2025-12-03 11:47:54.726"
"E6BB0605","404","2",9,1,"DIST-OPEN","SOLD","2026-04-02 00:34:04.112"
"E6BB0605","106","5",11,1,"HOLD","HELD",NA
"E6BB0605","105","5",13,1,"DIST-OPEN","available",NA
"E6BB0605","307","7",21,1,"SEASON","SOLD","2025-10-08 07:40:21.238"
"E6BB0605","213","8",16,1,"DIST-OPEN","SOLD","2026-04-10 03:25:47.140"
"E6BB0605","302","3",19,1,"DIST-OPEN","available",NA
"E6BB0605","403","9",20,1,"DIST-OPEN","SOLD","2026-01-04 08:15:33.779"
"E6BB0605","207","1",8,1,"HOLD","HELD",NA
"E6BB0605","217","6",18,1,"DIST-OPEN","available",NA
"E6BB0605","404","5",22,1,"DIST-OPEN","available",NA
"E6BB0605","201","10",7,1,"GROUP","HELD",NA
"E6BB0605","403","8",4,1,"DIST-OPEN","SOLD","2026-02-13 19:17:55.542"
"E6BB0605","115","4",7,1,"DIST-OPEN","available",NA
"E6BB0605","209","8",17,1,"DIST-OPEN","COMP","2026-02-22 04:44:12.329"
"E6BB0605","219","6",1,1,"DIST-OPEN","available",NA
"E6BB0605","303","3",16,1,"SEASON","SOLD","2025-10-29 04:52:02.850"
"E6BB0605","220","3",9,1,"DIST-OPEN","available",NA
"E6BB0605","209","10",23,1,"DIST-OPEN","SOLD","2026-04-16 19:59:12.952"
"E6BB0605","403","4",14,1,"HOLD","HELD",NA
"E6BB0605","404","9",23,1,"HOLD","HELD",NA
"E6BB0605","314","3",5,1,"DIST-OPEN","SOLD","2026-04-30 06:54:19.895"
"E6BB0605","108","9",20,1,"DIST-OPEN","SOLD","2026-05-31 22:52:26.683"
"E6BB0605","212","3",15,1,"DIST-OPEN","available",NA
"E6BB0605","302","1",24,1,"HOLD","HELD",NA
"E6BB0605","202","3",15,1,"DIST-OPEN","available",NA
"E6BB0605","206","9",21,1,"DIST-OPEN","available",NA
"E6BB0605","202","1",14,1,"DIST-OPEN","available",NA
"E6BB0605","407","3",3,1,"GROUP","HELD",NA
"E6BB0605","320","6",4,1,"DIST-OPEN","available",NA
"E6BB0605","204","8",10,1,"DIST-OPEN","available",NA
"E6BB0605","115","8",2,1,"SEASON","SOLD","2025-10-16 04:06:27.660"
"E6BB0605","402","10",4,1,"SEASON","SOLD","2025-10-19 08:27:28.026"
"E6BB0605","116","5",3,1,"COMP","HELD",NA
"E6BB0605","312","4",15,1,"SEASON","SOLD","2025-10-19 18:03:44.126"
"E6BB0605","306","8",17,1,"COMP","HELD",NA
"E6BB0605","201","6",17,1,"DIST-OPEN","available",NA
"E6BB0605","409","1",5,1,"SEASON","SOLD","2025-10-18 14:23:19.991"
"E6BB0605","114","7",10,1,"SEASON","SOLD","2025-10-18 15:19:05.167"
"E6BB0605","102","1",9,1,"DIST-OPEN","COMP","2026-03-11 18:41:01.880"
"E6BB0605","213","7",5,1,"HOLD","HELD",NA
"E6BB0605","209","6",3,1,"DIST-OPEN","available",NA
"E6BB0605","303","7",14,1,"COMP","HELD",NA
"E6BB0605","308","7",18,1,"DIST-OPEN","available",NA
"E6BB0605","101","8",7,1,"HOLD","HELD",NA
"E6BB0605","408","8",19,1,"DIST-OPEN","available",NA
"E6BB0605","403","8",5,1,"SEASON","SOLD","2025-10-19 11:42:35.898"
"E6BB0605","108","4",6,1,"HOLD","HELD",NA
"E6BB0605","309","7",8,1,"DIST-OPEN","available",NA
"E6BB0605","316","3",14,1,"DIST-OPEN","available",NA
"E6BB0605","311","1",2,1,"DIST-OPEN","SOLD","2026-04-16 00:14:26.595"
"E6BB0605","315","2",15,1,"SEASON","SOLD","2025-10-04 01:47:07.185"
"E6BB0605","302","9",19,1,"DIST-OPEN","available",NA
"E6BB0605","409","4",18,1,"HOLD","HELD",NA
"E6BB0605","202","10",2,1,"DIST-OPEN","available",NA
"E6BB0605","309","6",19,1,"SEASON","SOLD","2025-10-18 18:01:02.334"
"E6BB0605","204","8",20,1,"DIST-OPEN","SOLD","2026-04-16 05:34:33.582"
"E6BB0605","220","10",8,1,"SEASON","SOLD","2025-10-28 01:44:40.641"
"E6BB0605","302","7",10,1,"DIST-OPEN","SOLD","2025-11-16 05:21:56.969"
"E6BB0605","317","3",2,1,"SEASON","SOLD","2025-10-05 10:33:08.823"
"E6BB0605","205","5",8,1,"SEASON","SOLD","2025-10-09 05:51:01.622"
"E6BB0605","404","7",1,1,"HOLD","HELD",NA
"E6BB0605","106","7",17,1,"SEASON","SOLD","2025-10-28 11:30:35.317"
"E6BB0605","105","5",7,1,"DIST-OPEN","SOLD","2026-02-14 11:21:26.766"
"E6BB0605","307","5",2,1,"DIST-OPEN","SOLD","2026-01-10 20:28:04.173"
"E6BB0605","213","7",8,1,"DIST-OPEN","SOLD","2026-04-13 00:29:43.817"
"E6BB0605","302","4",16,1,"DIST-OPEN","SOLD","2026-02-04 07:04:21.333"
"E6BB0605","403","7",14,1,"DIST-OPEN","available",NA
"E6BB0605","207","10",13,1,"DIST-OPEN","SOLD","2026-04-13 03:57:01.867"
"E6BB0605","217","7",23,1,"DIST-OPEN","SOLD","2026-01-19 17:09:00.913"
"E6BB0605","404","8",1,1,"SEASON","SOLD","2025-10-27 20:26:04.081"
"E6BB0605","201","7",5,1,"DIST-OPEN","SOLD","2025-12-03 14:52:09.024"
"E6BB0605","403","3",24,1,"HOLD","HELD",NA
"E6BB0605","115","9",24,1,"DIST-OPEN","available",NA
"E6BB0605","209","5",11,1,"DIST-OPEN","available",NA
"E6BB0605","219","4",4,1,"DIST-OPEN","SOLD","2026-02-18 00:38:31.380"
"E6BB0605","303","1",16,1,"DIST-OPEN","available",NA
"E6BB0605","220","7",22,1,"GROUP","HELD",NA
"E6BB0605","209","9",4,1,"DIST-OPEN","available",NA
"E6BB0605","403","6",4,1,"DIST-OPEN","available",NA
"E6BB0605","404","10",10,1,"DIST-OPEN","available",NA
"E6BB0605","314","5",5,1,"HOLD","HELD",NA
"E6BB0605","108","6",4,1,"COMP","HELD",NA
"E6BB0605","212","5",11,1,"SEASON","SOLD","2025-10-13 12:22:49.465"
"E6BB0605","302","1",4,1,"SEASON","SOLD","2025-10-30 13:27:08.761"
"E6BB0605","202","3",24,1,"DIST-OPEN","available",NA
"E6BB0605","206","5",13,1,"SEASON","SOLD","2025-10-09 11:36:25.753"
"E6BB0605","202","1",4,1,"DIST-OPEN","SOLD","2026-04-24 19:22:40.480"
"E6BB0605","407","6",8,1,"DIST-OPEN","available",NA
"E6BB0605","320","3",10,1,"DIST-OPEN","SOLD","2026-05-20 06:30:13.106"
"E6BB0605","204","7",10,1,"DIST-OPEN","available",NA
"E6BB0605","115","4",2,1,"DIST-OPEN","available",NA
"E6BB0605","402","7",24,1,"DIST-OPEN","available",NA
"E6BB0605","116","1",14,1,"DIST-OPEN","SOLD","2026-03-29 11:38:48.185"
"E6BB0605","312","2",15,1,"DIST-OPEN","SOLD","2026-06-04 12:13:05.531"
"E6BB0605","306","2",23,1,"SEASON","SOLD","2025-10-14 22:11:30.325"
"E6BB0605","201","9",5,1,"HOLD","HELD",NA
"E6BB0605","409","7",17,1,"DIST-OPEN","SOLD","2025-12-22 07:52:11.815"
"E6BB0605","114","6",11,1,"DIST-OPEN","available",NA
"E6BB0605","102","7",19,1,"COMP","HELD",NA
"E6BB0605","213","4",1,1,"DIST-OPEN","SOLD","2026-05-02 02:54:35.863"
"E6BB0605","209","2",12,1,"DIST-OPEN","available",NA
"E6BB0605","303","4",20,1,"DIST-OPEN","SOLD","2026-01-28 10:15:23.608"
"E6BB0605","308","7",8,1,"SEASON","SOLD","2025-10-15 23:41:20.231"
"E6BB0605","101","1",15,1,"DIST-OPEN","SOLD","2026-05-23 01:47:09.836"
"E6BB0605","408","1",12,1,"SEASON","SOLD","2025-10-08 23:47:58.163"
"E6BB0605","403","1",21,1,"HOLD","HELD",NA
"E6BB0605","108","4",24,1,"DIST-OPEN","SOLD","2026-05-08 15:58:15.275"
"E6BB0605","309","10",12,1,"DIST-OPEN","available",NA
"E6BB0605","316","10",1,1,"COMP","HELD",NA
"E6BB0605","311","5",10,1,"DIST-OPEN","available",NA
"E6BB0605","315","9",9,1,"DIST-OPEN","COMP","2026-02-01 09:32:16.802"
"E6BB0605","302","8",18,1,"HOLD","HELD",NA
"E6BB0605","409","5",8,1,"SEASON","SOLD","2025-10-16 09:45:02.970"
"E6BB0605","202","2",20,1,"GROUP","HELD",NA
"E6BB0605","309","7",18,1,"DIST-OPEN","SOLD","2026-05-24 18:14:45.726"
"E6BB0605","204","6",9,1,"SEASON","SOLD","2025-10-22 07:14:39.093"
"E6BB0605","220","8",7,1,"SEASON","SOLD","2025-10-31 03:57:40.381"
"E6BB0605","302","5",7,1,"DIST-OPEN","SOLD","2026-04-24 20:18:07.345"
"E6BB0605","317","7",23,1,"DIST-OPEN","SOLD","2026-05-17 15:15:34.863"
"E6BB0605","205","3",22,1,"SEASON","SOLD","2025-10-24 08:58:56.997"
"E6BB0605","404","10",16,1,"DIST-OPEN","available",NA
"E6BB0605","106","1",4,1,"HOLD","HELD",NA
"E6BB0605","105","9",4,1,"DIST-OPEN","COMP","2026-03-15 19:45:56.130"
"E6BB0605","307","9",3,1,"GROUP","HELD",NA
"E6BB0605","213","10",5,1,"DIST-OPEN","SOLD","2026-03-01 10:22:02.554"
"E6BB0605","302","2",5,1,"DIST-OPEN","COMP","2026-01-21 05:34:36.173"
"E6BB0605","403","8",14,1,"DIST-OPEN","available",NA
"E6BB0605","207","2",24,1,"DIST-OPEN","SOLD","2026-05-05 04:13:47.510"
"E6BB0605","217","8",20,1,"COMP","HELD",NA
"E6BB0605","404","5",21,1,"DIST-OPEN","SOLD","2025-12-05 22:49:14.824"
"E6BB0605","201","8",23,1,"DIST-OPEN","SOLD","2025-11-21 05:42:08.942"
"E6BB0605","403","1",5,1,"DIST-OPEN","available",NA
"E6BB0605","115","6",23,1,"DIST-OPEN","available",NA
"E6BB0605","209","9",21,1,"HOLD","HELD",NA
"E6BB0605","219","3",22,1,"DIST-OPEN","available",NA
"E6BB0605","303","8",1,1,"COMP","HELD",NA
"E6BB0605","220","7",5,1,"DIST-OPEN","SOLD","2026-05-17 18:32:02.018"
"E6BB0605","209","3",22,1,"DIST-OPEN","available",NA
"E6BB0605","403","6",15,1,"DIST-OPEN","SOLD","2026-02-20 18:34:48.676"
"E6BB0605","404","9",24,1,"DIST-OPEN","available",NA
"E6BB0605","314","2",24,1,"DIST-OPEN","SOLD","2026-03-21 11:32:08.952"
"E6BB0605","108","7",6,1,"DIST-OPEN","SOLD","2026-02-20 18:27:48.290"
"E6BB0605","212","9",9,1,"DIST-OPEN","SOLD","2025-12-30 18:43:13.881"
"E6BB0605","302","10",1,1,"SEASON","SOLD","2025-10-25 19:50:24.456"
"E6BB0605","202","4",8,1,"DIST-OPEN","SOLD","2026-01-17 00:34:27.434"
"E6BB0605","206","6",16,1,"DIST-OPEN","SOLD","2026-04-04 23:03:12.287"
"E6BB0605","202","3",22,1,"DIST-OPEN","available",NA
"E6BB0605","407","10",4,1,"DIST-OPEN","SOLD","2025-11-23 00:53:35.175"
"E6BB0605","320","7",11,1,"DIST-OPEN","available",NA
"E6BB0605","204","10",8,1,"DIST-OPEN","available",NA
"E6BB0605","115","6",13,1,"DIST-OPEN","COMP","2026-03-23 19:13:52.042"
"E6BB0605","402","4",16,1,"SEASON","SOLD","2025-10-08 01:00:17.574"
"E6BB0605","116","4",8,1,"DIST-OPEN","SOLD","2025-12-02 14:38:53.578"
"E6BB0605","312","9",23,1,"DIST-OPEN","available",NA
"E6BB0605","306","5",13,1,"DIST-OPEN","available",NA
"E6BB0605","201","10",13,1,"SEASON","SOLD","2025-10-17 09:11:46.350"
"E6BB0605","409","5",23,1,"COMP","HELD",NA
"E6BB0605","114","6",20,1,"DIST-OPEN","available",NA
"E6BB0605","102","4",23,1,"SEASON","SOLD","2025-10-21 10:52:00.581"
"E6BB0605","213","8",8,1,"HOLD","HELD",NA
"E6BB0605","209","9",23,1,"SEASON","SOLD","2025-10-21 07:59:08.287"
"E6BB0605","303","1",21,1,"DIST-OPEN","available",NA
"E6BB0605","308","10",19,1,"HOLD","HELD",NA
"E6BB0605","101","7",2,1,"GROUP","HELD",NA
"E6BB0605","408","8",18,1,"SEASON","SOLD","2025-10-10 04:53:06.250"
"E6BB0605","403","5",21,1,"SEASON","SOLD","2025-10-02 18:51:46.255"
"E6BB0605","108","9",13,1,"GROUP","HELD",NA
"E6BB0605","309","8",2,1,"DIST-OPEN","available",NA
"E6BB0605","316","8",2,1,"DIST-OPEN","available",NA
"E6BB0605","311","4",14,1,"HOLD","HELD",NA
"E6BB0605","315","7",2,1,"GROUP","HELD",NA
"E6BB0605","302","9",18,1,"DIST-OPEN","SOLD","2026-05-11 10:14:36.233"
"E6BB0605","409","7",17,1,"GROUP","HELD",NA
"E6BB0605","202","6",23,1,"DIST-OPEN","available",NA
"E6BB0605","309","10",22,1,"SEASON","SOLD","2025-10-06 22:07:15.020"
"E6BB0605","204","7",3,1,"DIST-OPEN","available",NA
"E6BB0605","220","2",10,1,"DIST-OPEN","SOLD","2026-04-20 02:32:00.608"
"E6BB0605","302","7",4,1,"SEASON","SOLD","2025-10-09 23:57:22.019"
"E6BB0605","317","9",24,1,"DIST-OPEN","SOLD","2025-12-23 03:39:21.104"
"E6BB0605","205","4",14,1,"DIST-OPEN","available",NA
"E6BB0605","404","5",14,1,"DIST-OPEN","available",NA
"E6BB0605","106","10",20,1,"DIST-OPEN","available",NA
"E6BB0605","105","9",7,1,"DIST-OPEN","SOLD","2026-02-26 04:06:54.618"
"E6BB0605","307","6",13,1,"SEASON","SOLD","2025-10-08 06:26:21.531"
"E6BB0605","213","7",3,1,"DIST-OPEN","SOLD","2025-11-28 17:21:30.255"
"E6BB0605","302","5",2,1,"HOLD","HELD",NA
"E6BB0605","403","9",23,1,"COMP","HELD",NA
"E6BB0605","207","3",12,1,"DIST-OPEN","available",NA
"E6BB0605","217","4",2,1,"DIST-OPEN","SOLD","2025-12-26 12:23:13.785"
"E6BB0605","404","4",20,1,"SEASON","SOLD","2025-10-12 13:18:41.181"
"E6BB0605","201","1",4,1,"DIST-OPEN","available",NA
"E6BB0605","403","1",4,1,"HOLD","HELD",NA
"E6BB0605","115","9",15,1,"DIST-OPEN","COMP","2026-03-22 10:50:49.807"
"E6BB0605","209","5",7,1,"SEASON","SOLD","2025-10-21 03:15:44.924"
"E6BB0605","219","7",13,1,"HOLD","HELD",NA
"E6BB0605","303","7",9,1,"DIST-OPEN","available",NA
"E6BB0605","220","8",11,1,"HOLD","HELD",NA
"E6BB0605","209","4",15,1,"SEASON","SOLD","2025-10-17 03:40:24.083"
"E6BB0605","403","8",16,1,"DIST-OPEN","available",NA
"E6BB0605","404","9",16,1,"DIST-OPEN","SOLD","2026-04-22 10:19:09.581"
"E6BB0605","314","1",20,1,"DIST-OPEN","SOLD","2025-11-23 14:21:33.875"
"E6BB0605","108","4",23,1,"SEASON","SOLD","2025-10-10 05:42:25.261"
"E6BB0605","212","8",19,1,"DIST-OPEN","available",NA
"E6BB0605","302","8",14,1,"HOLD","HELD",NA
"E6BB0605","202","5",13,1,"DIST-OPEN","SOLD","2026-05-23 16:27:21.585"
"E6BB0605","206","4",19,1,"DIST-OPEN","SOLD","2025-12-24 05:19:27.673"
"E6BB0605","202","5",24,1,"SEASON","SOLD","2025-10-15 13:31:02.405"
"E6BB0605","407","6",11,1,"DIST-OPEN","available",NA
"E6BB0605","320","10",3,1,"DIST-OPEN","SOLD","2026-04-02 00:07:57.776"
"E6BB0605","204","5",20,1,"DIST-OPEN","COMP","2026-02-02 12:27:54.571"
"E6BB0605","115","7",20,1,"DIST-OPEN","available",NA
"E6BB0605","402","5",15,1,"HOLD","HELD",NA
"E6BB0605","116","9",16,1,"DIST-OPEN","available",NA
"E6BB0605","312","7",23,1,"DIST-OPEN","available",NA
"E6BB0605","306","2",7,1,"DIST-OPEN","available",NA
"E6BB0605","201","7",3,1,"DIST-OPEN","available",NA
"E6BB0605","409","8",15,1,"HOLD","HELD",NA
"E6BB0605","114","7",21,1,"DIST-OPEN","available",NA
"E6BB0605","102","5",23,1,"DIST-OPEN","available",NA
"E6BB0605","213","3",17,1,"SEASON","SOLD","2025-10-04 14:32:51.542"
"E6BB0605","209","1",13,1,"HOLD","HELD",NA
"E6BB0605","303","7",1,1,"SEASON","SOLD","2025-10-30 22:47:39.925"
"E6BB0605","308","10",18,1,"SEASON","SOLD","2025-10-29 11:04:10.319"
"E6BB0605","101","2",6,1,"SEASON","SOLD","2025-10-28 16:05:37.375"
"E6BB0605","408","7",10,1,"DIST-OPEN","SOLD","2026-05-10 16:52:02.401"
"E6BB0605","403","2",24,1,"SEASON","SOLD","2025-10-23 03:06:17.584"
"E6BB0605","108","1",21,1,"DIST-OPEN","SOLD","2025-12-23 10:44:56.728"
"E6BB0605","309","6",17,1,"DIST-OPEN","SOLD","2026-03-15 22:21:58.632"
"E6BB0605","316","5",16,1,"SEASON","SOLD","2025-10-19 02:58:41.723"
"E6BB0605","311","9",17,1,"GROUP","HELD",NA
"E6BB0605","315","9",4,1,"DIST-OPEN","available",NA
"E6BB0605","302","4",19,1,"GROUP","HELD",NA
"E6BB0605","409","8",15,1,"DIST-OPEN","available",NA
"E6BB0605","202","6",4,1,"SEASON","SOLD","2025-10-14 23:35:05.390"
"E6BB0605","309","8",11,1,"COMP","HELD",NA
"E6BB0605","204","4",15,1,"DIST-OPEN","SOLD","2026-03-05 19:17:31.865"
"E6BB0605","220","1",7,1,"SEASON","SOLD","2025-10-24 22:00:47.054"
"E6BB0605","302","10",20,1,"GROUP","HELD",NA
"E6BB0605","317","6",19,1,"DIST-OPEN","COMP","2026-03-02 18:46:14.478"
"E6BB0605","205","9",9,1,"DIST-OPEN","SOLD","2025-12-20 07:15:41.261"
"E6BB0605","404","5",5,1,"HOLD","HELD",NA
"E6BB0605","106","3",9,1,"DIST-OPEN","SOLD","2026-04-20 03:04:56.466"
"E6BB0605","105","4",5,1,"SEASON","SOLD","2025-10-19 15:05:16.583"
"E6BB0605","307","8",19,1,"DIST-OPEN","SOLD","2026-03-16 04:50:04.763"
"E6BB0605","213","6",13,1,"DIST-OPEN","SOLD","2026-01-30 11:01:01.840"
"E6BB0605","302","3",5,1,"DIST-OPEN","available",NA
"E6BB0605","403","5",12,1,"DIST-OPEN","available",NA
"E6BB0605","207","10",15,1,"SEASON","SOLD","2025-10-21 23:07:35.554"
"E6BB0605","217","10",1,1,"SEASON","SOLD","2025-10-18 19:03:27.820"
"E6BB0605","404","10",9,1,"GROUP","HELD",NA
"E6BB0605","201","6",14,1,"DIST-OPEN","SOLD","2026-02-01 03:55:42.894"
"E6BB0605","403","4",12,1,"SEASON","SOLD","2025-10-03 03:21:17.563"
"E6BB0605","115","2",15,1,"DIST-OPEN","available",NA
"E6BB0605","209","4",6,1,"SEASON","SOLD","2025-10-28 10:52:59.975"
"E6BB0605","219","8",11,1,"DIST-OPEN","SOLD","2026-03-20 20:44:58.909"
"E6BB0605","303","8",18,1,"DIST-OPEN","available",NA
"E6BB0605","220","5",4,1,"DIST-OPEN","SOLD","2026-03-23 16:43:28.629"
"E6BB0605","209","9",23,1,"HOLD","HELD",NA
"E6BB0605","403","2",5,1,"HOLD","HELD",NA
"E6BB0605","404","7",12,1,"DIST-OPEN","available",NA
"E6BB0605","314","10",3,1,"DIST-OPEN","available",NA
"E6BB0605","108","5",10,1,"DIST-OPEN","available",NA
"E6BB0605","212","5",7,1,"DIST-OPEN","SOLD","2026-05-30 07:47:02.863"
"E6BB0605","302","5",20,1,"DIST-OPEN","available",NA
"E6BB0605","202","1",20,1,"DIST-OPEN","available",NA
"E6BB0605","206","5",23,1,"GROUP","HELD",NA
"E6BB0605","202","10",11,1,"DIST-OPEN","available",NA
"E6BB0605","407","2",14,1,"DIST-OPEN","available",NA
"E6BB0605","320","9",13,1,"DIST-OPEN","SOLD","2026-03-03 18:46:52.878"
"E6BB0605","204","3",2,1,"HOLD","HELD",NA
"E6BB0605","115","2",1,1,"DIST-OPEN","available",NA
"E6BB0605","402","3",11,1,"HOLD","HELD",NA
"E6BB0605","116","10",22,1,"SEASON","SOLD","2025-10-25 22:42:41.588"
"E6BB0605","312","8",16,1,"GROUP","HELD",NA
"E6BB0605","306","1",10,1,"SEASON","SOLD","2025-10-30 18:15:31.629"
"E6BB0605","201","1",6,1,"COMP","HELD",NA
"E6BB0605","409","6",24,1,"DIST-OPEN","available",NA
"E6BB0605","114","7",24,1,"HOLD","HELD",NA
"E6BB0605","102","8",18,1,"DIST-OPEN","available",NA
"E6BB0605","213","7",16,1,"DIST-OPEN","available",NA
"E6BB0605","209","8",16,1,"DIST-OPEN","SOLD","2025-12-17 02:22:57.573"
"E6BB0605","303","1",2,1,"GROUP","HELD",NA
"E6BB0605","308","1",13,1,"DIST-OPEN","SOLD","2026-01-13 07:33:56.936"
"E6BB0605","101","3",19,1,"COMP","HELD",NA
"E6BB0605","408","7",23,1,"DIST-OPEN","available",NA
"E6BB0605","403","1",24,1,"SEASON","SOLD","2025-10-19 16:46:13.196"
"E6BB0605","108","7",4,1,"DIST-OPEN","available",NA
"E6BB0605","309","2",19,1,"HOLD","HELD",NA
"E6BB0605","316","5",2,1,"SEASON","SOLD","2025-10-01 13:53:06.147"
"E6BB0605","311","5",7,1,"DIST-OPEN","available",NA
"E6BB0605","315","7",4,1,"DIST-OPEN","SOLD","2026-03-12 17:27:35.543"
"E6BB0605","302","8",3,1,"COMP","HELD",NA
"E6BB0605","409","10",17,1,"DIST-OPEN","SOLD","2025-12-17 01:23:45.715"
"E6BB0605","202","5",5,1,"DIST-OPEN","SOLD","2026-04-01 17:56:57.298"
"E6BB0605","309","8",8,1,"DIST-OPEN","available",NA
"E6BB0605","204","3",16,1,"DIST-OPEN","available",NA
"E6BB0605","220","3",19,1,"DIST-OPEN","COMP","2026-03-14 14:53:19.774"
"E6BB0605","302","4",12,1,"GROUP","HELD",NA
"E6BB0605","317","7",6,1,"COMP","HELD",NA
"E6BB0605","205","4",21,1,"COMP","HELD",NA
"E6BB0605","404","9",15,1,"GROUP","HELD",NA
"E6BB0605","106","7",4,1,"DIST-OPEN","SOLD","2026-03-12 05:11:22.548"
"E6BB0605","105","3",20,1,"SEASON","SOLD","2025-10-08 13:46:56.454"
"E6BB0605","307","3",11,1,"DIST-OPEN","available",NA
"E6BB0605","213","10",13,1,"DIST-OPEN","COMP","2026-03-19 23:55:31.061"
"E6BB0605","302","9",23,1,"HOLD","HELD",NA
"E6BB0605","403","10",11,1,"DIST-OPEN","available",NA
"E6BB0605","207","6",4,1,"HOLD","HELD",NA
"E6BB0605","217","2",4,1,"DIST-OPEN","available",NA
"E6BB0605","404","10",7,1,"HOLD","COMP","2026-02-10 02:08:15.128"
"E6BB0605","201","4",7,1,"DIST-OPEN","SOLD","2026-01-18 21:26:23.145"
"E6BB0605","403","2",2,1,"DIST-OPEN","available",NA
"E6BB0605","115","2",17,1,"DIST-OPEN","SOLD","2026-01-15 21:25:22.849"
"E6BB0605","209","6",4,1,"DIST-OPEN","available",NA
"E6BB0605","219","2",22,1,"SEASON","SOLD","2025-10-14 05:51:14.808"
"E6BB0605","303","6",16,1,"DIST-OPEN","available",NA
"E6BB0605","220","6",18,1,"DIST-OPEN","SOLD","2026-02-26 01:17:26.662"
"E6BB0605","209","1",9,1,"DIST-OPEN","available",NA
"E6BB0605","403","4",9,1,"HOLD","COMP","2026-03-26 00:57:53.719"
"E6BB0605","404","10",5,1,"HOLD","COMP","2026-03-18 01:54:05.949"
"E6BB0605","314","8",19,1,"HOLD","HELD",NA
"E6BB0605","108","7",17,1,"DIST-OPEN","SOLD","2026-01-25 20:43:06.920"
"E6BB0605","212","9",14,1,"DIST-OPEN","SOLD","2026-04-01 17:48:33.225"
"E6BB0605","302","2",12,1,"DIST-OPEN","SOLD","2025-12-27 12:36:37.808"
"E6BB0605","202","1",2,1,"GROUP","HELD",NA
"E6BB0605","206","6",8,1,"COMP","HELD",NA
"E6BB0605","202","1",5,1,"SEASON","SOLD","2025-10-24 03:18:48.126"
"E6BB0605","407","1",7,1,"DIST-OPEN","SOLD","2026-02-02 10:39:13.340"
"E6BB0605","320","8",8,1,"SEASON","SOLD","2025-10-28 02:07:37.639"
"E6BB0605","204","7",4,1,"DIST-OPEN","SOLD","2026-05-07 17:34:35.432"
"E6BB0605","115","9",17,1,"COMP","COMP","2026-03-23 08:46:08.631"
"E6BB0605","402","8",24,1,"SEASON","SOLD","2025-10-21 02:25:57.687"
"E6BB0605","116","6",1,1,"DIST-OPEN","available",NA
"E6BB0605","312","10",7,1,"GROUP","HELD",NA
"E6BB0605","306","3",10,1,"DIST-OPEN","available",NA
"E6BB0605","201","10",5,1,"SEASON","SOLD","2025-10-24 15:37:45.993"
"E6BB0605","409","8",4,1,"DIST-OPEN","SOLD","2026-05-05 20:34:12.699"
"E6BB0605","114","5",20,1,"DIST-OPEN","available",NA
"E6BB0605","102","1",15,1,"SEASON","SOLD","2025-10-31 00:18:17.019"
"E6BB0605","213","9",4,1,"DIST-OPEN","available",NA
"E6BB0605","209","5",9,1,"HOLD","HELD",NA
"E6BB0605","303","10",15,1,"HOLD","HELD",NA
"E6BB0605","308","2",16,1,"DIST-OPEN","SOLD","2025-11-19 23:48:53.548"
"E6BB0605","101","1",24,1,"COMP","HELD",NA
"E6BB0605","408","6",10,1,"SEASON","SOLD","2025-10-13 08:06:31.479"
"E6BB0605","403","5",23,1,"DIST-OPEN","SOLD","2026-05-18 09:20:35.983"
"E6BB0605","108","2",13,1,"DIST-OPEN","available",NA
"E6BB0605","309","5",1,1,"SEASON","SOLD","2025-10-09 08:01:03.134"
"E6BB0605","316","6",5,1,"DIST-OPEN","SOLD","2026-01-09 23:04:58.156"
"E6BB0605","311","6",17,1,"HOLD","COMP","2026-02-28 04:04:03.123"
"E6BB0605","315","4",17,1,"DIST-OPEN","SOLD","2025-12-28 14:26:07.594"
"E6BB0605","302","2",5,1,"HOLD","HELD",NA
"E6BB0605","409","9",10,1,"SEASON","SOLD","2025-10-12 18:02:43.876"
"E6BB0605","202","8",2,1,"HOLD","HELD",NA
"E6BB0605","309","4",5,1,"DIST-OPEN","SOLD","2026-03-07 19:21:37.225"
"E6BB0605","204","1",7,1,"GROUP","HELD",NA
"E6BB0605","220","7",1,1,"DIST-OPEN","SOLD","2026-01-11 00:52:46.846"
"E6BB0605","302","5",6,1,"GROUP","HELD",NA
"E6BB0605","317","1",24,1,"DIST-OPEN","available",NA
"E6BB0605","205","9",10,1,"DIST-OPEN","available",NA
"E6BB0605","404","8",16,1,"DIST-OPEN","available",NA
"E6BB0605","106","8",15,1,"DIST-OPEN","COMP","2026-02-08 06:35:06.569"
"E6BB0605","105","10",23,1,"DIST-OPEN","available",NA
"E6BB0605","307","6",15,1,"SEASON","SOLD","2025-10-12 02:31:39.255"
"E6BB0605","213","6",6,1,"DIST-OPEN","SOLD","2026-05-27 15:14:09.676"
"E6BB0605","302","5",6,1,"HOLD","HELD",NA
"E6BB0605","403","9",16,1,"COMP","HELD",NA
"E6BB0605","207","3",15,1,"DIST-OPEN","available",NA
"E6BB0605","217","6",20,1,"SEASON","SOLD","2025-10-08 19:33:29.488"
"E6BB0605","404","9",9,1,"COMP","HELD",NA
"E6BB0605","201","10",7,1,"DIST-OPEN","available",NA
"E6BB0605","403","2",21,1,"SEASON","SOLD","2025-10-06 12:03:31.170"
"E6BB0605","115","4",21,1,"DIST-OPEN","SOLD","2026-05-29 11:01:13.395"
"E6BB0605","209","2",17,1,"HOLD","HELD",NA
"E6BB0605","219","1",21,1,"DIST-OPEN","available",NA
"E6BB0605","303","6",18,1,"DIST-OPEN","SOLD","2025-11-18 00:38:33.836"
"E6BB0605","220","7",12,1,"GROUP","HELD",NA
"E6BB0605","209","5",14,1,"DIST-OPEN","available",NA
"E6BB0605","403","7",4,1,"DIST-OPEN","SOLD","2025-12-21 15:40:19.694"
"E6BB0605","404","3",1,1,"DIST-OPEN","available",NA
"E6BB0605","314","7",7,1,"SEASON","SOLD","2025-10-18 15:20:22.135"
"E6BB0605","108","6",1,1,"DIST-OPEN","SOLD","2025-12-17 00:36:34.066"
"E6BB0605","212","9",4,1,"HOLD","COMP","2026-01-09 04:02:51.976"
"E6BB0605","302","3",11,1,"HOLD","HELD",NA
"E6BB0605","202","6",20,1,"DIST-OPEN","SOLD","2026-05-01 18:03:03.221"
"E6BB0605","206","1",1,1,"DIST-OPEN","available",NA
"E6BB0605","202","9",8,1,"SEASON","SOLD","2025-10-28 16:34:45.643"
"E6BB0605","407","2",11,1,"DIST-OPEN","SOLD","2026-03-22 19:26:46.851"
"E6BB0605","320","9",19,1,"DIST-OPEN","SOLD","2026-05-22 08:02:28.968"
"E6BB0605","204","2",7,1,"DIST-OPEN","available",NA
"E6BB0605","115","8",13,1,"SEASON","SOLD","2025-10-31 09:32:38.465"
"E6BB0605","402","1",10,1,"DIST-OPEN","SOLD","2026-02-18 19:15:26.250"
"E6BB0605","116","8",12,1,"DIST-OPEN","available",NA
"E6BB0605","312","2",15,1,"DIST-OPEN","available",NA
"E6BB0605","306","1",3,1,"DIST-OPEN","available",NA
"E6BB0605","201","6",19,1,"DIST-OPEN","available",NA
"E6BB0605","409","2",9,1,"DIST-OPEN","SOLD","2026-02-25 11:03:06.403"
"E6BB0605","114","6",20,1,"SEASON","SOLD","2025-10-08 22:50:06.631"
"E6BB0605","102","5",4,1,"DIST-OPEN","available",NA
"E6BB0605","213","6",18,1,"SEASON","SOLD","2025-10-13 08:55:32.671"
"E6BB0605","209","8",18,1,"GROUP","COMP","2026-01-26 17:52:04.682"
"E6BB0605","303","3",16,1,"DIST-OPEN","SOLD","2026-02-10 15:34:00.697"
"E6BB0605","308","7",6,1,"SEASON","SOLD","2025-10-21 10:27:56.950"
"E6BB0605","101","6",5,1,"HOLD","HELD",NA
"E6BB0605","408","10",9,1,"DIST-OPEN","SOLD","2025-12-26 13:44:43.146"
"E6BB0605","403","8",9,1,"DIST-OPEN","available",NA
"E6BB0605","108","3",17,1,"DIST-OPEN","available",NA
"E6BB0605","309","9",11,1,"SEASON","SOLD","2025-10-23 14:59:19.361"
"E6BB0605","316","5",21,1,"DIST-OPEN","available",NA
"E6BB0605","311","4",21,1,"SEASON","SOLD","2025-10-09 21:58:26.923"
"E6BB0605","315","10",4,1,"COMP","HELD",NA
"E6BB0605","302","7",22,1,"GROUP","HELD",NA
"E6BB0605","409","1",17,1,"DIST-OPEN","available",NA
"E6BB0605","202","7",21,1,"DIST-OPEN","SOLD","2025-12-15 19:47:05.908"
"E6BB0605","309","6",15,1,"DIST-OPEN","available",NA
"E6BB0605","204","3",4,1,"HOLD","HELD",NA
"E6BB0605","220","9",24,1,"COMP","HELD",NA
"E6BB0605","302","1",17,1,"SEASON","SOLD","2025-10-28 23:50:42.660"
"E6BB0605","317","9",6,1,"DIST-OPEN","available",NA
"E6BB0605","205","2",11,1,"HOLD","HELD",NA
"E6BB0605","404","3",17,1,"SEASON","SOLD","2025-10-11 11:41:40.600"
"E6BB0605","106","8",15,1,"DIST-OPEN","SOLD","2025-11-25 19:09:44.962"
"E6BB0605","105","10",14,1,"SEASON","SOLD","2025-10-07 00:50:56.398"
"E6BB0605","307","10",14,1,"DIST-OPEN","SOLD","2026-01-15 16:05:29.670"
"E6BB0605","213","9",14,1,"DIST-OPEN","COMP","2026-01-07 01:22:44.422"
"E6BB0605","302","6",1,1,"DIST-OPEN","available",NA
"E6BB0605","403","10",1,1,"DIST-OPEN","available",NA
"E6BB0605","207","4",3,1,"DIST-OPEN","available",NA
"E6BB0605","217","6",5,1,"DIST-OPEN","SOLD","2026-03-01 07:21:16.165"
"E6BB0605","404","1",8,1,"DIST-OPEN","available",NA
"E6BB0605","201","8",24,1,"DIST-OPEN","SOLD","2026-05-07 17:07:12.336"
"E6BB0605","403","10",10,1,"DIST-OPEN","SOLD","2026-04-18 11:44:32.279"
"E6BB0605","115","7",6,1,"SEASON","SOLD","2025-10-02 22:02:38.246"
"E6BB0605","209","10",22,1,"SEASON","SOLD","2025-10-28 19:15:08.136"
"E6BB0605","219","1",10,1,"COMP","HELD",NA
"E6BB0605","303","4",23,1,"HOLD","HELD",NA
"E6BB0605","220","9",24,1,"DIST-OPEN","available",NA
"E6BB0605","209","5",12,1,"SEASON","SOLD","2025-10-28 09:44:33.598"
"E6BB0605","403","1",11,1,"DIST-OPEN","available",NA
"E6BB0605","404","5",3,1,"GROUP","HELD",NA
"E6BB0605","314","4",2,1,"SEASON","SOLD","2025-10-18 19:15:34.248"
"E6BB0605","108","2",4,1,"SEASON","SOLD","2025-10-23 13:48:05.531"
"E6BB0605","212","1",6,1,"DIST-OPEN","available",NA
"E6BB0605","302","3",7,1,"SEASON","SOLD","2025-10-10 12:32:19.850"
"E6BB0605","202","9",10,1,"HOLD","HELD",NA
"E6BB0605","206","5",15,1,"COMP","HELD",NA
"E6BB0605","202","10",11,1,"DIST-OPEN","SOLD","2026-02-25 22:27:04.569"
"E6BB0605","407","6",13,1,"DIST-OPEN","SOLD","2026-02-16 18:49:23.967"
"E6BB0605","320","1",21,1,"HOLD","HELD",NA
"E6BB0605","204","2",6,1,"DIST-OPEN","SOLD","2026-03-15 19:23:06.626"
"E6BB0605","115","4",17,1,"DIST-OPEN","COMP","2026-02-14 08:11:35.332"
"E6BB0605","402","8",16,1,"HOLD","HELD",NA
"E6BB0605","116","1",5,1,"DIST-OPEN","available",NA
"E6BB0605","312","6",20,1,"SEASON","SOLD","2025-10-18 05:12:35.541"
"E6BB0605","306","3",10,1,"SEASON","SOLD","2025-10-04 01:56:09.779"
"E6BB0605","201","6",4,1,"SEASON","SOLD","2025-10-28 18:56:03.988"
"E6BB0605","409","5",5,1,"SEASON","SOLD","2025-10-17 21:25:31.101"
"E6BB0605","114","7",19,1,"DIST-OPEN","available",NA
"E6BB0605","102","8",16,1,"DIST-OPEN","SOLD","2026-02-18 02:18:56.608"
"E6BB0605","213","4",12,1,"DIST-OPEN","available",NA
"E6BB0605","209","6",18,1,"SEASON","SOLD","2025-10-15 21:56:30.613"
"E6BB0605","303","1",23,1,"DIST-OPEN","SOLD","2026-02-26 04:05:30.356"
"E6BB0605","308","3",23,1,"DIST-OPEN","available",NA
"E6BB0605","101","7",17,1,"DIST-OPEN","COMP","2026-03-11 18:17:53.112"
"E6BB0605","408","8",16,1,"SEASON","SOLD","2025-10-06 10:24:53.128"
"E6BB0605","403","5",7,1,"DIST-OPEN","COMP","2026-02-08 07:07:31.663"
"E6BB0605","108","6",11,1,"DIST-OPEN","SOLD","2026-05-20 17:13:37.443"
"E6BB0605","309","8",13,1,"COMP","HELD",NA
"E6BB0605","316","2",4,1,"DIST-OPEN","available",NA
"E6BB0605","311","6",9,1,"DIST-OPEN","available",NA
"E6BB0605","315","4",5,1,"DIST-OPEN","COMP","2026-01-15 12:00:20.305"
"E6BB0605","302","9",10,1,"DIST-OPEN","available",NA
"E6BB0605","409","3",10,1,"DIST-OPEN","available",NA
"E6BB0605","202","10",16,1,"HOLD","HELD",NA
"E6BB0605","309","4",3,1,"DIST-OPEN","SOLD","2026-05-09 05:55:34.516"
"E6BB0605","204","2",13,1,"DIST-OPEN","SOLD","2025-11-27 03:51:03.682"
"E6BB0605","220","10",22,1,"HOLD","HELD",NA
"E6BB0605","302","8",22,1,"HOLD","HELD",NA
"E6BB0605","317","2",14,1,"DIST-OPEN","available",NA
"E6BB0605","205","8",20,1,"DIST-OPEN","SOLD","2026-02-04 01:13:37.736"
"E6BB0605","404","5",7,1,"DIST-OPEN","available",NA
"E6BB0605","106","6",9,1,"DIST-OPEN","available",NA
"E6BB0605","105","1",14,1,"SEASON","SOLD","2025-10-06 16:13:09.622"
"E6BB0605","307","10",20,1,"DIST-OPEN","available",NA
"E6BB0605","213","10",17,1,"DIST-OPEN","SOLD","2026-04-14 06:22:35.561"
"E6BB0605","302","2",3,1,"DIST-OPEN","available",NA
"E6BB0605","403","7",6,1,"COMP","COMP","2026-02-20 15:14:28.247"
"E6BB0605","207","1",20,1,"DIST-OPEN","available",NA
"E6BB0605","217","6",6,1,"GROUP","HELD",NA
"E6BB0605","404","2",1,1,"DIST-OPEN","available",NA
"E6BB0605","201","10",22,1,"DIST-OPEN","available",NA
"E6BB0605","403","5",11,1,"DIST-OPEN","available",NA
"E6BB0605","115","5",15,1,"SEASON","SOLD","2025-10-06 06:59:33.241"
"E6BB0605","209","10",1,1,"GROUP","HELD",NA
"E6BB0605","219","5",22,1,"DIST-OPEN","available",NA
"E6BB0605","303","3",10,1,"DIST-OPEN","available",NA
"E6BB0605","220","9",1,1,"DIST-OPEN","SOLD","2025-12-07 18:36:51.888"
"E6BB0605","209","1",2,1,"COMP","HELD",NA
"E6BB0605","403","6",13,1,"DIST-OPEN","SOLD","2025-12-08 02:57:47.050"
"E6BB0605","404","3",9,1,"HOLD","HELD",NA
"E6BB0605","314","3",23,1,"DIST-OPEN","SOLD","2026-01-18 22:30:45.463"
"E6BB0605","108","9",17,1,"HOLD","HELD",NA
"E6BB0605","212","7",11,1,"DIST-OPEN","available",NA
"E6BB0605","302","6",6,1,"COMP","HELD",NA
"E6BB0605","202","1",11,1,"DIST-OPEN","available",NA
"E6BB0605","206","3",10,1,"HOLD","HELD",NA
"E6BB0605","202","10",3,1,"DIST-OPEN","available",NA
"E6BB0605","407","4",7,1,"HOLD","HELD",NA
"E6BB0605","320","5",16,1,"HOLD","HELD",NA
"E6BB0605","204","1",14,1,"HOLD","HELD",NA
"E6BB0605","115","8",4,1,"DIST-OPEN","available",NA
"E6BB0605","402","8",20,1,"SEASON","SOLD","2025-10-25 20:58:33.629"
"E6BB0605","116","5",14,1,"SEASON","SOLD","2025-10-18 08:39:43.228"
"E6BB0605","312","5",21,1,"DIST-OPEN","available",NA
"E6BB0605","306","4",5,1,"COMP","HELD",NA
"E6BB0605","201","6",16,1,"DIST-OPEN","available",NA
"E6BB0605","409","3",12,1,"SEASON","SOLD","2025-10-10 18:20:53.202"
"E6BB0605","114","4",21,1,"DIST-OPEN","available",NA
"E6BB0605","102","7",19,1,"HOLD","HELD",NA
"E6BB0605","213","8",3,1,"DIST-OPEN","available",NA
"E6BB0605","209","1",11,1,"DIST-OPEN","available",NA
"E6BB0605","303","9",11,1,"GROUP","HELD",NA
"E6BB0605","308","4",21,1,"DIST-OPEN","SOLD","2025-11-28 03:29:10.710"
"E6BB0605","101","6",12,1,"DIST-OPEN","SOLD","2026-04-09 00:48:05.182"
"E6BB0605","408","2",15,1,"DIST-OPEN","available",NA
"E6BB0605","403","7",9,1,"DIST-OPEN","SOLD","2026-05-19 04:37:44.171"
"E6BB0605","108","5",17,1,"SEASON","SOLD","2025-10-13 23:16:16.329"
"E6BB0605","309","8",12,1,"DIST-OPEN","SOLD","2026-01-30 16:40:02.806"
"E6BB0605","316","3",3,1,"DIST-OPEN","COMP","2026-03-09 14:18:38.499"
"E6BB0605","311","3",18,1,"SEASON","SOLD","2025-10-20 13:40:16.323"
"E6BB0605","315","5",15,1,"DIST-OPEN","available",NA
"E6BB0605","302","1",14,1,"DIST-OPEN","SOLD","2025-12-01 00:39:16.366"
"E6BB0605","409","4",11,1,"DIST-OPEN","SOLD","2026-01-28 06:40:50.240"
"E6BB0605","202","1",7,1,"DIST-OPEN","SOLD","2026-03-24 04:30:48.301"
"E6BB0605","309","9",17,1,"DIST-OPEN","available",NA
"E6BB0605","204","5",9,1,"HOLD","HELD",NA
"E6BB0605","220","2",16,1,"HOLD","HELD",NA
"E6BB0605","302","8",13,1,"DIST-OPEN","available",NA
"E6BB0605","317","2",14,1,"DIST-OPEN","COMP","2026-03-22 04:50:49.189"
"E6BB0605","205","9",2,1,"DIST-OPEN","available",NA
"E6BB0605","404","5",4,1,"SEASON","SOLD","2025-10-19 07:21:09.852"
"E6BB0605","106","3",3,1,"DIST-OPEN","SOLD","2026-01-24 19:21:41.001"
"E6BB0605","105","6",9,1,"DIST-OPEN","SOLD","2026-05-21 20:50:56.628"
"E6BB0605","307","7",7,1,"DIST-OPEN","available",NA
"E6BB0605","213","9",10,1,"HOLD","HELD",NA
"E6BB0605","302","3",7,1,"DIST-OPEN","available",NA
"E6BB0605","403","7",11,1,"GROUP","COMP","2026-03-25 13:32:58.956"
"E6BB0605","207","4",14,1,"HOLD","COMP","2026-03-11 17:08:45.936"
"E6BB0605","217","9",20,1,"DIST-OPEN","available",NA
"E6BB0605","404","6",5,1,"SEASON","SOLD","2025-10-30 07:14:11.047"
"E6BB0605","201","6",2,1,"HOLD","HELD",NA
"E6BB0605","403","5",19,1,"DIST-OPEN","available",NA
"E6BB0605","115","9",17,1,"GROUP","HELD",NA
"E6BB0605","209","9",6,1,"SEASON","SOLD","2025-10-06 03:15:27.277"
"E6BB0605","219","8",19,1,"DIST-OPEN","SOLD","2026-05-22 10:34:04.974"
"E6BB0605","303","2",15,1,"COMP","HELD",NA
"E6BB0605","220","1",18,1,"DIST-OPEN","SOLD","2026-01-11 19:09:35.787"
"E6BB0605","209","7",1,1,"SEASON","SOLD","2025-10-12 06:54:02.131"
"E6BB0605","403","8",4,1,"COMP","HELD",NA
"E6BB0605","404","10",18,1,"DIST-OPEN","available",NA
"E6BB0605","314","8",3,1,"DIST-OPEN","available",NA
"E6BB0605","108","4",7,1,"SEASON","SOLD","2025-10-11 15:33:38.017"
"E6BB0605","212","7",5,1,"DIST-OPEN","COMP","2026-02-22 19:47:58.892"
"E6BB0605","302","5",15,1,"DIST-OPEN","SOLD","2025-12-19 11:07:34.818"
"E6BB0605","202","3",10,1,"SEASON","SOLD","2025-10-20 04:52:46.592"
"E6BB0605","206","6",20,1,"DIST-OPEN","available",NA
"E6BB0605","202","5",8,1,"COMP","HELD",NA
"E6BB0605","407","5",22,1,"SEASON","SOLD","2025-10-21 03:51:44.533"
"E6BB0605","320","7",13,1,"HOLD","HELD",NA
"E6BB0605","204","5",3,1,"HOLD","HELD",NA
"E6BB0605","115","9",17,1,"SEASON","SOLD","2025-10-18 06:08:44.433"
"E6BB0605","402","8",12,1,"DIST-OPEN","available",NA
"E6BB0605","116","4",11,1,"COMP","HELD",NA
"E6BB0605","312","2",15,1,"SEASON","SOLD","2025-10-14 05:08:46.874"
"E6BB0605","306","2",10,1,"DIST-OPEN","available",NA
"E6BB0605","201","7",19,1,"GROUP","HELD",NA
"E6BB0605","409","3",19,1,"SEASON","SOLD","2025-10-07 20:27:40.257"
"E6BB0605","114","1",23,1,"DIST-OPEN","available",NA
"E6BB0605","102","6",18,1,"DIST-OPEN","SOLD","2025-11-26 09:46:15.960"
"E6BB0605","213","9",24,1,"DIST-OPEN","available",NA
"E6BB0605","209","6",6,1,"DIST-OPEN","available",NA
"E6BB0605","303","9",20,1,"SEASON","SOLD","2025-10-17 19:05:38.608"
"E6BB0605","308","6",18,1,"DIST-OPEN","SOLD","2025-12-09 01:15:22.690"
"E6BB0605","101","4",14,1,"HOLD","HELD",NA
"E6BB0605","408","10",14,1,"HOLD","HELD",NA
"E6BB0605","403","5",1,1,"DIST-OPEN","SOLD","2026-04-08 14:42:08.238"
"E6BB0605","108","2",12,1,"DIST-OPEN","available",NA
"E6BB0605","309","7",10,1,"DIST-OPEN","COMP","2026-01-15 21:51:55.810"
"E6BB0605","316","2",15,1,"HOLD","HELD",NA
"E6BB0605","311","7",12,1,"DIST-OPEN","SOLD","2026-06-01 15:06:59.588"
"E6BB0605","315","9",15,1,"DIST-OPEN","SOLD","2026-01-03 07:01:11.324"
"E6BB0605","302","5",10,1,"SEASON","SOLD","2025-10-03 18:43:11.194"
"E6BB0605","409","6",2,1,"DIST-OPEN","available",NA
"E6BB0605","202","1",21,1,"DIST-OPEN","SOLD","2026-04-20 17:21:56.815"
"E6BB0605","309","8",4,1,"DIST-OPEN","available",NA
"E6BB0605","204","9",14,1,"DIST-OPEN","available",NA
"E6BB0605","220","2",22,1,"DIST-OPEN","SOLD","2026-01-11 11:21:21.517"
"E6BB0605","302","8",16,1,"DIST-OPEN","SOLD","2026-05-08 14:57:12.248"
"E6BB0605","317","7",18,1,"DIST-OPEN","COMP","2026-01-07 04:52:12.235"
"E6BB0605","205","2",10,1,"DIST-OPEN","available",NA
"E6BB0605","404","2",15,1,"DIST-OPEN","SOLD","2026-01-17 13:47:39.447"
"E6BB0605","106","7",3,1,"DIST-OPEN","SOLD","2026-02-24 16:29:10.442"
"E6BB0605","105","3",11,1,"COMP","HELD",NA
"E6BB0605","307","8",16,1,"DIST-OPEN","SOLD","2026-03-07 01:59:30.737"
"E6BB0605","213","6",3,1,"COMP","HELD",NA
"E6BB0605","302","7",3,1,"DIST-OPEN","available",NA
"E6BB0605","403","10",14,1,"SEASON","SOLD","2025-10-28 19:15:25.774"
"E6BB0605","207","8",4,1,"COMP","HELD",NA
"E6BB0605","217","5",11,1,"DIST-OPEN","SOLD","2026-03-08 06:58:51.314"
"E6BB0605","404","10",23,1,"DIST-OPEN","available",NA
"E6BB0605","201","9",1,1,"DIST-OPEN","SOLD","2026-05-06 13:42:38.929"
"E6BB0605","403","3",6,1,"SEASON","SOLD","2025-10-22 03:56:04.535"
"E6BB0605","115","5",23,1,"DIST-OPEN","SOLD","2026-05-10 17:54:33.932"
"E6BB0605","209","8",9,1,"DIST-OPEN","available",NA
"E6BB0605","219","1",4,1,"GROUP","HELD",NA
"E6BB0605","303","8",21,1,"GROUP","HELD",NA
"E6BB0605","220","5",13,1,"DIST-OPEN","available",NA
"E6BB0605","209","9",23,1,"HOLD","HELD",NA
"E6BB0605","403","3",6,1,"DIST-OPEN","available",NA
"E6BB0605","404","2",18,1,"DIST-OPEN","available",NA
"E6BB0605","314","5",21,1,"DIST-OPEN","available",NA
"E6BB0605","108","8",7,1,"DIST-OPEN","SOLD","2026-04-25 00:53:01.590"
"E6BB0605","212","1",1,1,"DIST-OPEN","available",NA
"E6BB0605","302","9",24,1,"SEASON","SOLD","2025-10-29 10:18:20.861"
"E6BB0605","202","6",22,1,"HOLD","HELD",NA
"E6BB0605","206","1",15,1,"GROUP","HELD",NA
"E6BB0605","202","1",14,1,"COMP","HELD",NA
"E6BB0605","407","2",15,1,"COMP","HELD",NA
"E6BB0605","320","3",22,1,"GROUP","HELD",NA
"E6BB0605","204","2",21,1,"SEASON","SOLD","2025-10-21 08:26:32.858"
"E6BB0605","115","1",10,1,"DIST-OPEN","available",NA
"E6BB0605","402","5",10,1,"DIST-OPEN","available",NA
"E6BB0605","116","9",5,1,"GROUP","HELD",NA
"E6BB0605","312","3",20,1,"DIST-OPEN","SOLD","2025-12-08 06:48:14.294"
"E6BB0605","306","10",20,1,"DIST-OPEN","available",NA
"E6BB0605","201","2",12,1,"DIST-OPEN","available",NA
"E6BB0605","409","2",12,1,"SEASON","SOLD","2025-10-15 12:53:02.775"
"E6BB0605","114","7",22,1,"GROUP","HELD",NA
"E6BB0605","102","8",19,1,"DIST-OPEN","available",NA
"E6BB0605","213","5",20,1,"HOLD","COMP","2026-01-11 13:50:51.870"
"E6BB0605","209","4",7,1,"DIST-OPEN","SOLD","2026-01-23 18:46:49.001"
"E6BB0605","303","9",13,1,"DIST-OPEN","SOLD","2026-02-10 18:58:12.185"
"E6BB0605","308","6",8,1,"HOLD","HELD",NA
"E6BB0605","101","4",1,1,"DIST-OPEN","SOLD","2026-01-06 14:12:01.904"
"E6BB0605","408","5",16,1,"DIST-OPEN","available",NA
"E6BB0605","403","3",6,1,"DIST-OPEN","available",NA
"E6BB0605","108","9",2,1,"DIST-OPEN","SOLD","2025-12-20 03:50:39.059"
"E6BB0605","309","6",1,1,"DIST-OPEN","SOLD","2026-02-07 14:06:02.065"
"E6BB0605","316","2",17,1,"HOLD","HELD",NA
"E6BB0605","311","8",16,1,"COMP","HELD",NA
"E6BB0605","315","7",3,1,"GROUP","HELD",NA
"E6BB0605","302","4",6,1,"DIST-OPEN","COMP","2026-02-21 02:27:04.220"
"E6BB0605","409","6",18,1,"DIST-OPEN","SOLD","2026-03-25 04:13:10.845"
"E6BB0605","202","10",8,1,"GROUP","HELD",NA
"E6BB0605","309","1",8,1,"GROUP","HELD",NA
"E6BB0605","204","2",2,1,"DIST-OPEN","SOLD","2026-03-25 12:13:27.948"
"E6BB0605","220","2",13,1,"DIST-OPEN","COMP","2026-01-23 12:43:15.872"
"E6BB0605","302","3",3,1,"DIST-OPEN","SOLD","2026-02-21 08:16:21.580"
"E6BB0605","317","6",5,1,"DIST-OPEN","available",NA
"E6BB0605","205","2",18,1,"DIST-OPEN","available",NA
"E6BB0605","404","5",19,1,"DIST-OPEN","available",NA
"E6BB0605","106","5",16,1,"DIST-OPEN","available",NA
"E6BB0605","105","6",11,1,"DIST-OPEN","COMP","2026-01-11 06:14:12.992"
"E6BB0605","307","10",2,1,"SEASON","SOLD","2025-10-23 01:13:08.411"
"E6BB0605","213","2",4,1,"DIST-OPEN","available",NA
"E6BB0605","302","9",16,1,"DIST-OPEN","available",NA
"E6BB0605","403","8",14,1,"DIST-OPEN","available",NA
"E6BB0605","207","1",9,1,"SEASON","SOLD","2025-10-24 15:48:29.585"
"E6BB0605","217","5",18,1,"SEASON","SOLD","2025-10-11 21:46:16.721"
"E6BB0605","404","7",12,1,"DIST-OPEN","SOLD","2026-05-04 18:34:52.145"
"E6BB0605","201","10",24,1,"DIST-OPEN","SOLD","2025-12-18 02:07:19.367"
"E6BB0605","403","1",9,1,"SEASON","SOLD","2025-10-16 05:07:28.789"
"E6BB0605","115","10",15,1,"DIST-OPEN","available",NA
"E6BB0605","209","9",20,1,"DIST-OPEN","available",NA
"E6BB0605","219","8",4,1,"DIST-OPEN","SOLD","2025-12-17 01:44:37.066"
"E6BB0605","303","2",5,1,"HOLD","COMP","2026-01-02 21:00:38.428"
"E6BB0605","220","8",11,1,"DIST-OPEN","SOLD","2026-02-22 23:49:18.532"
"E6BB0605","209","9",12,1,"DIST-OPEN","available",NA
"E6BB0605","403","4",18,1,"DIST-OPEN","SOLD","2026-02-25 21:03:21.671"
"E6BB0605","404","2",18,1,"DIST-OPEN","SOLD","2026-05-27 11:38:22.683"
"E6BB0605","314","10",13,1,"DIST-OPEN","available",NA
"E6BB0605","108","9",10,1,"DIST-OPEN","available",NA
"E6BB0605","212","10",21,1,"HOLD","HELD",NA
"E6BB0605","302","7",21,1,"HOLD","HELD",NA
"E6BB0605","202","4",16,1,"SEASON","SOLD","2025-10-26 09:08:46.975"
"E6BB0605","206","4",23,1,"DIST-OPEN","available",NA
"E6BB0605","202","3",19,1,"SEASON","SOLD","2025-10-24 14:56:33.105"
"E6BB0605","407","10",11,1,"DIST-OPEN","available",NA
"E6BB0605","320","10",22,1,"DIST-OPEN","available",NA
"E6BB0605","204","7",13,1,"SEASON","SOLD","2025-10-07 13:44:30.058"
"E6BB0605","115","10",22,1,"DIST-OPEN","SOLD","2026-03-22 05:43:46.505"
"E6BB0605","402","9",24,1,"SEASON","SOLD","2025-10-29 12:36:02.986"
"E6BB0605","116","6",1,1,"SEASON","SOLD","2025-10-29 23:52:01.467"
"E6BB0605","312","9",8,1,"DIST-OPEN","SOLD","2026-06-04 00:17:37.719"
"E6BB0605","306","2",7,1,"SEASON","SOLD","2025-10-24 08:48:02.467"
"E6BB0605","201","4",3,1,"HOLD","HELD",NA
"E6BB0605","409","4",8,1,"DIST-OPEN","available",NA
"E6BB0605","114","10",5,1,"DIST-OPEN","SOLD","2026-02-12 17:17:54.376"
"E6BB0605","102","1",20,1,"HOLD","HELD",NA
"E6BB0605","213","9",7,1,"HOLD","HELD",NA
"E6BB0605","209","9",2,1,"DIST-OPEN","SOLD","2026-04-23 15:14:54.675"
"E6BB0605","303","4",17,1,"DIST-OPEN","SOLD","2026-01-27 02:30:38.700"
"E6BB0605","308","1",20,1,"GROUP","HELD",NA
"E6BB0605","101","6",11,1,"GROUP","HELD",NA
"E6BB0605","408","2",16,1,"SEASON","SOLD","2025-10-14 19:26:51.658"
"E6BB0605","403","8",16,1,"HOLD","HELD",NA
"E6BB0605","108","5",17,1,"HOLD","HELD",NA
"E6BB0605","309","9",20,1,"GROUP","HELD",NA
"E6BB0605","316","4",20,1,"DIST-OPEN","available",NA
"E6BB0605","311","1",18,1,"SEASON","SOLD","2025-10-08 02:14:47.993"
"E6BB0605","315","7",12,1,"HOLD","HELD",NA
"E6BB0605","302","7",24,1,"SEASON","SOLD","2025-10-28 18:12:19.223"
"E6BB0605","409","2",1,1,"GROUP","HELD",NA
"E6BB0605","202","2",6,1,"DIST-OPEN","available",NA
"E6BB0605","309","2",21,1,"SEASON","SOLD","2025-10-08 02:55:30.908"
"E6BB0605","204","3",21,1,"SEASON","SOLD","2025-10-18 03:40:59.595"
"E6BB0605","220","4",15,1,"DIST-OPEN","SOLD","2026-02-19 22:48:08.957"
"E6BB0605","302","7",14,1,"DIST-OPEN","available",NA
"E6BB0605","317","10",19,1,"DIST-OPEN","available",NA
"E6BB0605","205","3",2,1,"DIST-OPEN","available",NA
"E6BB0605","404","5",13,1,"SEASON","SOLD","2025-10-06 19:56:00.814"
"E6BB0605","106","6",11,1,"HOLD","HELD",NA
"E6BB0605","105","8",20,1,"SEASON","SOLD","2025-10-22 15:40:47.809"
"E6BB0605","307","1",16,1,"SEASON","SOLD","2025-10-05 14:51:24.493"
"E6BB0605","213","7",2,1,"HOLD","HELD",NA
"E6BB0605","302","7",14,1,"DIST-OPEN","SOLD","2026-01-16 19:35:48.399"
"E6BB0605","403","2",12,1,"DIST-OPEN","available",NA
"E6BB0605","207","5",2,1,"DIST-OPEN","available",NA
"E6BB0605","217","4",7,1,"DIST-OPEN","available",NA
"E6BB0605","404","6",2,1,"DIST-OPEN","SOLD","2026-06-03 07:33:59.354"
"E6BB0605","201","6",2,1,"SEASON","SOLD","2025-10-20 11:03:15.707"
"E6BB0605","403","4",5,1,"SEASON","SOLD","2025-10-20 20:18:47.720"
"E6BB0605","115","4",11,1,"DIST-OPEN","available",NA
"E6BB0605","209","8",12,1,"SEASON","SOLD","2025-10-03 13:07:27.709"
"E6BB0605","219","6",14,1,"HOLD","HELD",NA
"E6BB0605","303","6",20,1,"DIST-OPEN","available",NA
"E6BB0605","220","5",10,1,"DIST-OPEN","available",NA
"E6BB0605","209","3",11,1,"GROUP","HELD",NA
"E6BB0605","403","6",6,1,"DIST-OPEN","available",NA
"E6BB0605","404","6",12,1,"GROUP","HELD",NA
"E6BB0605","314","7",9,1,"GROUP","HELD",NA
"E6BB0605","108","10",12,1,"DIST-OPEN","available",NA
"E6BB0605","212","4",4,1,"HOLD","COMP","2026-01-30 05:44:17.376"
"E6BB0605","302","7",6,1,"HOLD","HELD",NA
"E6BB0605","202","9",24,1,"SEASON","SOLD","2025-10-12 07:25:30.475"
"E6BB0605","206","5",5,1,"DIST-OPEN","SOLD","2025-12-04 23:46:17.576"
"E6BB0605","202","6",4,1,"GROUP","HELD",NA
"E6BB0605","407","5",14,1,"DIST-OPEN","SOLD","2026-03-03 07:17:12.411"
"E6BB0605","320","2",20,1,"DIST-OPEN","available",NA
"E6BB0605","204","7",5,1,"DIST-OPEN","SOLD","2026-01-16 09:35:40.381"
"E6BB0605","115","3",4,1,"DIST-OPEN","available",NA
"E6BB0605","402","9",13,1,"SEASON","SOLD","2025-10-22 21:35:16.964"
"E6BB0605","116","7",6,1,"DIST-OPEN","SOLD","2026-04-07 10:26:13.829"
"E6BB0605","312","9",13,1,"DIST-OPEN","available",NA
"E6BB0605","306","4",20,1,"COMP","HELD",NA
"E6BB0605","201","4",14,1,"SEASON","SOLD","2025-10-21 02:14:04.338"
"E6BB0605","409","10",17,1,"DIST-OPEN","SOLD","2025-12-20 04:40:19.569"
"E6BB0605","114","8",21,1,"SEASON","SOLD","2025-10-23 05:00:58.044"
"E6BB0605","102","10",24,1,"HOLD","HELD",NA
"E6BB0605","213","9",7,1,"SEASON","SOLD","2025-10-17 09:47:46.700"
"E6BB0605","209","6",1,1,"GROUP","HELD",NA
"E6BB0605","303","4",11,1,"DIST-OPEN","available",NA
"E6BB0605","308","1",13,1,"GROUP","HELD",NA
"E6BB0605","101","4",14,1,"DIST-OPEN","available",NA
"E6BB0605","408","5",14,1,"DIST-OPEN","available",NA
"E6BB0605","403","9",12,1,"DIST-OPEN","available",NA
"E6BB0605","108","6",24,1,"DIST-OPEN","available",NA
"E6BB0605","309","10",23,1,"SEASON","SOLD","2025-10-14 16:07:46.617"
"E6BB0605","316","9",8,1,"DIST-OPEN","COMP","2026-03-10 02:13:14.082"
"E6BB0605","311","2",21,1,"DIST-OPEN","SOLD","2026-01-21 16:55:01.002"
"E6BB0605","315","10",23,1,"SEASON","SOLD","2025-10-09 00:58:37.135"
"E6BB0605","302","10",13,1,"SEASON","SOLD","2025-10-18 12:59:55.830"
"E6BB0605","409","6",3,1,"DIST-OPEN","available",NA
"E6BB0605","202","4",24,1,"DIST-OPEN","SOLD","2026-05-27 00:12:04.111"
"E6BB0605","309","4",16,1,"SEASON","SOLD","2025-10-14 23:38:44.102"
"E6BB0605","204","5",18,1,"DIST-OPEN","SOLD","2026-03-01 21:11:22.055"
"E6BB0605","220","10",22,1,"DIST-OPEN","SOLD","2026-02-24 01:34:27.024"
"E6BB0605","302","3",14,1,"DIST-OPEN","available",NA
"E6BB0605","317","10",12,1,"SEASON","SOLD","2025-10-26 12:46:54.689"
"E6BB0605","205","8",23,1,"DIST-OPEN","SOLD","2026-04-18 23:20:07.381"
"E6BB0605","404","5",15,1,"DIST-OPEN","SOLD","2026-02-25 23:33:46.582"
"E6BB0605","106","7",11,1,"DIST-OPEN","SOLD","2026-04-18 01:20:11.174"
"E6BB0605","105","5",19,1,"DIST-OPEN","available",NA
"E6BB0605","307","6",16,1,"HOLD","HELD",NA
"E6BB0605","213","3",20,1,"DIST-OPEN","SOLD","2025-12-07 23:38:38.864"
"E6BB0605","302","9",18,1,"SEASON","SOLD","2025-10-17 11:08:58.181"
"E6BB0605","403","6",3,1,"SEASON","SOLD","2025-10-10 08:48:58.364"
"E6BB0605","207","5",1,1,"HOLD","HELD",NA
"E6BB0605","217","7",22,1,"DIST-OPEN","available",NA
"E6BB0605","404","1",20,1,"DIST-OPEN","available",NA
"E6BB0605","201","10",18,1,"HOLD","HELD",NA
"E6BB0605","403","5",13,1,"DIST-OPEN","COMP","2026-02-22 15:25:28.342"
"E6BB0605","115","10",13,1,"DIST-OPEN","SOLD","2026-04-03 19:45:29.043"
"E6BB0605","209","5",3,1,"DIST-OPEN","available",NA
"E6BB0605","219","9",4,1,"SEASON","SOLD","2025-10-19 01:47:08.245"
"E6BB0605","303","2",13,1,"SEASON","SOLD","2025-10-11 20:51:04.357"
"E6BB0605","220","6",12,1,"DIST-OPEN","SOLD","2026-04-03 04:06:36.195"
"E6BB0605","209","5",16,1,"HOLD","HELD",NA
"E6BB0605","403","10",13,1,"DIST-OPEN","SOLD","2026-03-20 21:57:52.623"
"E6BB0605","404","10",5,1,"HOLD","HELD",NA
"E6BB0605","314","8",18,1,"SEASON","SOLD","2025-10-09 21:32:27.561"
"E6BB0605","108","6",4,1,"DIST-OPEN","available",NA
"E6BB0605","212","6",5,1,"DIST-OPEN","available",NA
"E6BB0605","302","4",17,1,"DIST-OPEN","SOLD","2026-04-11 01:37:06.663"
"E6BB0605","202","8",16,1,"DIST-OPEN","available",NA
"E6BB0605","206","8",15,1,"SEASON","SOLD","2025-10-24 18:01:48.211"
"E6BB0605","202","8",9,1,"DIST-OPEN","SOLD","2026-02-22 20:03:50.292"
"E6BB0605","407","5",21,1,"DIST-OPEN","available",NA
"E6BB0605","320","5",2,1,"SEASON","SOLD","2025-10-27 21:25:15.265"
"E6BB0605","204","7",9,1,"DIST-OPEN","available",NA
"E6BB0605","115","5",17,1,"SEASON","SOLD","2025-10-22 05:56:22.298"
"E6BB0605","402","5",8,1,"SEASON","SOLD","2025-10-07 23:37:13.838"
"E6BB0605","116","3",8,1,"GROUP","HELD",NA
"E6BB0605","312","8",6,1,"COMP","COMP","2026-01-26 11:10:52.589"
"E6BB0605","306","1",10,1,"SEASON","SOLD","2025-10-11 16:11:48.315"
"E6BB0605","201","5",22,1,"DIST-OPEN","available",NA
"E6BB0605","409","5",3,1,"SEASON","SOLD","2025-10-12 05:48:21.334"
"E6BB0605","114","9",4,1,"HOLD","HELD",NA
"E6BB0605","102","8",18,1,"DIST-OPEN","COMP","2026-03-14 23:35:40.143"
"E6BB0605","213","3",2,1,"SEASON","SOLD","2025-10-18 01:05:36.788"
"E6BB0605","209","5",12,1,"SEASON","SOLD","2025-10-07 01:33:40.621"
"E6BB0605","303","9",13,1,"DIST-OPEN","available",NA
"E6BB0605","308","3",9,1,"HOLD","COMP","2026-03-26 14:55:12.101"
"E6BB0605","101","7",22,1,"DIST-OPEN","SOLD","2026-01-31 15:59:45.029"
"E6BB0605","408","1",3,1,"HOLD","HELD",NA
"E6BB0605","403","1",22,1,"DIST-OPEN","SOLD","2026-02-19 15:31:03.951"
"E6BB0605","108","10",1,1,"DIST-OPEN","available",NA
"E6BB0605","309","9",3,1,"HOLD","HELD",NA
"E6BB0605","316","5",10,1,"DIST-OPEN","available",NA
"E6BB0605","311","4",24,1,"SEASON","SOLD","2025-10-22 04:37:24.942"
"E6BB0605","315","10",6,1,"DIST-OPEN","SOLD","2026-01-30 17:26:15.695"
"E6BB0605","302","10",23,1,"HOLD","HELD",NA
"E6BB0605","409","9",7,1,"DIST-OPEN","SOLD","2026-02-02 08:35:22.716"
"E6BB0605","202","3",14,1,"DIST-OPEN","available",NA
"E6BB0605","309","8",5,1,"DIST-OPEN","available",NA
"E6BB0605","204","9",24,1,"DIST-OPEN","available",NA
"E6BB0605","220","8",13,1,"COMP","COMP","2026-03-26 23:43:51.740"
"E6BB0605","302","4",11,1,"DIST-OPEN","SOLD","2025-12-16 11:31:42.894"
"E6BB0605","317","3",11,1,"DIST-OPEN","available",NA
"E6BB0605","205","9",18,1,"HOLD","COMP","2026-02-14 02:56:23.741"
"E6BB0605","404","6",8,1,"SEASON","SOLD","2025-10-12 07:33:41.750"
"E6BB0605","106","1",15,1,"GROUP","COMP","2026-02-04 19:09:28.215"
"E6BB0605","105","6",16,1,"DIST-OPEN","available",NA
"E6BB0605","307","2",12,1,"DIST-OPEN","available",NA
"E6BB0605","213","6",2,1,"DIST-OPEN","available",NA
"E6BB0605","302","5",16,1,"DIST-OPEN","SOLD","2026-03-20 08:37:25.969"
"E6BB0605","403","10",23,1,"DIST-OPEN","available",NA
"E6BB0605","207","6",24,1,"DIST-OPEN","SOLD","2026-04-25 08:41:54.555"
"E6BB0605","217","6",1,1,"DIST-OPEN","available",NA
"E6BB0605","404","7",1,1,"GROUP","HELD",NA
"E6BB0605","201","6",15,1,"SEASON","SOLD","2025-10-26 09:39:32.370"
"E6BB0605","403","3",5,1,"DIST-OPEN","SOLD","2026-04-17 23:24:22.758"
"E6BB0605","115","2",22,1,"DIST-OPEN","SOLD","2025-12-31 16:52:01.980"
"E6BB0605","209","3",16,1,"DIST-OPEN","available",NA
"E6BB0605","219","4",16,1,"DIST-OPEN","SOLD","2025-12-11 13:06:18.435"
"E6BB0605","303","7",9,1,"DIST-OPEN","SOLD","2025-12-08 18:39:33.816"
"E6BB0605","220","4",17,1,"DIST-OPEN","SOLD","2026-02-22 02:47:23.359"
"E6BB0605","209","6",22,1,"DIST-OPEN","SOLD","2026-05-30 02:21:35.554"
"E6BB0605","403","4",15,1,"HOLD","HELD",NA
"E6BB0605","404","2",4,1,"SEASON","SOLD","2025-10-13 16:35:36.954"
"E6BB0605","314","1",16,1,"SEASON","SOLD","2025-10-08 22:04:01.933"
"E6BB0605","108","4",23,1,"DIST-OPEN","available",NA
"E6BB0605","212","3",12,1,"DIST-OPEN","SOLD","2025-11-23 05:47:14.229"
"E6BB0605","302","7",21,1,"DIST-OPEN","available",NA
"E6BB0605","202","7",21,1,"DIST-OPEN","available",NA
"E6BB0605","206","6",17,1,"SEASON","SOLD","2025-10-08 15:04:12.199"
"E6BB0605","202","7",14,1,"GROUP","COMP","2026-03-04 21:32:17.980"
"E6BB0605","407","1",2,1,"SEASON","SOLD","2025-10-05 11:15:04.439"
"E6BB0605","320","6",11,1,"DIST-OPEN","available",NA
"E6BB0605","204","5",11,1,"DIST-OPEN","available",NA
"E6BB0605","115","9",9,1,"DIST-OPEN","available",NA
"E6BB0605","402","8",9,1,"GROUP","HELD",NA
"E6BB0605","116","7",6,1,"DIST-OPEN","available",NA
"E6BB0605","312","2",4,1,"DIST-OPEN","available",NA
"E6BB0605","306","2",5,1,"DIST-OPEN","COMP","2026-01-16 22:08:23.196"
"E6BB0605","201","10",10,1,"GROUP","COMP","2026-03-01 10:15:42.054"
"E6BB0605","409","3",24,1,"HOLD","COMP","2026-02-25 04:11:06.344"
"E6BB0605","114","1",4,1,"HOLD","HELD",NA
"E6BB0605","102","1",8,1,"HOLD","HELD",NA
"E6BB0605","213","2",3,1,"DIST-OPEN","available",NA
"E6BB0605","209","5",24,1,"DIST-OPEN","available",NA
"E6BB0605","303","6",23,1,"HOLD","HELD",NA
"E6BB0605","308","8",24,1,"DIST-OPEN","SOLD","2025-11-21 20:04:35.168"
"E6BB0605","101","2",11,1,"GROUP","HELD",NA
"E6BB0605","408","1",21,1,"SEASON","SOLD","2025-10-19 21:45:03.473"
"E6BB0605","403","5",5,1,"SEASON","SOLD","2025-10-01 14:19:45.604"
"E6BB0605","108","8",16,1,"DIST-OPEN","COMP","2026-02-01 07:47:53.660"
"E6BB0605","309","1",15,1,"DIST-OPEN","available",NA
"E6BB0605","316","6",22,1,"COMP","HELD",NA
"E6BB0605","311","4",24,1,"HOLD","HELD",NA
"E6BB0605","315","5",4,1,"HOLD","HELD",NA
"E6BB0605","302","5",4,1,"HOLD","HELD",NA
"E6BB0605","409","9",4,1,"DIST-OPEN","available",NA
"E6BB0605","202","6",20,1,"DIST-OPEN","SOLD","2026-02-07 21:27:54.813"
"E6BB0605","309","5",5,1,"DIST-OPEN","SOLD","2025-12-02 03:58:21.022"
"E6BB0605","204","7",15,1,"DIST-OPEN","SOLD","2026-05-18 01:09:06.845"
"E6BB0605","220","2",12,1,"DIST-OPEN","available",NA
"E6BB0605","302","10",20,1,"DIST-OPEN","SOLD","2026-01-03 18:10:46.178"
"E6BB0605","317","1",2,1,"COMP","HELD",NA
"E6BB0605","205","3",22,1,"DIST-OPEN","available",NA
"E6BB0605","404","7",2,1,"DIST-OPEN","COMP","2026-01-20 23:24:33.820"
"E6BB0605","106","3",14,1,"DIST-OPEN","available",NA
"E6BB0605","105","8",24,1,"GROUP","HELD",NA
"E6BB0605","307","10",17,1,"DIST-OPEN","SOLD","2026-05-15 17:40:01.469"
"E6BB0605","213","4",4,1,"SEASON","SOLD","2025-10-11 18:20:36.776"
"E6BB0605","302","4",12,1,"GROUP","HELD",NA
"E6BB0605","403","5",17,1,"GROUP","HELD",NA
"E6BB0605","207","10",11,1,"DIST-OPEN","available",NA
"E6BB0605","217","2",19,1,"SEASON","SOLD","2025-10-14 22:52:22.322"
"E6BB0605","404","3",18,1,"DIST-OPEN","SOLD","2026-05-18 03:08:35.557"
"E6BB0605","201","8",16,1,"DIST-OPEN","SOLD","2025-12-31 17:13:48.798"
"E6BB0605","403","3",9,1,"SEASON","SOLD","2025-10-09 18:02:04.039"
"E6BB0605","115","5",21,1,"HOLD","HELD",NA
"E6BB0605","209","9",23,1,"DIST-OPEN","available",NA
"E6BB0605","219","4",4,1,"DIST-OPEN","SOLD","2026-02-24 20:51:52.024"
"E6BB0605","303","3",3,1,"DIST-OPEN","SOLD","2025-12-20 15:26:36.032"
"E6BB0605","220","6",19,1,"COMP","HELD",NA
"E6BB0605","209","4",21,1,"COMP","HELD",NA
"E6BB0605","403","5",13,1,"DIST-OPEN","available",NA
"E6BB0605","404","4",13,1,"DIST-OPEN","COMP","2026-03-31 20:27:25.605"
"E6BB0605","314","7",9,1,"GROUP","HELD",NA
"E6BB0605","108","9",19,1,"SEASON","SOLD","2025-10-14 17:21:35.843"
"E6BB0605","212","7",17,1,"GROUP","HELD",NA
"E6BB0605","302","6",13,1,"GROUP","HELD",NA
"E6BB0605","202","7",7,1,"SEASON","SOLD","2025-10-26 22:43:13.529"
"E6BB0605","206","8",22,1,"HOLD","HELD",NA
"E6BB0605","202","10",4,1,"SEASON","SOLD","2025-10-15 19:12:37.505"
"E6BB0605","407","10",4,1,"GROUP","HELD",NA
"E6BB0605","320","4",20,1,"DIST-OPEN","available",NA
"E6BB0605","204","1",22,1,"DIST-OPEN","COMP","2026-01-04 03:26:05.088"
"E6BB0605","115","6",1,1,"DIST-OPEN","SOLD","2025-11-21 00:44:14.887"
"E6BB0605","402","2",12,1,"DIST-OPEN","available",NA
"E6BB0605","116","10",19,1,"HOLD","HELD",NA
"E6BB0605","312","8",2,1,"DIST-OPEN","COMP","2026-02-21 22:19:59.932"
"E6BB0605","306","7",16,1,"DIST-OPEN","COMP","2026-02-25 23:37:26.298"
"E6BB0605","201","8",6,1,"DIST-OPEN","available",NA
"E6BB0605","409","1",17,1,"SEASON","SOLD","2025-10-16 09:45:54.854"
"E6BB0605","114","4",7,1,"GROUP","HELD",NA
"E6BB0605","102","3",17,1,"HOLD","HELD",NA
"E6BB0605","213","9",6,1,"DIST-OPEN","available",NA
"E6BB0605","209","5",23,1,"SEASON","SOLD","2025-10-18 12:41:18.009"
"E6BB0605","303","4",22,1,"HOLD","HELD",NA
"E6BB0605","308","5",20,1,"HOLD","HELD",NA
"E6BB0605","101","3",8,1,"SEASON","SOLD","2025-10-20 23:55:47.767"
"E6BB0605","408","6",1,1,"COMP","COMP","2026-04-01 00:00:18.055"
"E6BB0605","403","10",5,1,"DIST-OPEN","SOLD","2025-12-25 06:00:14.901"
"E6BB0605","108","1",21,1,"HOLD","HELD",NA
"E6BB0605","309","8",9,1,"HOLD","HELD",NA
"E6BB0605","316","2",19,1,"DIST-OPEN","SOLD","2026-03-19 22:33:19.605"
"E6BB0605","311","2",5,1,"DIST-OPEN","available",NA
"E6BB0605","315","4",3,1,"DIST-OPEN","SOLD","2026-03-21 08:07:46.848"
"E6BB0605","302","5",8,1,"DIST-OPEN","available",NA
"E6BB0605","409","8",1,1,"DIST-OPEN","SOLD","2025-12-26 19:56:05.753"
"E6BB0605","202","6",7,1,"DIST-OPEN","available",NA
"E6BB0605","309","3",22,1,"SEASON","SOLD","2025-10-25 16:47:15.411"
"E6BB0605","204","10",11,1,"DIST-OPEN","SOLD","2026-05-08 03:02:56.553"
"E6BB0605","220","6",13,1,"SEASON","SOLD","2025-10-23 05:38:41.230"
"E6BB0605","302","10",23,1,"DIST-OPEN","SOLD","2026-03-29 05:46:34.962"
"E6BB0605","317","8",8,1,"GROUP","HELD",NA
"E6BB0605","205","10",18,1,"DIST-OPEN","available",NA
"E6BB0605","404","5",12,1,"COMP","HELD",NA
"E6BB0605","106","5",4,1,"COMP","HELD",NA
"E6BB0605","105","8",20,1,"HOLD","HELD",NA
"E6BB0605","307","3",4,1,"DIST-OPEN","available",NA
"E6BB0605","213","2",6,1,"DIST-OPEN","COMP","2026-01-01 16:40:51.115"
"E6BB0605","302","9",19,1,"GROUP","HELD",NA
"E6BB0605","403","4",23,1,"SEASON","SOLD","2025-10-13 06:42:25.525"
"E6BB0605","207","5",4,1,"HOLD","HELD",NA
"E6BB0605","217","6",7,1,"DIST-OPEN","available",NA
"E6BB0605","404","6",13,1,"SEASON","SOLD","2025-10-25 13:18:05.822"
"E6BB0605","201","5",11,1,"DIST-OPEN","available",NA
"E6BB0605","403","1",2,1,"GROUP","HELD",NA
"E6BB0605","115","4",15,1,"GROUP","HELD",NA
"E6BB0605","209","1",21,1,"HOLD","HELD",NA
"E6BB0605","219","10",4,1,"DIST-OPEN","SOLD","2026-03-08 05:34:35.561"
"E6BB0605","303","5",17,1,"SEASON","SOLD","2025-10-18 06:39:59.723"
"E6BB0605","220","9",13,1,"GROUP","HELD",NA
"E6BB0605","209","4",4,1,"DIST-OPEN","available",NA
"E6BB0605","403","5",6,1,"DIST-OPEN","available",NA
"E6BB0605","404","6",8,1,"HOLD","HELD",NA
"E6BB0605","314","3",2,1,"GROUP","HELD",NA
"E6BB0605","108","7",7,1,"SEASON","SOLD","2025-10-16 05:35:45.926"
"E6BB0605","212","5",22,1,"DIST-OPEN","available",NA
"E6BB0605","302","7",8,1,"HOLD","HELD",NA
"E6BB0605","202","2",11,1,"SEASON","SOLD","2025-10-21 23:34:48.165"
"E6BB0605","206","1",18,1,"GROUP","HELD",NA
"E6BB0605","202","5",11,1,"DIST-OPEN","SOLD","2025-12-17 18:28:16.741"
"E6BB0605","407","3",15,1,"GROUP","HELD",NA
"E6BB0605","320","10",20,1,"DIST-OPEN","SOLD","2026-05-07 21:55:15.594"
"E6BB0605","204","2",21,1,"DIST-OPEN","SOLD","2025-12-16 10:09:50.447"
"E6BB0605","115","10",20,1,"DIST-OPEN","SOLD","2026-03-25 20:52:09.302"
"E6BB0605","402","8",24,1,"DIST-OPEN","SOLD","2026-05-10 09:18:12.733"
"E6BB0605","116","2",24,1,"SEASON","SOLD","2025-10-07 16:20:37.666"
"E6BB0605","312","3",22,1,"DIST-OPEN","available",NA
"E6BB0605","306","7",18,1,"DIST-OPEN","SOLD","2026-03-01 11:57:55.657"
"E6BB0605","201","9",8,1,"DIST-OPEN","SOLD","2026-03-05 02:48:55.490"
"E6BB0605","409","8",23,1,"SEASON","SOLD","2025-10-24 23:05:14.131"
"E6BB0605","114","10",10,1,"SEASON","SOLD","2025-10-08 22:05:09.695"
"E6BB0605","102","5",16,1,"HOLD","HELD",NA
"E6BB0605","213","6",16,1,"SEASON","SOLD","2025-10-16 16:39:52.327"
"E6BB0605","209","10",23,1,"DIST-OPEN","available",NA
"E6BB0605","303","8",9,1,"COMP","HELD",NA
"E6BB0605","308","9",17,1,"DIST-OPEN","available",NA
"E6BB0605","101","2",21,1,"SEASON","SOLD","2025-10-26 00:29:41.830"
"E6BB0605","408","1",8,1,"DIST-OPEN","SOLD","2026-04-25 20:24:26.075"
"E6BB0605","403","7",2,1,"DIST-OPEN","SOLD","2026-03-10 15:00:21.514"
"E6BB0605","108","9",6,1,"DIST-OPEN","available",NA
"E6BB0605","309","4",13,1,"DIST-OPEN","available",NA
"E6BB0605","316","7",23,1,"GROUP","HELD",NA
"E6BB0605","311","5",13,1,"SEASON","SOLD","2025-10-06 16:44:37.518"
"E6BB0605","315","7",23,1,"SEASON","SOLD","2025-10-21 16:48:52.453"
"E6BB0605","302","6",15,1,"DIST-OPEN","available",NA
"E6BB0605","409","8",5,1,"DIST-OPEN","available",NA
"E6BB0605","202","5",20,1,"HOLD","HELD",NA
"E6BB0605","309","10",13,1,"HOLD","HELD",NA
"E6BB0605","204","5",16,1,"DIST-OPEN","SOLD","2026-03-31 11:40:47.130"
"E6BB0605","220","4",13,1,"DIST-OPEN","SOLD","2026-06-04 03:02:40.468"
"E6BB0605","302","8",10,1,"DIST-OPEN","available",NA
"E6BB0605","317","3",13,1,"SEASON","SOLD","2025-10-06 06:13:45.208"
"E6BB0605","205","1",11,1,"HOLD","HELD",NA
"E6BB0605","404","10",14,1,"DIST-OPEN","available",NA
"E6BB0605","106","1",22,1,"COMP","HELD",NA
"E6BB0605","105","10",7,1,"GROUP","HELD",NA
"E6BB0605","307","7",8,1,"DIST-OPEN","SOLD","2026-02-23 16:56:12.779"
"E6BB0605","213","1",10,1,"DIST-OPEN","available",NA
"E6BB0605","302","3",5,1,"SEASON","SOLD","2025-10-22 23:00:04.986"
"E6BB0605","403","9",11,1,"DIST-OPEN","available",NA
"E6BB0605","207","2",6,1,"DIST-OPEN","available",NA
"E6BB0605","217","7",5,1,"DIST-OPEN","available",NA
"E6BB0605","404","8",13,1,"DIST-OPEN","SOLD","2026-05-21 02:49:45.695"
"E6BB0605","201","6",3,1,"SEASON","SOLD","2025-10-05 21:01:20.554"
"E6BB0605","403","3",9,1,"DIST-OPEN","SOLD","2026-03-25 16:13:59.266"
"E6BB0605","115","3",18,1,"DIST-OPEN","available",NA
"E6BB0605","209","5",24,1,"COMP","HELD",NA
"E6BB0605","219","9",11,1,"DIST-OPEN","SOLD","2026-05-20 10:23:09.276"
"E6BB0605","303","8",14,1,"HOLD","HELD",NA
"E6BB0605","220","10",15,1,"DIST-OPEN","SOLD","2026-04-28 00:02:51.976"
"E6BB0605","209","3",2,1,"COMP","HELD",NA
"E6BB0605","403","1",9,1,"DIST-OPEN","available",NA
"E6BB0605","404","8",15,1,"DIST-OPEN","available",NA
"E6BB0605","314","9",17,1,"DIST-OPEN","available",NA
"E6BB0605","108","5",12,1,"GROUP","HELD",NA
"E6BB0605","212","2",14,1,"COMP","HELD",NA
"E6BB0605","302","9",24,1,"SEASON","SOLD","2025-10-30 18:18:59.369"
"E6BB0605","202","2",4,1,"SEASON","SOLD","2025-10-24 16:30:06.336"
"E6BB0605","206","5",3,1,"DIST-OPEN","available",NA
"E6BB0605","202","7",23,1,"DIST-OPEN","available",NA
"E6BB0605","407","1",18,1,"DIST-OPEN","available",NA
"E6BB0605","320","6",21,1,"SEASON","SOLD","2025-10-30 23:08:53.002"
"E6BB0605","204","6",12,1,"DIST-OPEN","SOLD","2026-04-28 12:00:33.990"
"E6BB0605","115","9",11,1,"DIST-OPEN","available",NA
"E6BB0605","402","1",24,1,"DIST-OPEN","SOLD","2025-11-17 00:30:02.340"
"E6BB0605","116","10",3,1,"DIST-OPEN","SOLD","2026-03-10 08:15:55.652"
"E6BB0605","312","10",8,1,"SEASON","SOLD","2025-10-08 03:16:48.142"
"E6BB0605","306","4",7,1,"COMP","HELD",NA
"E6BB0605","201","10",7,1,"DIST-OPEN","available",NA
"E6BB0605","409","10",9,1,"SEASON","SOLD","2025-10-29 10:44:03.401"
"E6BB0605","114","5",13,1,"DIST-OPEN","available",NA
"E6BB0605","102","6",13,1,"GROUP","HELD",NA
"E6BB0605","213","6",16,1,"SEASON","SOLD","2025-10-15 19:07:23.343"
"E6BB0605","209","5",11,1,"SEASON","SOLD","2025-10-29 02:09:42.234"
"E6BB0605","303","9",14,1,"HOLD","HELD",NA
"E6BB0605","308","9",21,1,"DIST-OPEN","available",NA
"E6BB0605","101","8",13,1,"DIST-OPEN","SOLD","2026-05-06 06:57:42.283"
"E6BB0605","408","4",12,1,"DIST-OPEN","SOLD","2026-05-17 13:30:04.633"
"E6BB0605","403","8",19,1,"DIST-OPEN","available",NA
"E6BB0605","108","3",22,1,"COMP","HELD",NA
"E6BB0605","309","2",2,1,"SEASON","SOLD","2025-10-27 22:13:00.233"
"E6BB0605","316","1",8,1,"SEASON","SOLD","2025-10-18 09:21:53.065"
"E6BB0605","311","8",3,1,"DIST-OPEN","available",NA
"E6BB0605","315","3",1,1,"GROUP","HELD",NA
"E6BB0605","302","8",16,1,"HOLD","HELD",NA
"E6BB0605","409","6",7,1,"COMP","COMP","2026-01-27 03:25:19.591"
"E6BB0605","202","6",22,1,"DIST-OPEN","available",NA
"E6BB0605","309","4",7,1,"DIST-OPEN","available",NA
"E6BB0605","204","7",7,1,"DIST-OPEN","COMP","2026-01-29 00:52:23.168"
"E6BB0605","220","9",6,1,"DIST-OPEN","available",NA
"E6BB0605","302","4",19,1,"SEASON","SOLD","2025-10-03 23:02:57.790"
"E6BB0605","317","3",5,1,"DIST-OPEN","available",NA
"E6BB0605","205","5",17,1,"DIST-OPEN","SOLD","2025-11-20 18:01:33.806"
"E6BB0605","404","10",10,1,"DIST-OPEN","SOLD","2026-02-25 08:01:58.500"
"E6BB0605","106","1",12,1,"SEASON","SOLD","2025-10-13 02:26:02.691"
"E6BB0605","105","2",12,1,"COMP","HELD",NA
"E6BB0605","307","7",3,1,"GROUP","HELD",NA
"E6BB0605","213","8",18,1,"GROUP","HELD",NA
"E6BB0605","302","7",5,1,"DIST-OPEN","available",NA
"E6BB0605","403","8",6,1,"DIST-OPEN","SOLD","2026-02-11 02:42:01.373"
"E6BB0605","207","7",10,1,"HOLD","HELD",NA
"E6BB0605","217","6",24,1,"DIST-OPEN","available",NA
"E6BB0605","404","8",21,1,"DIST-OPEN","available",NA
"E6BB0605","201","7",12,1,"SEASON","SOLD","2025-10-20 15:20:17.419"
"E6BB0605","403","8",22,1,"DIST-OPEN","available",NA
"E6BB0605","115","9",18,1,"SEASON","SOLD","2025-10-17 02:12:16.548"
"E6BB0605","209","1",1,1,"HOLD","HELD",NA
"E6BB0605","219","4",24,1,"DIST-OPEN","SOLD","2025-11-17 04:15:28.367"
"E6BB0605","303","5",23,1,"SEASON","SOLD","2025-10-27 04:49:56.775"
"E6BB0605","220","5",12,1,"SEASON","SOLD","2025-10-21 22:55:05.298"
"E6BB0605","209","6",12,1,"DIST-OPEN","available",NA
"E6BB0605","403","3",9,1,"DIST-OPEN","SOLD","2025-12-08 10:40:12.507"
"E6BB0605","404","7",13,1,"GROUP","HELD",NA
"E6BB0605","314","1",11,1,"DIST-OPEN","available",NA
"E6BB0605","108","10",8,1,"HOLD","HELD",NA
"E6BB0605","212","5",8,1,"SEASON","SOLD","2025-10-19 21:15:54.438"
"E6BB0605","302","5",24,1,"SEASON","SOLD","2025-10-10 02:36:49.388"
"E6BB0605","202","7",1,1,"GROUP","HELD",NA
"E6BB0605","206","3",2,1,"COMP","HELD",NA
"E6BB0605","202","7",7,1,"DIST-OPEN","available",NA
"E6BB0605","407","5",19,1,"DIST-OPEN","SOLD","2026-05-07 22:44:55.532"
"E6BB0605","320","2",24,1,"DIST-OPEN","available",NA
"E6BB0605","204","1",23,1,"DIST-OPEN","available",NA
"E6BB0605","115","1",24,1,"DIST-OPEN","SOLD","2026-04-04 04:24:32.238"
"E6BB0605","402","7",7,1,"GROUP","HELD",NA
"E6BB0605","116","1",20,1,"DIST-OPEN","available",NA
"E6BB0605","312","9",3,1,"DIST-OPEN","SOLD","2026-02-24 05:36:04.956"
"E6BB0605","306","4",1,1,"DIST-OPEN","SOLD","2026-02-04 03:47:43.686"
"E6BB0605","201","8",4,1,"HOLD","HELD",NA
"E6BB0605","409","7",23,1,"DIST-OPEN","available",NA
"E6BB0605","114","10",11,1,"COMP","HELD",NA
"E6BB0605","102","3",11,1,"DIST-OPEN","available",NA
"E6BB0605","213","9",14,1,"DIST-OPEN","SOLD","2025-11-23 07:20:06.371"
"E6BB0605","209","9",8,1,"GROUP","HELD",NA
"E6BB0605","303","2",5,1,"HOLD","HELD",NA
"E6BB0605","308","4",15,1,"HOLD","HELD",NA
"E6BB0605","101","4",18,1,"SEASON","SOLD","2025-10-28 03:28:29.929"
"E6BB0605","408","3",14,1,"DIST-OPEN","available",NA
"E6BB0605","403","5",14,1,"DIST-OPEN","available",NA
"E6BB0605","108","7",21,1,"DIST-OPEN","available",NA
"E6BB0605","309","2",24,1,"HOLD","COMP","2026-03-21 02:40:29.505"
"E6BB0605","316","3",16,1,"DIST-OPEN","SOLD","2026-05-11 20:47:29.936"
"E6BB0605","311","1",3,1,"DIST-OPEN","available",NA
"E6BB0605","315","10",14,1,"DIST-OPEN","COMP","2026-01-06 16:43:21.838"
"E6BB0605","302","9",8,1,"SEASON","SOLD","2025-10-02 05:13:42.509"
"E6BB0605","409","9",7,1,"DIST-OPEN","available",NA
"E6BB0605","202","1",13,1,"SEASON","SOLD","2025-10-13 17:06:20.074"
"E6BB0605","309","1",4,1,"DIST-OPEN","SOLD","2026-01-03 03:07:19.485"
"E6BB0605","204","10",17,1,"DIST-OPEN","available",NA
"E6BB0605","220","10",9,1,"DIST-OPEN","SOLD","2026-01-17 02:09:05.492"
"E6BB0605","302","5",1,1,"DIST-OPEN","available",NA
"E6BB0605","317","5",3,1,"DIST-OPEN","available",NA
"E6BB0605","205","3",19,1,"SEASON","SOLD","2025-10-10 15:07:52.353"
"E6BB0605","404","6",7,1,"DIST-OPEN","available",NA
"E6BB0605","106","2",1,1,"DIST-OPEN","COMP","2026-01-19 12:32:05.908"
"E6BB0605","105","4",13,1,"GROUP","HELD",NA
"E6BB0605","307","3",13,1,"DIST-OPEN","SOLD","2026-03-12 06:01:54.299"
"E6BB0605","213","6",9,1,"DIST-OPEN","available",NA
"E6BB0605","302","5",1,1,"SEASON","SOLD","2025-10-02 02:08:55.868"
"E6BB0605","403","7",12,1,"HOLD","HELD",NA
"E6BB0605","207","2",19,1,"DIST-OPEN","SOLD","2026-05-01 09:53:43.702"
"E6BB0605","217","5",20,1,"GROUP","HELD",NA
"E6BB0605","404","6",15,1,"GROUP","HELD",NA
"E6BB0605","201","6",21,1,"DIST-OPEN","available",NA
"E6BB0605","403","9",10,1,"SEASON","SOLD","2025-10-07 20:54:06.321"
"E6BB0605","115","1",24,1,"HOLD","HELD",NA
"E6BB0605","209","2",16,1,"SEASON","SOLD","2025-10-19 21:24:00.994"
"E6BB0605","219","7",13,1,"DIST-OPEN","available",NA
"E6BB0605","303","2",20,1,"DIST-OPEN","available",NA
"E6BB0605","220","5",20,1,"GROUP","HELD",NA
"E6BB0605","209","9",9,1,"HOLD","HELD",NA
"E6BB0605","403","4",2,1,"DIST-OPEN","available",NA
"E6BB0605","404","2",5,1,"SEASON","SOLD","2025-10-25 06:24:27.849"
"E6BB0605","314","2",20,1,"DIST-OPEN","SOLD","2025-12-15 11:32:45.070"
"E6BB0605","108","3",3,1,"DIST-OPEN","available",NA
"E6BB0605","212","8",18,1,"DIST-OPEN","available",NA
"E6BB0605","302","3",6,1,"COMP","HELD",NA
"E6BB0605","202","4",8,1,"DIST-OPEN","COMP","2026-01-18 20:56:36.873"
"E6BB0605","206","8",10,1,"GROUP","HELD",NA
"E6BB0605","202","1",5,1,"DIST-OPEN","available",NA
"E6BB0605","407","8",5,1,"DIST-OPEN","SOLD","2025-12-07 17:31:50.962"
"E6BB0605","320","10",6,1,"SEASON","SOLD","2025-10-04 20:47:41.022"
"E6BB0605","204","9",5,1,"HOLD","HELD",NA
"E6BB0605","115","1",3,1,"DIST-OPEN","SOLD","2026-03-05 22:54:50.315"
"E6BB0605","402","2",14,1,"COMP","HELD",NA
"E6BB0605","116","1",20,1,"DIST-OPEN","SOLD","2025-11-23 04:34:40.402"
"E6BB0605","312","7",6,1,"SEASON","SOLD","2025-10-04 23:29:46.317"
"E6BB0605","306","6",2,1,"HOLD","COMP","2026-01-10 15:52:03.887"
"E6BB0605","201","9",22,1,"DIST-OPEN","available",NA
"E6BB0605","409","1",14,1,"HOLD","HELD",NA
"E6BB0605","114","8",2,1,"GROUP","HELD",NA
"E6BB0605","102","2",7,1,"DIST-OPEN","available",NA
"E6BB0605","213","1",11,1,"HOLD","HELD",NA
"E6BB0605","209","1",11,1,"DIST-OPEN","available",NA
"E6BB0605","303","5",18,1,"DIST-OPEN","available",NA
"E6BB0605","308","9",1,1,"COMP","HELD",NA
"E6BB0605","101","9",18,1,"SEASON","SOLD","2025-10-26 05:48:21.822"
"E6BB0605","408","10",16,1,"DIST-OPEN","available",NA
"E6BB0605","403","2",21,1,"DIST-OPEN","available",NA
"E6BB0605","108","3",22,1,"DIST-OPEN","available",NA
"E6BB0605","309","9",6,1,"DIST-OPEN","available",NA
"E6BB0605","316","1",19,1,"DIST-OPEN","SOLD","2026-06-03 07:05:37.393"
"E6BB0605","311","8",24,1,"DIST-OPEN","available",NA
"E6BB0605","315","10",11,1,"DIST-OPEN","available",NA
"E6BB0605","302","8",23,1,"DIST-OPEN","available",NA
"E6BB0605","409","4",7,1,"SEASON","SOLD","2025-10-20 18:01:26.188"
"E6BB0605","202","8",24,1,"DIST-OPEN","available",NA
"E6BB0605","309","3",13,1,"DIST-OPEN","available",NA
"E6BB0605","204","8",9,1,"DIST-OPEN","available",NA
"E6BB0605","220","10",22,1,"COMP","HELD",NA
"E6BB0605","302","8",16,1,"DIST-OPEN","available",NA
"E6BB0605","317","9",7,1,"HOLD","HELD",NA
"E6BB0605","205","4",13,1,"SEASON","SOLD","2025-10-05 07:46:27.805"
"E6BB0605","404","7",8,1,"SEASON","SOLD","2025-10-14 03:14:39.780"
"E6BB0605","106","2",12,1,"HOLD","COMP","2026-01-15 15:32:48.380"
"E6BB0605","105","7",10,1,"COMP","COMP","2026-03-10 10:14:20.264"
"E6BB0605","307","4",7,1,"GROUP","HELD",NA
"E6BB0605","213","3",1,1,"DIST-OPEN","available",NA
"E6BB0605","302","9",12,1,"DIST-OPEN","available",NA
"E6BB0605","403","6",4,1,"HOLD","HELD",NA
"E6BB0605","207","2",4,1,"GROUP","HELD",NA
"E6BB0605","217","6",15,1,"SEASON","SOLD","2025-10-13 16:19:12.138"
"E6BB0605","404","9",5,1,"DIST-OPEN","available",NA
"E6BB0605","201","8",3,1,"SEASON","SOLD","2025-10-15 13:10:22.527"
"E6BB0605","403","9",13,1,"COMP","HELD",NA
"E6BB0605","115","7",6,1,"SEASON","SOLD","2025-10-15 22:06:29.457"
"E6BB0605","209","9",13,1,"DIST-OPEN","available",NA
"E6BB0605","219","8",7,1,"DIST-OPEN","available",NA
"E6BB0605","303","1",24,1,"DIST-OPEN","SOLD","2026-01-17 19:15:59.969"
"E6BB0605","220","1",17,1,"DIST-OPEN","available",NA
"E6BB0605","209","5",17,1,"SEASON","SOLD","2025-10-18 17:07:08.448"
"E6BB0605","403","10",24,1,"SEASON","SOLD","2025-10-12 07:18:25.715"
"E6BB0605","404","4",16,1,"DIST-OPEN","SOLD","2026-02-01 15:31:14.890"
"E6BB0605","314","5",20,1,"SEASON","SOLD","2025-10-01 17:45:08.702"
"E6BB0605","108","2",8,1,"DIST-OPEN","available",NA
"E6BB0605","212","5",16,1,"HOLD","HELD",NA
"E6BB0605","302","10",19,1,"GROUP","HELD",NA
"E6BB0605","202","4",8,1,"DIST-OPEN","available",NA
"E6BB0605","206","2",14,1,"COMP","HELD",NA
"E6BB0605","202","10",9,1,"DIST-OPEN","available",NA
"E6BB0605","407","9",22,1,"HOLD","HELD",NA
"E6BB0605","320","1",22,1,"DIST-OPEN","available",NA
"E6BB0605","204","7",12,1,"DIST-OPEN","SOLD","2026-04-10 17:51:59.761"
"E6BB0605","115","3",5,1,"DIST-OPEN","SOLD","2026-01-15 08:58:50.732"
"E6BB0605","402","5",22,1,"DIST-OPEN","available",NA
"E6BB0605","116","4",14,1,"DIST-OPEN","available",NA
"E6BB0605","312","1",15,1,"HOLD","HELD",NA
"E6BB0605","306","2",2,1,"DIST-OPEN","SOLD","2026-02-09 05:59:35.295"
"E6BB0605","201","5",19,1,"DIST-OPEN","SOLD","2026-05-18 09:07:23.182"
"E6BB0605","409","2",9,1,"DIST-OPEN","available",NA
"E6BB0605","114","4",12,1,"DIST-OPEN","available",NA
"E6BB0605","102","9",20,1,"DIST-OPEN","SOLD","2026-02-04 03:36:42.658"
"E6BB0605","213","7",17,1,"SEASON","SOLD","2025-10-20 20:28:45.126"
"E6BB0605","209","9",13,1,"DIST-OPEN","SOLD","2025-12-16 04:30:17.510"
"E6BB0605","303","8",15,1,"HOLD","HELD",NA
"E6BB0605","308","10",13,1,"COMP","HELD",NA
"E6BB0605","101","1",3,1,"HOLD","HELD",NA
"E6BB0605","408","5",21,1,"HOLD","COMP","2026-01-06 12:07:15.443"
"E6BB0605","403","10",10,1,"HOLD","COMP","2026-03-31 06:10:07.006"
"E6BB0605","108","1",19,1,"SEASON","SOLD","2025-10-12 07:22:37.021"
"E6BB0605","309","10",14,1,"DIST-OPEN","available",NA
"E6BB0605","316","5",19,1,"DIST-OPEN","SOLD","2026-04-26 13:22:58.101"
"E6BB0605","311","6",20,1,"COMP","HELD",NA
"E6BB0605","315","7",10,1,"GROUP","HELD",NA
"E6BB0605","302","5",24,1,"DIST-OPEN","SOLD","2026-04-02 05:25:42.192"
"E6BB0605","409","5",16,1,"SEASON","SOLD","2025-10-07 23:26:22.038"
"E6BB0605","202","3",24,1,"COMP","COMP","2026-02-09 10:06:59.793"
"E6BB0605","309","4",22,1,"COMP","COMP","2026-02-22 23:23:01.835"
"E6BB0605","204","9",21,1,"DIST-OPEN","COMP","2026-02-28 09:06:22.371"
"E6BB0605","220","7",4,1,"DIST-OPEN","available",NA
"E6BB0605","302","10",16,1,"SEASON","SOLD","2025-10-12 20:42:51.216"
"E6BB0605","317","9",8,1,"HOLD","HELD",NA
"E6BB0605","205","4",22,1,"DIST-OPEN","available",NA
"E6BB0605","404","2",17,1,"SEASON","SOLD","2025-10-20 02:32:56.059"
"E6BB0605","106","5",19,1,"DIST-OPEN","available",NA
"E6BB0605","105","4",1,1,"COMP","HELD",NA
"E6BB0605","307","7",9,1,"COMP","HELD",NA
"E6BB0605","213","3",6,1,"GROUP","HELD",NA
"E6BB0605","302","2",10,1,"DIST-OPEN","available",NA
"E6BB0605","403","6",24,1,"DIST-OPEN","SOLD","2026-04-24 16:19:42.841"
"E6BB0605","207","7",23,1,"DIST-OPEN","SOLD","2026-01-07 04:55:30.819"
"E6BB0605","217","1",9,1,"DIST-OPEN","SOLD","2026-04-13 21:06:57.999"
"E6BB0605","404","3",8,1,"SEASON","SOLD","2025-10-18 04:00:25.678"
"E6BB0605","201","8",14,1,"DIST-OPEN","SOLD","2026-03-30 10:30:28.962"
"E6BB0605","403","10",18,1,"DIST-OPEN","SOLD","2026-03-18 13:43:45.652"
"E6BB0605","115","6",16,1,"DIST-OPEN","SOLD","2026-01-25 23:56:30.085"
"E6BB0605","209","9",21,1,"SEASON","SOLD","2025-10-26 05:57:58.397"
"E6BB0605","219","5",8,1,"GROUP","HELD",NA
"E6BB0605","303","10",14,1,"HOLD","HELD",NA
"E6BB0605","220","10",21,1,"SEASON","SOLD","2025-10-14 20:14:48.889"
"E6BB0605","209","6",2,1,"DIST-OPEN","SOLD","2026-05-10 20:48:40.036"
"E6BB0605","403","3",18,1,"SEASON","SOLD","2025-10-14 11:15:19.381"
"E6BB0605","404","8",24,1,"DIST-OPEN","SOLD","2026-04-15 12:31:06.786"
"E6BB0605","314","9",10,1,"GROUP","HELD",NA
"E6BB0605","108","3",11,1,"GROUP","HELD",NA
"E6BB0605","212","6",18,1,"DIST-OPEN","SOLD","2026-04-03 13:12:14.692"
"E6BB0605","302","8",9,1,"SEASON","SOLD","2025-10-15 23:14:07.890"
"E6BB0605","202","3",22,1,"DIST-OPEN","COMP","2026-02-23 12:23:10.530"
"E6BB0605","206","5",2,1,"SEASON","SOLD","2025-10-30 11:01:38.444"
"E6BB0605","202","7",10,1,"DIST-OPEN","SOLD","2025-11-15 11:53:59.445"
"E6BB0605","407","3",5,1,"HOLD","HELD",NA
"E6BB0605","320","10",5,1,"SEASON","SOLD","2025-10-30 05:26:18.336"
"E6BB0605","204","6",23,1,"DIST-OPEN","SOLD","2026-03-04 08:18:51.473"
"E6BB0605","115","9",23,1,"DIST-OPEN","available",NA
"E6BB0605","402","6",3,1,"COMP","HELD",NA
"E6BB0605","116","4",8,1,"DIST-OPEN","SOLD","2026-06-03 16:49:58.672"
"E6BB0605","312","5",22,1,"DIST-OPEN","SOLD","2026-01-01 13:35:01.963"
"E6BB0605","306","6",8,1,"DIST-OPEN","available",NA
"E6BB0605","201","1",12,1,"DIST-OPEN","SOLD","2026-04-04 01:03:36.655"
"E6BB0605","409","1",6,1,"SEASON","SOLD","2025-10-11 12:44:46.672"
"E6BB0605","114","4",2,1,"HOLD","HELD",NA
"E6BB0605","102","9",2,1,"DIST-OPEN","available",NA
"E6BB0605","213","8",14,1,"DIST-OPEN","available",NA
"E6BB0605","209","3",16,1,"DIST-OPEN","SOLD","2026-02-18 06:29:18.840"
"E6BB0605","303","10",8,1,"DIST-OPEN","SOLD","2026-02-07 07:20:22.341"
"E6BB0605","308","3",20,1,"DIST-OPEN","SOLD","2026-03-26 21:22:34.789"
"E6BB0605","101","1",9,1,"DIST-OPEN","available",NA
"E6BB0605","408","1",16,1,"DIST-OPEN","SOLD","2025-12-05 01:36:50.208"
"E6BB0605","403","1",3,1,"HOLD","HELD",NA
"E6BB0605","108","8",23,1,"DIST-OPEN","SOLD","2026-02-12 02:49:22.573"
"E6BB0605","309","8",4,1,"DIST-OPEN","SOLD","2026-05-20 14:21:47.089"
"E6BB0605","316","2",8,1,"DIST-OPEN","available",NA
"E6BB0605","311","1",1,1,"DIST-OPEN","SOLD","2026-05-16 06:40:06.968"
"E6BB0605","315","9",1,1,"SEASON","SOLD","2025-10-27 23:14:45.372"
"E6BB0605","302","2",6,1,"GROUP","HELD",NA
"E6BB0605","409","8",20,1,"SEASON","SOLD","2025-10-11 04:25:01.312"
"E6BB0605","202","10",13,1,"DIST-OPEN","available",NA
"E6BB0605","309","10",23,1,"HOLD","HELD",NA
"E6BB0605","204","1",21,1,"DIST-OPEN","available",NA
"E6BB0605","220","5",1,1,"DIST-OPEN","COMP","2026-03-19 07:17:52.922"
"E6BB0605","302","6",18,1,"DIST-OPEN","SOLD","2026-05-08 13:55:39.384"
"E6BB0605","317","10",17,1,"DIST-OPEN","available",NA
"E6BB0605","205","1",23,1,"DIST-OPEN","SOLD","2026-01-22 21:20:56.114"
"E6BB0605","404","4",12,1,"SEASON","SOLD","2025-10-21 12:47:23.673"
"E6BB0605","106","3",24,1,"HOLD","COMP","2026-01-04 23:55:04.222"
"E6BB0605","105","7",17,1,"DIST-OPEN","SOLD","2026-03-31 06:56:03.138"
"E6BB0605","307","7",3,1,"HOLD","HELD",NA
"E6BB0605","213","1",20,1,"DIST-OPEN","SOLD","2026-01-21 06:10:58.943"
"E6BB0605","302","4",9,1,"SEASON","SOLD","2025-10-21 03:16:24.213"
"E6BB0605","403","5",19,1,"DIST-OPEN","SOLD","2026-05-04 12:43:26.395"
"E6BB0605","207","1",3,1,"DIST-OPEN","available",NA
"E6BB0605","217","2",6,1,"SEASON","SOLD","2025-10-29 10:02:23.865"
"E6BB0605","404","7",10,1,"SEASON","SOLD","2025-10-21 11:56:56.902"
"E6BB0605","201","7",24,1,"SEASON","SOLD","2025-10-28 16:58:58.450"
"E6BB0605","403","3",14,1,"DIST-OPEN","SOLD","2025-12-29 10:23:54.416"
"E6BB0605","115","2",15,1,"DIST-OPEN","available",NA
"E6BB0605","209","9",2,1,"COMP","HELD",NA
"E6BB0605","219","2",8,1,"DIST-OPEN","SOLD","2026-04-13 21:50:02.425"
"E6BB0605","303","4",3,1,"HOLD","HELD",NA
"E6BB0605","220","3",24,1,"HOLD","HELD",NA
"E6BB0605","209","2",5,1,"SEASON","SOLD","2025-10-06 21:36:20.045"
"E6BB0605","403","10",24,1,"HOLD","HELD",NA
"E6BB0605","404","5",23,1,"DIST-OPEN","available",NA
"E6BB0605","314","1",7,1,"GROUP","HELD",NA
"E6BB0605","108","3",22,1,"HOLD","HELD",NA
"E6BB0605","212","1",2,1,"DIST-OPEN","available",NA
"E6BB0605","302","10",24,1,"DIST-OPEN","SOLD","2025-12-31 18:23:51.003"
"E6BB0605","202","3",10,1,"HOLD","HELD",NA
"E6BB0605","206","8",24,1,"DIST-OPEN","SOLD","2026-03-05 20:28:27.391"
"E6BB0605","202","8",2,1,"GROUP","HELD",NA
"E6BB0605","407","9",17,1,"GROUP","HELD",NA
"E6BB0605","320","3",5,1,"SEASON","SOLD","2025-10-13 13:40:46.848"
"E6BB0605","204","2",6,1,"DIST-OPEN","available",NA
"E6BB0605","115","4",15,1,"DIST-OPEN","SOLD","2026-05-23 21:54:58.660"
"E6BB0605","402","7",23,1,"DIST-OPEN","SOLD","2026-01-15 01:21:13.540"
"E6BB0605","116","4",3,1,"DIST-OPEN","available",NA
"E6BB0605","312","7",6,1,"DIST-OPEN","available",NA
"E6BB0605","306","10",19,1,"SEASON","SOLD","2025-10-17 13:39:32.856"
"E6BB0605","201","9",14,1,"HOLD","HELD",NA
"E6BB0605","409","4",21,1,"DIST-OPEN","available",NA
"E6BB0605","114","10",5,1,"DIST-OPEN","SOLD","2026-03-14 02:30:22.195"
"E6BB0605","102","1",13,1,"HOLD","HELD",NA
"E6BB0605","213","1",15,1,"SEASON","SOLD","2025-10-15 20:55:29.838"
"E6BB0605","209","3",15,1,"SEASON","SOLD","2025-10-02 18:12:51.335"
"E6BB0605","303","9",19,1,"DIST-OPEN","SOLD","2025-12-28 03:30:32.548"
"E6BB0605","308","1",5,1,"GROUP","HELD",NA
"E6BB0605","101","3",17,1,"DIST-OPEN","SOLD","2025-12-26 01:20:36.370"
"E6BB0605","408","8",17,1,"DIST-OPEN","SOLD","2025-12-18 20:14:20.139"
"E6BB0605","403","9",17,1,"DIST-OPEN","available",NA
"E6BB0605","108","4",20,1,"DIST-OPEN","SOLD","2026-02-23 01:18:03.884"
"E6BB0605","309","7",21,1,"SEASON","SOLD","2025-10-11 15:50:50.621"
"E6BB0605","316","9",6,1,"SEASON","SOLD","2025-10-03 00:31:17.093"
"E6BB0605","311","1",24,1,"DIST-OPEN","SOLD","2026-05-14 16:51:25.249"
"E6BB0605","315","1",14,1,"SEASON","SOLD","2025-10-18 23:24:20.998"
"E6BB0605","302","9",14,1,"HOLD","HELD",NA
"E6BB0605","409","3",23,1,"DIST-OPEN","SOLD","2026-04-22 08:51:02.818"
"E6BB0605","202","5",9,1,"DIST-OPEN","SOLD","2025-12-07 12:21:13.757"
"E6BB0605","309","9",11,1,"SEASON","SOLD","2025-10-16 10:32:25.665"
"E6BB0605","204","5",24,1,"DIST-OPEN","available",NA
"E6BB0605","220","4",5,1,"DIST-OPEN","available",NA
"E6BB0605","302","3",11,1,"SEASON","SOLD","2025-10-01 11:20:50.292"
"E6BB0605","317","3",18,1,"HOLD","HELD",NA
"E6BB0605","205","4",14,1,"DIST-OPEN","SOLD","2026-05-17 07:27:48.098"
"E6BB0605","404","6",2,1,"SEASON","SOLD","2025-10-08 14:34:09.178"
"E6BB0605","106","2",9,1,"SEASON","SOLD","2025-10-11 22:35:41.983"
"E6BB0605","105","2",5,1,"SEASON","SOLD","2025-10-17 20:03:10.339"
"E6BB0605","307","1",17,1,"DIST-OPEN","available",NA
"E6BB0605","213","2",7,1,"HOLD","HELD",NA
"E6BB0605","302","8",22,1,"GROUP","HELD",NA
"E6BB0605","403","3",20,1,"DIST-OPEN","SOLD","2025-12-27 19:52:39.513"
"E6BB0605","207","5",17,1,"HOLD","COMP","2026-03-11 13:40:58.569"
"E6BB0605","217","9",15,1,"SEASON","SOLD","2025-10-25 10:53:39.371"
"E6BB0605","404","6",9,1,"HOLD","HELD",NA
"E6BB0605","201","4",12,1,"DIST-OPEN","available",NA
"E6BB0605","403","2",19,1,"DIST-OPEN","available",NA
"E6BB0605","115","6",19,1,"DIST-OPEN","available",NA
"E6BB0605","209","8",20,1,"DIST-OPEN","SOLD","2026-03-01 16:50:52.643"
"E6BB0605","219","10",15,1,"DIST-OPEN","SOLD","2025-11-29 08:59:02.563"
"E6BB0605","303","6",7,1,"SEASON","SOLD","2025-10-08 19:26:10.625"
"E6BB0605","220","4",6,1,"DIST-OPEN","available",NA
"E6BB0605","209","3",16,1,"DIST-OPEN","available",NA
"E6BB0605","403","7",18,1,"DIST-OPEN","SOLD","2026-04-04 01:33:03.608"
"E6BB0605","404","6",23,1,"DIST-OPEN","SOLD","2026-03-01 12:56:34.563"
"E6BB0605","314","8",15,1,"SEASON","SOLD","2025-10-05 18:24:52.384"
"E6BB0605","108","6",16,1,"SEASON","SOLD","2025-10-16 01:58:48.656"
"E6BB0605","212","3",12,1,"DIST-OPEN","available",NA
"E6BB0605","302","8",17,1,"DIST-OPEN","available",NA
"E6BB0605","202","5",6,1,"HOLD","HELD",NA
"E6BB0605","206","1",6,1,"COMP","HELD",NA
"E6BB0605","202","3",2,1,"SEASON","SOLD","2025-10-23 11:32:38.513"
"E6BB0605","407","8",4,1,"GROUP","HELD",NA
"E6BB0605","320","4",20,1,"DIST-OPEN","available",NA
"E6BB0605","204","8",6,1,"COMP","HELD",NA
"E6BB0605","115","3",4,1,"DIST-OPEN","available",NA
"E6BB0605","402","8",24,1,"SEASON","SOLD","2025-10-03 15:52:19.152"
"E6BB0605","116","4",11,1,"DIST-OPEN","available",NA
"E6BB0605","312","3",20,1,"DIST-OPEN","available",NA
"E6BB0605","306","1",16,1,"SEASON","SOLD","2025-10-25 11:51:14.899"
"E6BB0605","201","4",5,1,"SEASON","SOLD","2025-10-20 13:30:41.394"
"E6BB0605","409","8",6,1,"HOLD","HELD",NA
"E6BB0605","114","3",6,1,"DIST-OPEN","SOLD","2026-01-07 15:09:27.774"
"E6BB0605","102","3",20,1,"DIST-OPEN","available",NA
"E6BB0605","213","4",17,1,"DIST-OPEN","SOLD","2026-05-25 15:39:55.178"
"E6BB0605","209","5",12,1,"DIST-OPEN","SOLD","2026-04-16 18:48:32.304"
"E6BB0605","303","3",15,1,"DIST-OPEN","SOLD","2025-12-30 18:09:29.559"
"E6BB0605","308","9",22,1,"DIST-OPEN","available",NA
"E6BB0605","101","5",20,1,"DIST-OPEN","available",NA
"E6BB0605","408","10",23,1,"DIST-OPEN","SOLD","2025-12-26 09:20:43.421"
"E6BB0605","403","4",14,1,"DIST-OPEN","SOLD","2026-04-05 19:40:26.750"
"E6BB0605","108","5",22,1,"HOLD","HELD",NA
"E6BB0605","309","1",5,1,"DIST-OPEN","available",NA
"E6BB0605","316","10",23,1,"HOLD","HELD",NA
"E6BB0605","311","7",19,1,"SEASON","SOLD","2025-10-02 03:42:30.141"
"E6BB0605","315","6",21,1,"GROUP","HELD",NA
"E6BB0605","302","10",14,1,"SEASON","SOLD","2025-10-13 21:43:49.188"
"E6BB0605","409","9",8,1,"HOLD","HELD",NA
"E6BB0605","202","1",20,1,"HOLD","HELD",NA
"E6BB0605","309","6",7,1,"COMP","HELD",NA
"E6BB0605","204","7",5,1,"DIST-OPEN","available",NA
"E6BB0605","220","7",9,1,"DIST-OPEN","COMP","2026-02-13 12:19:31.514"
"E6BB0605","302","6",16,1,"DIST-OPEN","available",NA
"E6BB0605","317","8",14,1,"GROUP","HELD",NA
"E6BB0605","205","10",18,1,"DIST-OPEN","available",NA
"E6BB0605","404","9",18,1,"HOLD","HELD",NA
"E6BB0605","106","6",17,1,"DIST-OPEN","available",NA
"E6BB0605","105","2",16,1,"DIST-OPEN","available",NA
"E6BB0605","307","9",21,1,"HOLD","HELD",NA
"E6BB0605","213","7",14,1,"COMP","HELD",NA
"E6BB0605","302","2",16,1,"HOLD","COMP","2026-01-05 12:29:24.115"
"E6BB0605","403","1",7,1,"DIST-OPEN","SOLD","2026-01-05 21:50:05.571"
"E6BB0605","207","1",14,1,"DIST-OPEN","available",NA
"E6BB0605","217","7",22,1,"DIST-OPEN","available",NA
"E6BB0605","404","1",19,1,"DIST-OPEN","SOLD","2026-03-02 08:42:12.039"
"E6BB0605","201","1",22,1,"DIST-OPEN","SOLD","2026-01-09 13:59:59.785"
"E6BB0605","403","8",8,1,"GROUP","HELD",NA
"E6BB0605","115","6",3,1,"DIST-OPEN","available",NA
"E6BB0605","209","7",24,1,"DIST-OPEN","available",NA
"E6BB0605","219","4",6,1,"SEASON","SOLD","2025-10-03 09:07:40.992"
"E6BB0605","303","1",20,1,"HOLD","HELD",NA
"E6BB0605","220","1",10,1,"DIST-OPEN","available",NA
"E6BB0605","209","8",16,1,"SEASON","SOLD","2025-10-01 21:56:14.090"
"E6BB0605","403","8",24,1,"DIST-OPEN","available",NA
"E6BB0605","404","6",3,1,"DIST-OPEN","SOLD","2026-01-21 06:42:31.331"
"E6BB0605","314","8",11,1,"COMP","HELD",NA
"E6BB0605","108","2",15,1,"DIST-OPEN","available",NA
"E6BB0605","212","2",4,1,"SEASON","SOLD","2025-10-16 10:54:50.067"
"E6BB0605","302","5",21,1,"HOLD","HELD",NA
"E6BB0605","202","5",13,1,"DIST-OPEN","available",NA
"E6BB0605","206","9",8,1,"DIST-OPEN","available",NA
"E6BB0605","202","9",22,1,"GROUP","HELD",NA
"E6BB0605","407","8",4,1,"DIST-OPEN","available",NA
"E6BB0605","320","5",12,1,"SEASON","SOLD","2025-10-19 17:42:08.680"
"E6BB0605","204","6",11,1,"DIST-OPEN","available",NA
"E6BB0605","115","5",4,1,"DIST-OPEN","SOLD","2026-03-07 11:50:58.611"
"E6BB0605","402","2",21,1,"DIST-OPEN","available",NA
"E6BB0605","116","10",8,1,"DIST-OPEN","available",NA
"E6BB0605","312","2",20,1,"DIST-OPEN","available",NA
"E6BB0605","306","6",10,1,"COMP","COMP","2026-02-27 02:40:52.085"
"E6BB0605","201","4",9,1,"DIST-OPEN","COMP","2026-03-19 22:24:11.426"
"E6BB0605","409","5",7,1,"DIST-OPEN","SOLD","2026-04-09 04:57:44.004"
"E6BB0605","114","1",12,1,"DIST-OPEN","available",NA
"E6BB0605","102","10",19,1,"DIST-OPEN","SOLD","2025-12-20 01:53:22.647"
"E6BB0605","213","8",8,1,"DIST-OPEN","SOLD","2026-05-16 03:42:23.478"
"E6BB0605","209","5",19,1,"SEASON","SOLD","2025-10-11 10:14:26.063"
"E6BB0605","303","6",18,1,"HOLD","HELD",NA
"E6BB0605","308","6",2,1,"DIST-OPEN","available",NA
"E6BB0605","101","4",24,1,"DIST-OPEN","SOLD","2026-02-02 20:35:52.577"
"E6BB0605","408","7",14,1,"GROUP","HELD",NA
"E6BB0605","403","4",15,1,"DIST-OPEN","SOLD","2026-03-01 09:11:47.438"
"E6BB0605","108","1",12,1,"GROUP","COMP","2026-01-05 18:00:48.925"
"E6BB0605","309","10",18,1,"DIST-OPEN","SOLD","2025-12-14 17:45:37.036"
"E6BB0605","316","8",10,1,"SEASON","SOLD","2025-10-17 12:10:19.832"
"E6BB0605","311","3",14,1,"SEASON","SOLD","2025-10-16 14:38:40.617"
"E6BB0605","315","5",15,1,"SEASON","SOLD","2025-10-26 23:43:05.998"
"E6BB0605","302","5",2,1,"HOLD","HELD",NA
"E6BB0605","409","1",16,1,"DIST-OPEN","COMP","2026-02-26 10:54:27.175"
"E6BB0605","202","5",6,1,"DIST-OPEN","SOLD","2026-05-14 15:34:50.455"
"E6BB0605","309","7",9,1,"HOLD","HELD",NA
"E6BB0605","204","3",2,1,"HOLD","HELD",NA
"E6BB0605","220","1",8,1,"GROUP","HELD",NA
"E6BB0605","302","3",9,1,"DIST-OPEN","SOLD","2026-03-18 21:23:55.797"
"E6BB0605","317","5",8,1,"GROUP","HELD",NA
"E6BB0605","205","3",12,1,"HOLD","HELD",NA
"E6BB0605","404","10",12,1,"DIST-OPEN","SOLD","2026-05-15 08:40:12.589"
"E6BB0605","106","1",1,1,"GROUP","HELD",NA
"E6BB0605","105","7",22,1,"DIST-OPEN","SOLD","2025-12-15 03:58:47.749"
"E6BB0605","307","2",11,1,"DIST-OPEN","SOLD","2026-03-22 12:45:35.154"
"E6BB0605","213","8",13,1,"HOLD","HELD",NA
"E6BB0605","302","6",5,1,"DIST-OPEN","SOLD","2026-01-22 01:55:34.761"
"E6BB0605","403","10",17,1,"DIST-OPEN","available",NA
"E6BB0605","207","9",5,1,"GROUP","HELD",NA
"E6BB0605","217","8",21,1,"SEASON","SOLD","2025-10-19 17:28:44.130"
"E6BB0605","404","4",18,1,"DIST-OPEN","available",NA
"E6BB0605","201","2",12,1,"DIST-OPEN","available",NA
"E6BB0605","403","1",9,1,"GROUP","HELD",NA
"E6BB0605","115","5",16,1,"SEASON","SOLD","2025-10-25 08:48:43.932"
"E6BB0605","209","3",3,1,"GROUP","COMP","2026-03-16 10:02:06.135"
"E6BB0605","219","1",15,1,"DIST-OPEN","available",NA
"E6BB0605","303","6",5,1,"SEASON","SOLD","2025-10-07 02:08:38.197"
"E6BB0605","220","6",1,1,"DIST-OPEN","SOLD","2026-03-05 11:20:28.663"
"E6BB0605","209","9",3,1,"SEASON","SOLD","2025-10-19 12:33:31.401"
"E6BB0605","403","1",24,1,"DIST-OPEN","SOLD","2025-12-13 08:22:35.772"
"E6BB0605","404","8",16,1,"SEASON","SOLD","2025-10-27 05:43:56.508"
"E6BB0605","314","3",10,1,"DIST-OPEN","available",NA
"E6BB0605","108","8",11,1,"DIST-OPEN","SOLD","2026-03-09 07:54:13.464"
"E6BB0605","212","2",3,1,"DIST-OPEN","available",NA
"E6BB0605","302","10",21,1,"DIST-OPEN","SOLD","2026-03-18 14:19:19.394"
"E6BB0605","202","1",20,1,"DIST-OPEN","SOLD","2026-01-01 00:44:16.191"
"E6BB0605","206","4",11,1,"DIST-OPEN","SOLD","2026-04-27 07:11:34.157"
"E6BB0605","202","6",3,1,"GROUP","HELD",NA
"E6BB0605","407","5",17,1,"DIST-OPEN","available",NA
"E6BB0605","320","2",11,1,"DIST-OPEN","available",NA
"E6BB0605","204","1",12,1,"GROUP","HELD",NA
"E6BB0605","115","2",22,1,"DIST-OPEN","available",NA
"E6BB0605","402","4",14,1,"SEASON","SOLD","2025-10-05 02:43:30.328"
"E6BB0605","116","2",24,1,"COMP","HELD",NA
"E6BB0605","312","2",22,1,"SEASON","SOLD","2025-10-24 19:10:50.058"
"E6BB0605","306","5",23,1,"DIST-OPEN","available",NA
"E6BB0605","201","2",19,1,"GROUP","HELD",NA
"E6BB0605","409","8",2,1,"DIST-OPEN","SOLD","2026-05-06 04:59:51.718"
"E6BB0605","114","9",19,1,"HOLD","COMP","2026-01-22 14:24:36.443"
"E6BB0605","102","4",23,1,"DIST-OPEN","SOLD","2026-05-16 14:05:22.223"
"E6BB0605","213","4",15,1,"DIST-OPEN","available",NA
"E6BB0605","209","9",6,1,"HOLD","HELD",NA
"E6BB0605","303","1",6,1,"SEASON","SOLD","2025-10-10 00:18:29.080"
"E6BB0605","308","4",5,1,"DIST-OPEN","SOLD","2026-05-18 01:02:19.046"
"E6BB0605","101","2",16,1,"DIST-OPEN","SOLD","2026-04-19 23:08:40.511"
"E6BB0605","408","7",10,1,"DIST-OPEN","COMP","2026-02-02 13:19:25.274"
"E6BB0605","403","6",2,1,"DIST-OPEN","SOLD","2026-01-06 09:48:03.822"
"E6BB0605","108","3",24,1,"GROUP","HELD",NA
"E6BB0605","309","6",15,1,"GROUP","HELD",NA
"E6BB0605","316","9",11,1,"DIST-OPEN","available",NA
"E6BB0605","311","3",12,1,"DIST-OPEN","COMP","2026-01-10 04:07:41.673"
"E6BB0605","315","6",16,1,"SEASON","SOLD","2025-10-08 18:20:37.654"
"E6BB0605","302","5",10,1,"SEASON","SOLD","2025-10-11 22:31:48.877"
"E6BB0605","409","4",15,1,"DIST-OPEN","available",NA
"E6BB0605","202","10",7,1,"HOLD","COMP","2026-01-21 07:25:34.263"
"E6BB0605","309","5",2,1,"SEASON","SOLD","2025-10-02 02:01:46.038"
"E6BB0605","204","5",20,1,"DIST-OPEN","available",NA
"E6BB0605","220","9",24,1,"DIST-OPEN","available",NA
"E6BB0605","302","2",21,1,"COMP","HELD",NA
"E6BB0605","317","8",16,1,"SEASON","SOLD","2025-10-18 20:06:52.800"
"E6BB0605","205","5",20,1,"DIST-OPEN","SOLD","2025-12-22 18:01:02.122"
"E6BB0605","404","4",9,1,"SEASON","SOLD","2025-10-11 14:37:56.622"
"E6BB0605","106","4",6,1,"DIST-OPEN","available",NA
"E6BB0605","105","3",5,1,"GROUP","HELD",NA
"E6BB0605","307","6",16,1,"GROUP","HELD",NA
"E6BB0605","213","7",19,1,"DIST-OPEN","available",NA
"E6BB0605","302","1",1,1,"DIST-OPEN","available",NA
"E6BB0605","403","2",14,1,"DIST-OPEN","available",NA
"E6BB0605","207","9",13,1,"DIST-OPEN","SOLD","2026-04-21 05:06:24.661"
"E6BB0605","217","8",19,1,"SEASON","SOLD","2025-10-27 14:02:40.502"
"E6BB0605","404","1",16,1,"DIST-OPEN","SOLD","2026-01-08 21:13:23.892"
"E6BB0605","201","8",4,1,"DIST-OPEN","SOLD","2026-05-15 04:49:35.474"
"E6BB0605","403","10",5,1,"DIST-OPEN","SOLD","2026-02-19 14:06:47.372"
"E6BB0605","115","7",6,1,"SEASON","SOLD","2025-10-20 13:33:23.544"
"E6BB0605","209","2",3,1,"DIST-OPEN","available",NA
"E6BB0605","219","4",14,1,"DIST-OPEN","available",NA
"E6BB0605","303","10",19,1,"SEASON","SOLD","2025-10-25 19:27:35.648"
"E6BB0605","220","6",21,1,"SEASON","SOLD","2025-10-01 10:52:31.454"
"E6BB0605","209","8",16,1,"SEASON","SOLD","2025-10-13 16:30:15.919"
"E6BB0605","403","10",15,1,"DIST-OPEN","SOLD","2025-12-14 00:59:42.547"
"E6BB0605","404","6",6,1,"DIST-OPEN","SOLD","2025-12-08 04:09:28.079"
"E6BB0605","314","4",12,1,"HOLD","HELD",NA
"E6BB0605","108","3",9,1,"SEASON","SOLD","2025-10-01 10:11:48.503"
"E6BB0605","212","2",19,1,"SEASON","SOLD","2025-10-06 17:51:44.033"
"E6BB0605","302","8",12,1,"DIST-OPEN","available",NA
"E6BB0605","202","5",18,1,"DIST-OPEN","SOLD","2026-03-22 22:19:37.517"
"E6BB0605","206","4",2,1,"DIST-OPEN","SOLD","2026-04-01 08:34:54.613"
"E6BB0605","202","8",1,1,"DIST-OPEN","SOLD","2026-02-18 03:23:39.400"
"E6BB0605","407","7",21,1,"SEASON","SOLD","2025-10-27 01:38:32.363"
"E6BB0605","320","9",21,1,"SEASON","SOLD","2025-10-10 03:22:07.326"
"E6BB0605","204","3",3,1,"DIST-OPEN","available",NA
"E6BB0605","115","4",15,1,"DIST-OPEN","available",NA
"E6BB0605","402","6",19,1,"DIST-OPEN","COMP","2026-01-15 21:34:29.758"
"E6BB0605","116","6",11,1,"DIST-OPEN","available",NA
"E6BB0605","312","9",15,1,"DIST-OPEN","SOLD","2025-12-21 11:46:29.059"
"E6BB0605","306","2",12,1,"DIST-OPEN","available",NA
"E6BB0605","201","10",23,1,"SEASON","SOLD","2025-10-12 21:09:42.134"
"E6BB0605","409","6",14,1,"DIST-OPEN","available",NA
"E6BB0605","114","7",2,1,"COMP","HELD",NA
"E6BB0605","102","4",5,1,"GROUP","HELD",NA
"E6BB0605","213","1",7,1,"DIST-OPEN","available",NA
"E6BB0605","209","6",7,1,"COMP","HELD",NA
"E6BB0605","303","3",20,1,"DIST-OPEN","available",NA
"E6BB0605","308","1",13,1,"DIST-OPEN","available",NA
"E6BB0605","101","6",20,1,"DIST-OPEN","available",NA
"E6BB0605","408","1",6,1,"HOLD","HELD",NA
"E6BB0605","403","4",17,1,"HOLD","HELD",NA
"E6BB0605","108","7",10,1,"SEASON","SOLD","2025-10-05 01:46:15.459"
"E6BB0605","309","10",22,1,"DIST-OPEN","available",NA
"E6BB0605","316","3",15,1,"GROUP","HELD",NA
"E6BB0605","311","1",9,1,"DIST-OPEN","available",NA
"E6BB0605","315","2",9,1,"DIST-OPEN","SOLD","2026-04-12 11:05:00.280"
"E6BB0605","302","7",22,1,"HOLD","HELD",NA
"E6BB0605","409","9",4,1,"DIST-OPEN","available",NA
"E6BB0605","202","2",21,1,"SEASON","SOLD","2025-10-26 00:20:07.845"
"E6BB0605","309","1",1,1,"DIST-OPEN","available",NA
"E6BB0605","204","9",19,1,"DIST-OPEN","COMP","2026-01-02 12:43:46.284"
"E6BB0605","220","5",21,1,"DIST-OPEN","SOLD","2025-11-24 10:38:42.721"
"E6BB0605","302","4",20,1,"DIST-OPEN","available",NA
"E6BB0605","317","8",20,1,"DIST-OPEN","available",NA
"E6BB0605","205","7",18,1,"DIST-OPEN","available",NA
"E6BB0605","404","3",16,1,"SEASON","SOLD","2025-10-30 09:35:23.758"
"E6BB0605","106","4",10,1,"DIST-OPEN","available",NA
"E6BB0605","105","4",18,1,"DIST-OPEN","SOLD","2026-03-23 19:48:10.182"
"E6BB0605","307","3",16,1,"DIST-OPEN","available",NA
"E6BB0605","213","10",16,1,"DIST-OPEN","available",NA
"E6BB0605","302","9",17,1,"DIST-OPEN","available",NA
"E6BB0605","403","7",12,1,"DIST-OPEN","SOLD","2026-02-12 11:11:20.853"
"E6BB0605","207","9",9,1,"DIST-OPEN","SOLD","2026-05-01 09:34:56.553"
"E6BB0605","217","4",17,1,"DIST-OPEN","SOLD","2026-05-03 03:50:52.596"
"E6BB0605","404","10",22,1,"HOLD","HELD",NA
"E6BB0605","201","4",16,1,"DIST-OPEN","available",NA
"E6BB0605","403","9",21,1,"COMP","HELD",NA
"E6BB0605","115","7",2,1,"COMP","COMP","2026-02-21 12:54:27.804"
"E6BB0605","209","7",23,1,"COMP","HELD",NA
"E6BB0605","219","4",24,1,"DIST-OPEN","SOLD","2025-11-27 22:48:23.017"
"E6BB0605","303","3",2,1,"DIST-OPEN","available",NA
"E6BB0605","220","7",13,1,"HOLD","HELD",NA
"E6BB0605","209","3",19,1,"DIST-OPEN","available",NA
"E6BB0605","403","9",9,1,"DIST-OPEN","available",NA
"E6BB0605","404","3",10,1,"DIST-OPEN","available",NA
"E6BB0605","314","4",19,1,"DIST-OPEN","available",NA
"E6BB0605","108","8",19,1,"GROUP","HELD",NA
"E6BB0605","212","8",23,1,"COMP","HELD",NA
"E6BB0605","302","9",20,1,"DIST-OPEN","SOLD","2026-04-02 03:16:14.528"
"E6BB0605","202","10",11,1,"DIST-OPEN","available",NA
"E6BB0605","206","8",17,1,"GROUP","HELD",NA
"E6BB0605","202","6",23,1,"HOLD","HELD",NA
"E6BB0605","407","5",13,1,"DIST-OPEN","available",NA
"E6BB0605","320","5",22,1,"DIST-OPEN","SOLD","2025-12-18 20:44:49.355"
"E6BB0605","204","10",16,1,"DIST-OPEN","available",NA
"E6BB0605","115","10",5,1,"SEASON","SOLD","2025-10-09 02:11:15.981"
"E6BB0605","402","6",16,1,"DIST-OPEN","available",NA
"E6BB0605","116","5",7,1,"SEASON","SOLD","2025-10-21 03:10:00.474"
"E6BB0605","312","4",13,1,"SEASON","SOLD","2025-10-11 20:45:33.448"
"E6BB0605","306","10",15,1,"DIST-OPEN","available",NA
"E6BB0605","201","1",19,1,"GROUP","HELD",NA
"E6BB0605","409","1",6,1,"DIST-OPEN","COMP","2026-02-21 05:45:07.011"
"E6BB0605","114","3",22,1,"SEASON","SOLD","2025-10-31 00:07:44.123"
"E6BB0605","102","2",14,1,"SEASON","SOLD","2025-10-18 09:07:12.975"
"E6BB0605","213","9",11,1,"DIST-OPEN","SOLD","2026-01-31 06:38:18.625"
"E6BB0605","209","8",18,1,"SEASON","SOLD","2025-10-29 09:06:39.136"
"E6BB0605","303","8",24,1,"DIST-OPEN","SOLD","2025-11-16 04:36:11.724"
"E6BB0605","308","7",18,1,"DIST-OPEN","SOLD","2026-05-03 22:23:38.600"
"E6BB0605","101","5",17,1,"DIST-OPEN","available",NA
"E6BB0605","408","3",23,1,"SEASON","SOLD","2025-10-27 19:26:00.092"
"E6BB0605","403","3",12,1,"DIST-OPEN","SOLD","2026-03-28 17:31:24.153"
"E6BB0605","108","8",2,1,"DIST-OPEN","SOLD","2026-02-20 23:01:11.078"
"E6BB0605","309","8",9,1,"HOLD","HELD",NA
"E6BB0605","316","5",7,1,"COMP","HELD",NA
"E6BB0605","311","6",22,1,"DIST-OPEN","available",NA
"E6BB0605","315","8",17,1,"HOLD","HELD",NA
"E6BB0605","302","2",24,1,"DIST-OPEN","SOLD","2026-02-19 00:58:47.857"
"E6BB0605","409","10",2,1,"DIST-OPEN","available",NA
"E6BB0605","202","7",2,1,"GROUP","HELD",NA
"E6BB0605","309","2",13,1,"GROUP","HELD",NA
"E6BB0605","204","5",16,1,"HOLD","HELD",NA
"E6BB0605","220","7",19,1,"DIST-OPEN","SOLD","2026-01-13 06:45:52.656"
"E6BB0605","302","9",2,1,"COMP","HELD",NA
"E6BB0605","317","3",22,1,"DIST-OPEN","SOLD","2026-03-29 11:34:01.197"
"E6BB0605","205","5",10,1,"DIST-OPEN","available",NA
"E6BB0605","404","4",3,1,"DIST-OPEN","available",NA
"E6BB0605","106","5",23,1,"HOLD","HELD",NA
"E6BB0605","105","2",17,1,"SEASON","SOLD","2025-10-20 19:50:05.044"
"E6BB0605","307","1",24,1,"DIST-OPEN","SOLD","2026-04-20 16:45:51.524"
"E6BB0605","213","2",17,1,"COMP","HELD",NA
"E6BB0605","302","8",7,1,"SEASON","SOLD","2025-10-12 21:04:55.328"
"E6BB0605","403","2",4,1,"DIST-OPEN","available",NA
"E6BB0605","207","5",1,1,"DIST-OPEN","available",NA
"E6BB0605","217","1",3,1,"DIST-OPEN","SOLD","2026-05-29 18:06:06.902"
"E6BB0605","404","7",16,1,"COMP","HELD",NA
"E6BB0605","201","10",14,1,"DIST-OPEN","SOLD","2026-05-24 09:29:51.905"
"E6BB0605","403","2",5,1,"DIST-OPEN","available",NA
"E6BB0605","115","10",4,1,"DIST-OPEN","SOLD","2026-02-20 12:43:38.349"
"E6BB0605","209","3",18,1,"GROUP","HELD",NA
"E6BB0605","219","9",1,1,"SEASON","SOLD","2025-10-03 18:25:21.413"
"E6BB0605","303","6",14,1,"HOLD","HELD",NA
"E6BB0605","220","3",17,1,"GROUP","HELD",NA
"E6BB0605","209","1",19,1,"DIST-OPEN","available",NA
"E6BB0605","403","7",4,1,"DIST-OPEN","available",NA
"E6BB0605","404","3",12,1,"DIST-OPEN","SOLD","2026-03-25 12:31:31.087"
"E6BB0605","314","2",16,1,"SEASON","SOLD","2025-10-20 15:03:32.180"
"E6BB0605","108","4",17,1,"DIST-OPEN","available",NA
"E6BB0605","212","9",10,1,"DIST-OPEN","available",NA
"E6BB0605","302","9",19,1,"COMP","HELD",NA
"E6BB0605","202","3",5,1,"DIST-OPEN","available",NA
"E6BB0605","206","9",1,1,"DIST-OPEN","COMP","2026-01-01 14:38:40.046"
"E6BB0605","202","7",8,1,"DIST-OPEN","SOLD","2025-12-17 07:32:54.420"
"E6BB0605","407","3",11,1,"SEASON","SOLD","2025-10-03 23:01:27.501"
"E6BB0605","320","6",4,1,"DIST-OPEN","available",NA
"E6BB0605","204","6",2,1,"COMP","HELD",NA
"E6BB0605","115","8",24,1,"COMP","HELD",NA
"E6BB0605","402","7",22,1,"DIST-OPEN","SOLD","2025-12-13 09:56:18.356"
"E6BB0605","116","9",12,1,"HOLD","HELD",NA
"E6BB0605","312","4",3,1,"DIST-OPEN","available",NA
"E6BB0605","306","5",9,1,"SEASON","SOLD","2025-10-07 04:19:21.163"
"E6BB0605","201","9",6,1,"DIST-OPEN","available",NA
"E6BB0605","409","1",22,1,"DIST-OPEN","available",NA
"E6BB0605","114","6",8,1,"DIST-OPEN","available",NA
"E6BB0605","102","9",16,1,"DIST-OPEN","available",NA
"E6BB0605","213","2",15,1,"HOLD","HELD",NA
"E6BB0605","209","3",20,1,"SEASON","SOLD","2025-10-02 10:32:42.799"
"E6BB0605","303","6",24,1,"DIST-OPEN","available",NA
"E6BB0605","308","8",15,1,"DIST-OPEN","available",NA
"E6BB0605","101","4",20,1,"SEASON","SOLD","2025-10-14 06:21:24.734"
"E6BB0605","408","6",21,1,"SEASON","SOLD","2025-10-04 15:27:25.756"
"E6BB0605","403","5",8,1,"SEASON","SOLD","2025-10-16 09:15:19.037"
"E6BB0605","108","5",23,1,"DIST-OPEN","available",NA
"E6BB0605","309","2",18,1,"DIST-OPEN","available",NA
"E6BB0605","316","10",2,1,"DIST-OPEN","available",NA
"E6BB0605","311","10",12,1,"HOLD","HELD",NA
"E6BB0605","315","2",9,1,"DIST-OPEN","available",NA
"E6BB0605","302","5",1,1,"DIST-OPEN","available",NA
"E6BB0605","409","10",14,1,"DIST-OPEN","SOLD","2026-05-15 07:47:10.809"
"E6BB0605","202","4",19,1,"HOLD","HELD",NA
"E6BB0605","309","8",1,1,"SEASON","SOLD","2025-10-21 23:26:14.834"
"E6BB0605","204","7",8,1,"SEASON","SOLD","2025-10-26 01:13:06.013"
"E6BB0605","220","5",15,1,"SEASON","SOLD","2025-10-28 01:18:14.134"
"E6BB0605","302","1",13,1,"HOLD","HELD",NA
"E6BB0605","317","4",2,1,"DIST-OPEN","available",NA
"E6BB0605","205","6",23,1,"DIST-OPEN","SOLD","2026-03-19 21:12:23.873"
"E6BB0605","404","6",10,1,"COMP","HELD",NA
"E6BB0605","106","1",24,1,"GROUP","HELD",NA
"E6BB0605","105","5",10,1,"DIST-OPEN","available",NA
"E6BB0605","307","1",20,1,"DIST-OPEN","SOLD","2025-12-08 15:37:11.274"
"E6BB0605","213","4",22,1,"DIST-OPEN","SOLD","2025-12-18 10:53:59.169"
"E6BB0605","302","2",14,1,"DIST-OPEN","available",NA
"E6BB0605","403","8",24,1,"DIST-OPEN","available",NA
"E6BB0605","207","1",9,1,"DIST-OPEN","available",NA
"E6BB0605","217","3",10,1,"SEASON","SOLD","2025-10-23 12:06:34.985"
"E6BB0605","404","2",23,1,"GROUP","HELD",NA
"E6BB0605","201","10",6,1,"DIST-OPEN","SOLD","2026-03-15 21:01:58.306"
"E6BB0605","403","2",5,1,"DIST-OPEN","SOLD","2026-02-14 05:14:28.381"
"E6BB0605","115","9",1,1,"DIST-OPEN","SOLD","2026-01-23 14:22:15.675"
"E6BB0605","209","9",19,1,"DIST-OPEN","available",NA
"E6BB0605","219","5",24,1,"DIST-OPEN","available",NA
"E6BB0605","303","1",4,1,"HOLD","HELD",NA
"E6BB0605","220","1",14,1,"SEASON","SOLD","2025-10-26 20:08:12.456"
"E6BB0605","209","9",14,1,"DIST-OPEN","SOLD","2026-05-14 07:47:10.427"
"E6BB0605","403","2",22,1,"DIST-OPEN","available",NA
"E6BB0605","404","6",12,1,"HOLD","HELD",NA
"E6BB0605","314","7",2,1,"DIST-OPEN","SOLD","2025-12-16 23:31:13.942"
"E6BB0605","108","9",3,1,"DIST-OPEN","SOLD","2026-04-25 12:31:46.101"
"E6BB0605","212","5",9,1,"HOLD","HELD",NA
"E6BB0605","302","7",19,1,"SEASON","SOLD","2025-10-24 08:19:25.234"
"E6BB0605","202","1",6,1,"DIST-OPEN","available",NA
"E6BB0605","206","7",5,1,"SEASON","SOLD","2025-10-12 15:40:12.068"
"E6BB0605","202","8",24,1,"DIST-OPEN","available",NA
"E6BB0605","407","2",18,1,"SEASON","SOLD","2025-10-31 00:10:58.221"
"E6BB0605","320","5",19,1,"GROUP","HELD",NA
"E6BB0605","204","5",16,1,"GROUP","HELD",NA
"E6BB0605","115","3",14,1,"HOLD","HELD",NA
"E6BB0605","402","8",8,1,"GROUP","HELD",NA
"E6BB0605","116","7",12,1,"HOLD","HELD",NA
"E6BB0605","312","9",9,1,"DIST-OPEN","available",NA
"E6BB0605","306","7",4,1,"DIST-OPEN","available",NA
"E6BB0605","201","7",20,1,"DIST-OPEN","available",NA
"E6BB0605","409","1",2,1,"DIST-OPEN","SOLD","2026-03-28 16:27:24.098"
"E6BB0605","114","5",21,1,"SEASON","SOLD","2025-10-20 02:39:49.700"
"E6BB0605","102","7",3,1,"DIST-OPEN","SOLD","2026-02-24 00:50:12.870"
"E6BB0605","213","4",15,1,"SEASON","SOLD","2025-10-17 15:03:40.740"
"E6BB0605","209","3",13,1,"DIST-OPEN","SOLD","2026-04-27 03:58:25.205"
"E6BB0605","303","3",20,1,"DIST-OPEN","available",NA
"E6BB0605","308","1",9,1,"DIST-OPEN","available",NA
"E6BB0605","101","9",24,1,"DIST-OPEN","SOLD","2026-05-31 12:18:27.100"
"E6BB0605","408","3",20,1,"DIST-OPEN","available",NA
"E6BB0605","403","7",20,1,"SEASON","SOLD","2025-10-07 18:58:57.665"
"E6BB0605","108","7",10,1,"HOLD","HELD",NA
"E6BB0605","309","3",15,1,"SEASON","SOLD","2025-10-21 15:16:11.331"
"E6BB0605","316","1",2,1,"DIST-OPEN","available",NA
"E6BB0605","311","5",22,1,"DIST-OPEN","available",NA
"E6BB0605","315","8",23,1,"DIST-OPEN","SOLD","2025-11-20 13:26:22.136"
"E6BB0605","302","7",19,1,"DIST-OPEN","available",NA
"E6BB0605","409","4",20,1,"DIST-OPEN","SOLD","2026-03-17 23:13:37.425"
"E6BB0605","202","8",6,1,"HOLD","HELD",NA
"E6BB0605","309","1",15,1,"GROUP","COMP","2026-02-03 06:42:16.377"
"E6BB0605","204","10",17,1,"DIST-OPEN","available",NA
"E6BB0605","220","9",21,1,"DIST-OPEN","available",NA
"E6BB0605","302","3",19,1,"DIST-OPEN","available",NA
"E6BB0605","317","2",3,1,"DIST-OPEN","available",NA
"E6BB0605","205","7",6,1,"DIST-OPEN","available",NA
"E6BB0605","404","9",7,1,"DIST-OPEN","SOLD","2025-11-22 11:11:07.510"
"E6BB0605","106","9",9,1,"GROUP","HELD",NA
"E6BB0605","105","3",14,1,"SEASON","SOLD","2025-10-21 04:40:03.774"
"E6BB0605","307","8",8,1,"DIST-OPEN","available",NA
"E6BB0605","213","10",2,1,"COMP","HELD",NA
"E6BB0605","302","10",9,1,"SEASON","SOLD","2025-10-27 13:05:08.368"
"E6BB0605","403","8",20,1,"DIST-OPEN","available",NA
"E6BB0605","207","5",3,1,"DIST-OPEN","COMP","2026-03-23 02:37:01.019"
"E6BB0605","217","8",18,1,"HOLD","HELD",NA
"E6BB0605","404","7",8,1,"DIST-OPEN","available",NA
"E6BB0605","201","7",15,1,"DIST-OPEN","SOLD","2025-11-17 19:31:20.740"
"E6BB0605","403","6",19,1,"DIST-OPEN","SOLD","2026-04-03 12:37:16.777"
"E6BB0605","115","4",7,1,"HOLD","HELD",NA
"E6BB0605","209","1",8,1,"DIST-OPEN","SOLD","2026-02-20 00:13:30.209"
"E6BB0605","219","3",19,1,"DIST-OPEN","available",NA
"E6BB0605","303","2",10,1,"DIST-OPEN","COMP","2026-01-06 01:37:02.223"
"E6BB0605","220","10",17,1,"DIST-OPEN","SOLD","2026-06-03 15:42:56.812"
"E6BB0605","209","8",11,1,"COMP","HELD",NA
"E6BB0605","403","10",19,1,"HOLD","HELD",NA
"E6BB0605","404","3",14,1,"DIST-OPEN","available",NA
"E6BB0605","314","10",9,1,"DIST-OPEN","available",NA
"E6BB0605","108","6",3,1,"HOLD","HELD",NA
"E6BB0605","212","5",18,1,"HOLD","HELD",NA
"E6BB0605","302","6",17,1,"DIST-OPEN","available",NA
"E6BB0605","202","8",6,1,"DIST-OPEN","SOLD","2026-01-31 06:21:01.655"
"E6BB0605","206","7",20,1,"SEASON","SOLD","2025-10-11 14:59:28.751"
"E6BB0605","202","4",23,1,"SEASON","SOLD","2025-10-26 02:52:51.312"
"E6BB0605","407","2",20,1,"SEASON","SOLD","2025-10-10 14:46:39.345"
"E6BB0605","320","3",6,1,"HOLD","HELD",NA
"E6BB0605","204","7",15,1,"DIST-OPEN","available",NA
"E6BB0605","115","6",12,1,"DIST-OPEN","SOLD","2026-04-26 02:27:29.803"
"E6BB0605","402","9",13,1,"DIST-OPEN","available",NA
"E6BB0605","116","5",22,1,"SEASON","SOLD","2025-10-22 21:04:11.350"
"E6BB0605","312","3",10,1,"DIST-OPEN","available",NA
"E6BB0605","306","1",10,1,"DIST-OPEN","available",NA
"E6BB0605","201","1",15,1,"DIST-OPEN","available",NA
"E6BB0605","409","6",3,1,"SEASON","SOLD","2025-10-12 02:11:40.558"
"E6BB0605","114","9",13,1,"DIST-OPEN","SOLD","2025-12-03 20:41:32.689"
"E6BB0605","102","5",18,1,"HOLD","COMP","2026-01-16 06:26:52.632"
"E6BB0605","213","1",6,1,"HOLD","HELD",NA
"E6BB0605","209","2",21,1,"DIST-OPEN","available",NA
"E6BB0605","303","4",18,1,"SEASON","SOLD","2025-10-21 19:24:40.159"
"E6BB0605","308","5",24,1,"SEASON","SOLD","2025-10-25 00:27:03.399"
"E6BB0605","101","6",19,1,"SEASON","SOLD","2025-10-28 03:59:39.507"
"E6BB0605","408","3",2,1,"SEASON","SOLD","2025-10-21 05:14:03.909"
"E6BB0605","403","5",2,1,"DIST-OPEN","COMP","2026-02-26 04:04:23.581"
"E6BB0605","108","9",24,1,"SEASON","SOLD","2025-10-28 16:37:29.535"
"E6BB0605","309","6",20,1,"SEASON","SOLD","2025-10-02 16:42:38.571"
"E6BB0605","316","10",6,1,"DIST-OPEN","SOLD","2026-03-17 19:07:22.376"
"E6BB0605","311","4",18,1,"DIST-OPEN","available",NA
"E6BB0605","315","9",18,1,"HOLD","COMP","2026-02-23 12:30:34.126"
"E6BB0605","302","10",18,1,"HOLD","HELD",NA
"E6BB0605","409","9",14,1,"DIST-OPEN","SOLD","2026-06-04 15:01:46.277"
"E6BB0605","202","4",6,1,"GROUP","HELD",NA
"E6BB0605","309","7",4,1,"DIST-OPEN","SOLD","2026-04-20 06:16:07.481"
"E6BB0605","204","1",17,1,"DIST-OPEN","available",NA
"E6BB0605","220","4",17,1,"DIST-OPEN","available",NA
"E6BB0605","302","5",16,1,"SEASON","SOLD","2025-10-31 03:16:10.072"
"E6BB0605","317","1",4,1,"DIST-OPEN","available",NA
"E6BB0605","205","2",3,1,"DIST-OPEN","available",NA
"E6BB0605","404","3",1,1,"SEASON","SOLD","2025-10-22 07:05:32.896"
"E6BB0605","106","4",18,1,"DIST-OPEN","SOLD","2026-01-04 01:14:13.635"
"E6BB0605","105","9",20,1,"SEASON","SOLD","2025-10-08 00:01:35.697"
"E6BB0605","307","4",15,1,"DIST-OPEN","SOLD","2026-03-05 22:54:37.026"
"E6BB0605","213","10",14,1,"GROUP","HELD",NA
"E6BB0605","302","4",9,1,"HOLD","HELD",NA
"E6BB0605","403","4",11,1,"HOLD","HELD",NA
"E6BB0605","207","5",23,1,"DIST-OPEN","available",NA
"E6BB0605","217","5",6,1,"SEASON","SOLD","2025-10-06 19:15:10.710"
"E6BB0605","404","10",13,1,"DIST-OPEN","SOLD","2026-03-28 07:16:37.081"
"E6BB0605","201","5",1,1,"DIST-OPEN","available",NA
"E6BB0605","403","6",3,1,"DIST-OPEN","SOLD","2025-12-09 20:40:40.454"
"E6BB0605","115","10",21,1,"DIST-OPEN","available",NA
"E6BB0605","209","4",7,1,"DIST-OPEN","SOLD","2025-12-01 15:25:25.590"
"E6BB0605","219","5",6,1,"HOLD","HELD",NA
"E6BB0605","303","9",21,1,"DIST-OPEN","available",NA
"E6BB0605","220","1",12,1,"SEASON","SOLD","2025-10-10 23:33:44.514"
"E6BB0605","209","1",15,1,"DIST-OPEN","available",NA
"E6BB0605","403","6",15,1,"DIST-OPEN","SOLD","2025-12-30 05:10:15.650"
"E6BB0605","404","8",15,1,"HOLD","HELD",NA
"E6BB0605","314","3",13,1,"DIST-OPEN","SOLD","2026-02-17 10:44:46.377"
"E6BB0605","108","4",8,1,"DIST-OPEN","available",NA
"E6BB0605","212","8",16,1,"SEASON","SOLD","2025-10-05 00:45:20.984"
"E6BB0605","302","9",7,1,"COMP","COMP","2026-03-26 19:31:42.078"
"E6BB0605","202","8",23,1,"DIST-OPEN","SOLD","2026-03-05 23:33:52.464"
"E6BB0605","206","6",4,1,"DIST-OPEN","SOLD","2026-04-01 08:42:40.535"
"E6BB0605","202","1",2,1,"GROUP","HELD",NA
"E6BB0605","407","9",3,1,"SEASON","SOLD","2025-10-24 22:14:59.666"
"E6BB0605","320","5",24,1,"DIST-OPEN","SOLD","2026-03-16 18:36:32.278"
"E6BB0605","204","8",5,1,"DIST-OPEN","available",NA
"E6BB0605","115","9",16,1,"SEASON","SOLD","2025-10-25 00:57:02.939"
"E6BB0605","402","5",20,1,"DIST-OPEN","available",NA
"E6BB0605","116","5",24,1,"DIST-OPEN","available",NA
"E6BB0605","312","3",2,1,"COMP","HELD",NA
"E6BB0605","306","7",7,1,"DIST-OPEN","SOLD","2025-12-09 08:33:00.766"
"E6BB0605","201","5",15,1,"DIST-OPEN","SOLD","2025-12-07 03:19:57.293"
"E6BB0605","409","7",23,1,"SEASON","SOLD","2025-10-09 02:23:26.750"
"E6BB0605","114","6",13,1,"HOLD","HELD",NA
"E6BB0605","102","4",15,1,"COMP","HELD",NA
"E6BB0605","213","9",22,1,"HOLD","HELD",NA
"E6BB0605","209","5",9,1,"DIST-OPEN","SOLD","2026-01-19 13:42:40.357"
"E6BB0605","303","4",13,1,"DIST-OPEN","SOLD","2026-04-29 06:06:29.060"
"E6BB0605","308","5",10,1,"SEASON","SOLD","2025-10-26 02:18:00.274"
"E6BB0605","101","8",8,1,"DIST-OPEN","available",NA
"E6BB0605","408","3",13,1,"DIST-OPEN","SOLD","2026-03-12 02:32:46.245"
"E6BB0605","403","3",21,1,"DIST-OPEN","SOLD","2026-02-07 03:43:53.434"
"E6BB0605","108","8",7,1,"HOLD","HELD",NA
"E6BB0605","309","2",11,1,"SEASON","SOLD","2025-10-18 02:11:02.256"
"E6BB0605","316","10",22,1,"DIST-OPEN","available",NA
"E6BB0605","311","8",24,1,"DIST-OPEN","available",NA
"E6BB0605","315","7",24,1,"DIST-OPEN","available",NA
"E6BB0605","302","10",23,1,"GROUP","HELD",NA
"E6BB0605","409","9",13,1,"COMP","HELD",NA
"E6BB0605","202","5",16,1,"SEASON","SOLD","2025-10-07 23:02:13.530"
"E6BB0605","309","1",8,1,"HOLD","HELD",NA
"E6BB0605","204","5",8,1,"DIST-OPEN","available",NA
"E6BB0605","220","9",15,1,"DIST-OPEN","available",NA
"E6BB0605","302","9",17,1,"DIST-OPEN","available",NA
"E6BB0605","317","10",6,1,"DIST-OPEN","SOLD","2026-01-23 10:40:52.946"
"E6BB0605","205","6",6,1,"DIST-OPEN","SOLD","2026-04-30 06:40:45.082"
"E6BB0605","404","2",23,1,"DIST-OPEN","available",NA
"E6BB0605","106","4",22,1,"DIST-OPEN","available",NA
"E6BB0605","105","9",20,1,"DIST-OPEN","SOLD","2026-04-10 22:14:38.821"
"E6BB0605","307","2",11,1,"DIST-OPEN","SOLD","2026-04-22 14:10:48.747"
"E6BB0605","213","1",23,1,"SEASON","SOLD","2025-10-01 15:38:54.401"
"E6BB0605","302","2",6,1,"HOLD","HELD",NA
"E6BB0605","403","10",4,1,"GROUP","HELD",NA
"E6BB0605","207","2",20,1,"DIST-OPEN","available",NA
"E6BB0605","217","1",9,1,"GROUP","COMP","2026-02-21 17:31:55.583"
"E6BB0605","404","9",17,1,"DIST-OPEN","available",NA
"E6BB0605","201","10",20,1,"SEASON","SOLD","2025-10-04 11:13:22.436"
"E6BB0605","403","9",2,1,"DIST-OPEN","SOLD","2026-04-19 05:15:11.003"
"E6BB0605","115","9",15,1,"DIST-OPEN","SOLD","2026-02-25 01:36:46.381"
"E6BB0605","209","6",22,1,"DIST-OPEN","SOLD","2026-03-08 10:00:08.750"
"E6BB0605","219","1",16,1,"DIST-OPEN","COMP","2026-03-07 22:07:50.325"
"E6BB0605","303","6",16,1,"DIST-OPEN","available",NA
"E6BB0605","220","3",1,1,"SEASON","SOLD","2025-10-26 03:44:54.535"
"E6BB0605","209","10",14,1,"SEASON","SOLD","2025-10-06 20:04:29.212"
"E6BB0605","403","3",17,1,"SEASON","SOLD","2025-10-28 04:56:42.220"
"E6BB0605","404","5",18,1,"DIST-OPEN","available",NA
"E6BB0605","314","4",12,1,"COMP","HELD",NA
"E6BB0605","108","6",21,1,"HOLD","HELD",NA
"E6BB0605","212","10",24,1,"COMP","HELD",NA
"E6BB0605","302","10",23,1,"SEASON","SOLD","2025-10-20 06:49:02.699"
"E6BB0605","202","3",8,1,"DIST-OPEN","SOLD","2026-01-08 18:09:47.973"
"E6BB0605","206","2",5,1,"SEASON","SOLD","2025-10-10 12:53:04.664"
"E6BB0605","202","1",2,1,"DIST-OPEN","available",NA
"E6BB0605","407","6",14,1,"DIST-OPEN","available",NA
"E6BB0605","320","6",7,1,"GROUP","HELD",NA
"E6BB0605","204","4",8,1,"DIST-OPEN","available",NA
"E6BB0605","115","7",18,1,"SEASON","SOLD","2025-10-12 05:14:20.456"
"E6BB0605","402","10",10,1,"DIST-OPEN","available",NA
"E6BB0605","116","9",14,1,"DIST-OPEN","COMP","2026-03-13 03:06:28.378"
"E6BB0605","312","2",17,1,"GROUP","HELD",NA
"E6BB0605","306","8",8,1,"DIST-OPEN","SOLD","2025-12-15 19:47:01.836"
"E6BB0605","201","4",14,1,"COMP","HELD",NA
"E6BB0605","409","2",12,1,"SEASON","SOLD","2025-10-06 19:54:00.776"
"E6BB0605","114","1",1,1,"SEASON","SOLD","2025-10-30 20:53:43.025"
"E6BB0605","102","9",8,1,"SEASON","SOLD","2025-10-03 08:36:03.729"
"E6BB0605","213","7",11,1,"DIST-OPEN","available",NA
"E6BB0605","209","3",5,1,"DIST-OPEN","SOLD","2025-12-15 11:45:56.111"
"E6BB0605","303","6",11,1,"DIST-OPEN","SOLD","2026-03-23 01:50:00.454"
"E6BB0605","308","2",6,1,"DIST-OPEN","SOLD","2026-02-02 23:26:59.654"
"E6BB0605","101","2",5,1,"DIST-OPEN","available",NA
"E6BB0605","408","8",8,1,"COMP","COMP","2026-02-26 03:07:56.025"
"E6BB0605","403","6",1,1,"DIST-OPEN","COMP","2026-03-24 19:08:07.548"
"E6BB0605","108","2",5,1,"SEASON","SOLD","2025-10-22 16:59:20.340"
"E6BB0605","309","1",12,1,"DIST-OPEN","SOLD","2026-04-09 07:42:21.477"
"E6BB0605","316","6",17,1,"DIST-OPEN","available",NA
"E6BB0605","311","8",20,1,"DIST-OPEN","available",NA
"E6BB0605","315","2",19,1,"SEASON","SOLD","2025-10-24 17:32:37.329"
"E6BB0605","302","3",4,1,"SEASON","SOLD","2025-10-30 18:47:29.994"
"E6BB0605","409","3",2,1,"DIST-OPEN","SOLD","2026-03-14 03:43:14.450"
"E6BB0605","202","6",23,1,"DIST-OPEN","available",NA
"E6BB0605","309","9",22,1,"COMP","HELD",NA
"E6BB0605","204","6",15,1,"DIST-OPEN","SOLD","2025-12-31 05:58:18.132"
"E6BB0605","220","10",15,1,"DIST-OPEN","SOLD","2026-05-26 05:22:48.346"
"E6BB0605","302","5",3,1,"SEASON","SOLD","2025-10-05 16:38:58.394"
"E6BB0605","317","6",18,1,"DIST-OPEN","available",NA
"E6BB0605","205","3",11,1,"DIST-OPEN","SOLD","2025-12-27 07:01:53.449"
"E6BB0605","404","1",3,1,"DIST-OPEN","SOLD","2025-12-14 12:35:52.183"
"E6BB0605","106","9",24,1,"COMP","HELD",NA
"E6BB0605","105","8",5,1,"DIST-OPEN","available",NA
"E6BB0605","307","6",7,1,"DIST-OPEN","COMP","2026-03-08 15:31:33.560"
"E6BB0605","213","8",20,1,"GROUP","HELD",NA
"E6BB0605","302","9",17,1,"GROUP","COMP","2026-02-20 01:24:49.456"
"E6BB0605","403","10",18,1,"SEASON","SOLD","2025-10-21 20:51:21.990"
"E6BB0605","207","4",18,1,"DIST-OPEN","SOLD","2025-12-17 19:03:47.847"
"E6BB0605","217","1",6,1,"HOLD","HELD",NA
"E6BB0605","404","1",13,1,"DIST-OPEN","available",NA
"E6BB0605","201","5",17,1,"DIST-OPEN","SOLD","2025-11-27 22:58:00.363"
"E6BB0605","403","3",17,1,"GROUP","HELD",NA
"E6BB0605","115","1",12,1,"SEASON","SOLD","2025-10-23 22:44:10.327"
"E6BB0605","209","3",7,1,"DIST-OPEN","available",NA
"E6BB0605","219","6",22,1,"DIST-OPEN","available",NA
"E6BB0605","303","1",12,1,"DIST-OPEN","available",NA
"E6BB0605","220","3",16,1,"SEASON","SOLD","2025-10-12 20:16:10.821"
"E6BB0605","209","4",5,1,"SEASON","SOLD","2025-10-04 03:43:07.389"
"E6BB0605","403","1",12,1,"DIST-OPEN","available",NA
"E6BB0605","404","10",23,1,"DIST-OPEN","available",NA
"E6BB0605","314","5",13,1,"DIST-OPEN","available",NA
"E6BB0605","108","4",17,1,"DIST-OPEN","available",NA
"E6BB0605","212","1",23,1,"DIST-OPEN","SOLD","2026-04-19 14:13:10.536"
"E6BB0605","302","7",11,1,"SEASON","SOLD","2025-10-15 17:00:48.246"
"E6BB0605","202","9",9,1,"HOLD","HELD",NA
"E6BB0605","206","3",20,1,"DIST-OPEN","available",NA
"E6BB0605","202","4",20,1,"DIST-OPEN","SOLD","2025-12-13 18:38:52.354"
"E6BB0605","407","4",12,1,"SEASON","SOLD","2025-10-22 09:10:52.791"
"E6BB0605","320","6",3,1,"DIST-OPEN","SOLD","2026-04-01 21:57:53.530"
"E6BB0605","204","7",3,1,"DIST-OPEN","available",NA
"E6BB0605","115","2",1,1,"HOLD","HELD",NA
"E6BB0605","402","5",18,1,"GROUP","HELD",NA
"E6BB0605","116","1",11,1,"HOLD","HELD",NA
"E6BB0605","312","6",12,1,"SEASON","SOLD","2025-10-27 08:14:26.641"
"E6BB0605","306","4",17,1,"DIST-OPEN","available",NA
"E6BB0605","201","3",15,1,"COMP","HELD",NA
"E6BB0605","409","5",17,1,"HOLD","HELD",NA
"E6BB0605","114","3",17,1,"GROUP","HELD",NA
"E6BB0605","102","4",13,1,"DIST-OPEN","COMP","2026-02-01 11:27:30.108"
"E6BB0605","213","6",23,1,"DIST-OPEN","available",NA
"E6BB0605","209","4",22,1,"HOLD","HELD",NA
"E6BB0605","303","8",17,1,"COMP","HELD",NA
"E6BB0605","308","8",23,1,"DIST-OPEN","SOLD","2026-02-11 15:26:23.109"
"E6BB0605","101","6",8,1,"SEASON","SOLD","2025-10-31 06:04:24.879"
"E6BB0605","408","7",21,1,"COMP","HELD",NA
"E6BB0605","403","8",2,1,"DIST-OPEN","available",NA
"E6BB0605","108","8",18,1,"SEASON","SOLD","2025-10-30 20:49:59.963"
"E6BB0605","309","3",3,1,"SEASON","SOLD","2025-10-19 05:58:02.307"
"E6BB0605","316","5",22,1,"SEASON","SOLD","2025-10-09 06:14:07.032"
"E6BB0605","311","5",7,1,"SEASON","SOLD","2025-10-06 20:48:41.504"
"E6BB0605","315","6",19,1,"DIST-OPEN","available",NA
"E6BB0605","302","9",23,1,"SEASON","SOLD","2025-10-25 06:16:42.126"
"E6BB0605","409","8",7,1,"HOLD","HELD",NA
"E6BB0605","202","6",3,1,"SEASON","SOLD","2025-10-23 07:45:35.190"
"E6BB0605","309","9",12,1,"SEASON","SOLD","2025-10-12 00:47:12.586"
"E6BB0605","204","3",14,1,"HOLD","HELD",NA
"E6BB0605","220","9",6,1,"SEASON","SOLD","2025-10-13 22:13:16.364"
"E6BB0605","302","7",1,1,"DIST-OPEN","available",NA
"E6BB0605","317","2",20,1,"DIST-OPEN","available",NA
"E6BB0605","205","10",6,1,"DIST-OPEN","available",NA
"E6BB0605","404","4",21,1,"HOLD","HELD",NA
"E6BB0605","106","9",23,1,"DIST-OPEN","available",NA
"E6BB0605","105","9",9,1,"DIST-OPEN","available",NA
"E6BB0605","307","9",19,1,"DIST-OPEN","SOLD","2025-12-30 21:38:42.447"
"E6BB0605","213","6",13,1,"GROUP","HELD",NA
"E6BB0605","302","1",18,1,"DIST-OPEN","available",NA
"E6BB0605","403","10",10,1,"DIST-OPEN","COMP","2026-02-10 18:22:07.413"
"E6BB0605","207","10",15,1,"DIST-OPEN","available",NA
"E6BB0605","217","10",10,1,"DIST-OPEN","SOLD","2026-01-06 20:50:48.167"
"E6BB0605","404","2",1,1,"HOLD","HELD",NA
"E6BB0605","201","10",3,1,"DIST-OPEN","available",NA
"E6BB0605","403","9",23,1,"SEASON","SOLD","2025-10-26 19:36:33.634"
"E6BB0605","115","10",23,1,"DIST-OPEN","available",NA
"E6BB0605","209","3",21,1,"SEASON","SOLD","2025-10-11 02:10:17.610"
"E6BB0605","219","4",17,1,"DIST-OPEN","SOLD","2026-04-12 18:06:24.301"
"E6BB0605","303","5",15,1,"DIST-OPEN","available",NA
"E6BB0605","220","8",3,1,"DIST-OPEN","COMP","2026-01-17 23:28:04.260"
"E6BB0605","209","8",19,1,"DIST-OPEN","available",NA
"E6BB0605","403","6",23,1,"DIST-OPEN","SOLD","2026-05-31 10:54:23.343"
"E6BB0605","404","6",3,1,"DIST-OPEN","available",NA
"E6BB0605","314","3",14,1,"GROUP","HELD",NA
"E6BB0605","108","6",13,1,"DIST-OPEN","available",NA
"E6BB0605","212","6",13,1,"SEASON","SOLD","2025-10-03 21:09:40.699"
"E6BB0605","302","2",1,1,"SEASON","SOLD","2025-10-28 08:46:51.803"
"E6BB0605","202","2",16,1,"HOLD","HELD",NA
"E6BB0605","206","2",22,1,"DIST-OPEN","SOLD","2026-04-02 07:40:28.098"
"E6BB0605","202","6",2,1,"DIST-OPEN","COMP","2026-02-09 00:55:46.810"
"E6BB0605","407","2",1,1,"GROUP","HELD",NA
"E6BB0605","320","9",6,1,"SEASON","SOLD","2025-10-31 00:05:41.113"
"E6BB0605","204","8",17,1,"SEASON","SOLD","2025-10-06 18:52:11.171"
"E6BB0605","115","7",22,1,"SEASON","SOLD","2025-10-10 16:49:47.403"
"E6BB0605","402","2",20,1,"HOLD","HELD",NA
"E6BB0605","116","2",5,1,"DIST-OPEN","SOLD","2025-12-26 23:17:48.052"
"E6BB0605","312","9",8,1,"DIST-OPEN","SOLD","2025-12-27 16:10:48.597"
"E6BB0605","306","7",23,1,"DIST-OPEN","SOLD","2026-05-26 14:40:45.337"
"E6BB0605","201","2",23,1,"DIST-OPEN","COMP","2026-01-09 18:59:24.702"
"E6BB0605","409","4",5,1,"SEASON","SOLD","2025-10-14 15:59:40.878"
"E6BB0605","114","2",11,1,"SEASON","SOLD","2025-10-31 08:29:54.659"
"E6BB0605","102","5",6,1,"DIST-OPEN","available",NA
"E6BB0605","213","6",5,1,"DIST-OPEN","SOLD","2026-02-19 00:50:10.370"
"E6BB0605","209","6",18,1,"HOLD","HELD",NA
"E6BB0605","303","10",6,1,"HOLD","HELD",NA
"E6BB0605","308","8",21,1,"DIST-OPEN","SOLD","2026-04-06 09:02:03.051"
"E6BB0605","101","6",19,1,"HOLD","HELD",NA
"E6BB0605","408","8",5,1,"HOLD","HELD",NA
"E6BB0605","403","3",17,1,"HOLD","HELD",NA
"E6BB0605","108","9",19,1,"DIST-OPEN","SOLD","2026-05-10 01:20:35.341"
"E6BB0605","309","7",2,1,"DIST-OPEN","available",NA
"E6BB0605","316","5",19,1,"GROUP","HELD",NA
"E6BB0605","311","4",17,1,"SEASON","SOLD","2025-10-07 01:29:53.839"
"E6BB0605","315","7",17,1,"DIST-OPEN","available",NA
"E6BB0605","302","2",9,1,"SEASON","SOLD","2025-10-09 05:30:23.778"
"E6BB0605","409","4",4,1,"DIST-OPEN","available",NA
"E6BB0605","202","5",1,1,"DIST-OPEN","available",NA
"E6BB0605","309","10",16,1,"SEASON","SOLD","2025-10-26 11:05:13.852"
"E6BB0605","204","9",19,1,"SEASON","SOLD","2025-10-29 06:32:32.730"
"E6BB0605","220","3",19,1,"HOLD","HELD",NA
"E6BB0605","302","10",6,1,"SEASON","SOLD","2025-10-24 17:16:13.697"
"E6BB0605","317","4",11,1,"DIST-OPEN","available",NA
"E6BB0605","205","9",9,1,"DIST-OPEN","SOLD","2025-11-29 19:47:16.606"
"E6BB0605","404","7",10,1,"DIST-OPEN","SOLD","2026-02-16 19:50:20.833"
"E6BB0605","106","2",4,1,"DIST-OPEN","available",NA
"E6BB0605","105","8",24,1,"DIST-OPEN","SOLD","2026-01-02 15:54:34.898"
"E6BB0605","307","2",14,1,"DIST-OPEN","available",NA
"E6BB0605","213","6",6,1,"HOLD","HELD",NA
"E6BB0605","302","2",2,1,"SEASON","SOLD","2025-10-08 11:41:56.370"
"E6BB0605","403","10",10,1,"DIST-OPEN","available",NA
"E6BB0605","207","9",8,1,"HOLD","HELD",NA
"E6BB0605","217","3",18,1,"COMP","HELD",NA
"E6BB0605","404","10",11,1,"GROUP","HELD",NA
"E6BB0605","201","1",2,1,"SEASON","SOLD","2025-10-13 04:42:46.246"
"E6BB0605","403","10",13,1,"COMP","HELD",NA
"E6BB0605","115","8",7,1,"SEASON","SOLD","2025-10-15 00:18:35.262"
"E6BB0605","209","1",23,1,"SEASON","SOLD","2025-10-04 11:08:28.513"
"E6BB0605","219","6",4,1,"DIST-OPEN","SOLD","2026-02-12 09:29:21.723"
"E6BB0605","303","5",24,1,"HOLD","HELD",NA
"E6BB0605","220","2",21,1,"GROUP","HELD",NA
"E6BB0605","209","2",11,1,"DIST-OPEN","SOLD","2026-02-25 18:50:49.728"
"E6BB0605","403","5",22,1,"DIST-OPEN","SOLD","2026-01-28 23:33:10.310"
"E6BB0605","404","9",8,1,"SEASON","SOLD","2025-10-28 04:14:42.258"
"E6BB0605","314","4",12,1,"DIST-OPEN","SOLD","2026-04-02 20:01:39.504"
"E6BB0605","108","2",23,1,"SEASON","SOLD","2025-10-26 22:48:04.541"
"E6BB0605","212","3",12,1,"SEASON","SOLD","2025-10-12 18:19:52.667"
"E6BB0605","302","8",5,1,"SEASON","SOLD","2025-10-07 16:33:45.838"
"E6BB0605","202","9",14,1,"SEASON","SOLD","2025-10-12 04:51:40.076"
"E6BB0605","206","6",6,1,"DIST-OPEN","available",NA
"E6BB0605","202","6",2,1,"DIST-OPEN","available",NA
"E6BB0605","407","4",21,1,"SEASON","SOLD","2025-10-16 01:34:20.029"
"E6BB0605","320","9",23,1,"DIST-OPEN","available",NA
"E6BB0605","204","5",21,1,"GROUP","HELD",NA
"E6BB0605","115","5",15,1,"DIST-OPEN","available",NA
"E6BB0605","402","10",12,1,"DIST-OPEN","available",NA
"E6BB0605","116","9",5,1,"DIST-OPEN","SOLD","2026-05-13 16:42:46.199"
"E6BB0605","312","8",18,1,"DIST-OPEN","available",NA
"E6BB0605","306","5",15,1,"DIST-OPEN","COMP","2026-01-16 05:12:23.791"
"E6BB0605","201","1",12,1,"COMP","HELD",NA
"E6BB0605","409","7",21,1,"SEASON","SOLD","2025-10-27 21:21:17.967"
"E6BB0605","114","7",18,1,"SEASON","SOLD","2025-10-26 03:04:54.962"
"E6BB0605","102","8",13,1,"GROUP","HELD",NA
"E6BB0605","213","3",9,1,"DIST-OPEN","available",NA
"E6BB0605","209","5",20,1,"DIST-OPEN","available",NA
"E6BB0605","303","2",9,1,"SEASON","SOLD","2025-10-03 08:28:57.085"
"E6BB0605","308","8",12,1,"DIST-OPEN","SOLD","2025-11-25 16:59:34.857"
"E6BB0605","101","2",2,1,"GROUP","HELD",NA
"E6BB0605","408","6",3,1,"HOLD","COMP","2026-01-05 10:48:20.865"
"E6BB0605","403","5",16,1,"DIST-OPEN","available",NA
"E6BB0605","108","10",7,1,"DIST-OPEN","available",NA
"E6BB0605","309","5",3,1,"COMP","HELD",NA
"E6BB0605","316","2",3,1,"DIST-OPEN","available",NA
"E6BB0605","311","8",7,1,"SEASON","SOLD","2025-10-02 06:13:35.540"
"E6BB0605","315","7",5,1,"DIST-OPEN","available",NA
"E6BB0605","302","1",11,1,"HOLD","HELD",NA
"E6BB0605","409","5",18,1,"SEASON","SOLD","2025-10-16 08:12:21.033"
"E6BB0605","202","10",13,1,"SEASON","SOLD","2025-10-09 13:32:53.477"
"E6BB0605","309","3",1,1,"DIST-OPEN","available",NA
"E6BB0605","204","3",13,1,"GROUP","HELD",NA
"E6BB0605","220","10",8,1,"DIST-OPEN","COMP","2026-03-23 06:28:35.819"
"E6BB0605","302","4",1,1,"GROUP","HELD",NA
"E6BB0605","317","9",15,1,"DIST-OPEN","SOLD","2026-01-22 15:02:28.505"
"E6BB0605","205","1",18,1,"DIST-OPEN","available",NA
"E6BB0605","404","8",21,1,"DIST-OPEN","SOLD","2026-05-09 14:21:01.333"
"E6BB0605","106","8",6,1,"DIST-OPEN","available",NA
"E6BB0605","105","2",15,1,"DIST-OPEN","SOLD","2025-12-30 15:09:33.157"
"E6BB0605","307","9",9,1,"DIST-OPEN","available",NA
"E6BB0605","213","10",19,1,"DIST-OPEN","available",NA
"E6BB0605","302","10",21,1,"SEASON","SOLD","2025-10-15 20:28:35.160"
"E6BB0605","403","5",11,1,"HOLD","HELD",NA
"E6BB0605","207","7",13,1,"DIST-OPEN","SOLD","2026-03-28 20:31:15.652"
"E6BB0605","217","9",7,1,"DIST-OPEN","SOLD","2026-01-31 07:26:42.679"
"E6BB0605","404","4",3,1,"DIST-OPEN","available",NA
"E6BB0605","201","9",6,1,"DIST-OPEN","available",NA
"E6BB0605","403","7",20,1,"DIST-OPEN","SOLD","2026-01-27 02:17:40.790"
"E6BB0605","115","6",15,1,"GROUP","HELD",NA
"E6BB0605","209","5",3,1,"DIST-OPEN","available",NA
"E6BB0605","219","7",11,1,"DIST-OPEN","available",NA
"E6BB0605","303","7",3,1,"GROUP","HELD",NA
"E6BB0605","220","4",9,1,"DIST-OPEN","available",NA
"E6BB0605","209","5",9,1,"DIST-OPEN","available",NA
"E6BB0605","403","2",10,1,"DIST-OPEN","available",NA
"E6BB0605","404","3",21,1,"GROUP","HELD",NA
"E6BB0605","314","9",16,1,"HOLD","HELD",NA
"E6BB0605","108","7",6,1,"DIST-OPEN","available",NA
"E6BB0605","212","5",21,1,"HOLD","HELD",NA
"E6BB0605","302","8",9,1,"DIST-OPEN","SOLD","2026-03-12 04:21:15.769"
"E6BB0605","202","3",2,1,"DIST-OPEN","SOLD","2026-01-24 00:41:49.082"
"E6BB0605","206","4",11,1,"DIST-OPEN","available",NA
"E6BB0605","202","3",21,1,"SEASON","SOLD","2025-10-06 08:09:40.086"
"E6BB0605","407","7",8,1,"DIST-OPEN","available",NA
"E6BB0605","320","6",10,1,"SEASON","SOLD","2025-10-01 17:09:54.453"
"E6BB0605","204","2",15,1,"DIST-OPEN","available",NA
"E6BB0605","115","6",2,1,"DIST-OPEN","available",NA
"E6BB0605","402","1",1,1,"DIST-OPEN","SOLD","2026-02-13 15:08:29.937"
"E6BB0605","116","1",19,1,"SEASON","SOLD","2025-10-14 15:48:07.624"
"E6BB0605","312","9",15,1,"DIST-OPEN","available",NA
"E6BB0605","306","5",10,1,"COMP","HELD",NA
"E6BB0605","201","3",20,1,"DIST-OPEN","available",NA
"E6BB0605","409","5",18,1,"DIST-OPEN","SOLD","2026-05-31 01:11:48.204"
"E6BB0605","114","5",12,1,"SEASON","SOLD","2025-10-28 19:50:06.875"
"E6BB0605","102","8",7,1,"DIST-OPEN","SOLD","2026-04-28 04:31:48.738"
"E6BB0605","213","2",13,1,"HOLD","HELD",NA
"E6BB0605","209","7",8,1,"SEASON","SOLD","2025-10-03 16:34:05.851"
"E6BB0605","303","2",20,1,"SEASON","SOLD","2025-10-27 04:01:11.564"
"E6BB0605","308","8",11,1,"HOLD","HELD",NA
"E6BB0605","101","6",6,1,"DIST-OPEN","available",NA
"E6BB0605","408","6",17,1,"GROUP","HELD",NA
"E6BB0605","403","4",16,1,"DIST-OPEN","available",NA
"E6BB0605","108","3",23,1,"DIST-OPEN","SOLD","2026-04-10 18:30:45.131"
"E6BB0605","309","6",2,1,"SEASON","SOLD","2025-10-07 14:28:34.526"
"E6BB0605","316","1",12,1,"DIST-OPEN","available",NA
"E6BB0605","311","5",7,1,"GROUP","HELD",NA
"E6BB0605","315","10",14,1,"DIST-OPEN","available",NA
"E6BB0605","302","6",18,1,"GROUP","HELD",NA
"E6BB0605","409","3",7,1,"DIST-OPEN","SOLD","2025-11-24 04:20:30.943"
"E6BB0605","202","6",18,1,"DIST-OPEN","available",NA
"E6BB0605","309","5",8,1,"SEASON","SOLD","2025-10-20 19:15:22.266"
"E6BB0605","204","3",23,1,"DIST-OPEN","available",NA
"E6BB0605","220","8",23,1,"GROUP","HELD",NA
"E6BB0605","302","2",15,1,"DIST-OPEN","SOLD","2026-02-19 04:33:11.562"
"E6BB0605","317","2",6,1,"DIST-OPEN","SOLD","2025-12-26 17:21:03.217"
"E6BB0605","205","3",3,1,"DIST-OPEN","SOLD","2025-11-30 05:31:04.482"
"E6BB0605","404","3",14,1,"DIST-OPEN","available",NA
"E6BB0605","106","8",4,1,"COMP","HELD",NA
"E6BB0605","105","3",24,1,"SEASON","SOLD","2025-10-16 08:34:46.957"
"E6BB0605","307","2",3,1,"SEASON","SOLD","2025-10-07 12:42:27.430"
"E6BB0605","213","8",15,1,"GROUP","HELD",NA
"E6BB0605","302","5",24,1,"DIST-OPEN","available",NA
"E6BB0605","403","5",24,1,"SEASON","SOLD","2025-10-02 22:02:48.972"
"E6BB0605","207","1",4,1,"DIST-OPEN","available",NA
"E6BB0605","217","4",21,1,"HOLD","HELD",NA
"E6BB0605","404","5",5,1,"DIST-OPEN","SOLD","2025-11-17 05:53:46.032"
"E6BB0605","201","3",15,1,"DIST-OPEN","SOLD","2026-03-01 08:31:16.285"
"E6BB0605","403","2",4,1,"GROUP","HELD",NA
"E6BB0605","115","2",19,1,"HOLD","HELD",NA
"E6BB0605","209","10",2,1,"DIST-OPEN","available",NA
"E6BB0605","219","2",4,1,"COMP","HELD",NA
"E6BB0605","303","2",6,1,"DIST-OPEN","SOLD","2026-04-06 18:01:26.981"
"E6BB0605","220","3",16,1,"DIST-OPEN","available",NA
"E6BB0605","209","8",6,1,"DIST-OPEN","SOLD","2026-02-10 10:09:34.288"
"E6BB0605","403","2",13,1,"DIST-OPEN","available",NA
"E6BB0605","404","1",18,1,"DIST-OPEN","COMP","2026-02-14 02:28:30.405"
"E6BB0605","314","6",14,1,"SEASON","SOLD","2025-10-16 19:02:04.908"
"E6BB0605","108","2",8,1,"GROUP","HELD",NA
"E6BB0605","212","5",9,1,"DIST-OPEN","COMP","2026-03-18 07:54:01.836"
"E6BB0605","302","9",17,1,"DIST-OPEN","available",NA
"E6BB0605","202","3",5,1,"SEASON","SOLD","2025-10-14 02:45:58.139"
"E6BB0605","206","3",24,1,"DIST-OPEN","COMP","2026-03-17 19:53:42.414"
"E6BB0605","202","5",6,1,"SEASON","SOLD","2025-10-24 10:26:18.799"
"E6BB0605","407","6",17,1,"GROUP","HELD",NA
"E6BB0605","320","9",8,1,"SEASON","SOLD","2025-10-15 18:57:04.533"
"E6BB0605","204","6",14,1,"SEASON","SOLD","2025-10-24 10:17:43.337"
"E6BB0605","115","6",6,1,"DIST-OPEN","available",NA
"E6BB0605","402","9",12,1,"DIST-OPEN","available",NA
"E6BB0605","116","3",7,1,"SEASON","SOLD","2025-10-06 20:17:49.573"
"E6BB0605","312","1",24,1,"SEASON","SOLD","2025-10-12 03:52:04.393"
"E6BB0605","306","1",9,1,"DIST-OPEN","available",NA
"E6BB0605","201","9",23,1,"DIST-OPEN","SOLD","2026-02-05 11:03:30.997"
"E6BB0605","409","9",15,1,"DIST-OPEN","COMP","2026-03-26 04:58:42.756"
"E6BB0605","114","1",11,1,"COMP","HELD",NA
"E6BB0605","102","3",7,1,"DIST-OPEN","available",NA
"E6BB0605","213","10",9,1,"DIST-OPEN","available",NA
"E6BB0605","209","9",5,1,"DIST-OPEN","available",NA
"E6BB0605","303","6",23,1,"DIST-OPEN","available",NA
"E6BB0605","308","9",17,1,"DIST-OPEN","COMP","2026-01-09 10:12:00.867"
"E6BB0605","101","8",12,1,"SEASON","SOLD","2025-10-02 19:55:40.184"
"E6BB0605","408","2",1,1,"SEASON","SOLD","2025-10-23 18:59:55.429"
"E6BB0605","403","3",18,1,"HOLD","HELD",NA
"E6BB0605","108","8",20,1,"GROUP","HELD",NA
"E6BB0605","309","9",22,1,"HOLD","HELD",NA
"E6BB0605","316","2",13,1,"DIST-OPEN","SOLD","2026-01-01 04:40:18.404"
"E6BB0605","311","4",6,1,"DIST-OPEN","SOLD","2026-03-15 13:31:10.633"
"E6BB0605","315","5",21,1,"DIST-OPEN","COMP","2026-02-01 17:00:15.750"
"E6BB0605","302","8",13,1,"SEASON","SOLD","2025-10-26 04:27:44.652"
"E6BB0605","409","7",21,1,"DIST-OPEN","SOLD","2026-02-08 12:01:59.022"
"E6BB0605","202","6",1,1,"DIST-OPEN","SOLD","2026-03-20 01:51:36.306"
"E6BB0605","309","4",8,1,"DIST-OPEN","SOLD","2026-01-13 23:22:24.438"
"E6BB0605","204","10",21,1,"DIST-OPEN","available",NA
"E6BB0605","220","2",22,1,"COMP","HELD",NA
"E6BB0605","302","10",19,1,"DIST-OPEN","available",NA
"E6BB0605","317","5",16,1,"GROUP","HELD",NA
"E6BB0605","205","3",20,1,"DIST-OPEN","available",NA
"E6BB0605","404","3",13,1,"DIST-OPEN","available",NA
"E6BB0605","106","9",2,1,"COMP","HELD",NA
"E6BB0605","105","1",20,1,"SEASON","SOLD","2025-10-07 15:31:53.162"
"E6BB0605","307","6",15,1,"COMP","HELD",NA
"E6BB0605","213","3",15,1,"GROUP","HELD",NA
"E6BB0605","302","6",9,1,"SEASON","SOLD","2025-10-29 10:56:01.464"
"E6BB0605","403","3",4,1,"HOLD","HELD",NA
"E6BB0605","207","10",18,1,"DIST-OPEN","SOLD","2026-01-28 22:42:58.333"
"E6BB0605","217","1",4,1,"DIST-OPEN","available",NA
"E6BB0605","404","10",20,1,"GROUP","HELD",NA
"E6BB0605","201","6",9,1,"HOLD","COMP","2026-02-10 02:19:30.928"
"E6BB0605","403","4",1,1,"COMP","HELD",NA
"E6BB0605","115","9",7,1,"DIST-OPEN","available",NA
"E6BB0605","209","8",7,1,"SEASON","SOLD","2025-10-17 16:54:42.367"
"E6BB0605","219","8",24,1,"DIST-OPEN","available",NA
"E6BB0605","303","2",24,1,"GROUP","HELD",NA
"E6BB0605","220","3",10,1,"SEASON","SOLD","2025-10-10 10:44:12.355"
"E6BB0605","209","2",18,1,"DIST-OPEN","SOLD","2026-02-02 22:06:05.853"
"E6BB0605","403","6",17,1,"DIST-OPEN","available",NA
"E6BB0605","404","2",20,1,"SEASON","SOLD","2025-10-30 00:14:40.666"
"E6BB0605","314","3",10,1,"DIST-OPEN","SOLD","2025-12-19 03:46:45.323"
"E6BB0605","108","8",21,1,"DIST-OPEN","SOLD","2026-04-03 04:05:39.958"
"E6BB0605","212","7",10,1,"HOLD","HELD",NA
"E6BB0605","302","1",23,1,"DIST-OPEN","available",NA
"E6BB0605","202","7",3,1,"DIST-OPEN","available",NA
"E6BB0605","206","6",19,1,"DIST-OPEN","available",NA
"E6BB0605","202","5",24,1,"SEASON","SOLD","2025-10-08 03:18:18.727"
"E6BB0605","407","10",22,1,"DIST-OPEN","available",NA
"E6BB0605","320","7",22,1,"SEASON","SOLD","2025-10-07 12:27:16.901"
"E6BB0605","204","9",13,1,"DIST-OPEN","SOLD","2026-01-22 16:27:51.269"
"E6BB0605","115","7",17,1,"SEASON","SOLD","2025-10-19 02:02:56.926"
"E6BB0605","402","7",14,1,"DIST-OPEN","available",NA
"E6BB0605","116","7",10,1,"HOLD","COMP","2026-01-12 13:44:13.532"
"E6BB0605","312","10",8,1,"SEASON","SOLD","2025-10-24 17:55:27.024"
"E6BB0605","306","2",7,1,"SEASON","SOLD","2025-10-14 19:02:32.585"
"E6BB0605","201","6",6,1,"DIST-OPEN","available",NA
"E6BB0605","409","8",16,1,"HOLD","COMP","2026-03-07 14:12:27.236"
"E6BB0605","114","4",4,1,"GROUP","HELD",NA
"E6BB0605","102","7",19,1,"DIST-OPEN","available",NA
"E6BB0605","213","2",10,1,"HOLD","HELD",NA
"E6BB0605","209","2",22,1,"HOLD","HELD",NA
"E6BB0605","303","2",20,1,"DIST-OPEN","SOLD","2026-04-23 12:29:34.655"
"E6BB0605","308","8",7,1,"SEASON","SOLD","2025-10-25 18:04:24.922"
"E6BB0605","101","4",10,1,"DIST-OPEN","SOLD","2025-12-08 02:02:40.282"
"E6BB0605","408","5",8,1,"HOLD","HELD",NA
"E6BB0605","403","8",13,1,"SEASON","SOLD","2025-10-11 15:37:28.381"
"E6BB0605","108","7",19,1,"HOLD","HELD",NA
"E6BB0605","309","7",5,1,"DIST-OPEN","available",NA
"E6BB0605","316","5",10,1,"SEASON","SOLD","2025-10-06 08:38:08.260"
"E6BB0605","311","9",13,1,"DIST-OPEN","available",NA
"E6BB0605","315","1",18,1,"DIST-OPEN","SOLD","2026-03-23 11:49:30.702"
"E6BB0605","302","2",19,1,"SEASON","SOLD","2025-10-20 04:39:12.906"
"E6BB0605","409","9",4,1,"DIST-OPEN","available",NA
"E6BB0605","202","7",10,1,"SEASON","SOLD","2025-10-26 16:06:30.529"
"E6BB0605","309","9",12,1,"DIST-OPEN","available",NA
"E6BB0605","204","10",8,1,"DIST-OPEN","SOLD","2026-01-11 02:08:07.053"
"E6BB0605","220","5",9,1,"SEASON","SOLD","2025-10-26 22:48:13.908"
"E6BB0605","302","3",16,1,"DIST-OPEN","available",NA
"E6BB0605","317","8",24,1,"DIST-OPEN","available",NA
"E6BB0605","205","9",12,1,"DIST-OPEN","SOLD","2025-11-25 23:29:41.454"
"E6BB0605","404","9",7,1,"DIST-OPEN","available",NA
"E6BB0605","106","2",6,1,"SEASON","SOLD","2025-10-09 14:06:24.038"
"E6BB0605","105","5",14,1,"DIST-OPEN","SOLD","2026-02-27 19:40:37.633"
"E6BB0605","307","7",20,1,"GROUP","HELD",NA
"E6BB0605","213","8",20,1,"DIST-OPEN","available",NA
"E6BB0605","302","7",23,1,"GROUP","HELD",NA
"E6BB0605","403","10",18,1,"GROUP","HELD",NA
"E6BB0605","207","2",17,1,"GROUP","HELD",NA
"E6BB0605","217","8",1,1,"DIST-OPEN","available",NA
"E6BB0605","404","6",24,1,"COMP","HELD",NA
"E6BB0605","201","7",14,1,"DIST-OPEN","available",NA
"E6BB0605","403","10",4,1,"DIST-OPEN","available",NA
"E6BB0605","115","4",2,1,"SEASON","SOLD","2025-10-12 14:02:35.590"
"E6BB0605","209","8",9,1,"DIST-OPEN","SOLD","2026-02-21 20:05:11.479"
"E6BB0605","219","8",6,1,"SEASON","SOLD","2025-10-20 20:20:27.812"
"E6BB0605","303","10",14,1,"SEASON","SOLD","2025-10-27 21:13:10.370"
"E6BB0605","220","10",24,1,"DIST-OPEN","available",NA
"E6BB0605","209","6",22,1,"DIST-OPEN","SOLD","2026-05-22 09:06:51.614"
"E6BB0605","403","10",3,1,"HOLD","HELD",NA
"E6BB0605","404","7",16,1,"DIST-OPEN","available",NA
"E6BB0605","314","1",22,1,"COMP","COMP","2026-02-05 22:09:14.001"
"E6BB0605","108","1",18,1,"DIST-OPEN","available",NA
"E6BB0605","212","4",8,1,"DIST-OPEN","available",NA
"E6BB0605","302","8",22,1,"SEASON","SOLD","2025-10-15 12:14:53.154"
"E6BB0605","202","2",24,1,"COMP","HELD",NA
"E6BB0605","206","6",11,1,"DIST-OPEN","available",NA
"E6BB0605","202","9",2,1,"DIST-OPEN","SOLD","2026-01-26 04:19:48.435"
"E6BB0605","407","9",10,1,"DIST-OPEN","available",NA
"E6BB0605","320","2",9,1,"DIST-OPEN","SOLD","2026-04-12 07:15:11.771"
"E6BB0605","204","9",9,1,"DIST-OPEN","SOLD","2026-02-15 05:08:42.225"
"E6BB0605","115","10",18,1,"DIST-OPEN","SOLD","2025-12-09 04:06:36.880"
"E6BB0605","402","9",24,1,"COMP","HELD",NA
"E6BB0605","116","8",7,1,"SEASON","SOLD","2025-10-06 18:03:14.640"
"E6BB0605","312","10",6,1,"DIST-OPEN","available",NA
"E6BB0605","306","1",16,1,"DIST-OPEN","available",NA
"E6BB0605","201","9",7,1,"DIST-OPEN","SOLD","2025-11-25 22:39:56.014"
"E6BB0605","409","6",5,1,"DIST-OPEN","available",NA
"E6BB0605","114","8",18,1,"DIST-OPEN","available",NA
"E6BB0605","102","3",24,1,"DIST-OPEN","SOLD","2026-05-25 17:04:30.659"
"E6BB0605","213","6",18,1,"DIST-OPEN","available",NA
"E6BB0605","209","1",20,1,"DIST-OPEN","SOLD","2026-05-17 23:56:06.424"
"E6BB0605","303","3",21,1,"DIST-OPEN","available",NA
"E6BB0605","308","9",20,1,"HOLD","HELD",NA
"E6BB0605","101","8",18,1,"DIST-OPEN","available",NA
"E6BB0605","408","3",3,1,"HOLD","HELD",NA
"E6BB0605","403","9",13,1,"COMP","HELD",NA
"E6BB0605","108","4",17,1,"COMP","HELD",NA
"E6BB0605","309","7",7,1,"SEASON","SOLD","2025-10-16 16:37:54.144"
"E6BB0605","316","4",3,1,"DIST-OPEN","SOLD","2025-11-20 01:16:21.811"
"E6BB0605","311","7",22,1,"DIST-OPEN","available",NA
"E6BB0605","315","6",8,1,"DIST-OPEN","SOLD","2026-04-08 10:51:47.620"
"E6BB0605","302","4",24,1,"DIST-OPEN","available",NA
"E6BB0605","409","7",17,1,"SEASON","SOLD","2025-10-03 16:41:20.592"
"E6BB0605","202","7",2,1,"SEASON","SOLD","2025-10-30 02:57:05.664"
"E6BB0605","309","4",24,1,"SEASON","SOLD","2025-10-30 23:25:11.647"
"E6BB0605","204","4",18,1,"DIST-OPEN","SOLD","2026-02-02 19:11:15.146"
"E6BB0605","220","3",4,1,"GROUP","HELD",NA
"E6BB0605","302","5",16,1,"HOLD","HELD",NA
"E6BB0605","317","1",9,1,"DIST-OPEN","available",NA
"E6BB0605","205","6",16,1,"DIST-OPEN","available",NA
"E6BB0605","404","3",3,1,"DIST-OPEN","SOLD","2026-03-29 09:27:57.925"
"E6BB0605","106","4",11,1,"SEASON","SOLD","2025-10-21 00:01:32.540"
"E6BB0605","105","4",23,1,"DIST-OPEN","available",NA
"E6BB0605","307","1",16,1,"HOLD","HELD",NA
"E6BB0605","213","9",6,1,"SEASON","SOLD","2025-10-30 03:19:12.174"
"E6BB0605","302","6",16,1,"DIST-OPEN","SOLD","2026-01-23 06:00:51.567"
"E6BB0605","403","9",23,1,"GROUP","HELD",NA
"E6BB0605","207","4",1,1,"SEASON","SOLD","2025-10-16 18:47:12.412"
"E6BB0605","217","1",21,1,"SEASON","SOLD","2025-10-02 15:09:33.171"
"E6BB0605","404","10",18,1,"DIST-OPEN","SOLD","2026-01-07 19:50:17.202"
"E6BB0605","201","5",20,1,"SEASON","SOLD","2025-10-29 19:18:47.047"
"E6BB0605","403","4",6,1,"SEASON","SOLD","2025-10-17 14:36:16.203"
"E6BB0605","115","2",5,1,"SEASON","SOLD","2025-10-13 10:19:02.052"
"E6BB0605","209","10",15,1,"DIST-OPEN","available",NA
"E6BB0605","219","5",15,1,"DIST-OPEN","available",NA
"E6BB0605","303","2",6,1,"SEASON","SOLD","2025-10-03 21:34:01.311"
"E6BB0605","220","3",5,1,"DIST-OPEN","COMP","2026-01-16 03:41:43.063"
"E6BB0605","209","9",4,1,"HOLD","HELD",NA
"E6BB0605","403","8",16,1,"DIST-OPEN","SOLD","2025-11-16 10:12:46.874"
"E6BB0605","404","9",1,1,"DIST-OPEN","SOLD","2026-01-02 05:52:27.687"
"E6BB0605","314","5",24,1,"DIST-OPEN","available",NA
"E6BB0605","108","1",18,1,"SEASON","SOLD","2025-10-23 18:31:27.719"
"E6BB0605","212","1",11,1,"DIST-OPEN","SOLD","2026-05-11 04:54:09.132"
"E6BB0605","302","5",18,1,"HOLD","HELD",NA
"E6BB0605","202","5",5,1,"DIST-OPEN","SOLD","2026-05-31 18:36:40.739"
"E6BB0605","206","9",18,1,"DIST-OPEN","COMP","2026-02-04 18:10:03.271"
"E6BB0605","202","6",14,1,"DIST-OPEN","SOLD","2025-12-29 11:59:22.101"
"E6BB0605","407","7",13,1,"DIST-OPEN","available",NA
"E6BB0605","320","9",21,1,"DIST-OPEN","available",NA
"E6BB0605","204","8",5,1,"SEASON","SOLD","2025-10-26 02:03:27.256"
"E6BB0605","115","4",24,1,"DIST-OPEN","available",NA
"E6BB0605","402","6",11,1,"DIST-OPEN","available",NA
"E6BB0605","116","5",21,1,"DIST-OPEN","SOLD","2026-05-08 00:45:22.777"
"E6BB0605","312","4",18,1,"HOLD","HELD",NA
"E6BB0605","306","8",10,1,"SEASON","SOLD","2025-10-18 23:58:24.890"
"E6BB0605","201","3",16,1,"SEASON","SOLD","2025-10-19 07:51:12.775"
"E6BB0605","409","8",4,1,"DIST-OPEN","available",NA
"E6BB0605","114","3",17,1,"DIST-OPEN","available",NA
"E6BB0605","102","3",18,1,"DIST-OPEN","available",NA
"E6BB0605","213","10",22,1,"DIST-OPEN","SOLD","2026-04-26 11:15:28.665"
"E6BB0605","209","7",5,1,"SEASON","SOLD","2025-10-05 21:21:33.743"
"E6BB0605","303","5",9,1,"HOLD","HELD",NA
"E6BB0605","308","9",4,1,"SEASON","SOLD","2025-10-29 21:20:26.231"
"E6BB0605","101","4",19,1,"SEASON","SOLD","2025-10-13 11:37:58.764"
"E6BB0605","408","6",8,1,"DIST-OPEN","available",NA
"E6BB0605","403","3",20,1,"DIST-OPEN","available",NA
"E6BB0605","108","5",12,1,"COMP","HELD",NA
"E6BB0605","309","10",11,1,"DIST-OPEN","SOLD","2026-01-04 02:45:15.147"
"E6BB0605","316","4",15,1,"SEASON","SOLD","2025-10-12 05:10:24.961"
"E6BB0605","311","8",19,1,"DIST-OPEN","available",NA
"E6BB0605","315","6",24,1,"DIST-OPEN","available",NA
"E6BB0605","302","1",24,1,"DIST-OPEN","SOLD","2026-04-24 10:14:37.595"
"E6BB0605","409","3",8,1,"DIST-OPEN","SOLD","2025-11-22 11:38:36.028"
"E6BB0605","202","3",5,1,"DIST-OPEN","SOLD","2025-11-16 05:29:36.082"
"E6BB0605","309","5",10,1,"HOLD","HELD",NA
"E6BB0605","204","4",17,1,"DIST-OPEN","available",NA
"E6BB0605","220","8",21,1,"HOLD","HELD",NA
"E6BB0605","302","8",24,1,"DIST-OPEN","COMP","2026-02-23 13:51:42.647"
"E6BB0605","317","6",13,1,"SEASON","SOLD","2025-10-22 03:36:40.112"
"E6BB0605","205","5",19,1,"DIST-OPEN","available",NA
"E6BB0605","404","5",7,1,"DIST-OPEN","available",NA
"E6BB0605","106","10",15,1,"DIST-OPEN","available",NA
"E6BB0605","105","10",23,1,"DIST-OPEN","SOLD","2026-01-21 18:30:33.784"
"E6BB0605","307","1",7,1,"HOLD","HELD",NA
"E6BB0605","213","2",18,1,"GROUP","HELD",NA
"E6BB0605","302","6",6,1,"SEASON","SOLD","2025-10-26 17:00:31.161"
"E6BB0605","403","7",21,1,"DIST-OPEN","available",NA
"E6BB0605","207","10",8,1,"DIST-OPEN","COMP","2026-03-22 23:49:42.273"
"E6BB0605","217","3",6,1,"HOLD","HELD",NA
"E6BB0605","404","7",3,1,"HOLD","HELD",NA
"E6BB0605","201","7",3,1,"DIST-OPEN","SOLD","2026-02-05 13:18:04.980"
"E6BB0605","403","9",12,1,"GROUP","HELD",NA
"E6BB0605","115","1",10,1,"HOLD","HELD",NA
"E6BB0605","209","8",19,1,"DIST-OPEN","available",NA
"E6BB0605","219","3",11,1,"HOLD","HELD",NA
"E6BB0605","303","10",17,1,"SEASON","SOLD","2025-10-25 22:45:50.430"
"E6BB0605","220","3",3,1,"HOLD","HELD",NA
"E6BB0605","209","7",15,1,"HOLD","HELD",NA
"E6BB0605","403","6",21,1,"GROUP","HELD",NA
"E6BB0605","404","1",8,1,"HOLD","HELD",NA
"E6BB0605","314","5",11,1,"DIST-OPEN","available",NA
"E6BB0605","108","7",8,1,"SEASON","SOLD","2025-10-27 13:18:10.165"
"E6BB0605","212","6",16,1,"DIST-OPEN","available",NA
"E6BB0605","302","6",22,1,"GROUP","HELD",NA
"E6BB0605","202","9",3,1,"DIST-OPEN","SOLD","2026-03-06 01:24:53.385"
"E6BB0605","206","1",2,1,"DIST-OPEN","available",NA
"E6BB0605","202","8",2,1,"DIST-OPEN","available",NA
"E6BB0605","407","9",16,1,"COMP","COMP","2026-03-05 12:05:43.229"
"E6BB0605","320","10",13,1,"DIST-OPEN","SOLD","2026-05-25 21:04:45.403"
"E6BB0605","204","10",18,1,"SEASON","SOLD","2025-10-14 04:54:49.367"
"E6BB0605","115","10",2,1,"GROUP","HELD",NA
"E6BB0605","402","6",20,1,"SEASON","SOLD","2025-10-17 01:40:53.292"
"E6BB0605","116","5",21,1,"DIST-OPEN","available",NA
"E6BB0605","312","4",3,1,"SEASON","SOLD","2025-10-18 11:23:48.120"
"E6BB0605","306","1",13,1,"SEASON","SOLD","2025-10-06 04:28:24.682"
"E6BB0605","201","4",19,1,"DIST-OPEN","SOLD","2025-12-16 12:27:06.519"
"E6BB0605","409","8",8,1,"DIST-OPEN","SOLD","2025-12-11 00:47:49.905"
"E6BB0605","114","8",2,1,"GROUP","HELD",NA
"E6BB0605","102","4",14,1,"DIST-OPEN","COMP","2026-03-22 10:51:33.325"
"E6BB0605","213","5",22,1,"SEASON","SOLD","2025-10-11 15:05:50.371"
"E6BB0605","209","4",18,1,"HOLD","HELD",NA
"E6BB0605","303","7",23,1,"DIST-OPEN","SOLD","2026-01-10 00:39:58.343"
"E6BB0605","308","3",3,1,"SEASON","SOLD","2025-10-13 04:35:04.339"
"E6BB0605","101","7",19,1,"GROUP","HELD",NA
"E6BB0605","408","2",4,1,"DIST-OPEN","SOLD","2026-04-24 11:25:16.418"
"E6BB0605","403","5",7,1,"DIST-OPEN","available",NA
"E6BB0605","108","2",5,1,"DIST-OPEN","SOLD","2025-11-27 08:55:35.265"
"E6BB0605","309","7",16,1,"DIST-OPEN","available",NA
"E6BB0605","316","10",6,1,"SEASON","SOLD","2025-10-28 09:57:01.423"
"E6BB0605","311","1",16,1,"SEASON","SOLD","2025-10-05 09:24:58.081"
"E6BB0605","315","5",10,1,"SEASON","SOLD","2025-10-15 06:15:50.535"
"E6BB0605","302","7",10,1,"DIST-OPEN","available",NA
"E6BB0605","409","5",10,1,"HOLD","HELD",NA
"E6BB0605","202","2",4,1,"DIST-OPEN","SOLD","2026-05-06 18:31:08.821"
"E6BB0605","309","4",17,1,"DIST-OPEN","available",NA
"E6BB0605","204","1",11,1,"HOLD","HELD",NA
"E6BB0605","220","5",7,1,"GROUP","HELD",NA
"E6BB0605","302","9",6,1,"DIST-OPEN","available",NA
"E6BB0605","317","4",24,1,"DIST-OPEN","SOLD","2025-12-25 17:50:27.448"
"E6BB0605","205","6",18,1,"DIST-OPEN","available",NA
"E6BB0605","404","10",19,1,"DIST-OPEN","SOLD","2026-04-07 23:13:41.535"
"E6BB0605","106","5",21,1,"DIST-OPEN","available",NA
"E6BB0605","105","7",1,1,"DIST-OPEN","available",NA
"E6BB0605","307","6",17,1,"DIST-OPEN","COMP","2026-03-10 07:44:21.564"
"E6BB0605","213","2",18,1,"DIST-OPEN","SOLD","2026-05-30 21:36:42.472"
"E6BB0605","302","5",13,1,"DIST-OPEN","SOLD","2026-02-27 23:11:41.102"
"E6BB0605","403","10",13,1,"DIST-OPEN","SOLD","2026-05-04 02:41:12.468"
"E6BB0605","207","4",7,1,"COMP","HELD",NA
"E6BB0605","217","3",5,1,"GROUP","HELD",NA
"E6BB0605","404","6",9,1,"SEASON","SOLD","2025-10-27 01:33:57.698"
"E6BB0605","201","10",19,1,"SEASON","SOLD","2025-10-05 04:19:32.974"
"E6BB0605","403","4",10,1,"GROUP","HELD",NA
"E6BB0605","115","3",5,1,"DIST-OPEN","COMP","2026-01-14 15:07:17.313"
"E6BB0605","209","3",1,1,"DIST-OPEN","SOLD","2026-05-25 19:15:24.483"
"E6BB0605","219","2",19,1,"HOLD","HELD",NA
"E6BB0605","303","3",18,1,"DIST-OPEN","available",NA
"E6BB0605","220","9",18,1,"HOLD","HELD",NA
"E6BB0605","209","4",4,1,"GROUP","HELD",NA
"E6BB0605","403","2",10,1,"SEASON","SOLD","2025-10-16 03:25:37.732"
"E6BB0605","404","10",20,1,"SEASON","SOLD","2025-10-17 04:18:17.758"
"E6BB0605","314","3",4,1,"DIST-OPEN","available",NA
"E6BB0605","108","2",6,1,"DIST-OPEN","available",NA
"E6BB0605","212","7",10,1,"DIST-OPEN","available",NA
"E6BB0605","302","8",9,1,"HOLD","HELD",NA
"E6BB0605","202","1",17,1,"DIST-OPEN","available",NA
"E6BB0605","206","2",15,1,"SEASON","SOLD","2025-10-01 23:23:31.899"
"E6BB0605","202","10",5,1,"DIST-OPEN","available",NA
"E6BB0605","407","10",14,1,"DIST-OPEN","available",NA
"E6BB0605","320","5",18,1,"HOLD","HELD",NA
"E6BB0605","204","1",18,1,"SEASON","SOLD","2025-10-28 12:02:44.805"
"E6BB0605","115","7",23,1,"SEASON","SOLD","2025-10-02 22:34:59.560"
"E6BB0605","402","3",6,1,"HOLD","HELD",NA
"E6BB0605","116","5",2,1,"HOLD","HELD",NA
"E6BB0605","312","3",7,1,"GROUP","HELD",NA
"E6BB0605","306","5",9,1,"DIST-OPEN","available",NA
"E6BB0605","201","6",20,1,"HOLD","HELD",NA
"E6BB0605","409","10",13,1,"DIST-OPEN","SOLD","2026-04-20 14:29:38.448"
"E6BB0605","114","2",21,1,"DIST-OPEN","available",NA
"E6BB0605","102","1",9,1,"DIST-OPEN","available",NA
"E6BB0605","213","4",5,1,"HOLD","HELD",NA
"E6BB0605","209","7",20,1,"DIST-OPEN","SOLD","2026-03-09 22:41:20.174"
"E6BB0605","303","8",15,1,"COMP","COMP","2026-01-11 03:29:05.416"
"E6BB0605","308","4",23,1,"DIST-OPEN","available",NA
"E6BB0605","101","9",7,1,"DIST-OPEN","available",NA
"E6BB0605","408","4",19,1,"SEASON","SOLD","2025-10-14 15:42:57.014"
"E6BB0605","403","6",12,1,"GROUP","HELD",NA
"E6BB0605","108","2",20,1,"SEASON","SOLD","2025-10-30 20:24:47.921"
"E6BB0605","309","5",24,1,"SEASON","SOLD","2025-10-21 03:07:44.287"
"E6BB0605","316","9",5,1,"GROUP","HELD",NA
"E6BB0605","311","8",11,1,"DIST-OPEN","COMP","2026-03-04 02:42:24.639"
"E6BB0605","315","10",9,1,"HOLD","HELD",NA
"E6BB0605","302","10",1,1,"DIST-OPEN","SOLD","2026-05-25 20:36:12.015"
"E6BB0605","409","6",10,1,"DIST-OPEN","SOLD","2025-11-28 22:43:51.310"
"E6BB0605","202","1",15,1,"DIST-OPEN","available",NA
"E6BB0605","309","1",9,1,"HOLD","HELD",NA
"E6BB0605","204","1",18,1,"DIST-OPEN","SOLD","2025-12-06 14:49:11.695"
"E6BB0605","220","10",4,1,"SEASON","SOLD","2025-10-17 04:52:14.430"
"E6BB0605","302","1",6,1,"SEASON","SOLD","2025-10-12 16:06:39.676"
"E6BB0605","317","5",4,1,"DIST-OPEN","SOLD","2026-03-21 02:38:12.851"
"E6BB0605","205","9",22,1,"SEASON","SOLD","2025-10-04 03:35:29.886"
"E6BB0605","404","3",20,1,"SEASON","SOLD","2025-10-13 06:58:20.809"
"E6BB0605","106","9",7,1,"HOLD","HELD",NA
"E6BB0605","105","2",17,1,"GROUP","HELD",NA
"E6BB0605","307","3",13,1,"DIST-OPEN","SOLD","2025-12-16 11:52:58.620"
"E6BB0605","213","2",13,1,"GROUP","HELD",NA
"E6BB0605","302","9",11,1,"DIST-OPEN","SOLD","2026-06-02 01:02:19.146"
"E6BB0605","403","10",20,1,"DIST-OPEN","available",NA
"E6BB0605","207","10",8,1,"GROUP","HELD",NA
"E6BB0605","217","3",8,1,"HOLD","HELD",NA
"E6BB0605","404","1",12,1,"DIST-OPEN","available",NA
"E6BB0605","201","3",5,1,"DIST-OPEN","SOLD","2026-02-21 14:10:37.550"
"E6BB0605","403","8",24,1,"DIST-OPEN","available",NA
"E6BB0605","115","2",14,1,"SEASON","SOLD","2025-10-13 02:45:50.168"
"E6BB0605","209","9",14,1,"SEASON","SOLD","2025-10-14 16:19:24.555"
"E6BB0605","219","6",17,1,"SEASON","SOLD","2025-10-06 19:35:27.022"
"E6BB0605","303","9",20,1,"SEASON","SOLD","2025-10-29 22:24:59.368"
"E6BB0605","220","8",21,1,"DIST-OPEN","SOLD","2026-03-20 08:22:37.803"
"E6BB0605","209","5",24,1,"DIST-OPEN","SOLD","2025-12-08 00:16:43.016"
"E6BB0605","403","3",18,1,"GROUP","HELD",NA
"E6BB0605","404","4",8,1,"DIST-OPEN","SOLD","2025-11-17 19:39:28.211"
"E6BB0605","314","8",2,1,"SEASON","SOLD","2025-10-27 08:52:53.013"
"E6BB0605","108","3",8,1,"SEASON","SOLD","2025-10-07 17:14:44.459"
"E6BB0605","212","8",2,1,"DIST-OPEN","SOLD","2025-12-20 16:14:41.383"
"E6BB0605","302","1",8,1,"DIST-OPEN","available",NA
"E6BB0605","202","4",7,1,"DIST-OPEN","SOLD","2026-05-19 02:19:24.952"
"E6BB0605","206","5",17,1,"DIST-OPEN","SOLD","2026-03-21 00:35:47.106"
"E6BB0605","202","1",18,1,"SEASON","SOLD","2025-10-02 05:20:29.965"
"E6BB0605","407","1",20,1,"DIST-OPEN","SOLD","2026-04-05 06:36:45.265"
"E6BB0605","320","7",8,1,"SEASON","SOLD","2025-10-29 18:45:43.501"
"E6BB0605","204","9",18,1,"DIST-OPEN","available",NA
"E6BB0605","115","3",13,1,"DIST-OPEN","SOLD","2026-03-10 15:06:04.861"
"E6BB0605","402","9",6,1,"DIST-OPEN","available",NA
"E6BB0605","116","7",21,1,"DIST-OPEN","SOLD","2026-05-27 10:32:13.792"
"E6BB0605","312","4",19,1,"SEASON","SOLD","2025-10-04 19:57:20.347"
"E6BB0605","306","7",22,1,"SEASON","SOLD","2025-10-17 20:00:53.572"
"E6BB0605","201","1",17,1,"SEASON","SOLD","2025-10-18 21:41:00.986"
"E6BB0605","409","6",24,1,"DIST-OPEN","available",NA
"E6BB0605","114","3",19,1,"COMP","HELD",NA
"E6BB0605","102","6",8,1,"GROUP","HELD",NA
"E6BB0605","213","4",20,1,"HOLD","HELD",NA
"E6BB0605","209","7",15,1,"DIST-OPEN","SOLD","2026-03-02 11:22:31.912"
"E6BB0605","303","4",21,1,"DIST-OPEN","COMP","2026-03-19 20:49:01.316"
"E6BB0605","308","4",19,1,"DIST-OPEN","SOLD","2025-11-27 10:20:11.751"
"E6BB0605","101","7",1,1,"SEASON","SOLD","2025-10-24 23:20:35.841"
"E6BB0605","408","3",6,1,"SEASON","SOLD","2025-10-28 20:01:26.103"
"E6BB0605","403","6",7,1,"COMP","HELD",NA
"E6BB0605","108","10",1,1,"HOLD","HELD",NA
"E6BB0605","309","8",3,1,"DIST-OPEN","SOLD","2026-02-24 15:42:43.648"
"E6BB0605","316","9",1,1,"COMP","COMP","2026-02-11 10:38:37.262"
"E6BB0605","311","2",19,1,"COMP","HELD",NA
"E6BB0605","315","10",11,1,"DIST-OPEN","available",NA
"E6BB0605","302","8",22,1,"DIST-OPEN","available",NA
"E6BB0605","409","8",8,1,"DIST-OPEN","available",NA
"E6BB0605","202","3",18,1,"DIST-OPEN","available",NA
"E6BB0605","309","1",10,1,"DIST-OPEN","available",NA
"E6BB0605","204","2",12,1,"DIST-OPEN","available",NA
"E6BB0605","220","3",16,1,"SEASON","SOLD","2025-10-18 12:27:02.695"
"E6BB0605","302","3",23,1,"DIST-OPEN","available",NA
"E6BB0605","317","5",22,1,"COMP","HELD",NA
"E6BB0605","205","5",12,1,"HOLD","HELD",NA
"E6BB0605","404","5",14,1,"COMP","HELD",NA
"E6BB0605","106","9",17,1,"GROUP","HELD",NA
"E6BB0605","105","4",23,1,"DIST-OPEN","available",NA
"E6BB0605","307","8",2,1,"HOLD","HELD",NA
"E6BB0605","213","7",15,1,"SEASON","SOLD","2025-10-30 07:29:45.040"
"E6BB0605","302","4",22,1,"DIST-OPEN","SOLD","2026-02-03 18:17:59.167"
"E6BB0605","403","7",6,1,"SEASON","SOLD","2025-10-12 16:27:50.260"
"E6BB0605","207","1",9,1,"DIST-OPEN","SOLD","2026-03-13 10:59:52.613"
"E6BB0605","217","1",6,1,"DIST-OPEN","available",NA
"E6BB0605","404","10",22,1,"COMP","HELD",NA
"E6BB0605","201","6",23,1,"DIST-OPEN","available",NA
"E6BB0605","403","4",4,1,"SEASON","SOLD","2025-10-28 15:26:21.472"
"E6BB0605","115","2",5,1,"SEASON","SOLD","2025-10-03 16:57:44.541"
"E6BB0605","209","3",4,1,"DIST-OPEN","SOLD","2025-12-08 11:19:01.904"
"E6BB0605","219","2",12,1,"DIST-OPEN","available",NA
"E6BB0605","303","8",14,1,"SEASON","SOLD","2025-10-19 15:40:59.041"
"E6BB0605","220","5",12,1,"DIST-OPEN","available",NA
"E6BB0605","209","1",20,1,"SEASON","SOLD","2025-10-20 22:27:14.588"
"E6BB0605","403","8",2,1,"DIST-OPEN","available",NA
"E6BB0605","404","9",19,1,"DIST-OPEN","available",NA
"E6BB0605","314","10",21,1,"DIST-OPEN","SOLD","2026-06-03 01:52:25.496"
"E6BB0605","108","5",22,1,"COMP","HELD",NA
"E6BB0605","212","2",22,1,"DIST-OPEN","available",NA
"E6BB0605","302","10",22,1,"GROUP","COMP","2026-03-10 03:43:26.493"
"E6BB0605","202","1",23,1,"DIST-OPEN","available",NA
"E6BB0605","206","9",5,1,"SEASON","SOLD","2025-10-18 09:09:56.514"
"E6BB0605","202","4",17,1,"DIST-OPEN","SOLD","2025-12-07 03:26:21.735"
"E6BB0605","407","9",9,1,"DIST-OPEN","available",NA
"E6BB0605","320","1",6,1,"DIST-OPEN","SOLD","2026-05-25 17:41:38.489"
"E6BB0605","204","2",22,1,"HOLD","HELD",NA
"E6BB0605","115","3",3,1,"DIST-OPEN","available",NA
"E6BB0605","402","5",3,1,"SEASON","SOLD","2025-10-11 06:44:46.695"
"E6BB0605","116","2",10,1,"DIST-OPEN","available",NA
"E6BB0605","312","10",7,1,"DIST-OPEN","COMP","2026-03-06 03:26:35.267"
"E6BB0605","306","8",5,1,"HOLD","HELD",NA
"E6BB0605","201","8",11,1,"SEASON","SOLD","2025-10-23 19:35:03.168"
"E6BB0605","409","8",18,1,"SEASON","SOLD","2025-10-07 10:19:52.501"
"E6BB0605","114","4",15,1,"SEASON","SOLD","2025-10-22 04:45:31.563"
"E6BB0605","102","2",10,1,"DIST-OPEN","SOLD","2026-05-23 20:52:47.709"
"E6BB0605","213","5",11,1,"SEASON","SOLD","2025-10-11 04:39:22.003"
"E6BB0605","209","4",17,1,"DIST-OPEN","available",NA
"E6BB0605","303","5",21,1,"DIST-OPEN","available",NA
"E6BB0605","308","3",1,1,"HOLD","HELD",NA
"E6BB0605","101","5",2,1,"COMP","HELD",NA
"E6BB0605","408","3",11,1,"SEASON","SOLD","2025-10-11 14:12:42.515"
"E6BB0605","403","7",20,1,"COMP","HELD",NA
"E6BB0605","108","9",4,1,"SEASON","SOLD","2025-10-25 21:30:50.813"
"E6BB0605","309","2",6,1,"DIST-OPEN","available",NA
"E6BB0605","316","2",21,1,"SEASON","SOLD","2025-10-20 00:24:36.144"
"E6BB0605","311","10",23,1,"DIST-OPEN","available",NA
"E6BB0605","315","3",23,1,"SEASON","SOLD","2025-10-18 16:42:33.092"
"E6BB0605","302","2",6,1,"DIST-OPEN","SOLD","2025-12-21 23:58:21.594"
"E6BB0605","409","7",21,1,"DIST-OPEN","available",NA
"E6BB0605","202","3",6,1,"DIST-OPEN","available",NA
"E6BB0605","309","8",12,1,"SEASON","SOLD","2025-10-14 21:06:53.511"
"E6BB0605","204","8",20,1,"DIST-OPEN","available",NA
"E6BB0605","220","10",8,1,"SEASON","SOLD","2025-10-24 11:59:19.107"
"E6BB0605","302","6",14,1,"DIST-OPEN","SOLD","2026-02-07 00:58:03.746"
"E6BB0605","317","7",9,1,"DIST-OPEN","available",NA
"E6BB0605","205","6",13,1,"DIST-OPEN","available",NA
"E6BB0605","404","10",16,1,"COMP","COMP","2026-03-28 18:26:36.074"
"E6BB0605","106","10",21,1,"COMP","HELD",NA
"E6BB0605","105","10",19,1,"DIST-OPEN","SOLD","2026-01-13 18:34:24.205"
"E6BB0605","307","3",17,1,"DIST-OPEN","available",NA
"E6BB0605","213","7",14,1,"DIST-OPEN","available",NA
"E6BB0605","302","1",1,1,"DIST-OPEN","COMP","2026-02-18 05:13:11.726"
"E6BB0605","403","2",23,1,"DIST-OPEN","available",NA
"E6BB0605","207","5",2,1,"GROUP","HELD",NA
"E6BB0605","217","1",22,1,"HOLD","HELD",NA
"E6BB0605","404","5",16,1,"SEASON","SOLD","2025-10-23 06:56:50.213"
"E6BB0605","201","5",4,1,"DIST-OPEN","COMP","2026-03-15 05:45:00.028"
"E6BB0605","403","5",18,1,"GROUP","HELD",NA
"E6BB0605","115","1",18,1,"DIST-OPEN","available",NA
"E6BB0605","209","9",10,1,"DIST-OPEN","available",NA
"E6BB0605","219","5",4,1,"SEASON","SOLD","2025-10-18 17:00:13.125"
"E6BB0605","303","1",2,1,"DIST-OPEN","SOLD","2026-02-17 14:28:49.114"
"E6BB0605","220","10",21,1,"DIST-OPEN","available",NA
"E6BB0605","209","5",18,1,"DIST-OPEN","available",NA
"E6BB0605","403","1",18,1,"DIST-OPEN","available",NA
"E6BB0605","404","9",13,1,"DIST-OPEN","available",NA
"E6BB0605","314","9",7,1,"DIST-OPEN","available",NA
"E6BB0605","108","1",12,1,"GROUP","HELD",NA
"E6BB0605","212","2",3,1,"HOLD","HELD",NA
"E6BB0605","302","7",6,1,"HOLD","HELD",NA
"E6BB0605","202","9",2,1,"DIST-OPEN","available",NA
"E6BB0605","206","10",18,1,"DIST-OPEN","SOLD","2026-03-24 22:13:59.708"
"E6BB0605","202","7",23,1,"DIST-OPEN","available",NA
"E6BB0605","407","10",22,1,"DIST-OPEN","available",NA
"E6BB0605","320","9",10,1,"DIST-OPEN","available",NA
"E6BB0605","204","1",14,1,"COMP","HELD",NA
"E6BB0605","115","9",22,1,"SEASON","SOLD","2025-10-26 11:11:30.350"
"E6BB0605","402","7",22,1,"DIST-OPEN","SOLD","2026-03-07 15:12:06.449"
"E6BB0605","116","1",19,1,"GROUP","COMP","2026-02-06 13:11:19.687"
"E6BB0605","312","7",23,1,"DIST-OPEN","available",NA
"E6BB0605","306","5",22,1,"DIST-OPEN","SOLD","2026-05-18 05:30:59.331"
"E6BB0605","201","7",11,1,"DIST-OPEN","SOLD","2026-05-03 16:12:28.528"
"E6BB0605","409","3",1,1,"HOLD","HELD",NA
"E6BB0605","114","9",9,1,"HOLD","HELD",NA
"E6BB0605","102","1",2,1,"DIST-OPEN","available",NA
"E6BB0605","213","7",22,1,"DIST-OPEN","SOLD","2026-05-26 14:29:27.431"
"E6BB0605","209","1",10,1,"DIST-OPEN","COMP","2026-03-26 16:34:43.475"
"E6BB0605","303","4",19,1,"HOLD","HELD",NA
"E6BB0605","308","3",16,1,"SEASON","SOLD","2025-10-09 18:36:20.979"
"E6BB0605","101","1",8,1,"COMP","COMP","2026-02-18 20:07:50.390"
"E6BB0605","408","5",14,1,"DIST-OPEN","available",NA
"E6BB0605","403","2",3,1,"DIST-OPEN","available",NA
"E6BB0605","108","3",2,1,"DIST-OPEN","available",NA
"E6BB0605","309","1",22,1,"DIST-OPEN","available",NA
"E6BB0605","316","10",15,1,"GROUP","HELD",NA
"E6BB0605","311","3",23,1,"SEASON","SOLD","2025-10-28 14:10:53.692"
"E6BB0605","315","9",12,1,"DIST-OPEN","available",NA
"E6BB0605","302","1",23,1,"DIST-OPEN","available",NA
"E6BB0605","409","1",6,1,"DIST-OPEN","available",NA
"E6BB0605","202","4",21,1,"DIST-OPEN","SOLD","2025-11-25 16:28:05.868"
"E6BB0605","309","10",19,1,"DIST-OPEN","available",NA
"E6BB0605","204","3",14,1,"DIST-OPEN","SOLD","2026-02-10 04:48:00.443"
"E6BB0605","220","5",1,1,"DIST-OPEN","available",NA
"E6BB0605","302","4",3,1,"DIST-OPEN","SOLD","2025-12-31 05:22:58.509"
"E6BB0605","317","7",23,1,"DIST-OPEN","available",NA
"E6BB0605","205","2",11,1,"DIST-OPEN","SOLD","2026-05-12 21:35:52.932"
"E6BB0605","404","5",4,1,"SEASON","SOLD","2025-10-16 02:54:20.069"
"E6BB0605","106","4",4,1,"DIST-OPEN","available",NA
"E6BB0605","105","2",1,1,"DIST-OPEN","SOLD","2026-03-06 08:00:54.586"
"E6BB0605","307","7",17,1,"DIST-OPEN","available",NA
"E6BB0605","213","3",6,1,"COMP","HELD",NA
"E6BB0605","302","9",5,1,"DIST-OPEN","available",NA
"E6BB0605","403","10",10,1,"HOLD","HELD",NA
"E6BB0605","207","10",9,1,"DIST-OPEN","available",NA
"E6BB0605","217","9",10,1,"DIST-OPEN","available",NA
"E6BB0605","404","5",4,1,"COMP","HELD",NA
"E6BB0605","201","8",1,1,"SEASON","SOLD","2025-10-04 05:40:11.855"
"E6BB0605","403","10",1,1,"DIST-OPEN","available",NA
"E6BB0605","115","4",18,1,"DIST-OPEN","available",NA
"E6BB0605","209","7",11,1,"HOLD","COMP","2026-03-26 08:46:17.819"
"E6BB0605","219","10",4,1,"DIST-OPEN","available",NA
"E6BB0605","303","2",15,1,"DIST-OPEN","available",NA
"E6BB0605","220","2",7,1,"SEASON","SOLD","2025-10-07 13:50:03.309"
"E6BB0605","209","8",13,1,"DIST-OPEN","SOLD","2026-02-12 14:57:24.187"
"E6BB0605","403","1",12,1,"DIST-OPEN","available",NA
"E6BB0605","404","7",16,1,"DIST-OPEN","SOLD","2026-01-24 09:59:29.986"
"E6BB0605","314","5",8,1,"SEASON","SOLD","2025-10-16 13:00:34.836"
"E6BB0605","108","10",23,1,"SEASON","SOLD","2025-10-27 04:20:55.928"
"E6BB0605","212","10",18,1,"HOLD","HELD",NA
"E6BB0605","302","10",6,1,"GROUP","HELD",NA
"E6BB0605","202","1",18,1,"DIST-OPEN","SOLD","2025-11-29 14:26:54.845"
"E6BB0605","206","5",14,1,"DIST-OPEN","available",NA
"E6BB0605","202","8",8,1,"COMP","HELD",NA
"E6BB0605","407","1",8,1,"DIST-OPEN","available",NA
"E6BB0605","320","7",8,1,"DIST-OPEN","available",NA
"E6BB0605","204","3",9,1,"SEASON","SOLD","2025-10-14 15:46:38.421"
"E6BB0605","115","7",2,1,"DIST-OPEN","SOLD","2026-04-01 23:16:15.267"
"E6BB0605","402","6",14,1,"DIST-OPEN","available",NA
"E6BB0605","116","1",6,1,"SEASON","SOLD","2025-10-15 12:35:03.818"
"E6BB0605","312","4",21,1,"HOLD","HELD",NA
"E6BB0605","306","1",20,1,"SEASON","SOLD","2025-10-31 03:44:05.972"
"E6BB0605","201","8",4,1,"DIST-OPEN","available",NA
"E6BB0605","409","6",1,1,"SEASON","SOLD","2025-10-18 23:22:40.441"
"E6BB0605","114","6",20,1,"DIST-OPEN","SOLD","2025-12-23 11:53:17.380"
"E6BB0605","102","9",9,1,"DIST-OPEN","COMP","2026-01-16 19:37:28.089"
"E6BB0605","213","2",5,1,"SEASON","SOLD","2025-10-05 05:23:17.691"
"E6BB0605","209","5",21,1,"SEASON","SOLD","2025-10-28 00:38:14.630"
"E6BB0605","303","2",19,1,"SEASON","SOLD","2025-10-08 15:41:55.918"
"E6BB0605","308","3",18,1,"SEASON","SOLD","2025-10-21 22:22:48.744"
"E6BB0605","101","5",7,1,"DIST-OPEN","SOLD","2025-12-11 06:44:23.060"
"E6BB0605","408","1",7,1,"DIST-OPEN","SOLD","2026-01-21 19:04:14.558"
"E6BB0605","403","5",9,1,"DIST-OPEN","available",NA
"E6BB0605","108","7",6,1,"SEASON","SOLD","2025-10-09 01:39:11.362"
"E6BB0605","309","6",12,1,"DIST-OPEN","available",NA
"E6BB0605","316","10",24,1,"HOLD","HELD",NA
"E6BB0605","311","1",3,1,"DIST-OPEN","available",NA
"E6BB0605","315","5",19,1,"DIST-OPEN","available",NA
"E6BB0605","302","8",12,1,"GROUP","HELD",NA
"E6BB0605","409","1",10,1,"DIST-OPEN","available",NA
"E6BB0605","202","3",10,1,"COMP","HELD",NA
"E6BB0605","309","4",12,1,"HOLD","HELD",NA
"E6BB0605","204","8",13,1,"DIST-OPEN","SOLD","2026-05-18 11:52:14.836"
"E6BB0605","220","7",10,1,"DIST-OPEN","available",NA
"E6BB0605","302","2",6,1,"SEASON","SOLD","2025-10-10 06:29:30.873"
"E6BB0605","317","4",19,1,"HOLD","HELD",NA
"E6BB0605","205","9",9,1,"COMP","HELD",NA
"E6BB0605","404","5",7,1,"DIST-OPEN","SOLD","2026-05-27 13:39:57.150"
"E6BB0605","106","8",19,1,"DIST-OPEN","available",NA
"E6BB0605","105","1",14,1,"GROUP","HELD",NA
"E6BB0605","307","8",21,1,"GROUP","HELD",NA
"E6BB0605","213","1",11,1,"DIST-OPEN","available",NA
"E6BB0605","302","9",1,1,"GROUP","HELD",NA
"E6BB0605","403","9",6,1,"DIST-OPEN","available",NA
"E6BB0605","207","9",22,1,"GROUP","HELD",NA
"E6BB0605","217","5",16,1,"DIST-OPEN","available",NA
"E6BB0605","404","6",8,1,"DIST-OPEN","COMP","2026-01-24 06:10:15.508"
"E6BB0605","201","10",11,1,"HOLD","COMP","2026-02-21 17:51:53.705"
"E6BB0605","403","7",6,1,"SEASON","SOLD","2025-10-28 11:45:52.524"
"E6BB0605","115","2",6,1,"DIST-OPEN","available",NA
"E6BB0605","209","2",12,1,"DIST-OPEN","SOLD","2026-05-09 10:27:05.707"
"E6BB0605","219","8",13,1,"SEASON","SOLD","2025-10-11 03:15:42.406"
"E6BB0605","303","3",2,1,"DIST-OPEN","SOLD","2026-05-14 20:54:37.447"
"E6BB0605","220","6",12,1,"DIST-OPEN","SOLD","2025-12-19 05:28:39.911"
"E6BB0605","209","5",19,1,"DIST-OPEN","available",NA
"E6BB0605","403","8",19,1,"DIST-OPEN","SOLD","2026-03-07 04:38:04.243"
"E6BB0605","404","10",22,1,"HOLD","HELD",NA
"E6BB0605","314","10",6,1,"DIST-OPEN","available",NA
"E6BB0605","108","5",18,1,"SEASON","SOLD","2025-10-14 17:01:43.668"
"E6BB0605","212","1",17,1,"DIST-OPEN","SOLD","2026-04-05 07:02:52.607"
"E6BB0605","302","7",9,1,"SEASON","SOLD","2025-10-09 22:29:22.958"
"E6BB0605","202","4",2,1,"COMP","HELD",NA
"E6BB0605","206","2",1,1,"SEASON","SOLD","2025-10-08 02:34:35.649"
"E6BB0605","202","7",18,1,"SEASON","SOLD","2025-10-25 08:46:54.185"
"E6BB0605","407","6",19,1,"SEASON","SOLD","2025-10-06 20:47:50.331"
"E6BB0605","320","5",12,1,"DIST-OPEN","available",NA
"E6BB0605","204","10",13,1,"DIST-OPEN","available",NA
"E6BB0605","115","8",19,1,"DIST-OPEN","SOLD","2026-05-27 07:58:28.495"
"E6BB0605","402","7",20,1,"DIST-OPEN","SOLD","2026-04-10 21:55:47.844"
"E6BB0605","116","8",11,1,"DIST-OPEN","available",NA
"E6BB0605","312","8",16,1,"DIST-OPEN","SOLD","2026-02-27 03:57:07.115"
"E6BB0605","306","9",10,1,"SEASON","SOLD","2025-10-25 07:23:35.515"
"E6BB0605","201","1",20,1,"SEASON","SOLD","2025-10-02 01:02:39.680"
"E6BB0605","409","1",8,1,"COMP","COMP","2026-03-12 22:44:25.401"
"E6BB0605","114","9",8,1,"GROUP","HELD",NA
"E6BB0605","102","1",6,1,"DIST-OPEN","available",NA
"E6BB0605","213","9",11,1,"DIST-OPEN","SOLD","2026-01-20 21:49:43.867"
"E6BB0605","209","7",13,1,"COMP","HELD",NA
"E6BB0605","303","5",10,1,"SEASON","SOLD","2025-10-06 12:56:39.097"
"E6BB0605","308","9",7,1,"COMP","HELD",NA
"E6BB0605","101","2",22,1,"GROUP","HELD",NA
"E6BB0605","408","5",17,1,"GROUP","COMP","2026-01-07 17:31:01.620"
"E6BB0605","403","8",8,1,"SEASON","SOLD","2025-10-03 09:32:24.280"
"E6BB0605","108","8",23,1,"HOLD","COMP","2026-01-20 07:53:56.264"
"E6BB0605","309","5",12,1,"HOLD","HELD",NA
"E6BB0605","316","5",16,1,"GROUP","COMP","2026-01-28 19:24:27.435"
"E6BB0605","311","3",21,1,"DIST-OPEN","available",NA
"E6BB0605","315","4",13,1,"SEASON","SOLD","2025-10-30 22:39:50.876"
"E6BB0605","302","8",22,1,"DIST-OPEN","available",NA
"E6BB0605","409","2",13,1,"DIST-OPEN","available",NA
"E6BB0605","202","10",19,1,"DIST-OPEN","available",NA
"E6BB0605","309","10",11,1,"DIST-OPEN","available",NA
"E6BB0605","204","3",10,1,"DIST-OPEN","SOLD","2025-12-24 04:53:12.586"
"E6BB0605","220","9",7,1,"SEASON","SOLD","2025-10-05 15:29:16.324"
"E6BB0605","302","8",2,1,"DIST-OPEN","available",NA
"E6BB0605","317","2",7,1,"SEASON","SOLD","2025-10-19 22:36:55.080"
"E6BB0605","205","4",14,1,"DIST-OPEN","available",NA
"E6BB0605","404","8",14,1,"DIST-OPEN","available",NA
"E6BB0605","106","1",15,1,"DIST-OPEN","available",NA
"E6BB0605","105","2",22,1,"DIST-OPEN","SOLD","2026-03-10 13:28:32.650"
"E6BB0605","307","7",9,1,"DIST-OPEN","available",NA
"E6BB0605","213","8",1,1,"DIST-OPEN","available",NA
"E6BB0605","302","10",22,1,"DIST-OPEN","SOLD","2026-01-09 03:07:02.445"
"E6BB0605","403","7",22,1,"DIST-OPEN","available",NA
"E6BB0605","207","10",19,1,"SEASON","SOLD","2025-10-24 04:46:14.457"
"E6BB0605","217","7",13,1,"DIST-OPEN","available",NA
"E6BB0605","404","4",11,1,"SEASON","SOLD","2025-10-07 15:04:23.652"
"E6BB0605","201","2",20,1,"COMP","HELD",NA
"E6BB0605","403","8",8,1,"DIST-OPEN","SOLD","2026-01-17 05:49:21.290"
"E6BB0605","115","6",21,1,"HOLD","HELD",NA
"E6BB0605","209","1",20,1,"DIST-OPEN","available",NA
"E6BB0605","219","8",15,1,"HOLD","COMP","2026-03-16 19:45:20.549"
"E6BB0605","303","1",20,1,"COMP","HELD",NA
"E6BB0605","220","9",1,1,"HOLD","HELD",NA
"E6BB0605","209","7",19,1,"DIST-OPEN","available",NA
"E6BB0605","403","5",18,1,"DIST-OPEN","SOLD","2026-05-24 16:16:01.604"
"E6BB0605","404","3",24,1,"DIST-OPEN","available",NA
"E6BB0605","314","6",24,1,"DIST-OPEN","SOLD","2026-01-08 15:49:05.022"
"E6BB0605","108","10",10,1,"DIST-OPEN","available",NA
"E6BB0605","212","10",9,1,"DIST-OPEN","available",NA
"E6BB0605","302","1",13,1,"HOLD","HELD",NA
"E6BB0605","202","9",12,1,"DIST-OPEN","available",NA
"E6BB0605","206","5",14,1,"DIST-OPEN","SOLD","2026-01-25 10:36:19.010"
"E6BB0605","202","8",2,1,"SEASON","SOLD","2025-10-24 14:31:41.862"
"E6BB0605","407","9",4,1,"DIST-OPEN","available",NA
"E6BB0605","320","4",11,1,"SEASON","SOLD","2025-10-23 17:50:55.240"
"E6BB0605","204","5",14,1,"GROUP","HELD",NA
"E6BB0605","115","1",10,1,"SEASON","SOLD","2025-10-16 09:31:03.110"
"E6BB0605","402","6",11,1,"GROUP","HELD",NA
"E6BB0605","116","9",21,1,"SEASON","SOLD","2025-10-23 04:20:52.833"
"E6BB0605","312","2",7,1,"DIST-OPEN","available",NA
"E6BB0605","306","2",24,1,"DIST-OPEN","available",NA
"E6BB0605","201","7",2,1,"DIST-OPEN","available",NA
"E6BB0605","409","6",21,1,"SEASON","SOLD","2025-10-23 00:20:14.703"
"E6BB0605","114","3",3,1,"DIST-OPEN","SOLD","2026-03-01 16:47:23.263"
"E6BB0605","102","10",23,1,"SEASON","SOLD","2025-10-06 19:55:38.163"
"E6BB0605","213","2",20,1,"GROUP","HELD",NA
"E6BB0605","209","9",20,1,"DIST-OPEN","SOLD","2026-05-24 11:09:25.690"
"E6BB0605","303","9",7,1,"SEASON","SOLD","2025-10-18 11:15:14.641"
"E6BB0605","308","6",20,1,"DIST-OPEN","SOLD","2026-02-28 12:09:09.673"
"E6BB0605","101","1",18,1,"COMP","HELD",NA
"E6BB0605","408","4",13,1,"DIST-OPEN","available",NA
"E6BB0605","403","2",2,1,"DIST-OPEN","SOLD","2026-02-19 08:21:46.745"
"E6BB0605","108","6",2,1,"COMP","HELD",NA
"E6BB0605","309","10",10,1,"DIST-OPEN","SOLD","2026-01-18 00:45:36.545"
"E6BB0605","316","10",13,1,"DIST-OPEN","available",NA
"E6BB0605","311","3",9,1,"SEASON","SOLD","2025-10-16 00:28:05.309"
"E6BB0605","315","7",20,1,"COMP","HELD",NA
"E6BB0605","302","8",2,1,"DIST-OPEN","SOLD","2026-01-05 14:42:36.156"
"E6BB0605","409","6",10,1,"DIST-OPEN","SOLD","2026-02-08 04:05:54.705"
"E6BB0605","202","4",1,1,"HOLD","COMP","2026-03-25 21:44:59.990"
"E6BB0605","309","4",4,1,"HOLD","HELD",NA
"E6BB0605","204","9",8,1,"DIST-OPEN","available",NA
"E6BB0605","220","9",21,1,"DIST-OPEN","SOLD","2026-04-11 00:37:56.366"
"E6BB0605","302","8",15,1,"DIST-OPEN","available",NA
"E6BB0605","317","8",10,1,"DIST-OPEN","SOLD","2026-03-20 11:57:00.838"
"E6BB0605","205","4",22,1,"DIST-OPEN","available",NA
"E6BB0605","404","7",15,1,"DIST-OPEN","SOLD","2026-04-13 12:12:34.326"
"E6BB0605","106","1",18,1,"DIST-OPEN","available",NA
"E6BB0605","105","6",17,1,"GROUP","HELD",NA
"E6BB0605","307","10",19,1,"HOLD","COMP","2026-01-31 04:16:44.620"
"E6BB0605","213","2",20,1,"SEASON","SOLD","2025-10-25 01:56:55.882"
"E6BB0605","302","3",8,1,"HOLD","HELD",NA
"E6BB0605","403","1",16,1,"DIST-OPEN","SOLD","2026-04-23 13:05:39.991"
"E6BB0605","207","3",4,1,"DIST-OPEN","available",NA
"E6BB0605","217","7",14,1,"DIST-OPEN","SOLD","2025-12-06 02:38:58.876"
"E6BB0605","404","6",3,1,"SEASON","SOLD","2025-10-21 01:11:56.898"
"E6BB0605","201","9",2,1,"DIST-OPEN","SOLD","2026-03-22 03:57:42.476"
"E6BB0605","403","10",13,1,"DIST-OPEN","SOLD","2026-05-16 09:03:55.223"
"E6BB0605","115","5",8,1,"DIST-OPEN","SOLD","2026-05-05 00:08:35.684"
"E6BB0605","209","10",2,1,"DIST-OPEN","available",NA
"E6BB0605","219","3",8,1,"DIST-OPEN","available",NA
"E6BB0605","303","4",1,1,"SEASON","SOLD","2025-10-02 21:41:03.253"
"E6BB0605","220","7",7,1,"DIST-OPEN","available",NA
"E6BB0605","209","6",15,1,"DIST-OPEN","available",NA
"E6BB0605","403","5",6,1,"HOLD","HELD",NA
"E6BB0605","404","10",8,1,"HOLD","HELD",NA
"E6BB0605","314","4",13,1,"DIST-OPEN","SOLD","2026-05-20 14:37:43.378"
"E6BB0605","108","1",12,1,"COMP","HELD",NA
"E6BB0605","212","4",21,1,"DIST-OPEN","available",NA
"E6BB0605","302","10",22,1,"DIST-OPEN","SOLD","2026-05-26 02:40:15.188"
"E6BB0605","202","1",3,1,"HOLD","HELD",NA
"E6BB0605","206","7",14,1,"HOLD","HELD",NA
"E6BB0605","202","9",1,1,"DIST-OPEN","available",NA
"E6BB0605","407","4",13,1,"DIST-OPEN","available",NA
"E6BB0605","320","6",10,1,"GROUP","HELD",NA
"E6BB0605","204","5",10,1,"COMP","HELD",NA
"E6BB0605","115","9",23,1,"DIST-OPEN","available",NA
"E6BB0605","402","3",9,1,"DIST-OPEN","available",NA
"E6BB0605","116","1",1,1,"GROUP","HELD",NA
"E6BB0605","312","7",14,1,"DIST-OPEN","SOLD","2026-03-04 03:35:35.673"
"E6BB0605","306","3",13,1,"GROUP","HELD",NA
"E6BB0605","201","9",9,1,"HOLD","COMP","2026-03-10 05:26:42.303"
"E6BB0605","409","1",16,1,"SEASON","SOLD","2025-10-23 21:17:55.372"
"E6BB0605","114","5",24,1,"SEASON","SOLD","2025-10-01 19:23:17.111"
"E6BB0605","102","5",2,1,"DIST-OPEN","available",NA
"E6BB0605","213","1",3,1,"DIST-OPEN","SOLD","2026-03-26 22:17:18.418"
"E6BB0605","209","6",16,1,"DIST-OPEN","SOLD","2026-03-18 20:31:57.675"
"E6BB0605","303","5",11,1,"DIST-OPEN","available",NA
"E6BB0605","308","1",6,1,"DIST-OPEN","available",NA
"E6BB0605","101","5",9,1,"DIST-OPEN","SOLD","2025-12-13 12:22:36.015"
"E6BB0605","408","6",7,1,"DIST-OPEN","COMP","2026-01-05 21:21:47.589"
"E6BB0605","403","9",10,1,"DIST-OPEN","available",NA
"E6BB0605","108","4",2,1,"COMP","HELD",NA
"E6BB0605","309","8",13,1,"DIST-OPEN","available",NA
"E6BB0605","316","7",22,1,"DIST-OPEN","SOLD","2026-03-28 15:29:47.841"
"E6BB0605","311","9",5,1,"SEASON","SOLD","2025-10-07 07:37:58.207"
"E6BB0605","315","5",20,1,"DIST-OPEN","SOLD","2026-05-15 09:39:24.021"
"E6BB0605","302","9",22,1,"DIST-OPEN","SOLD","2026-04-07 05:47:55.204"
"E6BB0605","409","1",13,1,"HOLD","HELD",NA
"E6BB0605","202","6",14,1,"DIST-OPEN","SOLD","2026-05-21 23:52:50.382"
"E6BB0605","309","2",17,1,"DIST-OPEN","SOLD","2026-04-24 00:55:46.289"
"E6BB0605","204","1",10,1,"DIST-OPEN","available",NA
"E6BB0605","220","4",22,1,"DIST-OPEN","available",NA
"E6BB0605","302","6",6,1,"DIST-OPEN","SOLD","2026-05-18 01:37:43.218"
"E6BB0605","317","4",11,1,"COMP","COMP","2026-02-04 04:19:07.820"
"E6BB0605","205","8",21,1,"DIST-OPEN","SOLD","2026-03-30 04:22:16.875"
"E6BB0605","404","7",21,1,"SEASON","SOLD","2025-10-19 06:29:18.676"
"E6BB0605","106","5",2,1,"DIST-OPEN","COMP","2026-02-26 14:11:31.595"
"E6BB0605","105","8",21,1,"SEASON","SOLD","2025-10-04 19:34:51.190"
"E6BB0605","307","8",24,1,"DIST-OPEN","available",NA
"E6BB0605","213","4",10,1,"DIST-OPEN","available",NA
"E6BB0605","302","8",11,1,"GROUP","COMP","2026-03-02 22:36:50.826"
"E6BB0605","403","2",6,1,"DIST-OPEN","SOLD","2026-06-04 00:14:00.662"
"E6BB0605","207","2",8,1,"SEASON","SOLD","2025-10-20 17:24:48.009"
"E6BB0605","217","9",5,1,"DIST-OPEN","available",NA
"E6BB0605","404","1",4,1,"DIST-OPEN","available",NA
"E6BB0605","201","2",12,1,"HOLD","HELD",NA
"E6BB0605","403","6",24,1,"DIST-OPEN","available",NA
"E6BB0605","115","2",12,1,"COMP","HELD",NA
"E6BB0605","209","5",19,1,"DIST-OPEN","available",NA
"E6BB0605","219","6",4,1,"COMP","HELD",NA
"E6BB0605","303","9",21,1,"DIST-OPEN","SOLD","2026-01-02 12:52:52.661"
"E6BB0605","220","2",21,1,"DIST-OPEN","available",NA
"E6BB0605","209","3",9,1,"DIST-OPEN","SOLD","2026-02-03 21:28:42.927"
"E6BB0605","403","8",19,1,"DIST-OPEN","COMP","2026-03-25 02:50:51.955"
"E6BB0605","404","4",15,1,"DIST-OPEN","available",NA
"E6BB0605","314","5",20,1,"GROUP","HELD",NA
"E6BB0605","108","6",17,1,"DIST-OPEN","available",NA
"E6BB0605","212","3",14,1,"SEASON","SOLD","2025-10-03 00:44:14.887"
"E6BB0605","302","9",4,1,"DIST-OPEN","SOLD","2026-05-31 03:25:57.366"
"E6BB0605","202","1",14,1,"DIST-OPEN","available",NA
"E6BB0605","206","3",19,1,"SEASON","SOLD","2025-10-11 17:38:22.855"
"E6BB0605","202","2",7,1,"HOLD","HELD",NA
"E6BB0605","407","1",13,1,"HOLD","HELD",NA
"E6BB0605","320","10",21,1,"DIST-OPEN","SOLD","2026-02-07 00:18:10.741"
"E6BB0605","204","6",11,1,"DIST-OPEN","COMP","2026-03-03 10:30:00.331"
"E6BB0605","115","9",10,1,"DIST-OPEN","SOLD","2026-04-22 11:23:13.820"
"E6BB0605","402","7",8,1,"HOLD","HELD",NA
"E6BB0605","116","7",10,1,"DIST-OPEN","available",NA
"E6BB0605","312","2",15,1,"HOLD","HELD",NA
"E6BB0605","306","4",12,1,"COMP","COMP","2026-01-09 23:12:20.947"
"E6BB0605","201","8",18,1,"DIST-OPEN","available",NA
"E6BB0605","409","7",14,1,"DIST-OPEN","available",NA
"E6BB0605","114","2",23,1,"GROUP","HELD",NA
"E6BB0605","102","5",14,1,"DIST-OPEN","SOLD","2025-12-16 10:40:48.633"
"E6BB0605","213","1",12,1,"DIST-OPEN","SOLD","2025-12-22 11:55:00.927"
"E6BB0605","209","2",16,1,"SEASON","SOLD","2025-10-13 08:36:17.950"
"E6BB0605","303","9",13,1,"DIST-OPEN","available",NA
"E6BB0605","308","2",6,1,"DIST-OPEN","available",NA
"E6BB0605","101","9",15,1,"DIST-OPEN","available",NA
"E6BB0605","408","5",22,1,"DIST-OPEN","available",NA
"E6BB0605","403","10",9,1,"GROUP","HELD",NA
"E6BB0605","108","2",1,1,"SEASON","SOLD","2025-10-23 12:04:19.055"
"E6BB0605","309","9",5,1,"SEASON","SOLD","2025-10-12 13:29:51.330"
"E6BB0605","316","9",6,1,"DIST-OPEN","SOLD","2026-04-09 01:14:47.897"
"E6BB0605","311","6",2,1,"SEASON","SOLD","2025-10-09 01:01:46.001"
"E6BB0605","315","4",15,1,"DIST-OPEN","SOLD","2026-05-28 08:44:08.948"
"E6BB0605","302","2",8,1,"DIST-OPEN","SOLD","2026-04-26 07:13:30.551"
"E6BB0605","409","4",19,1,"DIST-OPEN","SOLD","2026-02-13 23:10:32.235"
"E6BB0605","202","4",12,1,"HOLD","HELD",NA
"E6BB0605","309","9",23,1,"DIST-OPEN","available",NA
"E6BB0605","204","7",2,1,"SEASON","SOLD","2025-10-26 06:33:21.166"
"E6BB0605","220","6",3,1,"SEASON","SOLD","2025-10-21 04:24:59.165"
"E6BB0605","302","6",1,1,"DIST-OPEN","SOLD","2026-03-10 16:39:28.361"
"E6BB0605","317","8",3,1,"DIST-OPEN","SOLD","2026-05-31 07:58:10.969"
"E6BB0605","205","1",7,1,"COMP","HELD",NA
"E6BB0605","404","5",18,1,"SEASON","SOLD","2025-10-07 17:27:53.180"
"E6BB0605","106","6",20,1,"GROUP","HELD",NA
"E6BB0605","105","2",18,1,"DIST-OPEN","SOLD","2025-12-28 23:35:10.949"
"E6BB0605","307","6",13,1,"DIST-OPEN","available",NA
"E6BB0605","213","3",23,1,"DIST-OPEN","SOLD","2025-11-25 07:23:21.074"
"E6BB0605","302","7",16,1,"DIST-OPEN","available",NA
"E6BB0605","403","1",20,1,"COMP","HELD",NA
"E6BB0605","207","7",12,1,"DIST-OPEN","available",NA
"E6BB0605","217","10",19,1,"COMP","HELD",NA
"E6BB0605","404","9",20,1,"HOLD","HELD",NA
"E6BB0605","201","7",2,1,"HOLD","HELD",NA
"E6BB0605","403","1",16,1,"DIST-OPEN","COMP","2026-02-02 17:53:02.094"
"E6BB0605","115","5",3,1,"SEASON","SOLD","2025-10-18 07:19:43.697"
"E6BB0605","209","3",15,1,"COMP","HELD",NA
"E6BB0605","219","8",20,1,"DIST-OPEN","available",NA
"E6BB0605","303","4",1,1,"GROUP","HELD",NA
"E6BB0605","220","7",20,1,"DIST-OPEN","available",NA
"E6BB0605","209","3",7,1,"SEASON","SOLD","2025-10-29 22:12:24.998"
"E6BB0605","403","9",16,1,"SEASON","SOLD","2025-10-07 11:39:08.811"
"E6BB0605","404","6",10,1,"SEASON","SOLD","2025-10-28 03:13:28.272"
"E6BB0605","314","10",11,1,"DIST-OPEN","COMP","2026-01-03 06:01:32.562"
"E6BB0605","108","1",8,1,"SEASON","SOLD","2025-10-10 20:22:47.769"
"E6BB0605","212","1",7,1,"DIST-OPEN","available",NA
"E6BB0605","302","6",5,1,"DIST-OPEN","SOLD","2025-12-22 00:21:40.342"
"E6BB0605","202","1",23,1,"DIST-OPEN","SOLD","2026-03-18 23:24:05.511"
"E6BB0605","206","4",12,1,"COMP","HELD",NA
"E6BB0605","202","8",15,1,"DIST-OPEN","available",NA
"E6BB0605","407","10",14,1,"DIST-OPEN","available",NA
"E6BB0605","320","10",22,1,"DIST-OPEN","available",NA
"E6BB0605","204","6",8,1,"GROUP","HELD",NA
"E6BB0605","115","8",8,1,"SEASON","SOLD","2025-10-23 18:13:59.352"
"E6BB0605","402","8",20,1,"HOLD","HELD",NA
"E6BB0605","116","6",19,1,"SEASON","SOLD","2025-10-05 08:50:47.752"
"E6BB0605","312","2",2,1,"DIST-OPEN","SOLD","2026-03-03 02:59:30.161"
"E6BB0605","306","8",7,1,"DIST-OPEN","available",NA
"E6BB0605","201","9",16,1,"DIST-OPEN","available",NA
"E6BB0605","409","1",6,1,"DIST-OPEN","SOLD","2026-04-11 11:39:57.005"
"E6BB0605","114","9",19,1,"DIST-OPEN","available",NA
"E6BB0605","102","3",11,1,"DIST-OPEN","available",NA
"E6BB0605","213","10",1,1,"DIST-OPEN","SOLD","2026-05-27 12:13:14.089"
"E6BB0605","209","4",10,1,"DIST-OPEN","COMP","2026-01-27 12:27:21.147"
"E6BB0605","303","6",12,1,"HOLD","HELD",NA
"E6BB0605","308","9",10,1,"DIST-OPEN","available",NA
"E6BB0605","101","7",6,1,"DIST-OPEN","SOLD","2026-03-11 18:45:54.091"
"E6BB0605","408","5",13,1,"DIST-OPEN","SOLD","2026-02-03 06:26:42.864"
"E6BB0605","403","10",7,1,"DIST-OPEN","COMP","2026-01-02 01:43:37.295"
"E6BB0605","108","4",13,1,"DIST-OPEN","available",NA
"E6BB0605","309","2",14,1,"DIST-OPEN","available",NA
"E6BB0605","316","4",9,1,"DIST-OPEN","SOLD","2026-05-24 12:26:42.746"
"E6BB0605","311","3",15,1,"DIST-OPEN","available",NA
"E6BB0605","315","9",20,1,"DIST-OPEN","available",NA
"E6BB0605","302","2",15,1,"SEASON","SOLD","2025-10-24 07:55:36.514"
"E6BB0605","409","2",13,1,"HOLD","HELD",NA
"E6BB0605","202","4",19,1,"SEASON","SOLD","2025-10-24 18:37:55.945"
"E6BB0605","309","3",16,1,"SEASON","SOLD","2025-10-04 05:59:22.886"
"E6BB0605","204","1",1,1,"DIST-OPEN","SOLD","2026-03-08 14:24:23.957"
"E6BB0605","220","4",18,1,"GROUP","HELD",NA
"E6BB0605","302","1",19,1,"DIST-OPEN","available",NA
"E6BB0605","317","3",23,1,"HOLD","HELD",NA
"E6BB0605","205","7",15,1,"DIST-OPEN","available",NA
"E6BB0605","404","2",12,1,"DIST-OPEN","available",NA
"E6BB0605","106","1",15,1,"DIST-OPEN","SOLD","2026-01-28 05:30:58.777"
"E6BB0605","105","2",1,1,"SEASON","SOLD","2025-10-03 17:43:57.519"
"E6BB0605","307","10",5,1,"DIST-OPEN","available",NA
"E6BB0605","213","6",10,1,"SEASON","SOLD","2025-10-29 01:59:41.412"
"E6BB0605","302","7",1,1,"DIST-OPEN","SOLD","2026-03-16 06:17:52.215"
"E6BB0605","403","2",9,1,"DIST-OPEN","available",NA
"E6BB0605","207","1",4,1,"DIST-OPEN","SOLD","2026-03-02 10:25:28.282"
"E6BB0605","217","3",22,1,"DIST-OPEN","SOLD","2026-02-18 02:01:57.468"
"E6BB0605","404","1",13,1,"DIST-OPEN","available",NA
"E6BB0605","201","10",23,1,"DIST-OPEN","available",NA
"E6BB0605","403","9",13,1,"COMP","HELD",NA
"E6BB0605","115","7",4,1,"HOLD","HELD",NA
"E6BB0605","209","8",22,1,"HOLD","HELD",NA
"E6BB0605","219","9",24,1,"DIST-OPEN","available",NA
"E6BB0605","303","1",9,1,"DIST-OPEN","SOLD","2026-05-15 03:45:51.421"
"E6BB0605","220","3",6,1,"DIST-OPEN","COMP","2026-01-08 19:48:11.042"
"E6BB0605","209","2",12,1,"DIST-OPEN","SOLD","2026-01-10 19:51:00.041"
"E6BB0605","403","6",8,1,"DIST-OPEN","available",NA
"E6BB0605","404","2",24,1,"DIST-OPEN","SOLD","2026-05-12 10:21:59.168"
"E6BB0605","314","5",15,1,"HOLD","HELD",NA
"E6BB0605","108","7",9,1,"DIST-OPEN","available",NA
"E6BB0605","212","2",21,1,"GROUP","COMP","2026-01-21 00:49:32.943"
"E6BB0605","302","3",6,1,"SEASON","SOLD","2025-10-29 00:57:21.589"
"E6BB0605","202","3",17,1,"DIST-OPEN","available",NA
"E6BB0605","206","5",21,1,"SEASON","SOLD","2025-10-19 21:23:13.779"
"E6BB0605","202","1",20,1,"HOLD","COMP","2026-01-09 04:13:34.478"
"E6BB0605","407","10",22,1,"SEASON","SOLD","2025-10-22 05:55:49.895"
"E6BB0605","320","2",24,1,"DIST-OPEN","available",NA
"E6BB0605","204","3",3,1,"DIST-OPEN","available",NA
"E6BB0605","115","10",9,1,"HOLD","HELD",NA
"E6BB0605","402","2",24,1,"SEASON","SOLD","2025-10-15 14:39:15.269"
"E6BB0605","116","2",4,1,"HOLD","HELD",NA
"E6BB0605","312","9",7,1,"COMP","COMP","2026-04-01 00:02:04.057"
"E6BB0605","306","7",13,1,"DIST-OPEN","SOLD","2026-04-15 05:44:19.078"
"E6BB0605","201","5",16,1,"DIST-OPEN","available",NA
"E6BB0605","409","10",13,1,"HOLD","HELD",NA
"E6BB0605","114","9",24,1,"HOLD","HELD",NA
"E6BB0605","102","6",17,1,"DIST-OPEN","available",NA
"E6BB0605","213","1",24,1,"GROUP","HELD",NA
"E6BB0605","209","9",20,1,"DIST-OPEN","available",NA
"E6BB0605","303","10",4,1,"HOLD","HELD",NA
"E6BB0605","308","7",6,1,"COMP","COMP","2026-01-11 23:46:30.550"
"E6BB0605","101","5",10,1,"SEASON","SOLD","2025-10-31 05:37:56.422"
"E6BB0605","408","3",20,1,"SEASON","SOLD","2025-10-11 08:30:20.961"
"E6BB0605","403","10",7,1,"DIST-OPEN","available",NA
"E6BB0605","108","4",18,1,"DIST-OPEN","available",NA
"E6BB0605","309","4",13,1,"DIST-OPEN","available",NA
"E6BB0605","316","9",16,1,"DIST-OPEN","available",NA
"E6BB0605","311","1",5,1,"SEASON","SOLD","2025-10-04 21:38:19.476"
"E6BB0605","315","2",2,1,"DIST-OPEN","SOLD","2026-03-18 05:48:47.965"
"E6BB0605","302","4",15,1,"DIST-OPEN","SOLD","2026-02-07 20:29:00.258"
"E6BB0605","409","7",23,1,"HOLD","HELD",NA
"E6BB0605","202","4",3,1,"DIST-OPEN","SOLD","2026-05-05 04:21:09.284"
"E6BB0605","309","4",10,1,"DIST-OPEN","available",NA
"E6BB0605","204","9",16,1,"DIST-OPEN","available",NA
"E6BB0605","220","10",1,1,"DIST-OPEN","available",NA
"E6BB0605","302","1",11,1,"DIST-OPEN","available",NA
"E6BB0605","317","2",9,1,"GROUP","HELD",NA
"E6BB0605","205","9",18,1,"SEASON","SOLD","2025-10-26 00:58:46.716"
"E6BB0605","404","10",23,1,"DIST-OPEN","SOLD","2026-03-04 06:17:47.177"
"E6BB0605","106","5",22,1,"DIST-OPEN","SOLD","2026-03-11 00:33:17.783"
"E6BB0605","105","1",14,1,"DIST-OPEN","SOLD","2025-12-12 18:22:35.740"
"E6BB0605","307","10",12,1,"HOLD","HELD",NA
"E6BB0605","213","4",15,1,"SEASON","SOLD","2025-10-11 08:01:35.984"
"E6BB0605","302","3",15,1,"SEASON","SOLD","2025-10-08 16:47:44.957"
"E6BB0605","403","1",11,1,"GROUP","COMP","2026-03-12 15:06:17.155"
"E6BB0605","207","2",16,1,"GROUP","HELD",NA
"E6BB0605","217","9",3,1,"DIST-OPEN","available",NA
"E6BB0605","404","1",24,1,"DIST-OPEN","SOLD","2026-02-15 17:43:42.309"
"E6BB0605","201","9",3,1,"SEASON","SOLD","2025-10-26 14:52:56.633"
"E6BB0605","403","4",4,1,"DIST-OPEN","available",NA
"E6BB0605","115","2",18,1,"SEASON","SOLD","2025-10-03 15:09:07.090"
"E6BB0605","209","6",13,1,"HOLD","HELD",NA
"E6BB0605","219","3",1,1,"DIST-OPEN","available",NA
"E6BB0605","303","7",13,1,"HOLD","HELD",NA
"E6BB0605","220","10",1,1,"DIST-OPEN","available",NA
"E6BB0605","209","10",1,1,"GROUP","HELD",NA
"E6BB0605","403","9",24,1,"DIST-OPEN","SOLD","2026-03-31 06:19:34.509"
"E6BB0605","404","4",12,1,"DIST-OPEN","SOLD","2025-12-16 03:55:47.750"
"E6BB0605","314","1",3,1,"SEASON","SOLD","2025-10-11 16:48:31.773"
"E6BB0605","108","3",1,1,"DIST-OPEN","SOLD","2025-11-17 23:10:54.019"
"E6BB0605","212","5",17,1,"SEASON","SOLD","2025-10-13 16:30:09.357"
"E6BB0605","302","10",20,1,"DIST-OPEN","COMP","2026-02-10 09:11:07.801"
"E6BB0605","202","8",12,1,"HOLD","HELD",NA
"E6BB0605","206","7",15,1,"DIST-OPEN","COMP","2026-01-23 07:30:37.615"
"E6BB0605","202","3",4,1,"DIST-OPEN","SOLD","2025-11-29 14:20:26.461"
"E6BB0605","407","8",6,1,"SEASON","SOLD","2025-10-27 07:50:02.058"
"E6BB0605","320","7",22,1,"DIST-OPEN","available",NA
"E6BB0605","204","7",8,1,"DIST-OPEN","SOLD","2025-12-29 06:16:29.370"
"E6BB0605","115","9",12,1,"SEASON","SOLD","2025-10-31 08:41:32.696"
"E6BB0605","402","7",16,1,"DIST-OPEN","SOLD","2026-01-11 22:59:05.493"
"E6BB0605","116","1",14,1,"DIST-OPEN","SOLD","2026-03-11 10:29:12.211"
"E6BB0605","312","9",5,1,"DIST-OPEN","SOLD","2026-01-15 06:44:46.904"
"E6BB0605","306","9",14,1,"DIST-OPEN","available",NA
"E6BB0605","201","5",16,1,"DIST-OPEN","available",NA
"E6BB0605","409","9",15,1,"SEASON","SOLD","2025-10-17 16:58:29.555"
"E6BB0605","114","1",12,1,"SEASON","SOLD","2025-10-27 06:50:28.324"
"E6BB0605","102","10",8,1,"DIST-OPEN","available",NA
"E6BB0605","213","9",17,1,"DIST-OPEN","available",NA
"E6BB0605","209","1",11,1,"DIST-OPEN","SOLD","2026-02-27 21:32:17.118"
"E6BB0605","303","4",15,1,"COMP","HELD",NA
"E6BB0605","308","1",13,1,"DIST-OPEN","SOLD","2026-03-23 10:32:12.599"
"E6BB0605","101","10",23,1,"SEASON","SOLD","2025-10-20 15:06:58.967"
"E6BB0605","408","5",21,1,"DIST-OPEN","available",NA
"E6BB0605","403","7",4,1,"HOLD","HELD",NA
"E6BB0605","108","3",5,1,"DIST-OPEN","available",NA
"E6BB0605","309","6",21,1,"DIST-OPEN","available",NA
"E6BB0605","316","2",16,1,"DIST-OPEN","SOLD","2026-04-23 17:33:26.777"
"E6BB0605","311","6",1,1,"DIST-OPEN","available",NA
"E6BB0605","315","1",16,1,"DIST-OPEN","SOLD","2026-03-30 00:37:18.776"
"E6BB0605","302","5",24,1,"DIST-OPEN","SOLD","2026-03-05 01:37:00.365"
"E6BB0605","409","9",14,1,"DIST-OPEN","COMP","2026-01-10 03:00:48.274"
"E6BB0605","202","2",21,1,"DIST-OPEN","available",NA
"E6BB0605","309","7",5,1,"DIST-OPEN","SOLD","2026-02-12 07:09:42.731"
"E6BB0605","204","3",15,1,"DIST-OPEN","available",NA
"E6BB0605","220","6",21,1,"DIST-OPEN","available",NA
"E6BB0605","302","10",14,1,"HOLD","HELD",NA
"E6BB0605","317","3",17,1,"COMP","HELD",NA
"E6BB0605","205","7",18,1,"DIST-OPEN","available",NA
"E6BB0605","404","7",7,1,"DIST-OPEN","available",NA
"E6BB0605","106","3",10,1,"HOLD","HELD",NA
"E6BB0605","105","6",18,1,"DIST-OPEN","SOLD","2026-03-19 08:37:28.798"
"E6BB0605","307","8",17,1,"COMP","HELD",NA
"E6BB0605","213","4",13,1,"DIST-OPEN","available",NA
"E6BB0605","302","3",17,1,"DIST-OPEN","SOLD","2026-05-04 03:25:12.831"
"E6BB0605","403","6",11,1,"DIST-OPEN","SOLD","2026-01-13 18:05:52.816"
"E6BB0605","207","8",21,1,"DIST-OPEN","SOLD","2026-02-04 03:18:07.492"
"E6BB0605","217","1",13,1,"DIST-OPEN","SOLD","2026-05-22 12:42:12.228"
"E6BB0605","404","5",14,1,"GROUP","HELD",NA
"E6BB0605","201","5",21,1,"DIST-OPEN","COMP","2026-03-28 00:12:05.376"
"E6BB0605","403","6",23,1,"SEASON","SOLD","2025-10-27 09:06:54.068"
"E6BB0605","115","7",18,1,"DIST-OPEN","COMP","2026-01-23 23:09:19.329"
"E6BB0605","209","3",8,1,"DIST-OPEN","SOLD","2026-02-24 13:47:59.621"
"E6BB0605","219","1",7,1,"SEASON","SOLD","2025-10-06 08:26:51.516"
"E6BB0605","303","6",20,1,"DIST-OPEN","SOLD","2026-03-29 04:44:05.394"
"E6BB0605","220","10",24,1,"COMP","COMP","2026-04-01 09:46:25.452"
"E6BB0605","209","2",2,1,"GROUP","COMP","2026-03-25 20:22:13.880"
"E6BB0605","403","6",19,1,"DIST-OPEN","SOLD","2026-05-12 20:26:23.756"
"E6BB0605","404","7",6,1,"HOLD","HELD",NA
"E6BB0605","314","8",14,1,"DIST-OPEN","available",NA
"E6BB0605","108","6",4,1,"GROUP","HELD",NA
"E6BB0605","212","2",9,1,"DIST-OPEN","available",NA
"E6BB0605","302","4",19,1,"DIST-OPEN","COMP","2026-01-18 22:38:54.411"
"E6BB0605","202","9",10,1,"SEASON","SOLD","2025-10-14 08:32:07.340"
"E6BB0605","206","1",18,1,"SEASON","SOLD","2025-10-20 05:26:15.853"
"E6BB0605","202","4",10,1,"SEASON","SOLD","2025-10-07 15:36:32.706"
"E6BB0605","407","10",15,1,"DIST-OPEN","available",NA
"E6BB0605","320","4",3,1,"HOLD","HELD",NA
"E6BB0605","204","2",6,1,"SEASON","SOLD","2025-10-22 03:20:39.622"
"E6BB0605","115","5",16,1,"DIST-OPEN","available",NA
"E6BB0605","402","10",22,1,"DIST-OPEN","SOLD","2026-05-18 06:59:03.515"
"E6BB0605","116","5",19,1,"HOLD","HELD",NA
"E6BB0605","312","1",19,1,"DIST-OPEN","available",NA
"E6BB0605","306","8",1,1,"DIST-OPEN","available",NA
"E6BB0605","201","6",6,1,"SEASON","SOLD","2025-10-17 20:22:49.386"
"E6BB0605","409","6",10,1,"COMP","HELD",NA
"E6BB0605","114","5",12,1,"SEASON","SOLD","2025-10-16 17:12:40.431"
"E6BB0605","102","5",2,1,"HOLD","COMP","2026-02-24 04:38:02.149"
"E6BB0605","213","2",7,1,"HOLD","HELD",NA
"E6BB0605","209","4",18,1,"DIST-OPEN","SOLD","2026-02-06 09:09:39.927"
"E6BB0605","303","2",7,1,"DIST-OPEN","available",NA
"E6BB0605","308","10",5,1,"DIST-OPEN","available",NA
"E6BB0605","101","1",16,1,"DIST-OPEN","available",NA
"E6BB0605","408","6",13,1,"DIST-OPEN","available",NA
"E6BB0605","403","9",4,1,"DIST-OPEN","available",NA
"E6BB0605","108","9",2,1,"HOLD","HELD",NA
"E6BB0605","309","2",14,1,"SEASON","SOLD","2025-10-08 19:57:36.392"
"E6BB0605","316","6",21,1,"HOLD","HELD",NA
"E6BB0605","311","7",13,1,"HOLD","HELD",NA
"E6BB0605","315","10",22,1,"SEASON","SOLD","2025-10-10 14:30:26.646"
"E6BB0605","302","7",16,1,"DIST-OPEN","available",NA
"E6BB0605","409","5",2,1,"DIST-OPEN","available",NA
"E6BB0605","202","10",5,1,"DIST-OPEN","available",NA
"E6BB0605","309","7",22,1,"DIST-OPEN","SOLD","2026-04-23 15:36:24.331"
"E6BB0605","204","9",20,1,"DIST-OPEN","COMP","2026-02-04 23:49:15.751"
"E6BB0605","220","6",6,1,"DIST-OPEN","available",NA
"E6BB0605","302","8",6,1,"GROUP","HELD",NA
"E6BB0605","317","1",11,1,"SEASON","SOLD","2025-10-25 16:39:25.607"
"E6BB0605","205","1",7,1,"DIST-OPEN","available",NA
"E6BB0605","404","7",4,1,"DIST-OPEN","available",NA
"E6BB0605","106","10",12,1,"DIST-OPEN","SOLD","2026-01-16 20:13:09.668"
"E6BB0605","105","4",17,1,"SEASON","SOLD","2025-10-01 17:56:48.869"
"E6BB0605","307","5",12,1,"SEASON","SOLD","2025-10-16 03:31:49.365"
"E6BB0605","213","1",9,1,"SEASON","SOLD","2025-10-13 03:19:58.799"
"E6BB0605","302","8",15,1,"DIST-OPEN","available",NA
"E6BB0605","403","1",20,1,"GROUP","HELD",NA
"E6BB0605","207","10",4,1,"SEASON","SOLD","2025-10-26 14:28:13.814"
"E6BB0605","217","10",5,1,"DIST-OPEN","available",NA
"E6BB0605","404","1",5,1,"HOLD","COMP","2026-03-02 16:25:48.691"
"E6BB0605","201","4",1,1,"SEASON","SOLD","2025-10-25 00:02:06.803"
"E6BB0605","403","2",20,1,"DIST-OPEN","SOLD","2026-02-07 10:09:47.792"
"E6BB0605","115","5",2,1,"DIST-OPEN","available",NA
"E6BB0605","209","3",18,1,"DIST-OPEN","SOLD","2025-12-04 00:04:25.336"
"E6BB0605","219","9",18,1,"DIST-OPEN","available",NA
"E6BB0605","303","6",10,1,"HOLD","HELD",NA
"E6BB0605","220","7",3,1,"HOLD","HELD",NA
"E6BB0605","209","6",4,1,"GROUP","HELD",NA
"E6BB0605","403","6",7,1,"SEASON","SOLD","2025-10-10 14:37:30.638"
"E6BB0605","404","6",16,1,"DIST-OPEN","available",NA
"E6BB0605","314","8",9,1,"DIST-OPEN","available",NA
"E6BB0605","108","8",18,1,"DIST-OPEN","SOLD","2025-12-08 20:36:17.994"
"E6BB0605","212","1",1,1,"DIST-OPEN","available",NA
"E6BB0605","302","5",23,1,"SEASON","SOLD","2025-10-28 17:11:48.387"
"E6BB0605","202","6",20,1,"SEASON","SOLD","2025-10-14 11:02:49.525"
"E6BB0605","206","3",9,1,"DIST-OPEN","available",NA
"E6BB0605","202","1",5,1,"SEASON","SOLD","2025-10-23 12:00:37.172"
"E6BB0605","407","8",8,1,"DIST-OPEN","available",NA
"E6BB0605","320","2",23,1,"HOLD","HELD",NA
"E6BB0605","204","9",19,1,"DIST-OPEN","SOLD","2026-04-07 22:23:11.844"
"E6BB0605","115","4",19,1,"GROUP","HELD",NA
"E6BB0605","402","7",18,1,"DIST-OPEN","available",NA
"E6BB0605","116","2",10,1,"DIST-OPEN","SOLD","2025-12-03 00:22:21.053"
"E6BB0605","312","3",14,1,"SEASON","SOLD","2025-10-02 11:22:37.722"
"E6BB0605","306","3",16,1,"GROUP","HELD",NA
"E6BB0605","201","1",6,1,"HOLD","HELD",NA
"E6BB0605","409","9",12,1,"DIST-OPEN","available",NA
"E6BB0605","114","7",21,1,"SEASON","SOLD","2025-10-03 20:17:39.083"
"E6BB0605","102","4",24,1,"SEASON","SOLD","2025-10-03 07:31:46.992"
"E6BB0605","213","1",4,1,"DIST-OPEN","available",NA
"E6BB0605","209","5",2,1,"DIST-OPEN","available",NA
"E6BB0605","303","3",23,1,"DIST-OPEN","available",NA
"E6BB0605","308","3",17,1,"COMP","HELD",NA
"E6BB0605","101","3",16,1,"DIST-OPEN","SOLD","2025-12-13 21:52:00.912"
"E6BB0605","408","3",17,1,"DIST-OPEN","available",NA
"E6BB0605","403","1",3,1,"DIST-OPEN","SOLD","2026-05-11 11:15:03.887"
"E6BB0605","108","4",2,1,"DIST-OPEN","SOLD","2025-11-18 12:35:30.744"
"E6BB0605","309","7",5,1,"DIST-OPEN","available",NA
"E6BB0605","316","10",16,1,"SEASON","SOLD","2025-10-10 08:23:05.838"
"E6BB0605","311","1",14,1,"DIST-OPEN","SOLD","2026-04-18 18:01:48.399"
"E6BB0605","315","2",4,1,"DIST-OPEN","available",NA
"E6BB0605","302","1",23,1,"SEASON","SOLD","2025-10-29 15:44:32.228"
"E6BB0605","409","2",6,1,"DIST-OPEN","SOLD","2026-03-28 21:26:53.782"
"E6BB0605","202","5",14,1,"DIST-OPEN","SOLD","2026-03-22 21:48:47.754"
"E6BB0605","309","7",9,1,"DIST-OPEN","available",NA
"E6BB0605","204","4",12,1,"DIST-OPEN","SOLD","2026-01-17 03:22:56.238"
"E6BB0605","220","7",14,1,"DIST-OPEN","available",NA
"E6BB0605","302","1",2,1,"DIST-OPEN","SOLD","2026-02-12 10:56:53.376"
"E6BB0605","317","1",1,1,"DIST-OPEN","available",NA
"E6BB0605","205","5",17,1,"COMP","HELD",NA
"E6BB0605","404","10",16,1,"DIST-OPEN","SOLD","2026-03-01 15:19:38.649"
"E6BB0605","106","6",4,1,"DIST-OPEN","SOLD","2026-04-23 12:44:35.339"
"E6BB0605","105","1",5,1,"DIST-OPEN","SOLD","2026-05-08 11:44:46.099"
"E6BB0605","307","7",23,1,"DIST-OPEN","available",NA
"E6BB0605","213","3",19,1,"DIST-OPEN","SOLD","2026-05-19 01:17:30.676"
"E6BB0605","302","3",12,1,"GROUP","HELD",NA
"E6BB0605","403","4",18,1,"HOLD","HELD",NA
"E6BB0605","207","1",20,1,"SEASON","SOLD","2025-10-22 18:14:10.131"
"E6BB0605","217","2",21,1,"HOLD","HELD",NA
"E6BB0605","404","3",16,1,"DIST-OPEN","available",NA
"E6BB0605","201","7",1,1,"SEASON","SOLD","2025-10-01 22:29:35.427"
"E6BB0605","403","3",6,1,"HOLD","HELD",NA
"E6BB0605","115","10",15,1,"DIST-OPEN","SOLD","2026-05-25 03:27:20.270"
"E6BB0605","209","7",1,1,"HOLD","HELD",NA
"E6BB0605","219","8",23,1,"DIST-OPEN","SOLD","2025-11-30 07:38:28.597"
"E6BB0605","303","10",14,1,"DIST-OPEN","SOLD","2026-02-12 10:06:51.131"
"E6BB0605","220","5",10,1,"GROUP","HELD",NA
"E6BB0605","209","1",24,1,"DIST-OPEN","available",NA
"E6BB0605","403","3",5,1,"DIST-OPEN","COMP","2026-01-14 16:06:37.008"
"E6BB0605","404","1",14,1,"SEASON","SOLD","2025-10-11 05:04:37.141"
"E6BB0605","314","10",22,1,"GROUP","HELD",NA
"E6BB0605","108","6",14,1,"DIST-OPEN","SOLD","2026-03-31 09:05:24.277"
"E6BB0605","212","8",9,1,"DIST-OPEN","available",NA
"E6BB0605","302","6",15,1,"DIST-OPEN","available",NA
"E6BB0605","202","6",16,1,"HOLD","HELD",NA
"E6BB0605","206","7",7,1,"SEASON","SOLD","2025-10-30 21:15:45.984"
"E6BB0605","202","7",2,1,"DIST-OPEN","available",NA
"E6BB0605","407","6",15,1,"DIST-OPEN","available",NA
"E6BB0605","320","1",13,1,"SEASON","SOLD","2025-10-25 11:53:06.757"
"E6BB0605","204","2",21,1,"DIST-OPEN","available",NA
"E6BB0605","115","3",15,1,"SEASON","SOLD","2025-10-31 03:50:36.939"
"E6BB0605","402","5",23,1,"DIST-OPEN","COMP","2026-01-26 14:56:44.847"
"E6BB0605","116","3",9,1,"DIST-OPEN","SOLD","2025-11-30 08:55:35.621"
"E6BB0605","312","6",4,1,"DIST-OPEN","SOLD","2026-05-04 21:26:18.613"
"E6BB0605","306","10",13,1,"DIST-OPEN","SOLD","2026-03-25 13:09:52.900"
"E6BB0605","201","2",10,1,"DIST-OPEN","SOLD","2026-02-07 19:42:45.257"
"E6BB0605","409","6",23,1,"SEASON","SOLD","2025-10-04 01:49:46.541"
"E6BB0605","114","6",14,1,"DIST-OPEN","SOLD","2026-04-24 11:17:28.355"
"E6BB0605","102","5",14,1,"DIST-OPEN","SOLD","2026-01-30 08:22:06.651"
"E6BB0605","213","2",6,1,"DIST-OPEN","SOLD","2026-01-25 15:22:17.098"
"E6BB0605","209","10",21,1,"DIST-OPEN","SOLD","2026-05-29 23:13:20.931"
"E6BB0605","303","4",8,1,"HOLD","HELD",NA
"E6BB0605","308","3",5,1,"DIST-OPEN","available",NA
"E6BB0605","101","8",5,1,"DIST-OPEN","available",NA
"E6BB0605","408","2",6,1,"DIST-OPEN","available",NA
"E6BB0605","403","3",1,1,"DIST-OPEN","available",NA
"E6BB0605","108","6",5,1,"DIST-OPEN","SOLD","2026-05-31 20:02:51.058"
"E6BB0605","309","6",8,1,"SEASON","SOLD","2025-10-06 17:19:43.373"
"E6BB0605","316","7",14,1,"DIST-OPEN","SOLD","2026-05-29 05:37:22.870"
"E6BB0605","311","10",15,1,"DIST-OPEN","available",NA
"E6BB0605","315","2",13,1,"SEASON","SOLD","2025-10-06 23:43:09.295"
"E6BB0605","302","7",17,1,"DIST-OPEN","available",NA
"E6BB0605","409","6",3,1,"DIST-OPEN","available",NA
"E6BB0605","202","3",7,1,"COMP","HELD",NA
"E6BB0605","309","10",23,1,"SEASON","SOLD","2025-10-22 21:27:26.745"
"E6BB0605","204","5",17,1,"COMP","COMP","2026-01-02 15:33:28.781"
"E6BB0605","220","10",12,1,"DIST-OPEN","COMP","2026-03-12 03:11:10.870"
"E6BB0605","302","9",11,1,"HOLD","HELD",NA
"E6BB0605","317","6",1,1,"DIST-OPEN","available",NA
"E6BB0605","205","1",22,1,"DIST-OPEN","available",NA
"E6BB0605","404","1",23,1,"DIST-OPEN","available",NA
"E6BB0605","106","7",19,1,"DIST-OPEN","SOLD","2025-11-28 05:51:54.804"
"E6BB0605","105","4",15,1,"HOLD","HELD",NA
"E6BB0605","307","1",19,1,"DIST-OPEN","SOLD","2026-02-10 08:39:10.659"
"E6BB0605","213","5",3,1,"DIST-OPEN","COMP","2026-01-12 12:46:00.126"
"E6BB0605","302","5",23,1,"DIST-OPEN","available",NA
"E6BB0605","403","10",20,1,"DIST-OPEN","available",NA
"E6BB0605","207","9",17,1,"DIST-OPEN","available",NA
"E6BB0605","217","2",20,1,"DIST-OPEN","COMP","2026-01-25 09:29:27.214"
"E6BB0605","404","6",7,1,"DIST-OPEN","available",NA
"E6BB0605","201","2",6,1,"SEASON","SOLD","2025-10-07 09:54:47.094"
"E6BB0605","403","5",23,1,"SEASON","SOLD","2025-10-02 04:41:58.214"
"E6BB0605","115","6",22,1,"SEASON","SOLD","2025-10-20 19:42:48.324"
"E6BB0605","209","3",10,1,"GROUP","HELD",NA
"E6BB0605","219","2",22,1,"SEASON","SOLD","2025-10-24 12:34:38.910"
"E6BB0605","303","6",18,1,"DIST-OPEN","available",NA
"E6BB0605","220","7",15,1,"DIST-OPEN","SOLD","2026-06-02 12:35:58.108"
"E6BB0605","209","3",5,1,"SEASON","SOLD","2025-10-05 19:22:25.566"
"E6BB0605","403","6",3,1,"DIST-OPEN","available",NA
"E6BB0605","404","10",8,1,"SEASON","SOLD","2025-10-06 11:26:28.203"
"E6BB0605","314","8",1,1,"DIST-OPEN","available",NA
"E6BB0605","108","1",17,1,"HOLD","HELD",NA
"E6BB0605","212","6",24,1,"DIST-OPEN","SOLD","2026-06-01 20:54:39.850"
"E6BB0605","302","10",1,1,"DIST-OPEN","available",NA
"E6BB0605","202","8",10,1,"DIST-OPEN","available",NA
"E6BB0605","206","3",3,1,"DIST-OPEN","available",NA
"E6BB0605","202","5",8,1,"DIST-OPEN","available",NA
"E6BB0605","407","5",1,1,"SEASON","SOLD","2025-10-14 00:02:12.148"
"E6BB0605","320","3",14,1,"DIST-OPEN","COMP","2026-01-10 17:57:39.497"
"E6BB0605","204","5",6,1,"DIST-OPEN","SOLD","2026-02-17 05:57:02.514"
"E6BB0605","115","3",10,1,"DIST-OPEN","available",NA
"E6BB0605","402","2",8,1,"GROUP","HELD",NA
"E6BB0605","116","10",24,1,"DIST-OPEN","available",NA
"E6BB0605","312","1",21,1,"DIST-OPEN","SOLD","2025-11-16 00:19:19.478"
"E6BB0605","306","3",9,1,"SEASON","SOLD","2025-10-24 11:42:08.316"
"E6BB0605","201","1",5,1,"DIST-OPEN","SOLD","2026-01-09 06:11:24.825"
"E6BB0605","409","2",10,1,"SEASON","SOLD","2025-10-04 19:43:03.347"
"E6BB0605","114","3",4,1,"DIST-OPEN","SOLD","2026-03-21 12:58:01.355"
"E6BB0605","102","9",8,1,"DIST-OPEN","available",NA
"E6BB0605","213","7",17,1,"DIST-OPEN","SOLD","2025-12-22 20:44:36.833"
"E6BB0605","209","6",22,1,"SEASON","SOLD","2025-10-13 09:02:23.575"
"E6BB0605","303","5",2,1,"COMP","HELD",NA
"E6BB0605","308","4",15,1,"DIST-OPEN","available",NA
"E6BB0605","101","4",24,1,"SEASON","SOLD","2025-10-31 07:10:54.429"
"E6BB0605","408","9",16,1,"DIST-OPEN","available",NA
"E6BB0605","403","10",5,1,"DIST-OPEN","available",NA
"E6BB0605","108","3",11,1,"DIST-OPEN","available",NA
"E6BB0605","309","7",24,1,"SEASON","SOLD","2025-10-24 19:04:38.644"
"E6BB0605","316","5",12,1,"DIST-OPEN","available",NA
"E6BB0605","311","6",17,1,"DIST-OPEN","SOLD","2026-03-06 02:48:09.769"
"E6BB0605","315","4",12,1,"HOLD","HELD",NA
"E6BB0605","302","3",5,1,"COMP","HELD",NA
"E6BB0605","409","5",7,1,"DIST-OPEN","available",NA
"E6BB0605","202","3",17,1,"DIST-OPEN","available",NA
"E6BB0605","309","8",16,1,"SEASON","SOLD","2025-10-26 00:51:29.056"
"E6BB0605","204","5",16,1,"DIST-OPEN","available",NA
"E6BB0605","220","7",1,1,"HOLD","HELD",NA
"E6BB0605","302","10",8,1,"DIST-OPEN","SOLD","2025-11-19 21:09:41.550"
"E6BB0605","317","10",24,1,"DIST-OPEN","SOLD","2026-04-17 16:21:58.729"
"E6BB0605","205","3",21,1,"SEASON","SOLD","2025-10-06 11:49:21.709"
"E6BB0605","404","8",7,1,"DIST-OPEN","available",NA
"E6BB0605","106","4",13,1,"SEASON","SOLD","2025-10-21 03:41:40.573"
"E6BB0605","105","10",8,1,"GROUP","HELD",NA
"E6BB0605","307","7",8,1,"SEASON","SOLD","2025-10-16 00:36:06.621"
"E6BB0605","213","3",5,1,"SEASON","SOLD","2025-10-04 07:16:30.546"
"E6BB0605","302","4",3,1,"COMP","HELD",NA
"E6BB0605","403","8",3,1,"DIST-OPEN","available",NA
"E6BB0605","207","3",1,1,"DIST-OPEN","available",NA
"E6BB0605","217","7",13,1,"SEASON","SOLD","2025-10-19 07:03:32.821"
"E6BB0605","404","10",18,1,"SEASON","SOLD","2025-10-22 14:13:18.677"
"E6BB0605","201","8",6,1,"DIST-OPEN","SOLD","2026-04-28 10:32:27.555"
"E6BB0605","403","9",1,1,"SEASON","SOLD","2025-10-04 03:16:17.181"
"E6BB0605","115","3",10,1,"COMP","HELD",NA
"E6BB0605","209","3",18,1,"DIST-OPEN","available",NA
"E6BB0605","219","2",18,1,"SEASON","SOLD","2025-10-09 00:38:57.653"
"E6BB0605","303","6",24,1,"DIST-OPEN","SOLD","2026-02-13 19:12:29.090"
"E6BB0605","220","2",19,1,"DIST-OPEN","available",NA
"E6BB0605","209","6",21,1,"DIST-OPEN","SOLD","2026-03-06 23:18:05.106"
"E6BB0605","403","4",23,1,"DIST-OPEN","SOLD","2026-01-02 22:11:23.419"
"E6BB0605","404","3",22,1,"SEASON","SOLD","2025-10-23 05:58:40.326"
"E6BB0605","314","8",22,1,"GROUP","HELD",NA
"E6BB0605","108","5",23,1,"DIST-OPEN","available",NA
"E6BB0605","212","7",20,1,"DIST-OPEN","SOLD","2026-06-01 22:02:23.352"
"E6BB0605","302","2",4,1,"DIST-OPEN","available",NA
"E6BB0605","202","5",11,1,"DIST-OPEN","SOLD","2026-03-20 22:28:10.586"
"E6BB0605","206","3",19,1,"DIST-OPEN","available",NA
"E6BB0605","202","5",20,1,"HOLD","COMP","2026-03-13 18:27:00.490"
"E6BB0605","407","6",17,1,"GROUP","HELD",NA
"E6BB0605","320","5",15,1,"DIST-OPEN","available",NA
"E6BB0605","204","1",21,1,"DIST-OPEN","available",NA
"E6BB0605","115","5",13,1,"DIST-OPEN","SOLD","2026-04-14 17:57:13.474"
"E6BB0605","402","8",22,1,"SEASON","SOLD","2025-10-30 18:29:45.173"
"E6BB0605","116","6",14,1,"DIST-OPEN","available",NA
"E6BB0605","312","5",9,1,"SEASON","SOLD","2025-10-30 17:18:22.350"
"E6BB0605","306","3",24,1,"DIST-OPEN","SOLD","2025-12-31 08:44:23.123"
"E6BB0605","201","7",22,1,"HOLD","HELD",NA
"E6BB0605","409","2",24,1,"DIST-OPEN","SOLD","2025-12-28 06:43:37.505"
"E6BB0605","114","4",14,1,"GROUP","HELD",NA
"E6BB0605","102","1",2,1,"GROUP","HELD",NA
"E6BB0605","213","1",2,1,"DIST-OPEN","available",NA
"E6BB0605","209","2",14,1,"HOLD","COMP","2026-03-10 07:54:07.837"
"E6BB0605","303","4",13,1,"DIST-OPEN","available",NA
"E6BB0605","308","8",9,1,"DIST-OPEN","SOLD","2026-01-30 08:45:10.290"
"E6BB0605","101","9",7,1,"DIST-OPEN","SOLD","2025-12-12 00:31:10.101"
"E6BB0605","408","7",13,1,"DIST-OPEN","SOLD","2026-03-18 15:08:24.279"
"E6BB0605","403","6",12,1,"DIST-OPEN","SOLD","2025-12-20 17:57:09.227"
"E6BB0605","108","4",21,1,"DIST-OPEN","COMP","2026-02-24 19:25:44.974"
"E6BB0605","309","8",10,1,"GROUP","HELD",NA
"E6BB0605","316","1",5,1,"DIST-OPEN","available",NA
"E6BB0605","311","2",24,1,"COMP","COMP","2026-01-05 08:39:18.215"
"E6BB0605","315","9",17,1,"SEASON","SOLD","2025-10-21 15:48:25.905"
"E6BB0605","302","4",24,1,"DIST-OPEN","available",NA
"E6BB0605","409","2",17,1,"GROUP","HELD",NA
"E6BB0605","202","4",5,1,"HOLD","HELD",NA
"E6BB0605","309","1",17,1,"SEASON","SOLD","2025-10-15 11:54:53.483"
"E6BB0605","204","5",18,1,"DIST-OPEN","available",NA
"E6BB0605","220","1",12,1,"DIST-OPEN","available",NA
"E6BB0605","302","9",8,1,"DIST-OPEN","available",NA
"E6BB0605","317","2",1,1,"COMP","HELD",NA
"E6BB0605","205","3",18,1,"SEASON","SOLD","2025-10-17 14:52:34.224"
"E6BB0605","404","1",21,1,"DIST-OPEN","available",NA
"E6BB0605","106","4",17,1,"DIST-OPEN","available",NA
"E6BB0605","105","8",11,1,"DIST-OPEN","available",NA
"E6BB0605","307","4",14,1,"DIST-OPEN","available",NA
"E6BB0605","213","1",13,1,"DIST-OPEN","available",NA
"E6BB0605","302","3",18,1,"DIST-OPEN","available",NA
"E6BB0605","403","1",3,1,"DIST-OPEN","available",NA
"E6BB0605","207","8",8,1,"DIST-OPEN","SOLD","2025-11-20 03:03:17.471"
"E6BB0605","217","9",1,1,"GROUP","HELD",NA
"E6BB0605","404","9",5,1,"DIST-OPEN","available",NA
"E6BB0605","201","6",18,1,"SEASON","SOLD","2025-10-20 06:47:50.182"
"E6BB0605","403","6",21,1,"DIST-OPEN","SOLD","2026-03-26 01:04:22.808"
"E6BB0605","115","10",22,1,"GROUP","HELD",NA
"E6BB0605","209","6",11,1,"SEASON","SOLD","2025-10-15 18:13:07.343"
"E6BB0605","219","10",21,1,"DIST-OPEN","available",NA
"E6BB0605","303","2",23,1,"DIST-OPEN","SOLD","2025-12-02 13:54:57.737"
"E6BB0605","220","7",23,1,"GROUP","COMP","2026-03-29 10:49:06.717"
"E6BB0605","209","7",10,1,"DIST-OPEN","available",NA
"E6BB0605","403","5",12,1,"SEASON","SOLD","2025-10-23 23:06:32.570"
"E6BB0605","404","2",9,1,"COMP","HELD",NA
"E6BB0605","314","5",1,1,"HOLD","HELD",NA
"E6BB0605","108","10",22,1,"SEASON","SOLD","2025-10-19 00:34:23.974"
"E6BB0605","212","10",17,1,"HOLD","HELD",NA
"E6BB0605","302","8",24,1,"DIST-OPEN","available",NA
"E6BB0605","202","4",11,1,"DIST-OPEN","available",NA
"E6BB0605","206","5",7,1,"DIST-OPEN","available",NA
"E6BB0605","202","5",2,1,"DIST-OPEN","SOLD","2026-01-08 10:48:54.239"
"E6BB0605","407","6",22,1,"DIST-OPEN","SOLD","2026-02-16 20:30:47.054"
"E6BB0605","320","7",17,1,"SEASON","SOLD","2025-10-29 09:32:22.106"
"E6BB0605","204","4",24,1,"DIST-OPEN","available",NA
"E6BB0605","115","3",16,1,"DIST-OPEN","SOLD","2026-05-11 18:25:49.755"
"E6BB0605","402","1",6,1,"SEASON","SOLD","2025-10-20 23:57:04.816"
"E6BB0605","116","6",16,1,"SEASON","SOLD","2025-10-11 20:34:22.990"
"E6BB0605","312","2",13,1,"DIST-OPEN","SOLD","2026-04-14 01:08:28.137"
"E6BB0605","306","6",23,1,"SEASON","SOLD","2025-10-10 08:23:50.885"
"E6BB0605","201","1",21,1,"DIST-OPEN","available",NA
"E6BB0605","409","5",14,1,"DIST-OPEN","available",NA
"E6BB0605","114","10",14,1,"DIST-OPEN","available",NA
"E6BB0605","102","7",19,1,"DIST-OPEN","available",NA
"E6BB0605","213","1",6,1,"DIST-OPEN","SOLD","2026-05-10 22:32:22.159"
"E6BB0605","209","1",12,1,"GROUP","HELD",NA
"E6BB0605","303","4",8,1,"GROUP","HELD",NA
"E6BB0605","308","5",9,1,"SEASON","SOLD","2025-10-22 07:14:43.537"
"E6BB0605","101","8",15,1,"HOLD","HELD",NA
"E6BB0605","408","9",1,1,"SEASON","SOLD","2025-10-15 05:08:15.804"
"E6BB0605","403","8",8,1,"DIST-OPEN","SOLD","2026-04-10 06:22:48.273"
"E6BB0605","108","7",12,1,"SEASON","SOLD","2025-10-20 08:48:46.823"
"E6BB0605","309","6",20,1,"DIST-OPEN","SOLD","2026-02-26 23:07:24.656"
"E6BB0605","316","9",21,1,"DIST-OPEN","available",NA
"E6BB0605","311","6",10,1,"DIST-OPEN","available",NA
"E6BB0605","315","3",15,1,"SEASON","SOLD","2025-10-29 15:10:25.102"
"E6BB0605","302","1",2,1,"HOLD","HELD",NA
"E6BB0605","409","10",8,1,"SEASON","SOLD","2025-10-22 09:54:53.726"
"E6BB0605","202","6",15,1,"DIST-OPEN","SOLD","2026-02-02 17:23:57.288"
"E6BB0605","309","5",12,1,"DIST-OPEN","available",NA
"E6BB0605","204","4",10,1,"DIST-OPEN","available",NA
"E6BB0605","220","8",23,1,"DIST-OPEN","SOLD","2025-11-29 21:23:34.526"
"E6BB0605","302","3",11,1,"SEASON","SOLD","2025-10-12 06:57:00.068"
"E6BB0605","317","5",22,1,"COMP","HELD",NA
"E6BB0605","205","9",7,1,"HOLD","HELD",NA
"E6BB0605","404","3",11,1,"HOLD","HELD",NA
"E6BB0605","106","6",17,1,"SEASON","SOLD","2025-10-16 21:30:57.773"
"E6BB0605","105","7",21,1,"DIST-OPEN","available",NA
"E6BB0605","307","5",5,1,"DIST-OPEN","available",NA
"E6BB0605","213","5",23,1,"SEASON","SOLD","2025-10-29 07:04:22.211"
"E6BB0605","302","1",11,1,"HOLD","HELD",NA
"E6BB0605","403","9",8,1,"HOLD","HELD",NA
"E6BB0605","207","9",5,1,"COMP","HELD",NA
"E6BB0605","217","10",10,1,"SEASON","SOLD","2025-10-28 10:59:30.079"
"E6BB0605","404","8",9,1,"DIST-OPEN","available",NA
"E6BB0605","201","10",10,1,"DIST-OPEN","SOLD","2026-02-18 15:23:38.263"
"E6BB0605","403","4",4,1,"DIST-OPEN","available",NA
"E6BB0605","115","2",21,1,"SEASON","SOLD","2025-10-03 07:46:31.792"
"E6BB0605","209","8",7,1,"DIST-OPEN","available",NA
"E6BB0605","219","9",2,1,"DIST-OPEN","available",NA
"E6BB0605","303","8",19,1,"DIST-OPEN","available",NA
"E6BB0605","220","7",17,1,"HOLD","HELD",NA
"E6BB0605","209","4",16,1,"GROUP","HELD",NA
"E6BB0605","403","10",16,1,"DIST-OPEN","available",NA
"E6BB0605","404","5",23,1,"DIST-OPEN","available",NA
"E6BB0605","314","9",14,1,"SEASON","SOLD","2025-10-24 05:15:11.444"
"E6BB0605","108","9",13,1,"SEASON","SOLD","2025-10-30 03:54:53.574"
"E6BB0605","212","6",23,1,"SEASON","SOLD","2025-10-05 01:37:02.278"
"E6BB0605","302","4",6,1,"SEASON","SOLD","2025-10-27 19:13:18.852"
"E6BB0605","202","7",10,1,"DIST-OPEN","available",NA
"E6BB0605","206","8",17,1,"SEASON","SOLD","2025-10-27 03:13:55.328"
"E6BB0605","202","5",17,1,"DIST-OPEN","SOLD","2026-02-07 20:55:06.505"
"E6BB0605","407","10",10,1,"DIST-OPEN","SOLD","2026-05-04 08:03:31.610"
"E6BB0605","320","8",24,1,"SEASON","SOLD","2025-10-27 13:21:02.439"
"E6BB0605","204","8",2,1,"SEASON","SOLD","2025-10-23 07:55:36.756"
"E6BB0605","115","3",24,1,"SEASON","SOLD","2025-10-13 04:56:20.020"
"E6BB0605","402","7",11,1,"DIST-OPEN","available",NA
"E6BB0605","116","1",6,1,"SEASON","SOLD","2025-10-03 19:15:56.444"
"E6BB0605","312","3",4,1,"GROUP","HELD",NA
"E6BB0605","306","9",13,1,"GROUP","HELD",NA
"E6BB0605","201","10",8,1,"DIST-OPEN","SOLD","2026-03-15 17:43:36.653"
"E6BB0605","409","9",6,1,"SEASON","SOLD","2025-10-15 01:17:53.511"
"E6BB0605","114","4",24,1,"DIST-OPEN","available",NA
"E6BB0605","102","10",9,1,"DIST-OPEN","SOLD","2026-02-20 01:47:06.223"
"E6BB0605","213","5",6,1,"SEASON","SOLD","2025-10-30 17:00:51.270"
"E6BB0605","209","5",4,1,"DIST-OPEN","SOLD","2025-12-17 18:44:43.752"
"E6BB0605","303","4",24,1,"DIST-OPEN","SOLD","2026-01-10 18:31:41.994"
"E6BB0605","308","5",22,1,"HOLD","COMP","2026-01-17 03:22:09.099"
"E6BB0605","101","5",15,1,"DIST-OPEN","available",NA
"E6BB0605","408","9",9,1,"GROUP","COMP","2026-03-18 10:47:19.146"
"E6BB0605","403","6",15,1,"SEASON","SOLD","2025-10-09 21:29:57.620"
"E6BB0605","108","4",2,1,"DIST-OPEN","SOLD","2026-04-01 04:38:34.058"
"E6BB0605","309","3",22,1,"SEASON","SOLD","2025-10-06 21:43:50.526"
"E6BB0605","316","6",17,1,"SEASON","SOLD","2025-10-21 17:37:07.337"
"E6BB0605","311","8",19,1,"SEASON","SOLD","2025-10-21 14:33:32.400"
"E6BB0605","315","1",21,1,"DIST-OPEN","SOLD","2025-11-23 20:28:06.031"
"E6BB0605","302","6",6,1,"HOLD","HELD",NA
"E6BB0605","409","3",7,1,"DIST-OPEN","SOLD","2026-05-18 00:11:29.314"
"E6BB0605","202","7",17,1,"SEASON","SOLD","2025-10-25 05:11:11.595"
"E6BB0605","309","6",9,1,"COMP","HELD",NA
"E6BB0605","204","2",1,1,"DIST-OPEN","SOLD","2025-11-20 08:54:09.173"
"E6BB0605","220","9",14,1,"HOLD","HELD",NA
"E6BB0605","302","6",7,1,"HOLD","HELD",NA
"E6BB0605","317","7",21,1,"DIST-OPEN","SOLD","2026-02-04 23:43:21.441"
"E6BB0605","205","2",23,1,"HOLD","HELD",NA
"E6BB0605","404","4",12,1,"SEASON","SOLD","2025-10-25 20:12:23.526"
"E6BB0605","106","6",23,1,"DIST-OPEN","available",NA
"E6BB0605","105","1",2,1,"DIST-OPEN","available",NA
"E6BB0605","307","3",16,1,"DIST-OPEN","COMP","2026-03-07 17:48:54.102"
"E6BB0605","213","5",19,1,"DIST-OPEN","SOLD","2026-03-24 00:50:05.296"
"E6BB0605","302","4",9,1,"DIST-OPEN","available",NA
"E6BB0605","403","8",22,1,"HOLD","HELD",NA
"E6BB0605","207","3",21,1,"DIST-OPEN","available",NA
"E6BB0605","217","9",14,1,"DIST-OPEN","SOLD","2026-05-08 15:35:52.451"
"E6BB0605","404","3",1,1,"DIST-OPEN","available",NA
"E6BB0605","201","2",6,1,"SEASON","SOLD","2025-10-06 04:12:09.394"
"E6BB0605","403","10",19,1,"HOLD","HELD",NA
"E6BB0605","115","3",10,1,"HOLD","HELD",NA
"E6BB0605","209","9",21,1,"DIST-OPEN","SOLD","2026-01-27 20:08:49.969"
"E6BB0605","219","5",7,1,"COMP","COMP","2026-01-26 00:53:31.381"
"E6BB0605","303","9",9,1,"DIST-OPEN","available",NA
"E6BB0605","220","4",12,1,"SEASON","SOLD","2025-10-25 06:08:57.400"
"E6BB0605","209","5",1,1,"DIST-OPEN","SOLD","2026-05-13 13:59:01.873"
"E6BB0605","403","10",17,1,"HOLD","HELD",NA
"E6BB0605","404","8",14,1,"SEASON","SOLD","2025-10-05 11:19:36.063"
"E6BB0605","314","9",1,1,"GROUP","HELD",NA
"E6BB0605","108","7",20,1,"HOLD","HELD",NA
"E6BB0605","212","5",6,1,"DIST-OPEN","available",NA
"E6BB0605","302","4",17,1,"GROUP","HELD",NA
"E6BB0605","202","5",7,1,"SEASON","SOLD","2025-10-19 22:22:34.519"
"E6BB0605","206","5",1,1,"GROUP","HELD",NA
"E6BB0605","202","3",12,1,"DIST-OPEN","COMP","2026-01-11 08:47:20.716"
"E6BB0605","407","8",18,1,"SEASON","SOLD","2025-10-04 05:04:37.382"
"E6BB0605","320","7",15,1,"DIST-OPEN","available",NA
"E6BB0605","204","10",7,1,"DIST-OPEN","available",NA
"E6BB0605","115","8",20,1,"DIST-OPEN","available",NA
"E6BB0605","402","10",4,1,"DIST-OPEN","SOLD","2026-03-29 11:59:28.129"
"E6BB0605","116","9",16,1,"DIST-OPEN","SOLD","2026-03-09 04:13:57.463"
"E6BB0605","312","7",10,1,"DIST-OPEN","SOLD","2026-04-15 05:32:08.601"
"E6BB0605","306","4",16,1,"DIST-OPEN","available",NA
"E6BB0605","201","3",12,1,"DIST-OPEN","available",NA
"E6BB0605","409","7",16,1,"DIST-OPEN","available",NA
"E6BB0605","114","8",9,1,"DIST-OPEN","available",NA
"E6BB0605","102","6",9,1,"DIST-OPEN","available",NA
"E6BB0605","213","7",16,1,"SEASON","SOLD","2025-10-22 04:27:21.666"
"E6BB0605","209","1",20,1,"HOLD","HELD",NA
"E6BB0605","303","5",8,1,"DIST-OPEN","SOLD","2026-02-12 22:26:15.063"
"E6BB0605","308","5",3,1,"HOLD","HELD",NA
"E6BB0605","101","7",12,1,"GROUP","HELD",NA
"E6BB0605","408","4",11,1,"DIST-OPEN","available",NA
"E6BB0605","403","4",12,1,"DIST-OPEN","SOLD","2025-12-18 03:05:37.397"
"E6BB0605","108","2",14,1,"HOLD","HELD",NA
"E6BB0605","309","3",16,1,"DIST-OPEN","available",NA
"E6BB0605","316","7",15,1,"DIST-OPEN","SOLD","2026-05-07 06:57:26.364"
"E6BB0605","311","7",24,1,"DIST-OPEN","SOLD","2026-01-19 21:25:29.898"
"E6BB0605","315","4",23,1,"HOLD","COMP","2026-02-27 04:37:13.377"
"E6BB0605","302","10",8,1,"DIST-OPEN","available",NA
"E6BB0605","409","10",17,1,"SEASON","SOLD","2025-10-12 06:15:52.058"
"E6BB0605","202","5",19,1,"SEASON","SOLD","2025-10-29 07:32:31.034"
"E6BB0605","309","8",4,1,"DIST-OPEN","SOLD","2026-05-17 07:31:48.995"
"E6BB0605","204","6",14,1,"HOLD","HELD",NA
"E6BB0605","220","9",4,1,"GROUP","HELD",NA
"E6BB0605","302","8",7,1,"DIST-OPEN","available",NA
"E6BB0605","317","10",20,1,"SEASON","SOLD","2025-10-07 17:30:31.757"
"E6BB0605","205","8",21,1,"DIST-OPEN","SOLD","2025-12-27 23:05:13.760"
"E6BB0605","404","6",8,1,"DIST-OPEN","available",NA
"E6BB0605","106","3",18,1,"DIST-OPEN","SOLD","2025-11-30 19:36:04.244"
"E6BB0605","105","9",10,1,"DIST-OPEN","available",NA
"E6BB0605","307","2",8,1,"SEASON","SOLD","2025-10-29 01:17:53.343"
"E6BB0605","213","4",11,1,"COMP","HELD",NA
"E6BB0605","302","9",18,1,"GROUP","HELD",NA
"E6BB0605","403","3",12,1,"DIST-OPEN","SOLD","2026-01-14 01:13:58.331"
"E6BB0605","207","7",3,1,"DIST-OPEN","available",NA
"E6BB0605","217","9",11,1,"SEASON","SOLD","2025-10-22 12:51:28.628"
"E6BB0605","404","7",12,1,"SEASON","SOLD","2025-10-13 04:15:00.791"
"E6BB0605","201","5",15,1,"COMP","HELD",NA
"E6BB0605","403","5",23,1,"DIST-OPEN","available",NA
"E6BB0605","115","7",17,1,"DIST-OPEN","available",NA
"E6BB0605","209","10",4,1,"DIST-OPEN","SOLD","2026-05-21 17:12:19.824"
"E6BB0605","219","2",4,1,"DIST-OPEN","available",NA
"E6BB0605","303","2",7,1,"DIST-OPEN","COMP","2026-02-20 23:38:05.977"
"E6BB0605","220","9",18,1,"DIST-OPEN","available",NA
"E6BB0605","209","5",21,1,"SEASON","SOLD","2025-10-12 02:50:30.687"
"E6BB0605","403","1",21,1,"COMP","COMP","2026-01-12 14:49:08.389"
"E6BB0605","404","1",8,1,"GROUP","HELD",NA
"E6BB0605","314","3",24,1,"DIST-OPEN","SOLD","2026-04-23 06:27:35.740"
"E6BB0605","108","6",20,1,"SEASON","SOLD","2025-10-30 01:59:05.860"
"E6BB0605","212","2",5,1,"SEASON","SOLD","2025-10-15 20:49:00.210"
"E6BB0605","302","1",23,1,"DIST-OPEN","available",NA
"E6BB0605","202","6",22,1,"DIST-OPEN","available",NA
"E6BB0605","206","2",16,1,"COMP","HELD",NA
"E6BB0605","202","4",12,1,"SEASON","SOLD","2025-10-23 17:36:34.578"
"E6BB0605","407","6",4,1,"DIST-OPEN","available",NA
"E6BB0605","320","6",3,1,"DIST-OPEN","SOLD","2026-01-07 00:19:02.260"
"E6BB0605","204","10",7,1,"DIST-OPEN","available",NA
"E6BB0605","115","7",22,1,"DIST-OPEN","SOLD","2026-01-22 18:31:54.410"
"E6BB0605","402","4",7,1,"DIST-OPEN","available",NA
"E6BB0605","116","8",18,1,"DIST-OPEN","SOLD","2025-12-10 11:06:32.731"
"E6BB0605","312","9",19,1,"SEASON","SOLD","2025-10-13 21:46:37.484"
"E6BB0605","306","6",14,1,"DIST-OPEN","available",NA
"E6BB0605","201","1",23,1,"DIST-OPEN","available",NA
"E6BB0605","409","8",1,1,"SEASON","SOLD","2025-10-27 22:59:52.363"
"E6BB0605","114","6",1,1,"DIST-OPEN","available",NA
"E6BB0605","102","6",12,1,"DIST-OPEN","COMP","2026-01-07 08:27:18.457"
"E6BB0605","213","1",6,1,"DIST-OPEN","SOLD","2026-05-08 20:04:55.823"
"E6BB0605","209","10",4,1,"DIST-OPEN","available",NA
"E6BB0605","303","3",11,1,"DIST-OPEN","available",NA
"E6BB0605","308","10",14,1,"DIST-OPEN","SOLD","2026-04-08 21:52:54.779"
"E6BB0605","101","3",22,1,"GROUP","COMP","2026-03-17 16:10:12.398"
"E6BB0605","408","3",22,1,"DIST-OPEN","available",NA
"E6BB0605","403","4",19,1,"DIST-OPEN","COMP","2026-01-05 02:20:48.773"
"E6BB0605","108","2",14,1,"DIST-OPEN","available",NA
"E6BB0605","309","3",15,1,"HOLD","HELD",NA
"E6BB0605","316","6",17,1,"DIST-OPEN","available",NA
"E6BB0605","311","3",13,1,"DIST-OPEN","available",NA
"E6BB0605","315","9",12,1,"SEASON","SOLD","2025-10-18 08:25:40.577"
"E6BB0605","302","4",14,1,"HOLD","HELD",NA
"E6BB0605","409","10",5,1,"HOLD","HELD",NA
"E6BB0605","202","8",12,1,"DIST-OPEN","available",NA
"E6BB0605","309","4",6,1,"DIST-OPEN","available",NA
"E6BB0605","204","1",1,1,"DIST-OPEN","available",NA
"E6BB0605","220","2",16,1,"DIST-OPEN","available",NA
"E6BB0605","302","9",4,1,"DIST-OPEN","SOLD","2025-12-15 12:05:43.074"
"E6BB0605","317","3",4,1,"DIST-OPEN","SOLD","2026-05-15 11:49:41.105"
"E6BB0605","205","3",21,1,"DIST-OPEN","available",NA
"E6BB0605","404","7",17,1,"HOLD","HELD",NA
"E6BB0605","106","2",5,1,"COMP","HELD",NA
"E6BB0605","105","1",17,1,"DIST-OPEN","available",NA
"E6BB0605","307","6",2,1,"SEASON","SOLD","2025-10-17 10:16:58.082"
"E6BB0605","213","7",13,1,"GROUP","HELD",NA
"E6BB0605","302","5",11,1,"DIST-OPEN","available",NA
"E6BB0605","403","3",8,1,"DIST-OPEN","SOLD","2026-01-14 22:03:44.767"
"E6BB0605","207","6",7,1,"SEASON","SOLD","2025-10-25 17:06:01.448"
"E6BB0605","217","3",15,1,"SEASON","SOLD","2025-10-13 19:47:56.700"
"E6BB0605","404","6",19,1,"HOLD","HELD",NA
"E6BB0605","201","8",21,1,"SEASON","SOLD","2025-10-24 21:18:46.821"
"E6BB0605","403","10",17,1,"GROUP","HELD",NA
"E6BB0605","115","8",20,1,"DIST-OPEN","available",NA
"E6BB0605","209","9",14,1,"DIST-OPEN","available",NA
"E6BB0605","219","9",5,1,"DIST-OPEN","available",NA
"E6BB0605","303","5",14,1,"SEASON","SOLD","2025-10-08 04:45:16.094"
"E6BB0605","220","8",17,1,"GROUP","HELD",NA
"E6BB0605","209","9",16,1,"DIST-OPEN","COMP","2026-01-28 06:52:03.389"
"E6BB0605","403","9",21,1,"DIST-OPEN","SOLD","2025-12-30 04:21:42.534"
"E6BB0605","404","6",24,1,"DIST-OPEN","available",NA
"E6BB0605","314","6",19,1,"DIST-OPEN","SOLD","2026-04-16 20:29:54.284"
"E6BB0605","108","3",17,1,"SEASON","SOLD","2025-10-17 20:54:39.323"
"E6BB0605","212","2",22,1,"DIST-OPEN","available",NA
"E6BB0605","302","1",24,1,"COMP","HELD",NA
"E6BB0605","202","8",4,1,"DIST-OPEN","available",NA
"E6BB0605","206","8",4,1,"DIST-OPEN","SOLD","2025-12-11 03:43:59.866"
"E6BB0605","202","4",15,1,"HOLD","HELD",NA
"E6BB0605","407","8",16,1,"SEASON","SOLD","2025-10-28 16:33:46.295"
"E6BB0605","320","9",13,1,"SEASON","SOLD","2025-10-03 16:24:44.020"
"E6BB0605","204","7",13,1,"SEASON","SOLD","2025-10-09 07:50:19.003"
"E6BB0605","115","8",7,1,"SEASON","SOLD","2025-10-16 16:05:16.197"
"E6BB0605","402","2",9,1,"DIST-OPEN","available",NA
"E6BB0605","116","8",6,1,"SEASON","SOLD","2025-10-06 16:09:09.563"
"E6BB0605","312","1",15,1,"DIST-OPEN","available",NA
"E6BB0605","306","4",21,1,"GROUP","HELD",NA
"E6BB0605","201","9",8,1,"SEASON","SOLD","2025-10-18 06:50:41.348"
"E6BB0605","409","6",1,1,"DIST-OPEN","SOLD","2026-03-10 10:12:27.705"
"E6BB0605","114","9",21,1,"HOLD","HELD",NA
"E6BB0605","102","8",21,1,"SEASON","SOLD","2025-10-24 05:22:28.246"
"E6BB0605","213","5",24,1,"SEASON","SOLD","2025-10-31 05:36:52.759"
"E6BB0605","209","7",2,1,"DIST-OPEN","SOLD","2026-05-11 10:38:17.812"
"E6BB0605","303","4",15,1,"COMP","COMP","2026-02-26 23:50:18.772"
"E6BB0605","308","9",20,1,"DIST-OPEN","SOLD","2025-12-26 16:26:14.329"
"E6BB0605","101","3",22,1,"DIST-OPEN","available",NA
"E6BB0605","408","3",9,1,"DIST-OPEN","available",NA
"E6BB0605","403","8",6,1,"SEASON","SOLD","2025-10-03 04:09:57.383"
"E6BB0605","108","6",22,1,"COMP","HELD",NA
"E6BB0605","309","9",14,1,"HOLD","HELD",NA
"E6BB0605","316","5",18,1,"DIST-OPEN","available",NA
"E6BB0605","311","7",21,1,"DIST-OPEN","COMP","2026-01-18 03:23:48.879"
"E6BB0605","315","7",16,1,"DIST-OPEN","SOLD","2025-12-03 08:45:24.187"
"E6BB0605","302","2",2,1,"DIST-OPEN","available",NA
"E6BB0605","409","9",24,1,"DIST-OPEN","SOLD","2026-05-01 17:15:09.630"
"E6BB0605","202","3",7,1,"DIST-OPEN","SOLD","2026-05-25 11:55:02.060"
"E6BB0605","309","5",21,1,"SEASON","SOLD","2025-10-09 18:54:58.554"
"E6BB0605","204","8",2,1,"DIST-OPEN","COMP","2026-02-01 05:18:51.685"
"E6BB0605","220","5",2,1,"DIST-OPEN","available",NA
"E6BB0605","302","5",20,1,"SEASON","SOLD","2025-10-27 16:07:28.394"
"E6BB0605","317","5",23,1,"SEASON","SOLD","2025-10-04 11:13:21.016"
"E6BB0605","205","7",19,1,"DIST-OPEN","SOLD","2025-12-06 21:06:12.341"
"E6BB0605","404","10",14,1,"COMP","HELD",NA
"E6BB0605","106","7",24,1,"DIST-OPEN","SOLD","2026-01-18 14:30:54.799"
"E6BB0605","105","6",5,1,"COMP","COMP","2026-03-24 11:40:49.253"
"E6BB0605","307","7",1,1,"DIST-OPEN","available",NA
"E6BB0605","213","1",5,1,"DIST-OPEN","available",NA
"E6BB0605","302","3",9,1,"HOLD","HELD",NA
"E6BB0605","403","8",2,1,"SEASON","SOLD","2025-10-03 11:21:59.098"
"E6BB0605","207","4",5,1,"SEASON","SOLD","2025-10-30 16:10:35.816"
"E6BB0605","217","6",4,1,"DIST-OPEN","available",NA
"E6BB0605","404","8",5,1,"DIST-OPEN","SOLD","2026-05-31 13:28:50.186"
"E6BB0605","201","2",24,1,"DIST-OPEN","COMP","2026-03-05 11:11:37.115"
"E6BB0605","403","1",11,1,"DIST-OPEN","available",NA
"E6BB0605","115","4",11,1,"DIST-OPEN","SOLD","2026-01-09 11:35:21.570"
"E6BB0605","209","2",7,1,"HOLD","HELD",NA
"E6BB0605","219","1",9,1,"DIST-OPEN","available",NA
"E6BB0605","303","7",15,1,"DIST-OPEN","SOLD","2025-12-11 01:40:10.281"
"E6BB0605","220","10",7,1,"DIST-OPEN","available",NA
"E6BB0605","209","8",2,1,"SEASON","SOLD","2025-10-03 08:34:54.646"
"E6BB0605","403","10",19,1,"DIST-OPEN","SOLD","2026-05-11 12:12:29.061"
"E6BB0605","404","2",5,1,"DIST-OPEN","COMP","2026-02-28 16:20:07.657"
"E6BB0605","314","4",23,1,"DIST-OPEN","available",NA
"E6BB0605","108","9",12,1,"DIST-OPEN","available",NA
"E6BB0605","212","4",23,1,"DIST-OPEN","SOLD","2026-02-04 19:33:43.531"
"E6BB0605","302","7",13,1,"DIST-OPEN","SOLD","2026-02-13 03:48:16.824"
"E6BB0605","202","9",9,1,"HOLD","COMP","2026-01-24 05:15:25.842"
"E6BB0605","206","9",14,1,"COMP","HELD",NA
"E6BB0605","202","6",12,1,"HOLD","HELD",NA
"E6BB0605","407","7",16,1,"DIST-OPEN","SOLD","2025-12-23 10:51:13.709"
"E6BB0605","320","2",4,1,"DIST-OPEN","available",NA
"E6BB0605","204","10",16,1,"HOLD","HELD",NA
"E6BB0605","115","7",3,1,"DIST-OPEN","available",NA
"E6BB0605","402","1",8,1,"DIST-OPEN","SOLD","2026-03-07 15:08:49.441"
"E6BB0605","116","1",12,1,"COMP","HELD",NA
"E6BB0605","312","10",15,1,"SEASON","SOLD","2025-10-24 17:43:41.233"
"E6BB0605","306","7",22,1,"HOLD","HELD",NA
"E6BB0605","201","3",6,1,"COMP","HELD",NA
"E6BB0605","409","9",19,1,"SEASON","SOLD","2025-10-12 09:45:50.921"
"E6BB0605","114","1",5,1,"SEASON","SOLD","2025-10-06 02:52:41.544"
"E6BB0605","102","9",10,1,"COMP","HELD",NA
"E6BB0605","213","10",5,1,"DIST-OPEN","available",NA
"E6BB0605","209","5",24,1,"DIST-OPEN","available",NA
"E6BB0605","303","7",24,1,"SEASON","SOLD","2025-10-26 14:36:26.643"
"E6BB0605","308","8",1,1,"DIST-OPEN","SOLD","2026-04-06 06:43:13.853"
"E6BB0605","101","8",2,1,"DIST-OPEN","available",NA
"E6BB0605","408","1",9,1,"DIST-OPEN","SOLD","2026-02-13 12:16:46.570"
"E6BB0605","403","7",8,1,"DIST-OPEN","SOLD","2026-06-02 06:48:32.003"
"E6BB0605","108","2",19,1,"GROUP","HELD",NA
"E6BB0605","309","10",6,1,"DIST-OPEN","available",NA
"E6BB0605","316","3",9,1,"DIST-OPEN","COMP","2026-03-08 16:38:31.121"
"E6BB0605","311","2",20,1,"DIST-OPEN","SOLD","2026-01-21 15:25:55.127"
"E6BB0605","315","10",13,1,"DIST-OPEN","available",NA
"E6BB0605","302","1",3,1,"SEASON","SOLD","2025-10-16 11:33:20.149"
"E6BB0605","409","8",17,1,"DIST-OPEN","SOLD","2026-01-31 20:52:41.857"
"E6BB0605","202","3",1,1,"HOLD","HELD",NA
"E6BB0605","309","7",17,1,"DIST-OPEN","SOLD","2025-12-24 03:58:27.793"
"E6BB0605","204","5",7,1,"DIST-OPEN","SOLD","2026-01-23 19:32:49.222"
"E6BB0605","220","7",23,1,"DIST-OPEN","SOLD","2026-03-02 01:29:57.525"
"E6BB0605","302","5",21,1,"GROUP","COMP","2026-01-22 18:34:20.831"
"E6BB0605","317","1",6,1,"DIST-OPEN","SOLD","2026-03-21 07:14:35.097"
"E6BB0605","205","10",24,1,"DIST-OPEN","SOLD","2026-05-18 09:43:22.302"
"E6BB0605","404","9",14,1,"HOLD","HELD",NA
"E6BB0605","106","10",24,1,"HOLD","HELD",NA
"E6BB0605","105","4",10,1,"DIST-OPEN","available",NA
"E6BB0605","307","2",7,1,"DIST-OPEN","available",NA
"E6BB0605","213","10",15,1,"DIST-OPEN","SOLD","2025-11-23 04:10:42.181"
"E6BB0605","302","7",5,1,"DIST-OPEN","available",NA
"E6BB0605","403","1",20,1,"DIST-OPEN","SOLD","2026-01-22 22:53:56.020"
"E6BB0605","207","2",20,1,"SEASON","SOLD","2025-10-30 21:39:43.677"
"E6BB0605","217","7",6,1,"COMP","HELD",NA
"E6BB0605","404","1",10,1,"HOLD","HELD",NA
"E6BB0605","201","1",9,1,"DIST-OPEN","SOLD","2026-03-11 11:35:36.240"
"E6BB0605","403","2",18,1,"SEASON","SOLD","2025-10-19 06:50:26.754"
"E6BB0605","115","2",3,1,"SEASON","SOLD","2025-10-24 00:12:26.537"
"E6BB0605","209","5",23,1,"SEASON","SOLD","2025-10-03 04:30:35.092"
"E6BB0605","219","8",21,1,"SEASON","SOLD","2025-10-30 20:51:19.787"
"E6BB0605","303","1",6,1,"DIST-OPEN","SOLD","2026-04-20 17:10:11.582"
"E6BB0605","220","8",4,1,"DIST-OPEN","available",NA
"E6BB0605","209","7",3,1,"DIST-OPEN","available",NA
"E6BB0605","403","9",15,1,"DIST-OPEN","available",NA
"E6BB0605","404","1",8,1,"DIST-OPEN","COMP","2026-03-03 12:35:24.182"
"E6BB0605","314","1",11,1,"GROUP","HELD",NA
"E6BB0605","108","3",2,1,"SEASON","SOLD","2025-10-03 10:49:39.149"
"E6BB0605","212","6",9,1,"COMP","HELD",NA
"E6BB0605","302","6",18,1,"DIST-OPEN","SOLD","2025-11-17 04:23:47.659"
"E6BB0605","202","1",11,1,"COMP","HELD",NA
"E6BB0605","206","1",23,1,"HOLD","HELD",NA
"E6BB0605","202","3",20,1,"DIST-OPEN","available",NA
"E6BB0605","407","7",10,1,"DIST-OPEN","available",NA
"E6BB0605","320","1",21,1,"DIST-OPEN","available",NA
"E6BB0605","204","7",4,1,"DIST-OPEN","available",NA
"E6BB0605","115","3",10,1,"DIST-OPEN","available",NA
"E6BB0605","402","8",20,1,"DIST-OPEN","SOLD","2025-11-20 06:33:41.730"
"E6BB0605","116","7",1,1,"DIST-OPEN","SOLD","2025-11-20 00:35:40.581"
"E6BB0605","312","1",16,1,"DIST-OPEN","SOLD","2026-02-18 16:51:54.130"
"E6BB0605","306","3",24,1,"SEASON","SOLD","2025-10-09 06:43:27.682"
"E6BB0605","201","1",19,1,"DIST-OPEN","COMP","2026-01-13 04:35:03.608"
"E6BB0605","409","1",20,1,"DIST-OPEN","available",NA
"E6BB0605","114","8",9,1,"GROUP","HELD",NA
"E6BB0605","102","7",11,1,"GROUP","HELD",NA
"E6BB0605","213","9",2,1,"DIST-OPEN","SOLD","2026-02-22 19:56:43.470"
"E6BB0605","209","6",21,1,"SEASON","SOLD","2025-10-07 14:34:38.466"
"E6BB0605","303","5",22,1,"DIST-OPEN","SOLD","2026-06-04 06:12:27.821"
"E6BB0605","308","2",14,1,"SEASON","SOLD","2025-10-13 11:59:52.377"
"E6BB0605","101","7",11,1,"DIST-OPEN","SOLD","2025-11-28 23:16:54.201"
"E6BB0605","408","1",19,1,"GROUP","HELD",NA
"E6BB0605","403","8",10,1,"SEASON","SOLD","2025-10-28 07:06:19.067"
"E6BB0605","108","9",24,1,"SEASON","SOLD","2025-10-10 10:52:14.487"
"E6BB0605","309","10",3,1,"DIST-OPEN","COMP","2026-03-29 08:47:25.497"
"E6BB0605","316","8",17,1,"DIST-OPEN","SOLD","2026-03-23 06:13:58.881"
"E6BB0605","311","8",14,1,"HOLD","HELD",NA
"E6BB0605","315","9",13,1,"GROUP","HELD",NA
"E6BB0605","302","6",23,1,"SEASON","SOLD","2025-10-23 13:26:20.890"
"E6BB0605","409","5",8,1,"DIST-OPEN","available",NA
"E6BB0605","202","9",4,1,"DIST-OPEN","available",NA
"E6BB0605","309","7",24,1,"DIST-OPEN","available",NA
"E6BB0605","204","2",12,1,"DIST-OPEN","SOLD","2026-05-17 03:43:05.843"
"E6BB0605","220","7",6,1,"DIST-OPEN","SOLD","2026-04-20 19:25:50.609"
"E6BB0605","302","3",5,1,"DIST-OPEN","available",NA
"E6BB0605","317","2",16,1,"SEASON","SOLD","2025-10-14 11:44:38.430"
"E6BB0605","205","4",4,1,"DIST-OPEN","SOLD","2026-02-02 19:39:10.249"
"E6BB0605","404","7",17,1,"DIST-OPEN","available",NA
"E6BB0605","106","5",11,1,"DIST-OPEN","SOLD","2026-01-26 17:33:12.054"
"E6BB0605","105","3",24,1,"SEASON","SOLD","2025-10-22 09:25:46.997"
"E6BB0605","307","6",18,1,"DIST-OPEN","available",NA
"E6BB0605","213","7",9,1,"DIST-OPEN","SOLD","2026-05-11 16:23:34.051"
"E6BB0605","302","2",14,1,"COMP","COMP","2026-02-13 05:08:47.851"
"E6BB0605","403","1",8,1,"SEASON","SOLD","2025-10-20 05:43:36.549"
"E6BB0605","207","3",14,1,"GROUP","HELD",NA
"E6BB0605","217","1",22,1,"DIST-OPEN","SOLD","2025-12-19 17:29:17.006"
"E6BB0605","404","10",22,1,"SEASON","SOLD","2025-10-27 10:41:09.702"
"E6BB0605","201","7",3,1,"DIST-OPEN","SOLD","2026-05-03 21:27:52.684"
"E6BB0605","403","6",6,1,"DIST-OPEN","available",NA
"E6BB0605","115","2",11,1,"DIST-OPEN","available",NA
"E6BB0605","209","8",4,1,"SEASON","SOLD","2025-10-26 21:49:42.456"
"E6BB0605","219","8",19,1,"GROUP","HELD",NA
"E6BB0605","303","5",1,1,"DIST-OPEN","available",NA
"E6BB0605","220","10",1,1,"DIST-OPEN","available",NA
"E6BB0605","209","6",2,1,"SEASON","SOLD","2025-10-20 14:43:16.237"
"E6BB0605","403","4",3,1,"DIST-OPEN","available",NA
"E6BB0605","404","2",4,1,"DIST-OPEN","available",NA
"E6BB0605","314","1",21,1,"HOLD","HELD",NA
"E6BB0605","108","10",18,1,"HOLD","HELD",NA
"E6BB0605","212","10",17,1,"SEASON","SOLD","2025-10-02 17:31:55.369"
"E6BB0605","302","5",24,1,"DIST-OPEN","available",NA
"E6BB0605","202","10",19,1,"SEASON","SOLD","2025-10-17 08:46:56.969"
"E6BB0605","206","4",4,1,"SEASON","SOLD","2025-10-06 00:10:37.608"
"E6BB0605","202","9",13,1,"DIST-OPEN","available",NA
"E6BB0605","407","5",5,1,"GROUP","HELD",NA
"E6BB0605","320","3",12,1,"DIST-OPEN","COMP","2026-03-09 23:28:49.270"
"E6BB0605","204","8",18,1,"DIST-OPEN","available",NA
"E6BB0605","115","1",19,1,"SEASON","SOLD","2025-10-02 08:09:44.042"
"E6BB0605","402","5",21,1,"DIST-OPEN","SOLD","2026-03-28 10:52:27.987"
"E6BB0605","116","6",8,1,"SEASON","SOLD","2025-10-10 04:36:26.288"
"E6BB0605","312","9",14,1,"DIST-OPEN","SOLD","2025-11-17 22:48:09.286"
"E6BB0605","306","10",14,1,"HOLD","COMP","2026-03-11 01:01:16.651"
"E6BB0605","201","6",23,1,"DIST-OPEN","available",NA
"E6BB0605","409","1",21,1,"DIST-OPEN","available",NA
"E6BB0605","114","5",17,1,"DIST-OPEN","available",NA
"E6BB0605","102","4",1,1,"DIST-OPEN","available",NA
"E6BB0605","213","10",18,1,"DIST-OPEN","SOLD","2026-03-15 08:11:46.046"
"E6BB0605","209","5",17,1,"SEASON","SOLD","2025-10-04 17:03:20.954"
"E6BB0605","303","1",24,1,"DIST-OPEN","available",NA
"E6BB0605","308","2",8,1,"DIST-OPEN","SOLD","2026-05-12 09:01:13.019"
"E6BB0605","101","5",11,1,"DIST-OPEN","available",NA
"E6BB0605","408","8",5,1,"DIST-OPEN","SOLD","2026-02-27 14:44:08.201"
"E6BB0605","403","5",2,1,"HOLD","HELD",NA
"E6BB0605","108","1",12,1,"COMP","HELD",NA
"E6BB0605","309","7",23,1,"GROUP","HELD",NA
"E6BB0605","316","6",23,1,"SEASON","SOLD","2025-10-16 03:42:32.716"
"E6BB0605","311","4",16,1,"DIST-OPEN","available",NA
"E6BB0605","315","8",22,1,"SEASON","SOLD","2025-10-13 11:05:48.289"
"E6BB0605","302","10",19,1,"DIST-OPEN","SOLD","2026-02-15 18:57:25.670"
"E6BB0605","409","2",24,1,"SEASON","SOLD","2025-10-15 23:37:14.950"
"E6BB0605","202","10",3,1,"DIST-OPEN","available",NA
"E6BB0605","309","10",6,1,"DIST-OPEN","SOLD","2025-11-19 21:48:10.314"
"E6BB0605","204","8",14,1,"SEASON","SOLD","2025-10-07 11:56:57.895"
"E6BB0605","220","10",14,1,"DIST-OPEN","available",NA
"E6BB0605","302","9",20,1,"GROUP","HELD",NA
"E6BB0605","317","7",24,1,"SEASON","SOLD","2025-10-18 14:04:59.477"
"E6BB0605","205","7",15,1,"DIST-OPEN","COMP","2026-02-27 06:30:04.659"
"E6BB0605","404","5",18,1,"HOLD","COMP","2026-02-25 17:02:05.581"
"E6BB0605","106","5",7,1,"HOLD","HELD",NA
"E6BB0605","105","8",23,1,"GROUP","HELD",NA
"E6BB0605","307","2",11,1,"DIST-OPEN","SOLD","2026-05-03 02:50:12.988"
"E6BB0605","213","8",13,1,"DIST-OPEN","available",NA
"E6BB0605","302","9",2,1,"GROUP","HELD",NA
"E6BB0605","403","2",8,1,"DIST-OPEN","available",NA
"E6BB0605","207","8",21,1,"HOLD","COMP","2026-01-16 21:53:39.974"
"E6BB0605","217","2",9,1,"SEASON","SOLD","2025-10-24 12:40:15.246"
"E6BB0605","404","1",9,1,"HOLD","HELD",NA
"E6BB0605","201","1",2,1,"DIST-OPEN","available",NA
"E6BB0605","403","10",9,1,"SEASON","SOLD","2025-10-04 10:15:57.457"
"E6BB0605","115","2",1,1,"DIST-OPEN","available",NA
"E6BB0605","209","9",10,1,"DIST-OPEN","SOLD","2026-03-11 03:59:42.973"
"E6BB0605","219","1",6,1,"DIST-OPEN","available",NA
"E6BB0605","303","7",6,1,"HOLD","HELD",NA
"E6BB0605","220","6",20,1,"DIST-OPEN","SOLD","2026-04-21 00:55:06.817"
"E6BB0605","209","9",18,1,"SEASON","SOLD","2025-10-10 21:48:37.838"
"E6BB0605","403","6",17,1,"HOLD","HELD",NA
"E6BB0605","404","3",14,1,"DIST-OPEN","available",NA
"E6BB0605","314","10",12,1,"HOLD","HELD",NA
"E6BB0605","108","8",15,1,"DIST-OPEN","available",NA
"E6BB0605","212","1",24,1,"HOLD","HELD",NA
"E6BB0605","302","5",24,1,"DIST-OPEN","SOLD","2026-03-10 02:10:21.910"
"E6BB0605","202","4",8,1,"SEASON","SOLD","2025-10-12 08:02:36.373"
"E6BB0605","206","8",13,1,"SEASON","SOLD","2025-10-28 17:21:53.094"
"E6BB0605","202","3",20,1,"DIST-OPEN","available",NA
"E6BB0605","407","10",17,1,"DIST-OPEN","SOLD","2025-12-25 19:23:36.824"
"E6BB0605","320","3",17,1,"SEASON","SOLD","2025-10-23 06:22:47.797"
"E6BB0605","204","6",16,1,"COMP","HELD",NA
"E6BB0605","115","5",18,1,"DIST-OPEN","available",NA
"E6BB0605","402","1",10,1,"DIST-OPEN","SOLD","2026-02-08 14:59:09.531"
"E6BB0605","116","6",4,1,"SEASON","SOLD","2025-10-25 22:12:48.027"
"E6BB0605","312","10",9,1,"DIST-OPEN","SOLD","2026-02-10 04:09:17.863"
"E6BB0605","306","9",24,1,"SEASON","SOLD","2025-10-05 05:44:40.574"
"E6BB0605","201","3",13,1,"SEASON","SOLD","2025-10-31 09:11:56.307"
"E6BB0605","409","9",4,1,"DIST-OPEN","COMP","2026-01-28 18:29:26.338"
"E6BB0605","114","10",16,1,"DIST-OPEN","SOLD","2025-12-29 00:33:29.166"
"E6BB0605","102","5",10,1,"DIST-OPEN","available",NA
"E6BB0605","213","6",20,1,"DIST-OPEN","available",NA
"E6BB0605","209","4",22,1,"DIST-OPEN","available",NA
"E6BB0605","303","2",2,1,"DIST-OPEN","SOLD","2026-04-07 12:41:27.452"
"E6BB0605","308","9",5,1,"DIST-OPEN","available",NA
"E6BB0605","101","2",10,1,"SEASON","SOLD","2025-10-19 18:32:39.257"
"E6BB0605","408","9",18,1,"DIST-OPEN","available",NA
"E6BB0605","403","1",18,1,"DIST-OPEN","available",NA
"E6BB0605","108","10",15,1,"DIST-OPEN","SOLD","2026-03-12 06:08:57.634"
"E6BB0605","309","9",13,1,"SEASON","SOLD","2025-10-04 02:17:04.438"
"E6BB0605","316","10",7,1,"DIST-OPEN","available",NA
"E6BB0605","311","6",17,1,"HOLD","HELD",NA
"E6BB0605","315","6",13,1,"HOLD","HELD",NA
"E6BB0605","302","8",24,1,"DIST-OPEN","available",NA
"E6BB0605","409","6",13,1,"DIST-OPEN","SOLD","2025-12-10 11:05:14.239"
"E6BB0605","202","9",21,1,"DIST-OPEN","SOLD","2026-04-24 16:52:57.329"
"E6BB0605","309","10",3,1,"DIST-OPEN","available",NA
"E6BB0605","204","10",23,1,"SEASON","SOLD","2025-10-03 20:11:13.910"
"E6BB0605","220","5",20,1,"DIST-OPEN","available",NA
"E6BB0605","302","4",2,1,"DIST-OPEN","available",NA
"E6BB0605","317","5",19,1,"SEASON","SOLD","2025-10-22 16:19:12.661"
"E6BB0605","205","7",17,1,"DIST-OPEN","available",NA
"E6BB0605","404","4",5,1,"DIST-OPEN","available",NA
"E6BB0605","106","2",1,1,"DIST-OPEN","SOLD","2026-03-12 02:44:06.782"
"E6BB0605","105","5",12,1,"SEASON","SOLD","2025-10-05 10:18:24.158"
"E6BB0605","307","3",20,1,"DIST-OPEN","SOLD","2026-02-16 22:15:51.599"
"E6BB0605","213","4",10,1,"SEASON","SOLD","2025-10-22 18:13:28.664"
"E6BB0605","302","6",8,1,"SEASON","SOLD","2025-10-07 09:51:27.486"
"E6BB0605","403","10",7,1,"DIST-OPEN","available",NA
"E6BB0605","207","5",21,1,"DIST-OPEN","available",NA
"E6BB0605","217","3",21,1,"HOLD","COMP","2026-03-16 01:01:36.206"
"E6BB0605","404","9",3,1,"SEASON","SOLD","2025-10-13 23:13:35.625"
"E6BB0605","201","7",19,1,"DIST-OPEN","available",NA
"E6BB0605","403","10",9,1,"DIST-OPEN","SOLD","2025-11-19 04:44:52.216"
"E6BB0605","115","7",24,1,"DIST-OPEN","available",NA
"E6BB0605","209","8",3,1,"DIST-OPEN","COMP","2026-03-05 05:44:29.403"
"E6BB0605","219","10",20,1,"DIST-OPEN","available",NA
"E6BB0605","303","6",13,1,"SEASON","SOLD","2025-10-01 22:30:43.837"
"E6BB0605","220","5",20,1,"DIST-OPEN","SOLD","2025-12-07 06:30:37.951"
"E6BB0605","209","1",20,1,"SEASON","SOLD","2025-10-23 13:16:12.767"
"E6BB0605","403","4",18,1,"SEASON","SOLD","2025-10-27 04:00:33.034"
"E6BB0605","404","2",23,1,"DIST-OPEN","SOLD","2026-05-22 17:04:43.234"
"E6BB0605","314","5",17,1,"DIST-OPEN","available",NA
"E6BB0605","108","1",19,1,"HOLD","HELD",NA
"E6BB0605","212","3",22,1,"GROUP","HELD",NA
"E6BB0605","302","8",9,1,"COMP","HELD",NA
"E6BB0605","202","4",15,1,"SEASON","SOLD","2025-10-10 11:37:42.425"
"E6BB0605","206","9",13,1,"DIST-OPEN","SOLD","2026-01-17 09:59:25.363"
"E6BB0605","202","1",22,1,"DIST-OPEN","SOLD","2025-11-23 01:43:00.661"
"E6BB0605","407","8",19,1,"DIST-OPEN","available",NA
"E6BB0605","320","4",15,1,"SEASON","SOLD","2025-10-05 09:11:20.264"
"E6BB0605","204","10",21,1,"HOLD","HELD",NA
"E6BB0605","115","7",22,1,"DIST-OPEN","COMP","2026-01-29 15:38:13.894"
"E6BB0605","402","4",19,1,"DIST-OPEN","SOLD","2025-11-17 23:46:26.152"
"E6BB0605","116","2",1,1,"DIST-OPEN","SOLD","2026-04-29 06:13:47.914"
"E6BB0605","312","7",1,1,"DIST-OPEN","available",NA
"E6BB0605","306","6",7,1,"HOLD","HELD",NA
"E6BB0605","201","4",13,1,"DIST-OPEN","available",NA
"E6BB0605","409","3",3,1,"COMP","HELD",NA
"E6BB0605","114","9",7,1,"GROUP","HELD",NA
"E6BB0605","102","10",12,1,"DIST-OPEN","available",NA
"E6BB0605","213","9",2,1,"GROUP","HELD",NA
"E6BB0605","209","7",3,1,"DIST-OPEN","SOLD","2026-01-17 07:16:03.936"
"E6BB0605","303","7",22,1,"SEASON","SOLD","2025-10-05 07:07:20.118"
"E6BB0605","308","7",18,1,"SEASON","SOLD","2025-10-28 01:42:06.708"
"E6BB0605","101","4",15,1,"SEASON","SOLD","2025-10-06 11:16:41.733"
"E6BB0605","408","8",20,1,"SEASON","SOLD","2025-10-29 10:55:24.791"
"E6BB0605","403","3",8,1,"SEASON","SOLD","2025-10-06 23:25:05.107"
"E6BB0605","108","7",22,1,"DIST-OPEN","available",NA
"E6BB0605","309","10",22,1,"SEASON","SOLD","2025-10-11 16:12:25.164"
"E6BB0605","316","2",17,1,"DIST-OPEN","available",NA
"E6BB0605","311","6",20,1,"DIST-OPEN","SOLD","2025-12-03 08:19:16.124"
"E6BB0605","315","4",4,1,"DIST-OPEN","SOLD","2026-04-03 06:35:43.438"
"E6BB0605","302","3",1,1,"DIST-OPEN","SOLD","2026-02-10 14:24:43.070"
"E6BB0605","409","1",13,1,"DIST-OPEN","available",NA
"E6BB0605","202","2",9,1,"DIST-OPEN","available",NA
"E6BB0605","309","1",10,1,"GROUP","HELD",NA
"E6BB0605","204","6",17,1,"DIST-OPEN","SOLD","2026-01-20 04:09:02.002"
"E6BB0605","220","8",6,1,"DIST-OPEN","SOLD","2026-03-15 02:12:09.699"
"E6BB0605","302","10",12,1,"DIST-OPEN","available",NA
"E6BB0605","317","1",14,1,"HOLD","HELD",NA
"E6BB0605","205","3",6,1,"SEASON","SOLD","2025-10-23 03:12:37.747"
"E6BB0605","404","3",13,1,"DIST-OPEN","SOLD","2026-03-03 20:38:14.913"
"E6BB0605","106","5",1,1,"GROUP","HELD",NA
"E6BB0605","105","5",22,1,"DIST-OPEN","SOLD","2026-04-19 12:33:09.744"
"E6BB0605","307","2",17,1,"COMP","HELD",NA
"E6BB0605","213","4",20,1,"DIST-OPEN","COMP","2026-01-20 01:02:17.157"
"E6BB0605","302","7",13,1,"DIST-OPEN","available",NA
"E6BB0605","403","3",19,1,"HOLD","HELD",NA
"E6BB0605","207","5",6,1,"DIST-OPEN","COMP","2026-03-12 10:09:31.660"
"E6BB0605","217","4",14,1,"DIST-OPEN","SOLD","2026-01-26 17:51:13.271"
"E6BB0605","404","5",21,1,"HOLD","HELD",NA
"E6BB0605","201","5",2,1,"DIST-OPEN","available",NA
"E6BB0605","403","5",7,1,"DIST-OPEN","available",NA
"E6BB0605","115","7",5,1,"GROUP","HELD",NA
"E6BB0605","209","4",2,1,"HOLD","HELD",NA
"E6BB0605","219","2",19,1,"DIST-OPEN","available",NA
"E6BB0605","303","1",14,1,"DIST-OPEN","SOLD","2025-12-05 09:30:50.258"
"E6BB0605","220","1",2,1,"SEASON","SOLD","2025-10-01 18:31:09.563"
"E6BB0605","209","4",18,1,"DIST-OPEN","available",NA
"E6BB0605","403","2",17,1,"HOLD","HELD",NA
"E6BB0605","404","7",9,1,"DIST-OPEN","available",NA
"E6BB0605","314","8",14,1,"SEASON","SOLD","2025-10-20 10:46:26.502"
"E6BB0605","108","6",1,1,"HOLD","HELD",NA
"E6BB0605","212","6",20,1,"SEASON","SOLD","2025-10-22 22:28:06.473"
"E6BB0605","302","6",10,1,"DIST-OPEN","available",NA
"E6BB0605","202","8",9,1,"DIST-OPEN","SOLD","2026-02-10 18:30:34.997"
"E6BB0605","206","1",1,1,"HOLD","HELD",NA
"E6BB0605","202","1",11,1,"SEASON","SOLD","2025-10-10 04:04:11.436"
"E6BB0605","407","6",11,1,"DIST-OPEN","available",NA
"E6BB0605","320","3",16,1,"DIST-OPEN","SOLD","2026-04-08 02:10:26.196"
"E6BB0605","204","3",6,1,"SEASON","SOLD","2025-10-25 23:29:05.269"
"E6BB0605","115","1",1,1,"SEASON","SOLD","2025-10-21 08:48:27.686"
"E6BB0605","402","2",22,1,"DIST-OPEN","available",NA
"E6BB0605","116","7",8,1,"HOLD","HELD",NA
"E6BB0605","312","3",24,1,"DIST-OPEN","available",NA
"E6BB0605","306","2",5,1,"DIST-OPEN","SOLD","2026-05-10 04:14:56.539"
"E6BB0605","201","4",15,1,"HOLD","HELD",NA
"E6BB0605","409","6",8,1,"SEASON","SOLD","2025-10-14 07:12:28.148"
"E6BB0605","114","6",10,1,"DIST-OPEN","available",NA
"E6BB0605","102","4",6,1,"DIST-OPEN","SOLD","2025-12-01 06:08:02.545"
"E6BB0605","213","8",20,1,"DIST-OPEN","available",NA
"E6BB0605","209","3",2,1,"DIST-OPEN","SOLD","2026-01-02 18:53:49.503"
"E6BB0605","303","7",21,1,"DIST-OPEN","SOLD","2026-04-28 03:00:46.597"
"E6BB0605","308","9",14,1,"SEASON","SOLD","2025-10-29 17:48:50.144"
"E6BB0605","101","3",10,1,"SEASON","SOLD","2025-10-29 03:24:12.495"
"E6BB0605","408","8",6,1,"GROUP","HELD",NA
"E6BB0605","403","10",7,1,"DIST-OPEN","available",NA
"E6BB0605","108","1",17,1,"SEASON","SOLD","2025-10-03 02:56:26.643"
"E6BB0605","309","6",8,1,"HOLD","HELD",NA
"E6BB0605","316","7",20,1,"GROUP","HELD",NA
"E6BB0605","311","8",9,1,"HOLD","HELD",NA
"E6BB0605","315","5",13,1,"DIST-OPEN","SOLD","2026-01-12 07:48:51.589"
"E6BB0605","302","8",22,1,"DIST-OPEN","available",NA
"E6BB0605","409","3",8,1,"DIST-OPEN","available",NA
"E6BB0605","202","1",16,1,"GROUP","HELD",NA
"E6BB0605","309","4",7,1,"SEASON","SOLD","2025-10-09 08:24:12.874"
"E6BB0605","204","1",16,1,"SEASON","SOLD","2025-10-20 05:56:54.366"
"E6BB0605","220","6",6,1,"DIST-OPEN","SOLD","2026-04-07 11:40:14.900"
"E6BB0605","302","4",20,1,"DIST-OPEN","available",NA
"E6BB0605","317","7",7,1,"DIST-OPEN","SOLD","2026-02-26 08:59:39.418"
"E6BB0605","205","9",22,1,"DIST-OPEN","SOLD","2026-06-02 19:19:52.377"
"E6BB0605","404","10",14,1,"HOLD","HELD",NA
"E6BB0605","106","4",17,1,"SEASON","SOLD","2025-10-26 15:58:13.871"
"E6BB0605","105","10",22,1,"SEASON","SOLD","2025-10-27 01:26:05.732"
"E6BB0605","307","4",15,1,"SEASON","SOLD","2025-10-12 23:21:29.771"
"E6BB0605","213","4",14,1,"SEASON","SOLD","2025-10-09 13:54:14.200"
"E6BB0605","302","3",21,1,"HOLD","HELD",NA
"E6BB0605","403","8",9,1,"DIST-OPEN","available",NA
"E6BB0605","207","2",14,1,"DIST-OPEN","available",NA
"E6BB0605","217","6",18,1,"SEASON","SOLD","2025-10-15 17:17:18.437"
"E6BB0605","404","3",13,1,"DIST-OPEN","SOLD","2026-01-10 22:01:55.933"
"E6BB0605","201","9",21,1,"SEASON","SOLD","2025-10-07 06:48:52.886"
"E6BB0605","403","8",23,1,"GROUP","HELD",NA
"E6BB0605","115","2",7,1,"DIST-OPEN","COMP","2026-03-27 02:02:42.821"
"E6BB0605","209","2",21,1,"DIST-OPEN","SOLD","2026-02-08 15:30:42.993"
"E6BB0605","219","8",17,1,"DIST-OPEN","available",NA
"E6BB0605","303","9",11,1,"GROUP","HELD",NA
"E6BB0605","220","2",23,1,"DIST-OPEN","available",NA
"E6BB0605","209","6",2,1,"DIST-OPEN","available",NA
"E6BB0605","403","5",8,1,"DIST-OPEN","available",NA
"E6BB0605","404","5",18,1,"DIST-OPEN","available",NA
"E6BB0605","314","3",22,1,"DIST-OPEN","COMP","2026-02-10 20:36:23.918"
"E6BB0605","108","3",21,1,"SEASON","SOLD","2025-10-14 07:55:50.454"
"E6BB0605","212","3",13,1,"SEASON","SOLD","2025-10-05 13:02:15.735"
"E6BB0605","302","4",11,1,"SEASON","SOLD","2025-10-23 13:08:29.799"
"E6BB0605","202","2",24,1,"DIST-OPEN","available",NA
"E6BB0605","206","1",22,1,"DIST-OPEN","SOLD","2026-01-17 09:14:27.518"
"E6BB0605","202","8",22,1,"DIST-OPEN","SOLD","2025-12-05 15:19:57.135"
"E6BB0605","407","2",24,1,"SEASON","SOLD","2025-10-28 11:15:43.419"
"E6BB0605","320","8",1,1,"SEASON","SOLD","2025-10-24 11:02:19.188"
"E6BB0605","204","10",7,1,"DIST-OPEN","available",NA
"E6BB0605","115","9",23,1,"DIST-OPEN","available",NA
"E6BB0605","402","8",23,1,"SEASON","SOLD","2025-10-25 06:50:27.686"
"E6BB0605","116","1",2,1,"DIST-OPEN","available",NA
"E6BB0605","312","9",11,1,"SEASON","SOLD","2025-10-29 04:41:46.630"
"E6BB0605","306","7",14,1,"DIST-OPEN","available",NA
"E6BB0605","201","6",6,1,"GROUP","HELD",NA
"E6BB0605","409","9",7,1,"DIST-OPEN","SOLD","2026-03-19 17:23:56.391"
"E6BB0605","114","1",20,1,"SEASON","SOLD","2025-10-26 21:34:03.385"
"E6BB0605","102","6",15,1,"SEASON","SOLD","2025-10-23 05:01:55.400"
"E6BB0605","213","8",2,1,"DIST-OPEN","available",NA
"E6BB0605","209","2",3,1,"DIST-OPEN","available",NA
"E6BB0605","303","3",7,1,"DIST-OPEN","SOLD","2026-03-18 04:35:59.207"
"E6BB0605","308","7",21,1,"DIST-OPEN","SOLD","2026-05-12 22:33:33.508"
"E6BB0605","101","1",6,1,"GROUP","HELD",NA
"E6BB0605","408","2",15,1,"DIST-OPEN","available",NA
"E6BB0605","403","2",13,1,"DIST-OPEN","SOLD","2026-05-07 19:13:18.621"
"E6BB0605","108","8",2,1,"DIST-OPEN","available",NA
"E6BB0605","309","4",15,1,"HOLD","COMP","2026-03-21 08:27:41.858"
"E6BB0605","316","8",17,1,"DIST-OPEN","available",NA
"E6BB0605","311","9",4,1,"SEASON","SOLD","2025-10-28 04:10:01.192"
"E6BB0605","315","9",11,1,"DIST-OPEN","SOLD","2025-12-18 15:12:50.872"
"E6BB0605","302","8",20,1,"COMP","HELD",NA
"E6BB0605","409","3",12,1,"DIST-OPEN","available",NA
"E6BB0605","202","6",24,1,"SEASON","SOLD","2025-10-29 14:06:19.495"
"E6BB0605","309","8",8,1,"DIST-OPEN","SOLD","2026-02-18 00:43:41.458"
"E6BB0605","204","9",4,1,"DIST-OPEN","SOLD","2026-02-28 17:04:47.552"
"E6BB0605","220","1",3,1,"DIST-OPEN","available",NA
"E6BB0605","302","5",12,1,"GROUP","COMP","2026-02-17 19:35:15.314"
"E6BB0605","317","2",8,1,"DIST-OPEN","available",NA
"E6BB0605","205","8",14,1,"DIST-OPEN","SOLD","2026-02-20 19:30:30.513"
"E6BB0605","404","7",2,1,"DIST-OPEN","SOLD","2026-05-10 00:07:30.427"
"E6BB0605","106","9",17,1,"COMP","HELD",NA
"E6BB0605","105","3",20,1,"GROUP","HELD",NA
"E6BB0605","307","3",9,1,"DIST-OPEN","available",NA
"E6BB0605","213","2",23,1,"DIST-OPEN","available",NA
"E6BB0605","302","9",23,1,"HOLD","HELD",NA
"E6BB0605","403","7",5,1,"HOLD","HELD",NA
"E6BB0605","207","5",21,1,"SEASON","SOLD","2025-10-03 13:19:03.365"
"E6BB0605","217","8",3,1,"DIST-OPEN","available",NA
"E6BB0605","404","2",24,1,"DIST-OPEN","SOLD","2025-12-06 18:10:05.154"
"E6BB0605","201","7",13,1,"SEASON","SOLD","2025-10-21 21:11:51.153"
"E6BB0605","403","7",21,1,"DIST-OPEN","SOLD","2026-01-21 10:18:02.034"
"E6BB0605","115","10",11,1,"COMP","HELD",NA
"E6BB0605","209","2",10,1,"SEASON","SOLD","2025-10-11 13:01:48.142"
"E6BB0605","219","6",23,1,"DIST-OPEN","available",NA
"E6BB0605","303","8",5,1,"DIST-OPEN","COMP","2026-03-29 05:01:09.329"
"E6BB0605","220","3",12,1,"DIST-OPEN","SOLD","2025-11-23 19:44:38.864"
"E6BB0605","209","8",20,1,"HOLD","HELD",NA
"E6BB0605","403","7",16,1,"SEASON","SOLD","2025-10-03 18:00:13.397"
"E6BB0605","404","3",19,1,"DIST-OPEN","available",NA
"E6BB0605","314","6",24,1,"DIST-OPEN","available",NA
"E6BB0605","108","7",20,1,"DIST-OPEN","available",NA
"E6BB0605","212","7",23,1,"GROUP","HELD",NA
"E6BB0605","302","3",21,1,"DIST-OPEN","SOLD","2025-12-10 08:49:43.151"
"E6BB0605","202","10",17,1,"DIST-OPEN","available",NA
"E6BB0605","206","9",16,1,"DIST-OPEN","SOLD","2025-12-17 16:30:02.051"
"E6BB0605","202","8",10,1,"DIST-OPEN","SOLD","2026-04-13 13:29:35.616"
"E6BB0605","407","9",23,1,"GROUP","HELD",NA
"E6BB0605","320","4",19,1,"DIST-OPEN","SOLD","2026-02-16 17:53:40.962"
"E6BB0605","204","2",22,1,"HOLD","HELD",NA
"E6BB0605","115","1",15,1,"HOLD","HELD",NA
"E6BB0605","402","9",3,1,"COMP","HELD",NA
"E6BB0605","116","6",20,1,"SEASON","SOLD","2025-10-29 10:37:50.981"
"E6BB0605","312","2",8,1,"HOLD","HELD",NA
"E6BB0605","306","6",14,1,"DIST-OPEN","available",NA
"E6BB0605","201","9",8,1,"HOLD","HELD",NA
"E6BB0605","409","3",15,1,"DIST-OPEN","SOLD","2025-12-25 07:05:52.267"
"E6BB0605","114","7",6,1,"DIST-OPEN","COMP","2026-01-24 12:53:54.980"
"E6BB0605","102","2",14,1,"HOLD","HELD",NA
"E6BB0605","213","5",17,1,"DIST-OPEN","available",NA
"E6BB0605","209","7",19,1,"COMP","HELD",NA
"E6BB0605","303","1",11,1,"DIST-OPEN","SOLD","2025-12-25 23:31:51.626"
"E6BB0605","308","5",21,1,"HOLD","HELD",NA
"E6BB0605","101","4",21,1,"DIST-OPEN","available",NA
"E6BB0605","408","10",5,1,"DIST-OPEN","available",NA
"E6BB0605","403","4",1,1,"HOLD","COMP","2026-03-11 18:16:01.134"
"E6BB0605","108","2",13,1,"DIST-OPEN","available",NA
"E6BB0605","309","1",17,1,"SEASON","SOLD","2025-10-09 12:35:16.042"
"E6BB0605","316","6",21,1,"DIST-OPEN","SOLD","2026-03-27 08:06:43.664"
"E6BB0605","311","6",10,1,"GROUP","HELD",NA
"E6BB0605","315","5",6,1,"HOLD","HELD",NA
"E6BB0605","302","3",3,1,"DIST-OPEN","COMP","2026-02-24 06:13:05.129"
"E6BB0605","409","5",5,1,"DIST-OPEN","available",NA
"E6BB0605","202","3",2,1,"SEASON","SOLD","2025-10-23 14:36:21.021"
"E6BB0605","309","9",1,1,"HOLD","HELD",NA
"E6BB0605","204","6",14,1,"DIST-OPEN","SOLD","2026-03-04 23:04:40.741"
"E6BB0605","220","1",19,1,"SEASON","SOLD","2025-10-27 15:51:57.178"
"E6BB0605","302","10",9,1,"DIST-OPEN","available",NA
"E6BB0605","317","9",3,1,"DIST-OPEN","COMP","2026-01-17 10:00:20.893"
"E6BB0605","205","2",10,1,"DIST-OPEN","available",NA
"E6BB0605","404","8",1,1,"GROUP","HELD",NA
"E6BB0605","106","6",16,1,"SEASON","SOLD","2025-10-15 05:34:35.871"
"E6BB0605","105","8",15,1,"SEASON","SOLD","2025-10-18 23:05:58.407"
"E6BB0605","307","6",1,1,"HOLD","HELD",NA
"E6BB0605","213","9",18,1,"SEASON","SOLD","2025-10-05 05:32:31.518"
"E6BB0605","302","9",24,1,"SEASON","SOLD","2025-10-24 06:16:18.294"
"E6BB0605","403","3",2,1,"DIST-OPEN","SOLD","2026-02-11 17:27:15.216"
"E6BB0605","207","3",6,1,"HOLD","HELD",NA
"E6BB0605","217","2",20,1,"DIST-OPEN","SOLD","2025-12-28 21:19:27.793"
"E6BB0605","404","2",7,1,"DIST-OPEN","available",NA
"E6BB0605","201","2",18,1,"DIST-OPEN","available",NA
"E6BB0605","403","9",11,1,"DIST-OPEN","available",NA
"E6BB0605","115","8",18,1,"HOLD","HELD",NA
"E6BB0605","209","1",8,1,"SEASON","SOLD","2025-10-23 17:26:08.452"
"E6BB0605","219","3",3,1,"DIST-OPEN","SOLD","2026-05-10 15:23:39.008"
"E6BB0605","303","1",7,1,"DIST-OPEN","available",NA
"E6BB0605","220","4",24,1,"HOLD","HELD",NA
"E6BB0605","209","10",17,1,"SEASON","SOLD","2025-10-28 14:57:08.298"
"E6BB0605","403","6",22,1,"DIST-OPEN","available",NA
"E6BB0605","404","5",14,1,"DIST-OPEN","available",NA
"E6BB0605","314","9",13,1,"DIST-OPEN","SOLD","2026-03-17 18:48:05.563"
"E6BB0605","108","4",24,1,"HOLD","HELD",NA
"E6BB0605","212","5",12,1,"DIST-OPEN","available",NA
"E6BB0605","302","1",15,1,"DIST-OPEN","available",NA
"E6BB0605","202","10",7,1,"SEASON","SOLD","2025-10-02 17:08:19.588"
"E6BB0605","206","6",22,1,"SEASON","SOLD","2025-10-03 01:36:32.116"
"E6BB0605","202","6",24,1,"DIST-OPEN","SOLD","2025-11-28 10:48:58.036"
"E6BB0605","407","8",11,1,"SEASON","SOLD","2025-10-04 04:48:03.527"
"E6BB0605","320","7",17,1,"DIST-OPEN","SOLD","2026-03-23 16:34:05.728"
"E6BB0605","204","7",12,1,"GROUP","HELD",NA
"E6BB0605","115","8",24,1,"DIST-OPEN","available",NA
"E6BB0605","402","3",3,1,"DIST-OPEN","available",NA
"E6BB0605","116","9",8,1,"DIST-OPEN","SOLD","2025-12-18 18:44:47.792"
"E6BB0605","312","7",18,1,"DIST-OPEN","SOLD","2026-02-16 16:42:47.345"
"E6BB0605","306","5",19,1,"SEASON","SOLD","2025-10-22 17:43:00.897"
"E6BB0605","201","10",15,1,"HOLD","HELD",NA
"E6BB0605","409","10",19,1,"DIST-OPEN","available",NA
"E6BB0605","114","5",2,1,"GROUP","HELD",NA
"E6BB0605","102","3",12,1,"SEASON","SOLD","2025-10-08 02:06:08.821"
"E6BB0605","213","4",15,1,"DIST-OPEN","available",NA
"E6BB0605","209","4",10,1,"DIST-OPEN","available",NA
"E6BB0605","303","5",4,1,"HOLD","HELD",NA
"E6BB0605","308","8",12,1,"DIST-OPEN","SOLD","2025-12-11 16:23:23.365"
"E6BB0605","101","6",2,1,"GROUP","HELD",NA
"E6BB0605","408","4",8,1,"DIST-OPEN","available",NA
"E6BB0605","403","2",9,1,"SEASON","SOLD","2025-10-08 19:07:04.680"
"E6BB0605","108","2",13,1,"DIST-OPEN","available",NA
"E6BB0605","309","10",17,1,"DIST-OPEN","available",NA
"E6BB0605","316","3",15,1,"DIST-OPEN","COMP","2026-03-18 10:31:42.838"
"E6BB0605","311","7",12,1,"GROUP","HELD",NA
"E6BB0605","315","8",1,1,"COMP","HELD",NA
"E6BB0605","302","4",1,1,"DIST-OPEN","available",NA
"E6BB0605","409","6",17,1,"HOLD","HELD",NA
"E6BB0605","202","2",20,1,"HOLD","HELD",NA
"E6BB0605","309","9",9,1,"DIST-OPEN","SOLD","2026-01-17 15:44:21.079"
"E6BB0605","204","7",2,1,"DIST-OPEN","available",NA
"E6BB0605","220","9",10,1,"DIST-OPEN","SOLD","2026-04-02 08:37:06.995"
"E6BB0605","302","7",19,1,"DIST-OPEN","available",NA
"E6BB0605","317","5",16,1,"SEASON","SOLD","2025-10-31 03:02:14.511"
"E6BB0605","205","9",7,1,"GROUP","HELD",NA
"E6BB0605","404","1",6,1,"DIST-OPEN","SOLD","2026-01-14 00:09:00.778"
"E6BB0605","106","7",18,1,"DIST-OPEN","available",NA
"E6BB0605","105","2",4,1,"DIST-OPEN","available",NA
"E6BB0605","307","7",18,1,"DIST-OPEN","available",NA
"E6BB0605","213","4",18,1,"HOLD","HELD",NA
"E6BB0605","302","7",16,1,"DIST-OPEN","SOLD","2026-02-18 08:02:28.163"
"E6BB0605","403","5",13,1,"HOLD","HELD",NA
"E6BB0605","207","1",11,1,"DIST-OPEN","SOLD","2026-05-17 00:21:26.023"
"E6BB0605","217","5",5,1,"DIST-OPEN","SOLD","2026-04-27 22:31:07.552"
"E6BB0605","404","8",5,1,"DIST-OPEN","available",NA
"E6BB0605","201","1",7,1,"DIST-OPEN","available",NA
"E6BB0605","403","2",24,1,"DIST-OPEN","available",NA
"E6BB0605","115","4",18,1,"DIST-OPEN","SOLD","2026-04-04 20:16:26.549"
"E6BB0605","209","7",1,1,"DIST-OPEN","available",NA
"E6BB0605","219","4",22,1,"HOLD","HELD",NA
"E6BB0605","303","7",23,1,"GROUP","HELD",NA
"E6BB0605","220","9",10,1,"DIST-OPEN","available",NA
"E6BB0605","209","9",7,1,"DIST-OPEN","available",NA
"E6BB0605","403","5",10,1,"DIST-OPEN","available",NA
"E6BB0605","404","6",17,1,"DIST-OPEN","COMP","2026-01-11 03:33:52.069"
"E6BB0605","314","9",17,1,"HOLD","HELD",NA
"E6BB0605","108","7",4,1,"HOLD","HELD",NA
"E6BB0605","212","9",20,1,"DIST-OPEN","available",NA
"E6BB0605","302","4",7,1,"COMP","HELD",NA
"E6BB0605","202","10",9,1,"HOLD","COMP","2026-01-13 16:51:02.024"
"E6BB0605","206","3",17,1,"DIST-OPEN","SOLD","2026-03-10 00:36:38.321"
"E6BB0605","202","7",7,1,"DIST-OPEN","SOLD","2026-05-03 17:26:30.523"
"E6BB0605","407","5",21,1,"SEASON","SOLD","2025-10-21 12:15:53.541"
"E6BB0605","320","6",19,1,"DIST-OPEN","SOLD","2026-01-26 15:05:47.687"
"E6BB0605","204","3",15,1,"GROUP","HELD",NA
"E6BB0605","115","2",17,1,"SEASON","SOLD","2025-10-16 11:56:08.466"
"E6BB0605","402","9",13,1,"DIST-OPEN","SOLD","2025-12-07 20:23:23.554"
"E6BB0605","116","8",3,1,"SEASON","SOLD","2025-10-03 23:08:18.822"
"E6BB0605","312","7",3,1,"DIST-OPEN","COMP","2026-03-27 20:15:26.772"
"E6BB0605","306","3",14,1,"SEASON","SOLD","2025-10-07 22:55:15.658"
"E6BB0605","201","10",7,1,"DIST-OPEN","SOLD","2026-05-25 13:44:25.798"
"E6BB0605","409","1",12,1,"DIST-OPEN","COMP","2026-03-06 17:36:50.621"
"E6BB0605","114","9",12,1,"DIST-OPEN","available",NA
"E6BB0605","102","9",21,1,"SEASON","SOLD","2025-10-14 12:52:34.504"
"E6BB0605","213","4",2,1,"DIST-OPEN","available",NA
"E6BB0605","209","6",4,1,"SEASON","SOLD","2025-10-18 11:35:32.321"
"E6BB0605","303","6",7,1,"SEASON","SOLD","2025-10-28 08:52:20.292"
"E6BB0605","308","5",7,1,"DIST-OPEN","available",NA
"E6BB0605","101","7",12,1,"DIST-OPEN","available",NA
"E6BB0605","408","3",23,1,"DIST-OPEN","SOLD","2026-05-14 04:58:29.733"
"E6BB0605","403","7",13,1,"HOLD","HELD",NA
"E6BB0605","108","10",2,1,"DIST-OPEN","SOLD","2026-05-19 18:33:29.239"
"E6BB0605","309","3",20,1,"DIST-OPEN","available",NA
"E6BB0605","316","8",22,1,"COMP","HELD",NA
"E6BB0605","311","4",24,1,"GROUP","HELD",NA
"E6BB0605","315","8",17,1,"DIST-OPEN","available",NA
"E6BB0605","302","6",13,1,"DIST-OPEN","available",NA
"E6BB0605","409","6",24,1,"DIST-OPEN","available",NA
"E6BB0605","202","9",14,1,"SEASON","SOLD","2025-10-18 15:38:07.975"
"E6BB0605","309","7",17,1,"SEASON","SOLD","2025-10-18 07:29:18.020"
"E6BB0605","204","5",11,1,"SEASON","SOLD","2025-10-18 05:14:49.156"
"E6BB0605","220","10",15,1,"DIST-OPEN","SOLD","2026-04-13 02:03:54.474"
"E6BB0605","302","2",10,1,"DIST-OPEN","available",NA
"E6BB0605","317","10",17,1,"DIST-OPEN","SOLD","2025-12-03 23:37:12.516"
"E6BB0605","205","1",14,1,"SEASON","SOLD","2025-10-27 14:22:07.466"
"E6BB0605","404","7",9,1,"SEASON","SOLD","2025-10-27 07:55:43.821"
"E6BB0605","106","5",20,1,"DIST-OPEN","available",NA
"E6BB0605","105","5",19,1,"SEASON","SOLD","2025-10-02 17:37:45.972"
"E6BB0605","307","9",11,1,"SEASON","SOLD","2025-10-12 16:28:30.303"
"E6BB0605","213","7",23,1,"SEASON","SOLD","2025-10-05 02:14:19.314"
"E6BB0605","302","4",14,1,"SEASON","SOLD","2025-10-18 00:26:23.366"
"E6BB0605","403","10",3,1,"DIST-OPEN","available",NA
"E6BB0605","207","8",4,1,"HOLD","HELD",NA
"E6BB0605","217","1",17,1,"DIST-OPEN","available",NA
"E6BB0605","404","3",4,1,"GROUP","HELD",NA
"E6BB0605","201","1",7,1,"DIST-OPEN","SOLD","2026-02-26 02:03:40.865"
"E6BB0605","403","10",14,1,"SEASON","SOLD","2025-10-19 13:55:17.098"
"E6BB0605","115","3",2,1,"DIST-OPEN","SOLD","2025-12-11 03:38:09.702"
"E6BB0605","209","3",9,1,"SEASON","SOLD","2025-10-14 00:58:00.658"
"E6BB0605","219","1",24,1,"SEASON","SOLD","2025-10-09 21:36:35.316"
"E6BB0605","303","2",21,1,"DIST-OPEN","SOLD","2026-01-31 19:48:32.934"
"E6BB0605","220","10",20,1,"SEASON","SOLD","2025-10-11 12:47:01.892"
"E6BB0605","209","3",4,1,"SEASON","SOLD","2025-10-03 03:13:53.890"
"E6BB0605","403","8",20,1,"HOLD","HELD",NA
"E6BB0605","404","1",22,1,"DIST-OPEN","SOLD","2026-03-21 01:21:13.422"
"E6BB0605","314","4",10,1,"DIST-OPEN","available",NA
"E6BB0605","108","1",10,1,"DIST-OPEN","available",NA
"E6BB0605","212","9",12,1,"GROUP","HELD",NA
"E6BB0605","302","1",11,1,"DIST-OPEN","available",NA
"E6BB0605","202","10",18,1,"DIST-OPEN","available",NA
"E6BB0605","206","9",20,1,"DIST-OPEN","available",NA
"E6BB0605","202","8",11,1,"SEASON","SOLD","2025-10-17 09:32:22.311"
"E6BB0605","407","4",16,1,"SEASON","SOLD","2025-10-07 18:08:40.056"
"E6BB0605","320","1",14,1,"DIST-OPEN","available",NA
"E6BB0605","204","4",17,1,"HOLD","HELD",NA
"E6BB0605","115","10",20,1,"COMP","HELD",NA
"E6BB0605","402","1",23,1,"SEASON","SOLD","2025-10-03 12:56:23.770"
"E6BB0605","116","8",2,1,"DIST-OPEN","available",NA
"E6BB0605","312","1",2,1,"HOLD","HELD",NA
"E6BB0605","306","1",11,1,"DIST-OPEN","available",NA
"E6BB0605","201","2",5,1,"HOLD","HELD",NA
"E6BB0605","409","2",2,1,"DIST-OPEN","available",NA
"E6BB0605","114","7",6,1,"DIST-OPEN","available",NA
"E6BB0605","102","6",14,1,"HOLD","HELD",NA
"E6BB0605","213","5",23,1,"GROUP","HELD",NA
"E6BB0605","209","4",13,1,"COMP","HELD",NA
"E6BB0605","303","6",22,1,"COMP","HELD",NA
"E6BB0605","308","9",21,1,"DIST-OPEN","available",NA
"E6BB0605","101","2",15,1,"SEASON","SOLD","2025-10-20 10:34:50.865"
"E6BB0605","408","2",12,1,"SEASON","SOLD","2025-10-28 12:47:14.561"
"E6BB0605","403","10",23,1,"DIST-OPEN","available",NA
"E6BB0605","108","7",15,1,"GROUP","HELD",NA
"E6BB0605","309","8",14,1,"DIST-OPEN","available",NA
"E6BB0605","316","1",22,1,"HOLD","HELD",NA
"E6BB0605","311","5",24,1,"DIST-OPEN","available",NA
"E6BB0605","315","9",6,1,"DIST-OPEN","available",NA
"E6BB0605","302","7",18,1,"DIST-OPEN","SOLD","2025-12-01 16:09:43.860"
"E6BB0605","409","7",16,1,"DIST-OPEN","SOLD","2026-02-08 11:01:36.985"
"E6BB0605","202","8",21,1,"GROUP","HELD",NA
"E6BB0605","309","3",2,1,"DIST-OPEN","available",NA
"E6BB0605","204","9",2,1,"GROUP","HELD",NA
"E6BB0605","220","1",6,1,"GROUP","HELD",NA
"E6BB0605","302","1",22,1,"DIST-OPEN","available",NA
"E6BB0605","317","8",8,1,"COMP","HELD",NA
"E6BB0605","205","10",17,1,"DIST-OPEN","available",NA
"E6BB0605","404","6",9,1,"DIST-OPEN","COMP","2026-03-17 00:40:57.086"
"E6BB0605","106","6",19,1,"DIST-OPEN","SOLD","2025-11-16 17:54:29.059"
"E6BB0605","105","2",7,1,"DIST-OPEN","SOLD","2026-01-14 18:49:07.238"
"E6BB0605","307","7",24,1,"SEASON","SOLD","2025-10-18 17:22:16.531"
"E6BB0605","213","9",23,1,"DIST-OPEN","SOLD","2026-02-03 16:13:46.662"
"E6BB0605","302","3",22,1,"SEASON","SOLD","2025-10-03 09:02:26.582"
"E6BB0605","403","6",12,1,"GROUP","HELD",NA
"E6BB0605","207","9",2,1,"DIST-OPEN","SOLD","2026-04-12 20:04:15.429"
"E6BB0605","217","10",21,1,"DIST-OPEN","available",NA
"E6BB0605","404","9",24,1,"GROUP","HELD",NA
"E6BB0605","201","5",14,1,"DIST-OPEN","available",NA
"E6BB0605","403","10",17,1,"DIST-OPEN","available",NA
"E6BB0605","115","3",13,1,"DIST-OPEN","available",NA
"E6BB0605","209","9",9,1,"DIST-OPEN","available",NA
"E6BB0605","219","2",15,1,"SEASON","SOLD","2025-10-01 16:21:31.768"
"E6BB0605","303","8",11,1,"DIST-OPEN","available",NA
"E6BB0605","220","6",15,1,"DIST-OPEN","SOLD","2026-04-30 13:08:57.920"
"E6BB0605","209","1",21,1,"DIST-OPEN","SOLD","2025-12-14 22:17:11.600"
"E6BB0605","403","10",13,1,"SEASON","SOLD","2025-10-28 06:51:46.621"
"E6BB0605","404","9",2,1,"DIST-OPEN","available",NA
"E6BB0605","314","5",4,1,"HOLD","HELD",NA
"E6BB0605","108","5",5,1,"DIST-OPEN","available",NA
"E6BB0605","212","10",10,1,"DIST-OPEN","SOLD","2026-05-03 05:19:34.002"
"E6BB0605","302","2",23,1,"SEASON","SOLD","2025-10-17 00:50:36.599"
"E6BB0605","202","1",3,1,"DIST-OPEN","available",NA
"E6BB0605","206","6",9,1,"SEASON","SOLD","2025-10-18 00:51:27.773"
"E6BB0605","202","8",12,1,"DIST-OPEN","SOLD","2026-05-20 23:22:38.176"
"E6BB0605","407","2",9,1,"SEASON","SOLD","2025-10-26 05:44:31.185"
"E6BB0605","320","8",5,1,"SEASON","SOLD","2025-10-22 04:29:03.119"
"E6BB0605","204","8",10,1,"DIST-OPEN","available",NA
"E6BB0605","115","2",16,1,"SEASON","SOLD","2025-10-04 05:38:25.438"
"E6BB0605","402","1",1,1,"SEASON","SOLD","2025-10-20 12:38:34.868"
"E6BB0605","116","9",20,1,"DIST-OPEN","available",NA
"E6BB0605","312","9",15,1,"DIST-OPEN","SOLD","2026-03-17 11:34:21.073"
"E6BB0605","306","8",9,1,"GROUP","HELD",NA
"E6BB0605","201","8",22,1,"DIST-OPEN","SOLD","2026-02-19 10:57:44.752"
"E6BB0605","409","2",24,1,"DIST-OPEN","SOLD","2026-02-12 12:40:34.741"
"E6BB0605","114","8",13,1,"DIST-OPEN","SOLD","2026-03-10 15:35:41.490"
"E6BB0605","102","5",23,1,"DIST-OPEN","available",NA
"E6BB0605","213","3",16,1,"HOLD","HELD",NA
"E6BB0605","209","8",11,1,"DIST-OPEN","available",NA
"E6BB0605","303","6",20,1,"GROUP","HELD",NA
"E6BB0605","308","10",4,1,"SEASON","SOLD","2025-10-17 19:42:38.696"
"E6BB0605","101","8",14,1,"SEASON","SOLD","2025-10-22 14:57:39.361"
"E6BB0605","408","5",24,1,"DIST-OPEN","available",NA
"E6BB0605","403","4",7,1,"DIST-OPEN","available",NA
"E6BB0605","108","7",20,1,"SEASON","SOLD","2025-10-14 10:55:56.083"
"E6BB0605","309","10",12,1,"DIST-OPEN","SOLD","2026-05-29 11:29:24.743"
"E6BB0605","316","8",5,1,"SEASON","SOLD","2025-10-27 19:01:54.324"
"E6BB0605","311","8",23,1,"DIST-OPEN","available",NA
"E6BB0605","315","9",4,1,"DIST-OPEN","available",NA
"E6BB0605","302","1",5,1,"SEASON","SOLD","2025-10-19 13:10:43.277"
"E6BB0605","409","4",17,1,"SEASON","SOLD","2025-10-17 03:04:37.506"
"E6BB0605","202","5",2,1,"HOLD","HELD",NA
"E6BB0605","309","5",11,1,"SEASON","SOLD","2025-10-18 21:16:04.167"
"E6BB0605","204","1",20,1,"DIST-OPEN","SOLD","2026-02-10 00:00:02.197"
"E6BB0605","220","9",20,1,"HOLD","HELD",NA
"E6BB0605","302","8",5,1,"DIST-OPEN","available",NA
"E6BB0605","317","1",23,1,"SEASON","SOLD","2025-10-13 12:47:50.057"
"E6BB0605","205","8",11,1,"DIST-OPEN","SOLD","2025-12-02 23:17:42.324"
"E6BB0605","404","5",18,1,"DIST-OPEN","SOLD","2026-05-31 22:43:32.168"
"E6BB0605","106","6",21,1,"DIST-OPEN","SOLD","2026-02-14 09:48:43.623"
"E6BB0605","105","6",24,1,"COMP","COMP","2026-01-07 01:32:49.644"
"E6BB0605","307","5",10,1,"DIST-OPEN","available",NA
"E6BB0605","213","8",13,1,"HOLD","HELD",NA
"E6BB0605","302","5",11,1,"DIST-OPEN","SOLD","2026-05-21 04:51:00.961"
"E6BB0605","403","3",13,1,"COMP","HELD",NA
"E6BB0605","207","1",1,1,"HOLD","HELD",NA
"E6BB0605","217","2",5,1,"HOLD","HELD",NA
"E6BB0605","404","8",10,1,"SEASON","SOLD","2025-10-15 00:45:46.851"
"E6BB0605","201","5",22,1,"DIST-OPEN","available",NA
"E6BB0605","403","3",10,1,"DIST-OPEN","COMP","2026-01-05 17:30:31.212"
"E6BB0605","115","10",24,1,"SEASON","SOLD","2025-10-16 20:44:40.676"
"E6BB0605","209","2",13,1,"DIST-OPEN","SOLD","2026-04-14 02:51:31.785"
"E6BB0605","219","10",9,1,"DIST-OPEN","available",NA
"E6BB0605","303","6",4,1,"SEASON","SOLD","2025-10-01 20:44:45.347"
"E6BB0605","220","1",18,1,"DIST-OPEN","SOLD","2026-02-09 00:41:02.764"
"E6BB0605","209","2",17,1,"SEASON","SOLD","2025-10-08 18:52:30.610"
"E6BB0605","403","5",2,1,"DIST-OPEN","available",NA
"E6BB0605","404","4",19,1,"DIST-OPEN","available",NA
"E6BB0605","314","8",7,1,"SEASON","SOLD","2025-10-22 14:29:43.104"
"E6BB0605","108","4",6,1,"DIST-OPEN","available",NA
"E6BB0605","212","5",16,1,"SEASON","SOLD","2025-10-06 21:20:46.966"
"E6BB0605","302","8",7,1,"DIST-OPEN","available",NA
"E6BB0605","202","5",9,1,"DIST-OPEN","SOLD","2026-02-23 03:58:39.021"
"E6BB0605","206","7",5,1,"DIST-OPEN","available",NA
"E6BB0605","202","7",15,1,"DIST-OPEN","available",NA
"E6BB0605","407","6",6,1,"SEASON","SOLD","2025-10-19 15:32:21.965"
"E6BB0605","320","7",3,1,"DIST-OPEN","COMP","2026-01-17 22:37:48.891"
"E6BB0605","204","4",12,1,"DIST-OPEN","SOLD","2026-04-12 21:09:20.768"
"E6BB0605","115","5",23,1,"DIST-OPEN","SOLD","2026-03-05 16:59:53.782"
"E6BB0605","402","5",5,1,"DIST-OPEN","available",NA
"E6BB0605","116","9",22,1,"DIST-OPEN","SOLD","2026-04-12 05:26:31.208"
"E6BB0605","312","7",6,1,"DIST-OPEN","available",NA
"E6BB0605","306","5",2,1,"DIST-OPEN","SOLD","2026-03-10 16:45:10.239"
"E6BB0605","201","7",23,1,"DIST-OPEN","available",NA
"E6BB0605","409","9",20,1,"DIST-OPEN","COMP","2026-03-06 16:14:50.137"
"E6BB0605","114","9",12,1,"DIST-OPEN","SOLD","2026-05-22 03:49:43.455"
"E6BB0605","102","8",22,1,"GROUP","COMP","2026-02-28 06:25:32.380"
"E6BB0605","213","5",19,1,"DIST-OPEN","available",NA
"E6BB0605","209","4",4,1,"DIST-OPEN","SOLD","2025-12-17 17:48:27.912"
"E6BB0605","303","8",3,1,"DIST-OPEN","available",NA
"E6BB0605","308","2",20,1,"DIST-OPEN","SOLD","2025-12-29 16:48:11.085"
"E6BB0605","101","3",5,1,"HOLD","HELD",NA
"E6BB0605","408","3",9,1,"DIST-OPEN","available",NA
"E6BB0605","403","9",1,1,"DIST-OPEN","SOLD","2026-01-14 05:18:52.305"
"E6BB0605","108","6",24,1,"DIST-OPEN","available",NA
"E6BB0605","309","9",20,1,"DIST-OPEN","available",NA
"E6BB0605","316","10",14,1,"DIST-OPEN","available",NA
"E6BB0605","311","1",4,1,"DIST-OPEN","SOLD","2025-12-18 05:35:37.644"
"E6BB0605","315","4",4,1,"GROUP","HELD",NA
"E6BB0605","302","7",9,1,"DIST-OPEN","SOLD","2025-12-01 18:09:56.644"
"E6BB0605","409","2",22,1,"DIST-OPEN","SOLD","2026-02-03 02:46:04.969"
"E6BB0605","202","4",24,1,"DIST-OPEN","available",NA
"E6BB0605","309","2",14,1,"DIST-OPEN","SOLD","2025-12-26 20:14:20.786"
"E6BB0605","204","6",20,1,"SEASON","SOLD","2025-10-05 14:47:34.539"
"E6BB0605","220","3",22,1,"SEASON","SOLD","2025-10-29 15:03:24.177"
"E6BB0605","302","8",9,1,"GROUP","HELD",NA
"E6BB0605","317","4",11,1,"HOLD","HELD",NA
"E6BB0605","205","8",20,1,"HOLD","HELD",NA
"E6BB0605","404","4",16,1,"DIST-OPEN","SOLD","2025-12-23 08:57:01.579"
"E6BB0605","106","2",6,1,"DIST-OPEN","available",NA
"E6BB0605","105","3",7,1,"HOLD","HELD",NA
"E6BB0605","307","2",8,1,"SEASON","SOLD","2025-10-19 02:35:56.459"
"E6BB0605","213","8",4,1,"DIST-OPEN","available",NA
"E6BB0605","302","9",8,1,"DIST-OPEN","SOLD","2026-02-01 19:00:59.133"
"E6BB0605","403","2",9,1,"DIST-OPEN","available",NA
"E6BB0605","207","5",11,1,"HOLD","HELD",NA
"E6BB0605","217","10",10,1,"GROUP","HELD",NA
"E6BB0605","404","10",11,1,"DIST-OPEN","available",NA
"E6BB0605","201","8",9,1,"GROUP","HELD",NA
"E6BB0605","403","5",14,1,"SEASON","SOLD","2025-10-06 07:16:42.245"
"E6BB0531","220","10",15,1,"DIST-OPEN","SOLD","2025-12-03 16:45:32.661"
"E6BB0531","212","7",18,1,"HOLD","HELD",NA
"E6BB0531","315","4",16,1,"SEASON","SOLD","2025-10-22 05:26:59.750"
"E6BB0531","115","4",13,1,"HOLD","HELD",NA
"E6BB0531","110","6",3,1,"SEASON","SOLD","2025-10-08 01:07:24.934"
"E6BB0531","108","10",19,1,"HOLD","HELD",NA
"E6BB0531","116","10",4,1,"SEASON","SOLD","2025-10-21 06:10:19.246"
"E6BB0531","317","2",22,1,"DIST-OPEN","available",NA
"E6BB0531","312","10",13,1,"HOLD","HELD",NA
"E6BB0531","409","2",24,1,"DIST-OPEN","SOLD","2026-01-11 20:41:18.539"
"E6BB0531","407","6",7,1,"COMP","HELD",NA
"E6BB0531","315","5",10,1,"DIST-OPEN","available",NA
"E6BB0531","105","1",2,1,"DIST-OPEN","available",NA
"E6BB0531","107","6",15,1,"COMP","HELD",NA
"E6BB0531","213","3",19,1,"COMP","HELD",NA
"E6BB0531","107","9",6,1,"SEASON","SOLD","2025-10-10 08:21:17.411"
"E6BB0531","207","2",18,1,"SEASON","SOLD","2025-10-20 20:31:48.600"
"E6BB0531","409","10",6,1,"GROUP","HELD",NA
"E6BB0531","209","8",16,1,"DIST-OPEN","available",NA
"E6BB0531","219","10",9,1,"SEASON","SOLD","2025-10-28 10:00:53.269"
"E6BB0531","402","4",23,1,"DIST-OPEN","available",NA
"E6BB0531","410","2",11,1,"SEASON","SOLD","2025-10-31 04:18:28.479"
"E6BB0531","311","5",5,1,"DIST-OPEN","available",NA
"E6BB0531","219","8",14,1,"DIST-OPEN","available",NA
"E6BB0531","208","7",6,1,"DIST-OPEN","SOLD","2026-03-10 10:02:58.386"
"E6BB0531","201","1",14,1,"COMP","HELD",NA
"E6BB0531","218","8",4,1,"DIST-OPEN","available",NA
"E6BB0531","301","3",11,1,"DIST-OPEN","SOLD","2026-05-03 22:16:43.107"
"E6BB0531","316","9",2,1,"SEASON","SOLD","2025-10-23 22:50:39.782"
"E6BB0531","218","3",3,1,"SEASON","SOLD","2025-10-11 06:51:56.474"
"E6BB0531","320","9",19,1,"DIST-OPEN","available",NA
"E6BB0531","313","4",1,1,"COMP","HELD",NA
"E6BB0531","204","6",21,1,"DIST-OPEN","COMP","2026-02-01 17:18:48.394"
"E6BB0531","313","5",4,1,"DIST-OPEN","SOLD","2026-02-06 09:12:21.224"
"E6BB0531","111","1",5,1,"HOLD","HELD",NA
"E6BB0531","119","5",6,1,"DIST-OPEN","COMP","2026-03-04 18:53:26.268"
"E6BB0531","408","8",21,1,"GROUP","HELD",NA
"E6BB0531","406","6",6,1,"GROUP","HELD",NA
"E6BB0531","403","9",11,1,"DIST-OPEN","available",NA
"E6BB0531","214","1",7,1,"DIST-OPEN","available",NA
"E6BB0531","320","8",24,1,"DIST-OPEN","available",NA
"E6BB0531","215","9",11,1,"DIST-OPEN","available",NA
"E6BB0531","106","9",3,1,"DIST-OPEN","available",NA
"E6BB0531","303","10",18,1,"DIST-OPEN","SOLD","2026-04-06 08:50:54.809"
"E6BB0531","114","3",11,1,"DIST-OPEN","available",NA
"E6BB0531","304","10",8,1,"DIST-OPEN","available",NA
"E6BB0531","315","6",8,1,"GROUP","COMP","2026-03-26 03:40:55.205"
"E6BB0531","218","1",7,1,"DIST-OPEN","available",NA
"E6BB0531","210","4",11,1,"SEASON","SOLD","2025-10-29 21:21:25.950"
"E6BB0531","101","4",10,1,"COMP","COMP","2026-02-12 05:13:11.248"
"E6BB0531","211","7",23,1,"SEASON","SOLD","2025-10-02 19:29:03.616"
"E6BB0531","209","10",11,1,"DIST-OPEN","SOLD","2026-04-17 11:37:39.029"
"E6BB0531","111","7",9,1,"DIST-OPEN","SOLD","2026-05-19 23:32:44.177"
"E6BB0531","301","7",11,1,"DIST-OPEN","available",NA
"E6BB0531","208","2",11,1,"COMP","HELD",NA
"E6BB0531","403","10",20,1,"DIST-OPEN","SOLD","2026-04-06 15:09:47.929"
"E6BB0531","204","8",3,1,"DIST-OPEN","SOLD","2026-05-03 15:35:26.059"
"E6BB0531","106","4",20,1,"DIST-OPEN","SOLD","2026-05-21 07:07:44.861"
"E6BB0531","218","8",14,1,"GROUP","HELD",NA
"E6BB0531","309","9",21,1,"DIST-OPEN","SOLD","2026-03-04 01:59:01.086"
"E6BB0531","220","10",14,1,"SEASON","SOLD","2025-10-08 02:23:41.610"
"E6BB0531","212","4",14,1,"COMP","HELD",NA
"E6BB0531","315","1",10,1,"SEASON","SOLD","2025-10-26 19:42:36.495"
"E6BB0531","115","7",4,1,"DIST-OPEN","available",NA
"E6BB0531","110","7",18,1,"DIST-OPEN","available",NA
"E6BB0531","108","2",15,1,"GROUP","HELD",NA
"E6BB0531","116","9",24,1,"DIST-OPEN","SOLD","2026-01-03 02:14:54.077"
"E6BB0531","317","3",22,1,"SEASON","SOLD","2025-10-13 16:47:06.267"
"E6BB0531","312","9",4,1,"DIST-OPEN","SOLD","2026-05-19 15:11:38.480"
"E6BB0531","409","7",21,1,"SEASON","SOLD","2025-10-08 01:00:21.634"
"E6BB0531","407","6",21,1,"GROUP","HELD",NA
"E6BB0531","315","3",14,1,"DIST-OPEN","SOLD","2025-12-02 02:29:00.541"
"E6BB0531","105","1",16,1,"DIST-OPEN","SOLD","2026-02-05 02:37:13.001"
"E6BB0531","107","7",4,1,"GROUP","HELD",NA
"E6BB0531","213","8",10,1,"SEASON","SOLD","2025-10-23 07:15:15.182"
"E6BB0531","107","2",11,1,"DIST-OPEN","available",NA
"E6BB0531","207","7",17,1,"DIST-OPEN","available",NA
"E6BB0531","409","2",7,1,"SEASON","SOLD","2025-10-05 08:20:26.428"
"E6BB0531","209","6",19,1,"DIST-OPEN","SOLD","2025-11-21 04:00:43.372"
"E6BB0531","219","6",18,1,"DIST-OPEN","available",NA
"E6BB0531","402","2",24,1,"HOLD","HELD",NA
"E6BB0531","410","10",16,1,"DIST-OPEN","available",NA
"E6BB0531","311","5",11,1,"SEASON","SOLD","2025-10-28 04:12:50.150"
"E6BB0531","219","8",6,1,"SEASON","SOLD","2025-10-10 12:16:15.434"
"E6BB0531","208","9",1,1,"COMP","HELD",NA
"E6BB0531","201","3",4,1,"DIST-OPEN","SOLD","2026-05-08 11:22:26.957"
"E6BB0531","218","3",11,1,"DIST-OPEN","SOLD","2026-01-05 23:58:47.497"
"E6BB0531","301","2",5,1,"SEASON","SOLD","2025-10-28 03:09:55.514"
"E6BB0531","316","9",23,1,"DIST-OPEN","SOLD","2025-11-17 04:52:54.106"
"E6BB0531","218","2",22,1,"DIST-OPEN","available",NA
"E6BB0531","320","4",5,1,"HOLD","HELD",NA
"E6BB0531","313","5",8,1,"DIST-OPEN","SOLD","2026-04-09 23:24:10.753"
"E6BB0531","204","9",17,1,"DIST-OPEN","available",NA
"E6BB0531","313","3",13,1,"DIST-OPEN","SOLD","2026-03-12 09:21:54.259"
"E6BB0531","111","5",3,1,"HOLD","HELD",NA
"E6BB0531","119","5",12,1,"DIST-OPEN","available",NA
"E6BB0531","408","8",9,1,"DIST-OPEN","available",NA
"E6BB0531","406","4",3,1,"DIST-OPEN","available",NA
"E6BB0531","403","9",2,1,"DIST-OPEN","SOLD","2026-01-17 14:38:03.658"
"E6BB0531","214","5",14,1,"SEASON","SOLD","2025-10-12 08:56:05.649"
"E6BB0531","320","9",7,1,"DIST-OPEN","available",NA
"E6BB0531","215","7",14,1,"DIST-OPEN","SOLD","2025-12-17 15:56:51.151"
"E6BB0531","106","10",13,1,"SEASON","SOLD","2025-10-09 20:13:35.151"
"E6BB0531","303","9",4,1,"HOLD","HELD",NA
"E6BB0531","114","5",4,1,"DIST-OPEN","available",NA
"E6BB0531","304","10",1,1,"HOLD","HELD",NA
"E6BB0531","315","1",13,1,"DIST-OPEN","SOLD","2026-01-09 04:07:55.487"
"E6BB0531","218","6",5,1,"SEASON","SOLD","2025-10-24 21:34:13.376"
"E6BB0531","210","3",23,1,"DIST-OPEN","available",NA
"E6BB0531","101","8",19,1,"GROUP","HELD",NA
"E6BB0531","211","1",21,1,"SEASON","SOLD","2025-10-15 03:14:50.064"
"E6BB0531","209","5",16,1,"HOLD","COMP","2026-01-31 21:22:23.522"
"E6BB0531","111","5",4,1,"DIST-OPEN","available",NA
"E6BB0531","301","6",16,1,"SEASON","SOLD","2025-10-28 04:26:53.575"
"E6BB0531","208","6",17,1,"DIST-OPEN","available",NA
"E6BB0531","403","1",23,1,"GROUP","HELD",NA
"E6BB0531","204","3",6,1,"DIST-OPEN","available",NA
"E6BB0531","106","2",13,1,"DIST-OPEN","SOLD","2026-04-29 18:49:16.787"
"E6BB0531","218","8",23,1,"DIST-OPEN","SOLD","2026-03-14 19:38:26.570"
"E6BB0531","309","10",12,1,"DIST-OPEN","SOLD","2026-01-17 22:32:05.035"
"E6BB0531","220","2",20,1,"DIST-OPEN","available",NA
"E6BB0531","212","2",24,1,"COMP","HELD",NA
"E6BB0531","315","10",7,1,"SEASON","SOLD","2025-10-05 17:52:02.017"
"E6BB0531","115","5",14,1,"HOLD","HELD",NA
"E6BB0531","110","6",13,1,"DIST-OPEN","SOLD","2026-01-06 20:33:19.525"
"E6BB0531","108","5",5,1,"GROUP","HELD",NA
"E6BB0531","116","9",13,1,"DIST-OPEN","SOLD","2026-05-30 07:09:13.227"
"E6BB0531","317","8",18,1,"HOLD","HELD",NA
"E6BB0531","312","10",2,1,"DIST-OPEN","SOLD","2025-12-13 11:28:03.550"
"E6BB0531","409","7",24,1,"SEASON","SOLD","2025-10-22 08:29:46.950"
"E6BB0531","407","7",6,1,"DIST-OPEN","SOLD","2026-04-14 15:52:26.645"
"E6BB0531","315","3",3,1,"DIST-OPEN","COMP","2026-02-11 19:55:49.320"
"E6BB0531","105","2",13,1,"DIST-OPEN","SOLD","2026-01-03 10:53:03.130"
"E6BB0531","107","10",9,1,"DIST-OPEN","SOLD","2026-02-24 09:42:34.445"
"E6BB0531","213","2",20,1,"DIST-OPEN","available",NA
"E6BB0531","107","1",4,1,"DIST-OPEN","SOLD","2026-05-01 19:45:46.161"
"E6BB0531","207","10",20,1,"DIST-OPEN","available",NA
"E6BB0531","409","5",24,1,"DIST-OPEN","available",NA
"E6BB0531","209","2",13,1,"HOLD","HELD",NA
"E6BB0531","219","7",5,1,"SEASON","SOLD","2025-10-30 16:44:27.877"
"E6BB0531","402","3",16,1,"DIST-OPEN","available",NA
"E6BB0531","410","9",15,1,"DIST-OPEN","COMP","2026-01-19 01:26:01.117"
"E6BB0531","311","6",15,1,"HOLD","HELD",NA
"E6BB0531","219","5",4,1,"GROUP","HELD",NA
"E6BB0531","208","1",14,1,"DIST-OPEN","SOLD","2026-01-09 03:07:00.145"
"E6BB0531","201","9",2,1,"GROUP","HELD",NA
"E6BB0531","218","2",1,1,"DIST-OPEN","available",NA
"E6BB0531","301","5",8,1,"HOLD","HELD",NA
"E6BB0531","316","5",24,1,"DIST-OPEN","available",NA
"E6BB0531","218","7",8,1,"HOLD","HELD",NA
"E6BB0531","320","7",9,1,"DIST-OPEN","available",NA
"E6BB0531","313","6",12,1,"DIST-OPEN","available",NA
"E6BB0531","204","6",22,1,"DIST-OPEN","SOLD","2026-05-08 01:09:47.782"
"E6BB0531","313","7",13,1,"DIST-OPEN","available",NA
"E6BB0531","111","3",22,1,"COMP","HELD",NA
"E6BB0531","119","5",21,1,"SEASON","SOLD","2025-10-18 06:03:54.983"
"E6BB0531","408","3",2,1,"HOLD","HELD",NA
"E6BB0531","406","2",20,1,"HOLD","HELD",NA
"E6BB0531","403","9",10,1,"COMP","HELD",NA
"E6BB0531","214","6",8,1,"HOLD","HELD",NA
"E6BB0531","320","7",14,1,"SEASON","SOLD","2025-10-02 17:28:32.451"
"E6BB0531","215","5",10,1,"HOLD","HELD",NA
"E6BB0531","106","9",24,1,"SEASON","SOLD","2025-10-19 10:25:10.925"
"E6BB0531","303","8",14,1,"SEASON","SOLD","2025-10-19 18:40:30.693"
"E6BB0531","114","1",4,1,"SEASON","SOLD","2025-10-26 15:18:18.930"
"E6BB0531","304","6",24,1,"SEASON","SOLD","2025-10-24 03:25:16.197"
"E6BB0531","315","1",7,1,"SEASON","SOLD","2025-10-12 20:40:03.995"
"E6BB0531","218","1",3,1,"DIST-OPEN","available",NA
"E6BB0531","210","9",5,1,"SEASON","SOLD","2025-10-26 11:35:28.395"
"E6BB0531","101","2",10,1,"SEASON","SOLD","2025-10-24 12:33:37.623"
"E6BB0531","211","1",21,1,"HOLD","HELD",NA
"E6BB0531","209","7",6,1,"DIST-OPEN","available",NA
"E6BB0531","111","8",2,1,"DIST-OPEN","SOLD","2026-01-13 07:23:24.739"
"E6BB0531","301","5",1,1,"DIST-OPEN","COMP","2026-01-01 11:28:31.826"
"E6BB0531","208","10",16,1,"HOLD","HELD",NA
"E6BB0531","403","10",20,1,"COMP","HELD",NA
"E6BB0531","204","2",24,1,"DIST-OPEN","available",NA
"E6BB0531","106","9",3,1,"SEASON","SOLD","2025-10-24 22:45:19.910"
"E6BB0531","218","4",6,1,"SEASON","SOLD","2025-10-16 09:18:34.761"
"E6BB0531","309","3",9,1,"SEASON","SOLD","2025-10-30 11:31:29.125"
"E6BB0531","220","8",22,1,"COMP","HELD",NA
"E6BB0531","212","8",20,1,"COMP","COMP","2026-01-11 18:24:02.674"
"E6BB0531","315","9",19,1,"GROUP","HELD",NA
"E6BB0531","115","10",7,1,"DIST-OPEN","SOLD","2026-03-13 00:22:57.163"
"E6BB0531","110","7",21,1,"SEASON","SOLD","2025-10-07 07:07:13.773"
"E6BB0531","108","7",17,1,"DIST-OPEN","SOLD","2026-05-21 11:30:24.752"
"E6BB0531","116","4",18,1,"DIST-OPEN","available",NA
"E6BB0531","317","10",9,1,"DIST-OPEN","SOLD","2026-05-17 11:17:54.685"
"E6BB0531","312","8",1,1,"HOLD","HELD",NA
"E6BB0531","409","5",19,1,"DIST-OPEN","SOLD","2026-02-27 10:51:18.385"
"E6BB0531","407","3",18,1,"COMP","HELD",NA
"E6BB0531","315","4",11,1,"DIST-OPEN","SOLD","2026-03-19 02:04:22.230"
"E6BB0531","105","4",19,1,"SEASON","SOLD","2025-10-03 15:34:20.261"
"E6BB0531","107","6",21,1,"DIST-OPEN","available",NA
"E6BB0531","213","3",21,1,"DIST-OPEN","available",NA
"E6BB0531","107","7",19,1,"DIST-OPEN","available",NA
"E6BB0531","207","5",12,1,"SEASON","SOLD","2025-10-06 05:20:01.143"
"E6BB0531","409","10",23,1,"DIST-OPEN","SOLD","2025-12-20 06:23:45.202"
"E6BB0531","209","6",17,1,"DIST-OPEN","available",NA
"E6BB0531","219","5",16,1,"DIST-OPEN","SOLD","2026-03-09 19:20:20.619"
"E6BB0531","402","8",5,1,"DIST-OPEN","SOLD","2026-03-09 00:34:06.048"
"E6BB0531","410","1",14,1,"SEASON","SOLD","2025-10-17 08:35:01.729"
"E6BB0531","311","3",20,1,"DIST-OPEN","SOLD","2026-02-10 05:08:59.018"
"E6BB0531","219","10",24,1,"DIST-OPEN","available",NA
"E6BB0531","208","10",19,1,"DIST-OPEN","SOLD","2026-01-13 04:45:42.057"
"E6BB0531","201","7",5,1,"HOLD","HELD",NA
"E6BB0531","218","5",10,1,"DIST-OPEN","SOLD","2026-02-25 18:05:02.297"
"E6BB0531","301","3",4,1,"DIST-OPEN","available",NA
"E6BB0531","316","10",20,1,"DIST-OPEN","available",NA
"E6BB0531","218","6",17,1,"DIST-OPEN","SOLD","2025-12-23 18:53:47.010"
"E6BB0531","320","6",24,1,"DIST-OPEN","available",NA
"E6BB0531","313","2",22,1,"DIST-OPEN","SOLD","2026-02-18 16:55:55.305"
"E6BB0531","204","2",6,1,"DIST-OPEN","SOLD","2026-04-03 04:26:16.377"
"E6BB0531","313","1",16,1,"SEASON","SOLD","2025-10-15 23:33:45.320"
"E6BB0531","111","3",3,1,"DIST-OPEN","available",NA
"E6BB0531","119","6",5,1,"HOLD","HELD",NA
"E6BB0531","408","3",22,1,"DIST-OPEN","available",NA
"E6BB0531","406","6",6,1,"DIST-OPEN","SOLD","2025-11-19 02:57:23.279"
"E6BB0531","403","2",3,1,"SEASON","SOLD","2025-10-14 21:03:26.285"
"E6BB0531","214","2",22,1,"HOLD","HELD",NA
"E6BB0531","320","1",1,1,"DIST-OPEN","COMP","2026-02-10 02:33:39.956"
"E6BB0531","215","3",20,1,"DIST-OPEN","SOLD","2026-02-07 15:11:22.107"
"E6BB0531","106","10",2,1,"COMP","HELD",NA
"E6BB0531","303","8",18,1,"DIST-OPEN","available",NA
"E6BB0531","114","5",23,1,"HOLD","HELD",NA
"E6BB0531","304","1",9,1,"SEASON","SOLD","2025-10-20 22:07:13.987"
"E6BB0531","315","9",21,1,"DIST-OPEN","SOLD","2026-04-17 03:22:32.095"
"E6BB0531","218","4",12,1,"DIST-OPEN","available",NA
"E6BB0531","210","2",15,1,"DIST-OPEN","available",NA
"E6BB0531","101","2",9,1,"DIST-OPEN","available",NA
"E6BB0531","211","2",6,1,"GROUP","HELD",NA
"E6BB0531","209","3",14,1,"DIST-OPEN","SOLD","2026-05-04 10:39:24.914"
"E6BB0531","111","2",24,1,"HOLD","HELD",NA
"E6BB0531","301","5",12,1,"DIST-OPEN","SOLD","2025-12-24 06:23:03.403"
"E6BB0531","208","10",5,1,"SEASON","SOLD","2025-10-19 05:46:51.479"
"E6BB0531","403","5",24,1,"DIST-OPEN","available",NA
"E6BB0531","204","4",19,1,"DIST-OPEN","available",NA
"E6BB0531","106","3",6,1,"DIST-OPEN","SOLD","2025-12-03 17:18:19.211"
"E6BB0531","218","5",1,1,"DIST-OPEN","available",NA
"E6BB0531","309","9",23,1,"DIST-OPEN","available",NA
"E6BB0531","220","5",8,1,"DIST-OPEN","available",NA
"E6BB0531","212","2",24,1,"SEASON","SOLD","2025-10-11 10:54:32.172"
"E6BB0531","315","5",18,1,"DIST-OPEN","SOLD","2026-05-26 16:22:09.266"
"E6BB0531","115","3",1,1,"DIST-OPEN","SOLD","2026-03-18 14:04:28.072"
"E6BB0531","110","6",6,1,"COMP","HELD",NA
"E6BB0531","108","4",14,1,"HOLD","HELD",NA
"E6BB0531","116","3",8,1,"SEASON","SOLD","2025-10-11 22:01:43.470"
"E6BB0531","317","6",8,1,"DIST-OPEN","SOLD","2025-12-24 00:56:10.421"
"E6BB0531","312","8",11,1,"SEASON","SOLD","2025-10-08 17:34:38.586"
"E6BB0531","409","5",4,1,"DIST-OPEN","SOLD","2026-05-28 13:21:26.526"
"E6BB0531","407","5",8,1,"SEASON","SOLD","2025-10-03 01:06:06.797"
"E6BB0531","315","1",21,1,"DIST-OPEN","SOLD","2026-01-28 14:49:14.052"
"E6BB0531","105","1",22,1,"SEASON","SOLD","2025-10-07 03:34:25.043"
"E6BB0531","107","1",23,1,"HOLD","HELD",NA
"E6BB0531","213","4",19,1,"DIST-OPEN","SOLD","2026-02-22 19:04:50.868"
"E6BB0531","107","6",13,1,"DIST-OPEN","SOLD","2026-01-12 16:26:41.786"
"E6BB0531","207","5",8,1,"DIST-OPEN","available",NA
"E6BB0531","409","1",14,1,"DIST-OPEN","SOLD","2025-11-18 00:02:19.891"
"E6BB0531","209","5",3,1,"DIST-OPEN","available",NA
"E6BB0531","219","6",7,1,"DIST-OPEN","SOLD","2026-03-15 10:52:45.215"
"E6BB0531","402","8",24,1,"GROUP","HELD",NA
"E6BB0531","410","3",17,1,"DIST-OPEN","available",NA
"E6BB0531","311","4",18,1,"DIST-OPEN","SOLD","2026-04-10 01:30:04.724"
"E6BB0531","219","9",3,1,"DIST-OPEN","available",NA
"E6BB0531","208","1",13,1,"SEASON","SOLD","2025-10-13 13:08:11.567"
"E6BB0531","201","6",11,1,"GROUP","HELD",NA
"E6BB0531","218","7",9,1,"DIST-OPEN","SOLD","2026-03-22 07:58:15.831"
"E6BB0531","301","1",15,1,"DIST-OPEN","SOLD","2026-04-24 13:51:16.513"
"E6BB0531","316","5",15,1,"DIST-OPEN","available",NA
"E6BB0531","218","5",19,1,"DIST-OPEN","SOLD","2025-12-10 03:14:37.439"
"E6BB0531","320","6",10,1,"SEASON","SOLD","2025-10-11 19:09:52.245"
"E6BB0531","313","6",3,1,"HOLD","HELD",NA
"E6BB0531","204","6",8,1,"SEASON","SOLD","2025-10-02 11:34:08.156"
"E6BB0531","313","7",20,1,"DIST-OPEN","SOLD","2026-01-24 19:12:26.891"
"E6BB0531","111","6",3,1,"DIST-OPEN","SOLD","2026-03-28 01:24:32.849"
"E6BB0531","119","9",18,1,"GROUP","HELD",NA
"E6BB0531","408","5",3,1,"DIST-OPEN","SOLD","2026-03-06 06:04:41.352"
"E6BB0531","406","5",15,1,"DIST-OPEN","available",NA
"E6BB0531","403","4",14,1,"SEASON","SOLD","2025-10-22 06:19:06.583"
"E6BB0531","214","7",17,1,"GROUP","HELD",NA
"E6BB0531","320","4",3,1,"COMP","HELD",NA
"E6BB0531","215","3",22,1,"DIST-OPEN","available",NA
"E6BB0531","106","7",4,1,"DIST-OPEN","available",NA
"E6BB0531","303","5",1,1,"HOLD","HELD",NA
"E6BB0531","114","6",22,1,"DIST-OPEN","available",NA
"E6BB0531","304","3",9,1,"SEASON","SOLD","2025-10-29 10:51:55.594"
"E6BB0531","315","8",4,1,"SEASON","SOLD","2025-10-02 14:27:18.813"
"E6BB0531","218","8",17,1,"DIST-OPEN","available",NA
"E6BB0531","210","3",19,1,"HOLD","HELD",NA
"E6BB0531","101","9",17,1,"DIST-OPEN","available",NA
"E6BB0531","211","5",19,1,"DIST-OPEN","available",NA
"E6BB0531","209","6",13,1,"SEASON","SOLD","2025-10-03 11:11:49.742"
"E6BB0531","111","3",16,1,"DIST-OPEN","COMP","2026-03-19 10:19:03.587"
"E6BB0531","301","7",6,1,"DIST-OPEN","available",NA
"E6BB0531","208","8",22,1,"GROUP","HELD",NA
"E6BB0531","403","5",14,1,"DIST-OPEN","SOLD","2026-04-28 16:23:16.615"
"E6BB0531","204","8",11,1,"HOLD","HELD",NA
"E6BB0531","106","4",8,1,"DIST-OPEN","SOLD","2026-04-29 10:02:22.637"
"E6BB0531","218","5",14,1,"DIST-OPEN","SOLD","2025-12-20 08:50:27.164"
"E6BB0531","309","4",2,1,"DIST-OPEN","SOLD","2026-02-25 14:07:53.783"
"E6BB0531","220","8",18,1,"DIST-OPEN","SOLD","2026-04-01 04:32:03.110"
"E6BB0531","212","2",21,1,"COMP","HELD",NA
"E6BB0531","315","9",23,1,"DIST-OPEN","SOLD","2026-03-20 08:34:49.295"
"E6BB0531","115","6",11,1,"DIST-OPEN","COMP","2026-02-24 19:25:28.189"
"E6BB0531","110","8",9,1,"DIST-OPEN","available",NA
"E6BB0531","108","3",15,1,"SEASON","SOLD","2025-10-21 21:48:26.382"
"E6BB0531","116","7",7,1,"DIST-OPEN","available",NA
"E6BB0531","317","1",22,1,"DIST-OPEN","available",NA
"E6BB0531","312","3",1,1,"HOLD","HELD",NA
"E6BB0531","409","6",15,1,"GROUP","HELD",NA
"E6BB0531","407","5",12,1,"SEASON","SOLD","2025-10-12 02:11:41.285"
"E6BB0531","315","2",9,1,"DIST-OPEN","SOLD","2025-11-19 07:59:09.637"
"E6BB0531","105","7",12,1,"HOLD","HELD",NA
"E6BB0531","107","10",10,1,"DIST-OPEN","available",NA
"E6BB0531","213","3",5,1,"GROUP","HELD",NA
"E6BB0531","107","7",5,1,"DIST-OPEN","available",NA
"E6BB0531","207","10",15,1,"SEASON","SOLD","2025-10-09 02:36:19.831"
"E6BB0531","409","6",17,1,"SEASON","SOLD","2025-10-12 10:34:31.475"
"E6BB0531","209","1",12,1,"DIST-OPEN","SOLD","2026-04-08 23:44:52.489"
"E6BB0531","219","4",4,1,"SEASON","SOLD","2025-10-28 14:24:55.518"
"E6BB0531","402","2",18,1,"SEASON","SOLD","2025-10-12 14:58:52.456"
"E6BB0531","410","7",15,1,"DIST-OPEN","SOLD","2026-02-27 10:57:04.462"
"E6BB0531","311","10",17,1,"HOLD","HELD",NA
"E6BB0531","219","5",12,1,"DIST-OPEN","available",NA
"E6BB0531","208","4",6,1,"DIST-OPEN","SOLD","2026-02-21 10:16:10.266"
"E6BB0531","201","3",6,1,"HOLD","HELD",NA
"E6BB0531","218","5",16,1,"DIST-OPEN","SOLD","2026-02-22 18:41:04.427"
"E6BB0531","301","7",10,1,"DIST-OPEN","SOLD","2025-11-25 18:45:10.015"
"E6BB0531","316","6",7,1,"DIST-OPEN","available",NA
"E6BB0531","218","6",6,1,"SEASON","SOLD","2025-10-08 02:44:18.210"
"E6BB0531","320","6",11,1,"DIST-OPEN","available",NA
"E6BB0531","313","1",7,1,"DIST-OPEN","available",NA
"E6BB0531","204","4",20,1,"DIST-OPEN","available",NA
"E6BB0531","313","1",5,1,"SEASON","SOLD","2025-10-12 16:56:08.211"
"E6BB0531","111","8",3,1,"DIST-OPEN","available",NA
"E6BB0531","119","5",12,1,"DIST-OPEN","SOLD","2025-11-18 01:39:04.755"
"E6BB0531","408","2",22,1,"DIST-OPEN","available",NA
"E6BB0531","406","6",11,1,"DIST-OPEN","available",NA
"E6BB0531","403","3",3,1,"DIST-OPEN","SOLD","2026-05-02 08:11:02.537"
"E6BB0531","214","6",19,1,"DIST-OPEN","COMP","2026-02-27 21:31:15.734"
"E6BB0531","320","7",10,1,"SEASON","SOLD","2025-10-06 20:59:10.156"
"E6BB0531","215","9",9,1,"SEASON","SOLD","2025-10-27 14:49:54.537"
"E6BB0531","106","8",10,1,"DIST-OPEN","SOLD","2026-04-30 20:27:59.326"
"E6BB0531","303","3",11,1,"DIST-OPEN","available",NA
"E6BB0531","114","7",16,1,"DIST-OPEN","SOLD","2026-03-27 00:00:22.929"
"E6BB0531","304","1",11,1,"DIST-OPEN","SOLD","2025-12-31 14:20:27.508"
"E6BB0531","315","10",2,1,"DIST-OPEN","available",NA
"E6BB0531","218","4",11,1,"SEASON","SOLD","2025-10-23 01:38:31.327"
"E6BB0531","210","4",12,1,"DIST-OPEN","available",NA
"E6BB0531","101","6",15,1,"GROUP","HELD",NA
"E6BB0531","211","1",24,1,"DIST-OPEN","SOLD","2026-01-22 20:48:06.590"
"E6BB0531","209","4",4,1,"DIST-OPEN","SOLD","2025-12-29 22:15:45.801"
"E6BB0531","111","6",20,1,"DIST-OPEN","COMP","2026-02-02 15:03:47.966"
"E6BB0531","301","6",11,1,"HOLD","HELD",NA
"E6BB0531","208","6",8,1,"SEASON","SOLD","2025-10-15 14:49:40.848"
"E6BB0531","403","4",3,1,"COMP","HELD",NA
"E6BB0531","204","1",10,1,"DIST-OPEN","SOLD","2026-03-27 06:47:47.849"
"E6BB0531","106","2",14,1,"SEASON","SOLD","2025-10-17 01:54:29.576"
"E6BB0531","218","1",23,1,"DIST-OPEN","SOLD","2026-02-17 09:09:17.792"
"E6BB0531","309","7",9,1,"DIST-OPEN","COMP","2026-02-12 10:11:56.850"
"E6BB0531","220","4",15,1,"HOLD","HELD",NA
"E6BB0531","212","5",14,1,"DIST-OPEN","available",NA
"E6BB0531","315","3",22,1,"DIST-OPEN","SOLD","2026-02-20 02:00:46.887"
"E6BB0531","115","5",12,1,"DIST-OPEN","SOLD","2026-05-13 23:46:23.877"
"E6BB0531","110","5",2,1,"DIST-OPEN","available",NA
"E6BB0531","108","6",16,1,"HOLD","HELD",NA
"E6BB0531","116","9",16,1,"DIST-OPEN","SOLD","2026-01-26 12:57:44.670"
"E6BB0531","317","5",20,1,"DIST-OPEN","COMP","2026-02-28 10:33:12.735"
"E6BB0531","312","5",10,1,"DIST-OPEN","SOLD","2026-04-10 19:10:37.067"
"E6BB0531","409","2",9,1,"GROUP","HELD",NA
"E6BB0531","407","9",20,1,"SEASON","SOLD","2025-10-10 07:34:55.049"
"E6BB0531","315","10",24,1,"HOLD","COMP","2026-01-23 16:09:43.279"
"E6BB0531","105","8",8,1,"DIST-OPEN","available",NA
"E6BB0531","107","10",23,1,"SEASON","SOLD","2025-10-20 11:23:21.724"
"E6BB0531","213","10",9,1,"SEASON","SOLD","2025-10-14 15:54:00.659"
"E6BB0531","107","5",19,1,"HOLD","HELD",NA
"E6BB0531","207","3",5,1,"DIST-OPEN","SOLD","2026-01-29 12:52:10.456"
"E6BB0531","409","10",4,1,"COMP","HELD",NA
"E6BB0531","209","1",4,1,"DIST-OPEN","SOLD","2026-01-07 05:24:23.498"
"E6BB0531","219","5",12,1,"DIST-OPEN","available",NA
"E6BB0531","402","7",14,1,"DIST-OPEN","SOLD","2026-02-25 19:35:34.062"
"E6BB0531","410","10",4,1,"DIST-OPEN","available",NA
"E6BB0531","311","3",9,1,"SEASON","SOLD","2025-10-16 18:41:51.455"
"E6BB0531","219","1",1,1,"DIST-OPEN","available",NA
"E6BB0531","208","8",23,1,"DIST-OPEN","SOLD","2026-05-04 10:44:54.560"
"E6BB0531","201","6",15,1,"DIST-OPEN","available",NA
"E6BB0531","218","7",15,1,"HOLD","HELD",NA
"E6BB0531","301","10",22,1,"DIST-OPEN","available",NA
"E6BB0531","316","3",9,1,"COMP","HELD",NA
"E6BB0531","218","1",17,1,"SEASON","SOLD","2025-10-26 09:40:56.152"
"E6BB0531","320","8",23,1,"DIST-OPEN","SOLD","2026-02-03 00:39:51.697"
"E6BB0531","313","9",6,1,"DIST-OPEN","available",NA
"E6BB0531","204","9",19,1,"DIST-OPEN","SOLD","2026-02-03 04:01:05.225"
"E6BB0531","313","4",12,1,"SEASON","SOLD","2025-10-14 01:51:55.883"
"E6BB0531","111","6",8,1,"DIST-OPEN","available",NA
"E6BB0531","119","7",11,1,"SEASON","SOLD","2025-10-02 01:50:32.236"
"E6BB0531","408","6",18,1,"DIST-OPEN","SOLD","2026-05-13 00:17:00.715"
"E6BB0531","406","2",19,1,"SEASON","SOLD","2025-10-30 15:48:05.227"
"E6BB0531","403","10",4,1,"DIST-OPEN","SOLD","2025-11-22 09:44:21.600"
"E6BB0531","214","8",4,1,"GROUP","HELD",NA
"E6BB0531","320","5",18,1,"HOLD","HELD",NA
"E6BB0531","215","5",5,1,"SEASON","SOLD","2025-10-04 11:59:05.010"
"E6BB0531","106","4",18,1,"SEASON","SOLD","2025-10-18 15:53:47.551"
"E6BB0531","303","4",15,1,"DIST-OPEN","available",NA
"E6BB0531","114","6",5,1,"DIST-OPEN","available",NA
"E6BB0531","304","4",1,1,"HOLD","HELD",NA
"E6BB0531","315","4",4,1,"SEASON","SOLD","2025-10-03 11:26:30.918"
"E6BB0531","218","8",19,1,"DIST-OPEN","available",NA
"E6BB0531","210","5",6,1,"SEASON","SOLD","2025-10-23 18:13:11.151"
"E6BB0531","101","8",3,1,"COMP","HELD",NA
"E6BB0531","211","10",5,1,"DIST-OPEN","SOLD","2026-03-15 04:07:44.941"
"E6BB0531","209","1",18,1,"GROUP","HELD",NA
"E6BB0531","111","5",20,1,"COMP","COMP","2026-03-07 03:12:51.474"
"E6BB0531","301","5",20,1,"HOLD","HELD",NA
"E6BB0531","208","10",8,1,"DIST-OPEN","available",NA
"E6BB0531","403","1",13,1,"DIST-OPEN","SOLD","2026-03-12 02:24:52.180"
"E6BB0531","204","8",13,1,"HOLD","HELD",NA
"E6BB0531","106","6",21,1,"DIST-OPEN","available",NA
"E6BB0531","218","7",16,1,"SEASON","SOLD","2025-10-24 07:13:25.523"
"E6BB0531","309","1",12,1,"SEASON","SOLD","2025-10-09 19:20:32.277"
"E6BB0531","220","8",10,1,"DIST-OPEN","available",NA
"E6BB0531","212","4",16,1,"GROUP","HELD",NA
"E6BB0531","315","7",24,1,"DIST-OPEN","SOLD","2026-01-10 18:33:36.258"
"E6BB0531","115","3",12,1,"DIST-OPEN","available",NA
"E6BB0531","110","8",10,1,"DIST-OPEN","available",NA
"E6BB0531","108","3",4,1,"DIST-OPEN","available",NA
"E6BB0531","116","8",2,1,"DIST-OPEN","available",NA
"E6BB0531","317","6",8,1,"GROUP","HELD",NA
"E6BB0531","312","8",14,1,"DIST-OPEN","available",NA
"E6BB0531","409","8",16,1,"SEASON","SOLD","2025-10-19 07:29:48.632"
"E6BB0531","407","8",23,1,"DIST-OPEN","SOLD","2026-02-11 09:08:46.351"
"E6BB0531","315","5",21,1,"DIST-OPEN","available",NA
"E6BB0531","105","1",8,1,"DIST-OPEN","available",NA
"E6BB0531","107","1",18,1,"DIST-OPEN","available",NA
"E6BB0531","213","2",3,1,"DIST-OPEN","available",NA
"E6BB0531","107","6",9,1,"DIST-OPEN","COMP","2026-03-15 08:18:37.916"
"E6BB0531","207","3",9,1,"HOLD","HELD",NA
"E6BB0531","409","7",13,1,"DIST-OPEN","SOLD","2025-12-09 05:20:54.384"
"E6BB0531","209","2",18,1,"DIST-OPEN","SOLD","2025-11-23 17:06:52.855"
"E6BB0531","219","9",20,1,"DIST-OPEN","available",NA
"E6BB0531","402","9",15,1,"DIST-OPEN","available",NA
"E6BB0531","410","10",14,1,"SEASON","SOLD","2025-10-23 17:13:33.391"
"E6BB0531","311","2",17,1,"GROUP","HELD",NA
"E6BB0531","219","4",7,1,"DIST-OPEN","SOLD","2025-12-09 11:25:22.241"
"E6BB0531","208","7",22,1,"SEASON","SOLD","2025-10-02 11:53:57.564"
"E6BB0531","201","1",18,1,"DIST-OPEN","available",NA
"E6BB0531","218","7",6,1,"HOLD","COMP","2026-02-14 06:56:02.960"
"E6BB0531","301","5",1,1,"HOLD","HELD",NA
"E6BB0531","316","4",15,1,"DIST-OPEN","available",NA
"E6BB0531","218","10",20,1,"DIST-OPEN","available",NA
"E6BB0531","320","5",22,1,"DIST-OPEN","SOLD","2026-04-13 19:28:39.281"
"E6BB0531","313","2",21,1,"HOLD","HELD",NA
"E6BB0531","204","6",2,1,"DIST-OPEN","available",NA
"E6BB0531","313","7",22,1,"DIST-OPEN","available",NA
"E6BB0531","111","6",18,1,"DIST-OPEN","SOLD","2025-12-13 02:53:14.975"
"E6BB0531","119","1",4,1,"DIST-OPEN","SOLD","2025-11-30 02:49:38.716"
"E6BB0531","408","10",6,1,"DIST-OPEN","SOLD","2025-11-21 12:17:26.553"
"E6BB0531","406","9",22,1,"DIST-OPEN","SOLD","2026-04-21 21:45:54.281"
"E6BB0531","403","3",7,1,"DIST-OPEN","available",NA
"E6BB0531","214","2",19,1,"DIST-OPEN","SOLD","2026-02-11 00:24:20.838"
"E6BB0531","320","9",9,1,"DIST-OPEN","SOLD","2026-05-28 03:28:31.345"
"E6BB0531","215","1",14,1,"HOLD","HELD",NA
"E6BB0531","106","10",9,1,"DIST-OPEN","COMP","2026-01-02 03:18:40.429"
"E6BB0531","303","5",6,1,"SEASON","SOLD","2025-10-11 14:30:35.856"
"E6BB0531","114","1",8,1,"DIST-OPEN","SOLD","2026-04-24 19:07:06.395"
"E6BB0531","304","5",13,1,"SEASON","SOLD","2025-10-16 20:59:08.232"
"E6BB0531","315","2",7,1,"COMP","HELD",NA
"E6BB0531","218","4",6,1,"DIST-OPEN","SOLD","2026-01-02 04:24:16.793"
"E6BB0531","210","5",18,1,"SEASON","SOLD","2025-10-17 08:53:37.323"
"E6BB0531","101","4",8,1,"GROUP","HELD",NA
"E6BB0531","211","1",10,1,"DIST-OPEN","available",NA
"E6BB0531","209","10",5,1,"DIST-OPEN","SOLD","2026-03-26 06:00:47.098"
"E6BB0531","111","8",4,1,"DIST-OPEN","available",NA
"E6BB0531","301","7",8,1,"DIST-OPEN","SOLD","2026-03-06 06:06:35.299"
"E6BB0531","208","4",23,1,"SEASON","SOLD","2025-10-29 14:59:43.149"
"E6BB0531","403","4",17,1,"DIST-OPEN","available",NA
"E6BB0531","204","8",18,1,"DIST-OPEN","SOLD","2026-02-24 00:09:37.300"
"E6BB0531","106","7",10,1,"SEASON","SOLD","2025-10-20 14:52:46.815"
"E6BB0531","218","2",21,1,"GROUP","COMP","2026-01-27 00:36:45.038"
"E6BB0531","309","6",17,1,"DIST-OPEN","available",NA
"E6BB0531","220","6",12,1,"DIST-OPEN","available",NA
"E6BB0531","212","5",1,1,"DIST-OPEN","available",NA
"E6BB0531","315","1",15,1,"HOLD","HELD",NA
"E6BB0531","115","6",20,1,"DIST-OPEN","SOLD","2026-01-25 11:18:06.807"
"E6BB0531","110","10",14,1,"DIST-OPEN","available",NA
"E6BB0531","108","3",3,1,"GROUP","HELD",NA
"E6BB0531","116","7",22,1,"DIST-OPEN","available",NA
"E6BB0531","317","10",13,1,"SEASON","SOLD","2025-10-13 22:46:20.711"
"E6BB0531","312","2",10,1,"DIST-OPEN","SOLD","2026-03-11 09:48:12.143"
"E6BB0531","409","9",3,1,"DIST-OPEN","SOLD","2025-12-25 09:02:12.052"
"E6BB0531","407","9",23,1,"DIST-OPEN","SOLD","2026-01-21 11:50:39.500"
"E6BB0531","315","6",19,1,"COMP","HELD",NA
"E6BB0531","105","6",15,1,"DIST-OPEN","available",NA
"E6BB0531","107","5",14,1,"DIST-OPEN","SOLD","2026-03-01 09:46:12.880"
"E6BB0531","213","3",15,1,"DIST-OPEN","available",NA
"E6BB0531","107","3",12,1,"DIST-OPEN","available",NA
"E6BB0531","207","9",15,1,"HOLD","HELD",NA
"E6BB0531","409","2",2,1,"SEASON","SOLD","2025-10-25 09:14:16.007"
"E6BB0531","209","4",21,1,"DIST-OPEN","SOLD","2026-04-12 20:09:57.485"
"E6BB0531","219","9",16,1,"DIST-OPEN","available",NA
"E6BB0411","401","3",9,1,"DIST-OPEN","SOLD","2025-12-28 11:51:05.832"
"E6BB0411","112","9",17,1,"SEASON","SOLD","2025-10-22 20:57:18.664"
"E6BB0411","105","2",7,1,"SEASON","SOLD","2025-10-20 12:03:03.407"
"E6BB0411","111","10",10,1,"SEASON","SOLD","2025-10-03 20:37:09.331"
"E6BB0411","303","9",11,1,"DIST-OPEN","SOLD","2025-12-22 00:55:40.850"
"E6BB0411","206","10",8,1,"DIST-OPEN","SOLD","2025-12-09 15:08:09.567"
"E6BB0411","316","8",5,1,"DIST-OPEN","SOLD","2026-02-05 17:02:06.898"
"E6BB0411","309","9",21,1,"SEASON","SOLD","2025-10-21 13:39:02.010"
"E6BB0411","404","3",14,1,"DIST-OPEN","available",NA
"E6BB0411","401","4",24,1,"DIST-OPEN","available",NA
"E6BB0411","212","1",6,1,"GROUP","COMP","2026-03-14 02:57:11.869"
"E6BB0411","309","8",11,1,"DIST-OPEN","SOLD","2026-01-31 19:52:20.993"
"E6BB0411","408","2",5,1,"HOLD","HELD",NA
"E6BB0411","210","8",13,1,"DIST-OPEN","available",NA
"E6BB0411","306","4",2,1,"SEASON","SOLD","2025-10-13 00:19:55.959"
"E6BB0411","220","2",24,1,"DIST-OPEN","available",NA
"E6BB0411","202","7",23,1,"DIST-OPEN","COMP","2026-01-31 06:11:03.644"
"E6BB0411","306","1",17,1,"DIST-OPEN","SOLD","2025-12-24 22:04:17.497"
"E6BB0411","213","2",9,1,"SEASON","SOLD","2025-10-07 06:49:24.011"
"E6BB0411","204","2",18,1,"SEASON","SOLD","2025-10-13 12:47:33.899"
"E6BB0411","405","1",8,1,"DIST-OPEN","available",NA
"E6BB0411","316","5",5,1,"HOLD","COMP","2026-03-31 13:29:50.025"
"E6BB0411","410","10",16,1,"DIST-OPEN","SOLD","2026-03-15 13:38:17.358"
"E6BB0411","311","3",20,1,"SEASON","SOLD","2025-10-29 20:47:11.853"
"E6BB0411","405","1",23,1,"SEASON","SOLD","2025-10-18 12:37:29.443"
"E6BB0411","319","9",11,1,"SEASON","SOLD","2025-10-04 19:12:51.607"
"E6BB0411","318","3",5,1,"DIST-OPEN","SOLD","2025-12-31 09:21:14.396"
"E6BB0411","304","4",15,1,"DIST-OPEN","SOLD","2025-12-26 14:13:17.525"
"E6BB0411","405","10",17,1,"DIST-OPEN","SOLD","2026-03-28 15:58:41.392"
"E6BB0411","113","9",8,1,"DIST-OPEN","available",NA
"E6BB0411","316","10",5,1,"SEASON","SOLD","2025-10-16 12:40:34.916"
"E6BB0411","219","8",13,1,"DIST-OPEN","SOLD","2026-01-16 08:48:02.247"
"E6BB0411","106","7",4,1,"DIST-OPEN","available",NA
"E6BB0411","314","3",9,1,"DIST-OPEN","available",NA
"E6BB0411","402","8",5,1,"DIST-OPEN","available",NA
"E6BB0411","218","9",18,1,"HOLD","COMP","2026-01-28 11:58:09.381"
"E6BB0411","209","5",1,1,"HOLD","HELD",NA
"E6BB0411","115","6",24,1,"DIST-OPEN","SOLD","2026-02-15 10:47:40.122"
"E6BB0411","318","7",4,1,"SEASON","SOLD","2025-10-17 07:06:52.540"
"E6BB0411","213","9",18,1,"DIST-OPEN","SOLD","2026-03-13 07:18:45.426"
"E6BB0411","115","8",12,1,"DIST-OPEN","SOLD","2025-12-05 00:20:33.359"
"E6BB0411","304","5",7,1,"SEASON","SOLD","2025-10-03 06:19:28.579"
"E6BB0411","407","2",13,1,"COMP","COMP","2026-03-05 06:42:01.224"
"E6BB0411","218","9",17,1,"DIST-OPEN","SOLD","2026-02-17 23:54:28.416"
"E6BB0411","407","7",20,1,"DIST-OPEN","SOLD","2026-04-06 06:41:27.045"
"E6BB0411","113","10",6,1,"DIST-OPEN","SOLD","2026-02-15 01:15:41.597"
"E6BB0411","212","8",7,1,"SEASON","SOLD","2025-10-05 03:58:57.436"
"E6BB0411","404","1",3,1,"DIST-OPEN","SOLD","2025-11-15 17:01:26.461"
"E6BB0411","203","5",2,1,"DIST-OPEN","SOLD","2026-01-18 14:04:38.634"
"E6BB0411","301","9",14,1,"HOLD","HELD",NA
"E6BB0411","116","10",12,1,"DIST-OPEN","SOLD","2026-03-15 11:36:18.829"
"E6BB0411","112","5",21,1,"DIST-OPEN","SOLD","2025-12-25 12:31:02.278"
"E6BB0411","106","6",12,1,"DIST-OPEN","available",NA
"E6BB0411","407","9",23,1,"DIST-OPEN","SOLD","2025-12-14 07:42:01.880"
"E6BB0411","203","4",10,1,"DIST-OPEN","available",NA
"E6BB0411","113","2",14,1,"DIST-OPEN","available",NA
"E6BB0411","402","6",17,1,"DIST-OPEN","available",NA
"E6BB0411","120","7",21,1,"DIST-OPEN","available",NA
"E6BB0411","406","3",13,1,"GROUP","HELD",NA
"E6BB0411","402","10",20,1,"DIST-OPEN","available",NA
"E6BB0411","401","2",19,1,"SEASON","SOLD","2025-10-22 01:23:54.935"
"E6BB0411","112","1",22,1,"DIST-OPEN","SOLD","2026-03-07 16:47:34.063"
"E6BB0411","105","10",5,1,"DIST-OPEN","SOLD","2026-03-03 10:56:08.682"
"E6BB0411","111","1",16,1,"SEASON","SOLD","2025-10-14 00:02:23.336"
"E6BB0411","303","1",12,1,"DIST-OPEN","available",NA
"E6BB0411","206","3",21,1,"DIST-OPEN","SOLD","2026-03-07 22:28:35.349"
"E6BB0411","316","4",8,1,"GROUP","HELD",NA
"E6BB0411","309","4",4,1,"DIST-OPEN","COMP","2026-01-31 00:10:05.977"
"E6BB0411","404","3",23,1,"DIST-OPEN","SOLD","2026-03-31 13:34:28.741"
"E6BB0411","401","9",14,1,"COMP","HELD",NA
"E6BB0411","212","9",12,1,"DIST-OPEN","available",NA
"E6BB0411","309","2",20,1,"DIST-OPEN","available",NA
"E6BB0411","408","6",23,1,"HOLD","COMP","2026-02-07 02:44:52.725"
"E6BB0411","210","10",8,1,"DIST-OPEN","available",NA
"E6BB0411","306","9",1,1,"DIST-OPEN","available",NA
"E6BB0411","220","6",21,1,"DIST-OPEN","available",NA
"E6BB0411","202","9",18,1,"DIST-OPEN","available",NA
"E6BB0411","306","8",7,1,"DIST-OPEN","available",NA
"E6BB0411","213","8",9,1,"SEASON","SOLD","2025-10-23 00:52:13.162"
"E6BB0411","204","8",3,1,"DIST-OPEN","SOLD","2025-12-26 01:08:22.175"
"E6BB0411","405","1",20,1,"GROUP","HELD",NA
"E6BB0411","316","3",17,1,"SEASON","SOLD","2025-10-09 05:36:41.202"
"E6BB0411","410","8",7,1,"DIST-OPEN","SOLD","2026-02-15 05:47:58.160"
"E6BB0411","311","3",10,1,"DIST-OPEN","SOLD","2026-03-31 08:25:55.959"
"E6BB0411","405","8",22,1,"DIST-OPEN","available",NA
"E6BB0411","319","5",3,1,"SEASON","SOLD","2025-10-03 03:32:04.012"
"E6BB0411","318","1",16,1,"GROUP","HELD",NA
"E6BB0411","304","5",23,1,"SEASON","SOLD","2025-10-05 21:26:21.020"
"E6BB0411","405","1",20,1,"HOLD","HELD",NA
"E6BB0411","113","1",2,1,"SEASON","SOLD","2025-10-08 17:00:07.315"
"E6BB0411","316","4",11,1,"DIST-OPEN","SOLD","2025-12-26 18:07:40.022"
"E6BB0411","219","3",22,1,"DIST-OPEN","available",NA
"E6BB0411","106","9",5,1,"DIST-OPEN","available",NA
"E6BB0411","314","4",21,1,"HOLD","HELD",NA
"E6BB0411","402","6",20,1,"DIST-OPEN","available",NA
"E6BB0411","218","5",11,1,"HOLD","COMP","2026-03-07 11:49:38.033"
"E6BB0411","209","5",8,1,"COMP","COMP","2026-02-25 19:17:23.289"
"E6BB0411","115","9",5,1,"DIST-OPEN","SOLD","2025-12-01 17:38:22.838"
"E6BB0411","318","2",2,1,"DIST-OPEN","SOLD","2026-03-18 12:14:28.383"
"E6BB0411","213","5",16,1,"DIST-OPEN","available",NA
"E6BB0411","115","9",6,1,"HOLD","HELD",NA
"E6BB0411","304","6",9,1,"DIST-OPEN","available",NA
"E6BB0411","407","3",19,1,"DIST-OPEN","SOLD","2025-12-02 12:00:08.520"
"E6BB0411","218","9",6,1,"DIST-OPEN","SOLD","2025-12-14 10:35:27.837"
"E6BB0411","407","7",12,1,"DIST-OPEN","available",NA
"E6BB0411","113","4",9,1,"DIST-OPEN","available",NA
"E6BB0411","212","7",5,1,"COMP","HELD",NA
"E6BB0411","404","10",19,1,"HOLD","HELD",NA
"E6BB0411","203","4",1,1,"DIST-OPEN","available",NA
"E6BB0411","301","1",19,1,"DIST-OPEN","COMP","2026-03-29 10:17:14.154"
"E6BB0411","116","5",4,1,"GROUP","HELD",NA
"E6BB0411","112","3",19,1,"DIST-OPEN","available",NA
"E6BB0411","106","1",17,1,"SEASON","SOLD","2025-10-13 01:42:43.159"
"E6BB0411","407","2",5,1,"SEASON","SOLD","2025-10-22 19:21:50.287"
"E6BB0411","203","10",9,1,"DIST-OPEN","COMP","2026-01-25 02:14:31.108"
"E6BB0411","113","5",18,1,"HOLD","HELD",NA
"E6BB0411","402","5",11,1,"DIST-OPEN","available",NA
"E6BB0411","120","7",18,1,"DIST-OPEN","available",NA
"E6BB0411","406","3",9,1,"DIST-OPEN","SOLD","2026-04-01 09:12:11.060"
"E6BB0411","402","3",23,1,"SEASON","SOLD","2025-10-11 13:09:38.527"
"E6BB0411","401","8",4,1,"DIST-OPEN","available",NA
"E6BB0411","112","3",18,1,"GROUP","HELD",NA
"E6BB0411","105","5",5,1,"DIST-OPEN","available",NA
"E6BB0411","111","8",15,1,"DIST-OPEN","available",NA
"E6BB0411","303","2",15,1,"DIST-OPEN","available",NA
"E6BB0411","206","2",3,1,"DIST-OPEN","SOLD","2025-11-30 07:50:56.009"
"E6BB0411","316","4",1,1,"DIST-OPEN","available",NA
"E6BB0411","309","1",18,1,"DIST-OPEN","COMP","2026-02-26 05:38:48.265"
"E6BB0411","404","10",2,1,"DIST-OPEN","SOLD","2026-01-28 00:48:17.348"
"E6BB0411","401","7",22,1,"DIST-OPEN","available",NA
"E6BB0411","212","1",14,1,"DIST-OPEN","available",NA
"E6BB0411","309","2",21,1,"DIST-OPEN","SOLD","2026-03-30 04:47:29.191"
"E6BB0411","408","9",15,1,"GROUP","HELD",NA
"E6BB0411","210","5",3,1,"GROUP","HELD",NA
"E6BB0411","306","4",15,1,"SEASON","SOLD","2025-10-15 01:55:33.640"
"E6BB0411","220","6",4,1,"DIST-OPEN","SOLD","2026-03-16 07:31:21.428"
"E6BB0411","202","6",6,1,"DIST-OPEN","available",NA
"E6BB0411","306","2",10,1,"COMP","HELD",NA
"E6BB0411","213","7",10,1,"DIST-OPEN","available",NA
"E6BB0411","204","7",7,1,"DIST-OPEN","available",NA
"E6BB0411","405","1",11,1,"DIST-OPEN","SOLD","2026-01-04 13:20:49.240"
"E6BB0411","316","6",1,1,"DIST-OPEN","SOLD","2025-12-07 04:27:05.445"
"E6BB0411","410","4",3,1,"GROUP","HELD",NA
"E6BB0411","311","3",23,1,"SEASON","SOLD","2025-10-07 03:36:07.308"
"E6BB0411","405","3",20,1,"DIST-OPEN","SOLD","2026-02-26 08:17:53.276"
"E6BB0411","319","10",20,1,"DIST-OPEN","SOLD","2026-03-03 10:14:04.599"
"E6BB0411","318","2",12,1,"COMP","HELD",NA
"E6BB0411","304","10",24,1,"DIST-OPEN","available",NA
"E6BB0411","405","4",16,1,"DIST-OPEN","SOLD","2026-02-13 21:55:47.368"
"E6BB0411","113","5",8,1,"COMP","HELD",NA
"E6BB0411","316","7",17,1,"DIST-OPEN","available",NA
"E6BB0411","219","9",16,1,"DIST-OPEN","available",NA
"E6BB0411","106","8",9,1,"DIST-OPEN","SOLD","2026-02-28 12:20:36.474"
"E6BB0411","314","6",9,1,"SEASON","SOLD","2025-10-06 16:17:25.899"
"E6BB0411","402","9",17,1,"DIST-OPEN","SOLD","2026-01-24 02:18:38.407"
"E6BB0411","218","3",24,1,"DIST-OPEN","available",NA
"E6BB0411","209","10",1,1,"GROUP","HELD",NA
"E6BB0411","115","7",22,1,"GROUP","HELD",NA
"E6BB0411","318","4",24,1,"DIST-OPEN","available",NA
"E6BB0411","213","10",15,1,"SEASON","SOLD","2025-10-28 14:34:08.944"
"E6BB0411","115","3",22,1,"SEASON","SOLD","2025-10-03 12:07:05.916"
"E6BB0411","304","1",17,1,"COMP","COMP","2026-01-30 14:48:38.081"
"E6BB0411","407","3",6,1,"DIST-OPEN","SOLD","2026-03-08 14:18:13.219"
"E6BB0411","218","6",17,1,"SEASON","SOLD","2025-10-24 10:45:03.069"
"E6BB0411","407","9",2,1,"HOLD","HELD",NA
"E6BB0411","113","4",4,1,"DIST-OPEN","available",NA
"E6BB0411","212","10",14,1,"COMP","HELD",NA
"E6BB0411","404","3",21,1,"GROUP","HELD",NA
"E6BB0411","203","8",21,1,"SEASON","SOLD","2025-10-05 14:16:27.722"
"E6BB0411","301","4",15,1,"HOLD","HELD",NA
"E6BB0411","116","8",16,1,"GROUP","HELD",NA
"E6BB0411","112","6",16,1,"DIST-OPEN","SOLD","2026-04-04 17:17:42.254"
"E6BB0411","106","5",8,1,"DIST-OPEN","SOLD","2025-12-28 21:02:54.867"
"E6BB0411","407","6",3,1,"COMP","HELD",NA
"E6BB0411","203","4",19,1,"SEASON","SOLD","2025-10-30 05:08:59.148"
"E6BB0411","113","10",13,1,"DIST-OPEN","SOLD","2025-12-28 09:49:21.159"
"E6BB0411","402","6",7,1,"SEASON","SOLD","2025-10-03 21:30:32.760"
"E6BB0411","120","8",8,1,"SEASON","SOLD","2025-10-11 23:23:20.737"
"E6BB0411","406","1",13,1,"SEASON","SOLD","2025-10-27 15:56:50.719"
"E6BB0411","402","6",12,1,"HOLD","HELD",NA
"E6BB0411","401","1",10,1,"DIST-OPEN","available",NA
"E6BB0411","112","6",18,1,"GROUP","HELD",NA
"E6BB0411","105","1",6,1,"SEASON","SOLD","2025-10-28 13:47:23.120"
"E6BB0411","111","6",11,1,"DIST-OPEN","available",NA
"E6BB0411","303","10",21,1,"DIST-OPEN","COMP","2026-01-15 05:17:31.766"
"E6BB0411","206","2",20,1,"DIST-OPEN","available",NA
"E6BB0411","316","3",20,1,"SEASON","SOLD","2025-10-15 11:49:47.974"
"E6BB0411","309","7",16,1,"DIST-OPEN","available",NA
"E6BB0411","404","4",23,1,"HOLD","COMP","2026-03-30 10:34:58.222"
"E6BB0411","401","10",8,1,"HOLD","HELD",NA
"E6BB0411","212","2",3,1,"SEASON","SOLD","2025-10-27 23:58:53.596"
"E6BB0411","309","2",20,1,"GROUP","COMP","2026-02-28 04:26:04.577"
"E6BB0411","408","1",19,1,"DIST-OPEN","SOLD","2025-12-08 21:42:52.817"
"E6BB0411","210","1",10,1,"GROUP","COMP","2026-03-06 23:36:20.107"
"E6BB0411","306","1",11,1,"DIST-OPEN","SOLD","2026-01-17 11:37:56.516"
"E6BB0411","220","3",2,1,"DIST-OPEN","available",NA
"E6BB0411","202","2",9,1,"DIST-OPEN","available",NA
"E6BB0411","306","4",2,1,"DIST-OPEN","available",NA
"E6BB0411","213","5",3,1,"HOLD","HELD",NA
"E6BB0411","204","1",10,1,"SEASON","SOLD","2025-10-07 00:45:00.236"
"E6BB0411","405","1",24,1,"DIST-OPEN","available",NA
"E6BB0411","316","8",18,1,"GROUP","HELD",NA
"E6BB0411","410","3",14,1,"GROUP","HELD",NA
"E6BB0411","311","2",13,1,"DIST-OPEN","SOLD","2026-01-03 14:47:45.490"
"E6BB0411","405","9",12,1,"DIST-OPEN","available",NA
"E6BB0411","319","8",13,1,"DIST-OPEN","available",NA
"E6BB0411","318","1",17,1,"DIST-OPEN","SOLD","2026-02-13 17:13:48.302"
"E6BB0411","304","6",13,1,"DIST-OPEN","available",NA
"E6BB0411","405","6",14,1,"DIST-OPEN","available",NA
"E6BB0411","113","1",5,1,"DIST-OPEN","available",NA
"E6BB0411","316","3",16,1,"DIST-OPEN","available",NA
"E6BB0411","219","4",23,1,"SEASON","SOLD","2025-10-29 18:15:00.217"
"E6BB0411","106","3",4,1,"SEASON","SOLD","2025-10-27 04:58:05.604"
"E6BB0411","314","4",1,1,"DIST-OPEN","available",NA
"E6BB0411","402","2",4,1,"DIST-OPEN","COMP","2026-03-29 08:29:51.875"
"E6BB0411","218","2",18,1,"COMP","HELD",NA
"E6BB0411","209","10",22,1,"HOLD","HELD",NA
"E6BB0411","115","10",22,1,"DIST-OPEN","COMP","2026-03-31 11:04:09.452"
"E6BB0411","318","9",4,1,"DIST-OPEN","available",NA
"E6BB0411","213","6",17,1,"DIST-OPEN","available",NA
"E6BB0411","115","3",18,1,"SEASON","SOLD","2025-10-30 12:16:45.450"
"E6BB0411","304","9",5,1,"HOLD","HELD",NA
"E6BB0411","407","8",22,1,"DIST-OPEN","available",NA
"E6BB0411","218","3",18,1,"DIST-OPEN","SOLD","2026-03-31 13:29:56.040"
"E6BB0411","407","2",4,1,"DIST-OPEN","available",NA
"E6BB0411","113","3",12,1,"COMP","HELD",NA
"E6BB0411","212","5",6,1,"SEASON","SOLD","2025-10-26 15:39:37.634"
"E6BB0411","404","10",14,1,"HOLD","HELD",NA
"E6BB0411","203","1",8,1,"DIST-OPEN","available",NA
"E6BB0411","301","7",8,1,"DIST-OPEN","COMP","2026-02-23 05:36:07.127"
"E6BB0411","116","8",12,1,"DIST-OPEN","COMP","2026-01-23 08:50:42.043"
"E6BB0411","112","3",22,1,"DIST-OPEN","available",NA
"E6BB0411","106","3",20,1,"GROUP","HELD",NA
"E6BB0411","407","3",8,1,"HOLD","HELD",NA
"E6BB0411","203","9",5,1,"DIST-OPEN","available",NA
"E6BB0411","113","4",7,1,"SEASON","SOLD","2025-10-05 02:57:15.620"
"E6BB0411","402","10",16,1,"DIST-OPEN","available",NA
"E6BB0411","120","7",13,1,"GROUP","HELD",NA
"E6BB0411","406","5",23,1,"HOLD","HELD",NA
"E6BB0411","402","6",14,1,"SEASON","SOLD","2025-10-24 02:17:10.907"
"E6BB0411","401","6",2,1,"DIST-OPEN","COMP","2026-04-01 05:56:15.194"
"E6BB0411","112","3",2,1,"DIST-OPEN","available",NA
"E6BB0411","105","3",18,1,"DIST-OPEN","SOLD","2026-01-27 08:47:17.490"
"E6BB0411","111","4",20,1,"DIST-OPEN","available",NA
"E6BB0411","303","5",9,1,"HOLD","HELD",NA
"E6BB0411","206","3",21,1,"DIST-OPEN","available",NA
"E6BB0411","316","5",22,1,"DIST-OPEN","available",NA
"E6BB0411","309","4",14,1,"HOLD","HELD",NA
"E6BB0411","404","3",8,1,"SEASON","SOLD","2025-10-22 01:17:22.806"
"E6BB0411","401","8",18,1,"DIST-OPEN","available",NA
"E6BB0411","212","8",7,1,"HOLD","HELD",NA
"E6BB0411","309","5",23,1,"COMP","HELD",NA
"E6BB0411","408","6",12,1,"DIST-OPEN","SOLD","2026-02-06 15:34:50.587"
"E6BB0411","210","9",22,1,"DIST-OPEN","available",NA
"E6BB0411","306","1",19,1,"SEASON","SOLD","2025-10-10 01:00:17.637"
"E6BB0411","220","10",18,1,"COMP","HELD",NA
"E6BB0411","202","1",24,1,"DIST-OPEN","available",NA
"E6BB0411","306","8",16,1,"DIST-OPEN","SOLD","2026-03-04 22:11:22.653"
"E6BB0411","213","1",18,1,"SEASON","SOLD","2025-10-08 07:35:14.172"
"E6BB0411","204","2",9,1,"SEASON","SOLD","2025-10-03 18:24:32.644"
"E6BB0411","405","1",12,1,"SEASON","SOLD","2025-10-08 00:46:32.870"
"E6BB0411","316","3",8,1,"DIST-OPEN","available",NA
"E6BB0411","410","9",23,1,"DIST-OPEN","SOLD","2026-03-31 21:33:42.163"
"E6BB0411","311","6",18,1,"DIST-OPEN","SOLD","2026-02-05 16:57:31.962"
"E6BB0411","405","6",20,1,"DIST-OPEN","available",NA
"E6BB0411","319","10",3,1,"GROUP","HELD",NA
"E6BB0411","318","10",23,1,"DIST-OPEN","available",NA
"E6BB0411","304","5",21,1,"DIST-OPEN","SOLD","2026-01-31 15:38:46.124"
"E6BB0411","405","2",8,1,"DIST-OPEN","available",NA
"E6BB0411","113","7",6,1,"SEASON","SOLD","2025-10-17 23:05:58.873"
"E6BB0411","316","9",9,1,"GROUP","HELD",NA
"E6BB0411","219","4",14,1,"DIST-OPEN","SOLD","2025-12-24 05:42:16.400"
"E6BB0411","106","5",9,1,"DIST-OPEN","available",NA
"E6BB0411","314","6",10,1,"SEASON","SOLD","2025-10-16 07:47:29.985"
"E6BB0411","402","4",13,1,"GROUP","HELD",NA
"E6BB0411","218","4",19,1,"DIST-OPEN","SOLD","2026-04-07 18:12:38.227"
"E6BB0411","209","7",20,1,"GROUP","HELD",NA
"E6BB0411","115","3",5,1,"DIST-OPEN","SOLD","2026-03-02 02:02:10.386"
"E6BB0411","318","2",16,1,"HOLD","HELD",NA
"E6BB0411","213","5",22,1,"DIST-OPEN","available",NA
"E6BB0411","115","2",24,1,"DIST-OPEN","SOLD","2026-02-04 13:24:40.781"
"E6BB0411","304","9",6,1,"DIST-OPEN","SOLD","2026-04-01 03:01:18.253"
"E6BB0411","407","9",7,1,"DIST-OPEN","available",NA
"E6BB0411","218","6",15,1,"DIST-OPEN","available",NA
"E6BB0411","407","7",15,1,"SEASON","SOLD","2025-10-14 19:22:03.068"
"E6BB0411","113","10",5,1,"GROUP","HELD",NA
"E6BB0411","212","2",10,1,"SEASON","SOLD","2025-10-05 12:18:32.286"
"E6BB0411","404","4",4,1,"DIST-OPEN","available",NA
"E6BB0411","203","5",16,1,"HOLD","HELD",NA
"E6BB0411","301","6",16,1,"DIST-OPEN","available",NA
"E6BB0411","116","5",3,1,"DIST-OPEN","available",NA
"E6BB0411","112","8",13,1,"GROUP","HELD",NA
"E6BB0411","106","7",2,1,"HOLD","HELD",NA
"E6BB0411","407","8",15,1,"HOLD","HELD",NA
"E6BB0411","203","5",18,1,"DIST-OPEN","SOLD","2026-01-29 18:30:21.337"
"E6BB0411","113","5",23,1,"SEASON","SOLD","2025-10-13 04:53:20.083"
"E6BB0411","402","5",1,1,"GROUP","HELD",NA
"E6BB0411","120","10",17,1,"DIST-OPEN","available",NA
"E6BB0411","406","8",11,1,"SEASON","SOLD","2025-10-26 14:03:38.043"
"E6BB0411","402","5",15,1,"SEASON","SOLD","2025-10-29 08:48:46.346"
"E6BB0411","401","7",6,1,"DIST-OPEN","available",NA
"E6BB0411","112","8",15,1,"DIST-OPEN","available",NA
"E6BB0411","105","4",24,1,"DIST-OPEN","available",NA
"E6BB0411","111","8",8,1,"SEASON","SOLD","2025-10-15 12:55:24.631"
"E6BB0411","303","7",1,1,"HOLD","HELD",NA
"E6BB0411","206","3",13,1,"DIST-OPEN","available",NA
"E6BB0411","316","4",3,1,"DIST-OPEN","available",NA
"E6BB0411","309","7",20,1,"DIST-OPEN","available",NA
"E6BB0411","404","9",19,1,"DIST-OPEN","available",NA
"E6BB0411","401","10",21,1,"HOLD","HELD",NA
"E6BB0411","212","4",1,1,"DIST-OPEN","SOLD","2026-01-21 11:13:36.005"
"E6BB0411","309","10",18,1,"DIST-OPEN","SOLD","2026-03-27 03:31:09.974"
"E6BB0411","408","8",11,1,"DIST-OPEN","available",NA
"E6BB0411","210","10",15,1,"SEASON","SOLD","2025-10-30 10:24:50.690"
"E6BB0411","306","7",23,1,"COMP","HELD",NA
"E6BB0411","220","7",10,1,"DIST-OPEN","SOLD","2026-01-22 19:50:39.637"
"E6BB0411","202","3",2,1,"HOLD","HELD",NA
"E6BB0411","306","2",8,1,"SEASON","SOLD","2025-10-10 10:49:59.406"
"E6BB0411","213","1",6,1,"HOLD","HELD",NA
"E6BB0411","204","5",2,1,"DIST-OPEN","SOLD","2026-04-07 22:49:08.746"
"E6BB0411","405","2",13,1,"DIST-OPEN","SOLD","2026-01-10 11:58:09.148"
"E6BB0411","316","7",9,1,"DIST-OPEN","COMP","2026-02-22 15:08:16.748"
"E6BB0411","410","5",16,1,"DIST-OPEN","SOLD","2026-03-22 14:56:09.364"
"E6BB0411","311","8",2,1,"SEASON","SOLD","2025-10-25 22:12:48.612"
"E6BB0411","405","10",20,1,"DIST-OPEN","available",NA
"E6BB0411","319","10",19,1,"HOLD","HELD",NA
"E6BB0411","318","8",2,1,"SEASON","SOLD","2025-10-08 21:14:34.512"
"E6BB0411","304","1",8,1,"HOLD","HELD",NA
"E6BB0411","405","5",4,1,"DIST-OPEN","SOLD","2025-11-28 08:15:27.293"
"E6BB0411","113","7",18,1,"SEASON","SOLD","2025-10-16 08:53:58.183"
"E6BB0411","316","7",1,1,"COMP","HELD",NA
"E6BB0411","219","5",4,1,"DIST-OPEN","available",NA
"E6BB0411","106","6",12,1,"DIST-OPEN","available",NA
"E6BB0411","314","2",6,1,"HOLD","HELD",NA
"E6BB0411","402","8",13,1,"HOLD","COMP","2026-03-21 03:35:14.719"
"E6BB0411","218","1",21,1,"DIST-OPEN","SOLD","2026-03-12 00:03:07.344"
"E6BB0411","209","8",10,1,"SEASON","SOLD","2025-10-25 06:07:29.913"
"E6BB0411","115","4",21,1,"DIST-OPEN","SOLD","2026-04-04 04:52:58.317"
"E6BB0411","318","8",24,1,"SEASON","SOLD","2025-10-15 02:37:28.602"
"E6BB0411","213","7",20,1,"GROUP","HELD",NA
"E6BB0411","115","10",21,1,"DIST-OPEN","available",NA
"E6BB0411","304","1",19,1,"DIST-OPEN","SOLD","2026-03-03 01:33:59.255"
"E6BB0411","407","8",21,1,"SEASON","SOLD","2025-10-03 05:05:40.531"
"E6BB0411","218","3",21,1,"DIST-OPEN","SOLD","2026-02-11 02:22:01.325"
"E6BB0411","407","4",11,1,"DIST-OPEN","available",NA
"E6BB0411","113","8",1,1,"DIST-OPEN","SOLD","2025-12-26 09:14:37.207"
"E6BB0411","212","5",20,1,"DIST-OPEN","available",NA
"E6BB0411","404","9",21,1,"DIST-OPEN","available",NA
"E6BB0411","203","8",16,1,"DIST-OPEN","available",NA
"E6BB0411","301","10",17,1,"DIST-OPEN","available",NA
"E6BB0411","116","8",9,1,"SEASON","SOLD","2025-10-15 06:01:10.282"
"E6BB0411","112","2",20,1,"SEASON","SOLD","2025-10-26 22:00:24.408"
"E6BB0411","106","10",15,1,"DIST-OPEN","available",NA
"E6BB0411","407","8",14,1,"DIST-OPEN","available",NA
"E6BB0411","203","1",7,1,"HOLD","HELD",NA
"E6BB0411","113","4",3,1,"DIST-OPEN","available",NA
"E6BB0411","402","2",3,1,"DIST-OPEN","SOLD","2025-12-20 09:47:35.283"
"E6BB0411","120","3",15,1,"DIST-OPEN","available",NA
"E6BB0411","406","5",12,1,"DIST-OPEN","available",NA
"E6BB0411","402","7",8,1,"DIST-OPEN","SOLD","2026-03-02 04:49:41.634"
"E6BB0411","401","5",15,1,"HOLD","COMP","2026-01-13 22:05:48.094"
"E6BB0411","112","8",24,1,"DIST-OPEN","available",NA
"E6BB0411","105","10",24,1,"SEASON","SOLD","2025-10-28 22:56:39.320"
"E6BB0411","111","8",1,1,"DIST-OPEN","available",NA
"E6BB0411","303","1",20,1,"DIST-OPEN","available",NA
"E6BB0411","206","10",13,1,"SEASON","SOLD","2025-10-29 14:05:34.978"
"E6BB0411","316","6",23,1,"DIST-OPEN","SOLD","2025-12-31 16:09:42.557"
"E6BB0411","309","5",23,1,"DIST-OPEN","COMP","2026-01-08 00:03:11.256"
"E6BB0411","404","5",2,1,"HOLD","HELD",NA
"E6BB0411","401","10",19,1,"DIST-OPEN","SOLD","2026-01-29 14:56:31.180"
"E6BB0411","212","5",6,1,"HOLD","HELD",NA
"E6BB0411","309","9",4,1,"DIST-OPEN","available",NA
"E6BB0411","408","3",4,1,"DIST-OPEN","available",NA
"E6BB0411","210","8",23,1,"SEASON","SOLD","2025-10-05 09:31:38.618"
"E6BB0411","306","7",12,1,"DIST-OPEN","SOLD","2026-03-07 08:57:32.458"
"E6BB0411","220","5",16,1,"DIST-OPEN","SOLD","2025-12-24 14:44:44.745"
"E6BB0411","202","3",20,1,"SEASON","SOLD","2025-10-13 01:11:00.042"
"E6BB0411","306","5",9,1,"SEASON","SOLD","2025-10-02 18:08:15.094"
"E6BB0411","213","10",22,1,"DIST-OPEN","SOLD","2026-01-21 05:30:15.319"
"E6BB0411","204","10",8,1,"DIST-OPEN","available",NA
"E6BB0411","405","8",24,1,"DIST-OPEN","SOLD","2026-02-13 16:38:37.519"
"E6BB0411","316","3",20,1,"SEASON","SOLD","2025-10-30 11:58:26.920"
"E6BB0411","410","3",3,1,"DIST-OPEN","SOLD","2026-01-07 05:27:47.196"
"E6BB0411","311","4",20,1,"COMP","HELD",NA
"E6BB0411","405","3",11,1,"HOLD","HELD",NA
"E6BB0411","319","10",14,1,"SEASON","SOLD","2025-10-28 21:16:51.789"
"E6BB0411","318","7",8,1,"SEASON","SOLD","2025-10-11 22:16:27.582"
"E6BB0411","304","10",20,1,"HOLD","HELD",NA
"E6BB0411","405","4",14,1,"DIST-OPEN","SOLD","2026-03-20 06:49:26.324"
"E6BB0411","113","1",23,1,"DIST-OPEN","SOLD","2026-02-04 14:54:13.445"
"E6BB0411","316","1",2,1,"HOLD","HELD",NA
"E6BB0411","219","7",5,1,"DIST-OPEN","available",NA
"E6BB0411","106","1",6,1,"SEASON","SOLD","2025-10-08 00:59:40.205"
"E6BB0411","314","9",16,1,"DIST-OPEN","COMP","2026-02-07 05:22:51.748"
"E6BB0411","402","1",4,1,"DIST-OPEN","SOLD","2025-12-11 02:25:09.090"
"E6BB0411","218","1",6,1,"HOLD","HELD",NA
"E6BB0411","209","8",16,1,"DIST-OPEN","available",NA
"E6BB0411","115","3",10,1,"SEASON","SOLD","2025-10-05 07:39:31.328"
"E6BB0411","318","1",18,1,"HOLD","HELD",NA
"E6BB0411","213","8",16,1,"DIST-OPEN","available",NA
"E6BB0411","115","3",15,1,"COMP","HELD",NA
"E6BB0411","304","10",11,1,"GROUP","HELD",NA
"E6BB0411","407","10",19,1,"DIST-OPEN","SOLD","2026-03-13 20:55:29.723"
"E6BB0411","218","4",8,1,"DIST-OPEN","SOLD","2026-04-01 14:27:59.698"
"E6BB0411","407","7",11,1,"GROUP","HELD",NA
"E6BB0411","113","5",1,1,"DIST-OPEN","available",NA
"E6BB0411","212","9",18,1,"DIST-OPEN","available",NA
"E6BB0411","404","3",20,1,"HOLD","HELD",NA
"E6BB0411","203","5",4,1,"DIST-OPEN","SOLD","2026-03-14 05:58:25.143"
"E6BB0411","301","1",4,1,"DIST-OPEN","SOLD","2025-12-25 09:48:30.508"
"E6BB0411","116","7",19,1,"DIST-OPEN","SOLD","2026-01-10 14:53:43.685"
"E6BB0411","112","7",16,1,"GROUP","HELD",NA
"E6BB0411","106","2",21,1,"DIST-OPEN","available",NA
"E6BB0411","407","1",19,1,"DIST-OPEN","SOLD","2025-11-25 14:55:48.885"
"E6BB0411","203","5",24,1,"DIST-OPEN","SOLD","2026-02-17 05:43:31.251"
"E6BB0411","113","2",18,1,"DIST-OPEN","available",NA
"E6BB0411","402","9",19,1,"SEASON","SOLD","2025-10-24 07:26:31.660"
"E6BB0411","120","7",4,1,"DIST-OPEN","available",NA
"E6BB0411","406","10",17,1,"DIST-OPEN","available",NA
"E6BB0411","402","2",16,1,"DIST-OPEN","SOLD","2026-01-26 19:48:09.685"
"E6BB0411","401","2",21,1,"HOLD","HELD",NA
"E6BB0411","112","6",12,1,"DIST-OPEN","available",NA
"E6BB0411","105","6",9,1,"DIST-OPEN","SOLD","2026-01-16 13:52:56.618"
"E6BB0411","111","9",22,1,"HOLD","HELD",NA
"E6BB0411","303","2",24,1,"DIST-OPEN","available",NA
"E6BB0411","206","6",5,1,"DIST-OPEN","available",NA
"E6BB0411","316","8",8,1,"DIST-OPEN","SOLD","2025-12-02 06:50:35.114"
"E6BB0411","309","3",23,1,"DIST-OPEN","available",NA
"E6BB0411","404","8",18,1,"DIST-OPEN","SOLD","2026-01-15 16:19:42.589"
"E6BB0411","401","2",22,1,"COMP","HELD",NA
"E6BB0411","212","2",7,1,"COMP","HELD",NA
"E6BB0411","309","7",22,1,"DIST-OPEN","SOLD","2026-01-29 05:33:22.378"
"E6BB0411","408","4",12,1,"GROUP","HELD",NA
"E6BB0411","210","6",10,1,"DIST-OPEN","SOLD","2026-03-27 21:31:39.465"
"E6BB0411","306","1",16,1,"SEASON","SOLD","2025-10-13 01:42:58.915"
"E6BB0411","220","4",20,1,"DIST-OPEN","available",NA
"E6BB0411","202","10",10,1,"DIST-OPEN","available",NA
"E6BB0411","306","8",14,1,"HOLD","HELD",NA
"E6BB0411","213","10",23,1,"DIST-OPEN","available",NA
"E6BB0411","204","4",10,1,"COMP","HELD",NA
"E6BB0411","405","8",7,1,"SEASON","SOLD","2025-10-24 08:38:23.460"
"E6BB0411","316","5",16,1,"SEASON","SOLD","2025-10-27 12:44:21.590"
"E6BB0411","410","2",19,1,"SEASON","SOLD","2025-10-31 04:54:54.031"
"E6BB0411","311","8",5,1,"COMP","HELD",NA
"E6BB0411","405","8",4,1,"DIST-OPEN","SOLD","2026-02-27 12:54:58.625"
"E6BB0411","319","10",20,1,"DIST-OPEN","SOLD","2025-12-22 04:23:49.821"
"E6BB0411","318","3",15,1,"DIST-OPEN","SOLD","2026-02-08 14:54:05.337"
"E6BB0411","304","1",22,1,"SEASON","SOLD","2025-10-17 12:54:42.997"
"E6BB0411","405","6",18,1,"DIST-OPEN","SOLD","2025-12-12 14:31:09.796"
"E6BB0411","113","4",24,1,"DIST-OPEN","SOLD","2026-03-24 07:45:37.508"
"E6BB0411","316","8",15,1,"DIST-OPEN","available",NA
"E6BB0411","219","5",12,1,"SEASON","SOLD","2025-10-09 03:33:28.166"
"E6BB0411","106","10",7,1,"DIST-OPEN","available",NA
"E6BB0411","314","4",21,1,"SEASON","SOLD","2025-10-20 23:41:32.713"
"E6BB0411","402","7",12,1,"SEASON","SOLD","2025-10-25 05:35:24.783"
"E6BB0411","218","3",8,1,"COMP","HELD",NA
"E6BB0411","209","10",1,1,"DIST-OPEN","available",NA
"E6BB0411","115","1",4,1,"SEASON","SOLD","2025-10-05 07:24:02.593"
"E6BB0411","318","2",6,1,"DIST-OPEN","SOLD","2025-12-25 13:52:15.978"
"E6BB0411","213","8",21,1,"GROUP","HELD",NA
"E6BB0411","115","8",22,1,"DIST-OPEN","available",NA
"E6BB0411","304","9",18,1,"DIST-OPEN","available",NA
"E6BB0411","407","9",4,1,"DIST-OPEN","SOLD","2026-04-08 00:50:46.855"
"E6BB0411","218","2",21,1,"SEASON","SOLD","2025-10-28 06:56:39.591"
"E6BB0411","407","5",23,1,"COMP","COMP","2026-01-12 19:50:54.993"
"E6BB0411","113","5",5,1,"DIST-OPEN","SOLD","2026-01-11 19:35:29.081"
"E6BB0411","212","1",4,1,"HOLD","HELD",NA
"E6BB0411","404","4",19,1,"SEASON","SOLD","2025-10-13 22:21:05.383"
"E6BB0411","203","2",13,1,"DIST-OPEN","SOLD","2025-12-14 15:38:08.927"
"E6BB0411","301","5",12,1,"DIST-OPEN","available",NA
"E6BB0411","116","7",11,1,"DIST-OPEN","SOLD","2026-03-02 17:26:13.587"
"E6BB0411","112","10",9,1,"SEASON","SOLD","2025-10-06 18:07:06.907"
"E6BB0411","106","2",8,1,"HOLD","HELD",NA
"E6BB0411","407","1",24,1,"DIST-OPEN","SOLD","2026-02-22 04:40:14.803"
"E6BB0411","203","7",22,1,"DIST-OPEN","available",NA
"E6BB0411","113","7",23,1,"DIST-OPEN","SOLD","2026-02-28 06:00:48.120"
"E6BB0411","402","10",11,1,"SEASON","SOLD","2025-10-18 18:07:37.321"
"E6BB0411","120","3",20,1,"DIST-OPEN","available",NA
"E6BB0411","406","7",5,1,"DIST-OPEN","available",NA
"E6BB0411","402","3",11,1,"SEASON","SOLD","2025-10-26 19:27:01.104"
"E6BB0411","401","2",11,1,"SEASON","SOLD","2025-10-11 13:35:58.748"
"E6BB0411","112","7",20,1,"DIST-OPEN","available",NA
"E6BB0411","105","4",20,1,"DIST-OPEN","available",NA
"E6BB0411","111","2",15,1,"DIST-OPEN","SOLD","2026-03-17 00:52:19.035"
"E6BB0411","303","10",16,1,"SEASON","SOLD","2025-10-20 14:50:33.508"
"E6BB0411","206","8",14,1,"SEASON","SOLD","2025-10-17 03:09:45.928"
"E6BB0411","316","6",5,1,"HOLD","HELD",NA
"E6BB0411","309","1",17,1,"HOLD","HELD",NA
"E6BB0411","404","2",18,1,"SEASON","SOLD","2025-10-25 12:22:04.586"
"E6BB0411","401","10",17,1,"SEASON","SOLD","2025-10-09 23:05:34.583"
"E6BB0411","212","2",3,1,"SEASON","SOLD","2025-10-12 01:47:23.130"
"E6BB0411","309","5",1,1,"DIST-OPEN","SOLD","2025-11-21 02:32:35.050"
"E6BB0411","408","7",14,1,"HOLD","HELD",NA
"E6BB0411","210","6",5,1,"HOLD","HELD",NA
"E6BB0411","306","5",1,1,"SEASON","SOLD","2025-10-18 20:11:27.459"
"E6BB0411","220","6",15,1,"SEASON","SOLD","2025-10-22 07:33:24.360"
"E6BB0411","202","5",19,1,"DIST-OPEN","available",NA
"E6BB0411","306","7",10,1,"DIST-OPEN","available",NA
"E6BB0411","213","8",11,1,"DIST-OPEN","available",NA
"E6BB0411","204","2",1,1,"DIST-OPEN","available",NA
"E6BB0329","102","10",15,1,"SEASON","SOLD","2025-10-23 23:13:54.266"
"E6BB0329","318","3",8,1,"DIST-OPEN","available",NA
"E6BB0329","111","4",6,1,"DIST-OPEN","available",NA
"E6BB0329","313","5",9,1,"DIST-OPEN","available",NA
"E6BB0329","102","10",5,1,"DIST-OPEN","available",NA
"E6BB0329","409","2",24,1,"DIST-OPEN","available",NA
"E6BB0329","115","1",13,1,"DIST-OPEN","available",NA
"E6BB0329","302","2",20,1,"COMP","HELD",NA
"E6BB0329","101","5",24,1,"COMP","HELD",NA
"E6BB0329","304","2",4,1,"SEASON","SOLD","2025-10-29 16:35:55.793"
"E6BB0329","209","4",10,1,"COMP","HELD",NA
"E6BB0329","201","4",20,1,"COMP","HELD",NA
"E6BB0329","317","2",4,1,"DIST-OPEN","available",NA
"E6BB0329","117","8",18,1,"SEASON","SOLD","2025-10-17 10:02:18.991"
"E6BB0329","217","3",21,1,"SEASON","SOLD","2025-10-05 00:32:09.264"
"E6BB0329","401","8",6,1,"HOLD","HELD",NA
"E6BB0329","208","9",5,1,"SEASON","SOLD","2025-10-25 13:13:20.937"
"E6BB0329","215","7",7,1,"SEASON","SOLD","2025-10-02 11:47:10.335"
"E6BB0329","220","2",6,1,"HOLD","HELD",NA
"E6BB0329","104","4",15,1,"HOLD","HELD",NA
"E6BB0329","213","3",14,1,"DIST-OPEN","SOLD","2025-12-07 13:13:16.559"
"E6BB0329","311","6",13,1,"SEASON","SOLD","2025-10-05 07:34:56.393"
"E6BB0329","314","10",24,1,"DIST-OPEN","SOLD","2025-12-07 13:32:38.140"
"E6BB0329","217","10",24,1,"DIST-OPEN","COMP","2026-03-10 10:11:37.401"
"E6BB0329","312","6",21,1,"DIST-OPEN","available",NA
"E6BB0329","216","5",10,1,"GROUP","HELD",NA
"E6BB0329","404","2",8,1,"DIST-OPEN","available",NA
"E6BB0329","309","4",11,1,"DIST-OPEN","SOLD","2025-12-14 20:38:35.993"
"E6BB0329","315","10",18,1,"DIST-OPEN","available",NA
"E6BB0329","117","2",12,1,"DIST-OPEN","SOLD","2025-12-25 06:05:20.808"
"E6BB0329","308","3",21,1,"DIST-OPEN","available",NA
"E6BB0329","119","5",7,1,"DIST-OPEN","available",NA
"E6BB0329","305","8",14,1,"DIST-OPEN","SOLD","2025-11-28 10:16:21.222"
"E6BB0329","202","6",10,1,"COMP","HELD",NA
"E6BB0329","216","7",2,1,"DIST-OPEN","available",NA
"E6BB0329","218","6",7,1,"DIST-OPEN","available",NA
"E6BB0329","219","7",12,1,"DIST-OPEN","available",NA
"E6BB0329","301","7",19,1,"HOLD","HELD",NA
"E6BB0329","205","6",2,1,"DIST-OPEN","available",NA
"E6BB0329","409","8",16,1,"DIST-OPEN","SOLD","2025-12-22 16:56:48.665"
"E6BB0329","112","4",17,1,"DIST-OPEN","COMP","2026-03-15 16:26:30.406"
"E6BB0329","303","5",19,1,"DIST-OPEN","COMP","2026-03-14 20:14:34.746"
"E6BB0329","316","3",10,1,"GROUP","HELD",NA
"E6BB0329","109","2",22,1,"DIST-OPEN","SOLD","2026-02-08 12:51:09.376"
"E6BB0329","310","6",10,1,"SEASON","SOLD","2025-10-07 06:01:14.392"
"E6BB0329","403","8",20,1,"HOLD","COMP","2026-02-20 16:41:19.578"
"E6BB0329","108","9",23,1,"DIST-OPEN","SOLD","2026-01-07 09:31:25.019"
"E6BB0329","207","3",20,1,"DIST-OPEN","available",NA
"E6BB0329","203","6",1,1,"DIST-OPEN","available",NA
"E6BB0329","301","10",10,1,"DIST-OPEN","SOLD","2026-01-21 12:34:49.727"
"E6BB0329","108","2",5,1,"DIST-OPEN","available",NA
"E6BB0329","111","2",7,1,"HOLD","HELD",NA
"E6BB0329","218","3",23,1,"HOLD","HELD",NA
"E6BB0329","316","7",10,1,"DIST-OPEN","available",NA
"E6BB0329","219","10",10,1,"DIST-OPEN","available",NA
"E6BB0329","410","4",11,1,"SEASON","SOLD","2025-10-03 06:02:14.808"
"E6BB0329","117","1",21,1,"DIST-OPEN","SOLD","2025-12-21 02:53:05.497"
"E6BB0329","315","7",20,1,"DIST-OPEN","SOLD","2026-01-11 05:32:57.045"
"E6BB0329","403","9",18,1,"SEASON","SOLD","2025-10-11 13:08:55.775"
"E6BB0329","119","4",12,1,"HOLD","HELD",NA
"E6BB0329","102","10",8,1,"DIST-OPEN","available",NA
"E6BB0329","318","10",2,1,"SEASON","SOLD","2025-10-21 19:31:54.179"
"E6BB0329","111","7",20,1,"COMP","HELD",NA
"E6BB0329","313","8",11,1,"SEASON","SOLD","2025-10-05 19:54:16.022"
"E6BB0329","102","3",19,1,"GROUP","HELD",NA
"E6BB0329","409","1",15,1,"COMP","HELD",NA
"E6BB0329","115","2",12,1,"DIST-OPEN","available",NA
"E6BB0329","302","4",24,1,"SEASON","SOLD","2025-10-11 07:28:42.421"
"E6BB0329","101","4",16,1,"HOLD","HELD",NA
"E6BB0329","304","10",5,1,"SEASON","SOLD","2025-10-03 08:12:14.353"
"E6BB0329","209","7",17,1,"DIST-OPEN","available",NA
"E6BB0329","201","10",5,1,"SEASON","SOLD","2025-10-12 19:31:09.054"
"E6BB0329","317","10",24,1,"SEASON","SOLD","2025-10-26 10:27:33.605"
"E6BB0329","117","5",6,1,"HOLD","HELD",NA
"E6BB0329","217","4",10,1,"DIST-OPEN","SOLD","2026-02-08 21:42:54.315"
"E6BB0329","401","5",22,1,"DIST-OPEN","SOLD","2026-02-09 09:07:29.462"
"E6BB0329","208","6",20,1,"DIST-OPEN","available",NA
"E6BB0329","215","8",22,1,"DIST-OPEN","SOLD","2026-01-21 19:10:57.104"
"E6BB0329","220","8",9,1,"DIST-OPEN","available",NA
"E6BB0329","104","7",3,1,"SEASON","SOLD","2025-10-22 22:16:22.094"
"E6BB0329","213","7",13,1,"DIST-OPEN","available",NA
"E6BB0329","311","9",24,1,"DIST-OPEN","available",NA
"E6BB0329","314","2",7,1,"SEASON","SOLD","2025-10-17 09:39:17.390"
"E6BB0329","217","8",11,1,"COMP","HELD",NA
"E6BB0329","312","8",23,1,"DIST-OPEN","available",NA
"E6BB0329","216","7",1,1,"DIST-OPEN","available",NA
"E6BB0329","404","10",23,1,"HOLD","HELD",NA
"E6BB0329","309","7",17,1,"SEASON","SOLD","2025-10-03 13:55:08.807"
"E6BB0329","315","7",6,1,"GROUP","COMP","2026-02-04 15:03:00.573"
"E6BB0329","117","1",8,1,"GROUP","HELD",NA
"E6BB0329","308","7",24,1,"DIST-OPEN","COMP","2026-03-28 14:32:25.624"
"E6BB0329","119","10",21,1,"DIST-OPEN","available",NA
"E6BB0329","305","10",17,1,"DIST-OPEN","available",NA
"E6BB0329","202","10",12,1,"DIST-OPEN","SOLD","2026-03-27 21:07:50.011"
"E6BB0329","216","1",7,1,"SEASON","SOLD","2025-10-07 23:22:21.520"
"E6BB0329","218","10",5,1,"DIST-OPEN","available",NA
"E6BB0329","219","2",20,1,"GROUP","HELD",NA
"E6BB0329","301","3",7,1,"DIST-OPEN","SOLD","2026-02-18 04:54:01.250"
"E6BB0329","205","5",9,1,"DIST-OPEN","available",NA
"E6BB0329","409","5",21,1,"SEASON","SOLD","2025-10-08 10:08:41.063"
"E6BB0329","112","7",18,1,"DIST-OPEN","COMP","2026-03-01 15:34:55.097"
"E6BB0329","303","1",16,1,"HOLD","HELD",NA
"E6BB0329","316","7",11,1,"DIST-OPEN","SOLD","2026-02-10 23:16:53.217"
"E6BB0329","109","9",9,1,"GROUP","HELD",NA
"E6BB0329","310","2",6,1,"DIST-OPEN","COMP","2026-03-12 21:38:22.497"
"E6BB0329","403","5",6,1,"SEASON","SOLD","2025-10-11 11:29:12.500"
"E6BB0329","108","2",12,1,"DIST-OPEN","available",NA
"E6BB0329","207","7",4,1,"DIST-OPEN","available",NA
"E6BB0329","203","3",24,1,"DIST-OPEN","COMP","2026-01-06 00:08:06.787"
"E6BB0329","301","3",9,1,"DIST-OPEN","SOLD","2025-12-14 17:42:27.908"
"E6BB0329","108","10",9,1,"DIST-OPEN","SOLD","2026-03-23 16:05:23.291"
"E6BB0329","111","7",6,1,"SEASON","SOLD","2025-10-16 16:55:52.816"
"E6BB0329","218","7",2,1,"DIST-OPEN","COMP","2026-03-17 12:19:43.470"
"E6BB0329","316","3",9,1,"GROUP","HELD",NA
"E6BB0329","219","7",17,1,"DIST-OPEN","available",NA
"E6BB0329","410","9",10,1,"GROUP","HELD",NA
"E6BB0329","117","2",3,1,"GROUP","HELD",NA
"E6BB0329","315","1",23,1,"DIST-OPEN","available",NA
"E6BB0329","403","5",3,1,"DIST-OPEN","SOLD","2026-02-20 02:57:08.965"
"E6BB0329","119","5",1,1,"DIST-OPEN","available",NA
"E6BB0329","102","3",9,1,"HOLD","HELD",NA
"E6BB0329","318","9",21,1,"HOLD","HELD",NA
"E6BB0329","111","4",7,1,"DIST-OPEN","available",NA
"E6BB0329","313","1",24,1,"DIST-OPEN","SOLD","2026-02-16 07:20:07.270"
"E6BB0329","102","4",12,1,"COMP","HELD",NA
"E6BB0329","409","3",16,1,"SEASON","SOLD","2025-10-12 23:42:28.628"
"E6BB0329","115","8",15,1,"COMP","COMP","2026-02-16 06:00:56.218"
"E6BB0329","302","1",18,1,"DIST-OPEN","SOLD","2026-02-21 20:33:30.818"
"E6BB0329","101","3",3,1,"DIST-OPEN","SOLD","2025-12-20 08:12:22.237"
"E6BB0329","304","3",7,1,"SEASON","SOLD","2025-10-09 18:34:39.580"
"E6BB0329","209","4",16,1,"DIST-OPEN","available",NA
"E6BB0329","201","3",10,1,"SEASON","SOLD","2025-10-14 12:45:46.148"
"E6BB0329","317","7",2,1,"SEASON","SOLD","2025-10-28 21:22:11.066"
"E6BB0329","117","10",14,1,"DIST-OPEN","available",NA
"E6BB0329","217","10",19,1,"DIST-OPEN","COMP","2026-02-23 12:23:02.995"
"E6BB0329","401","3",1,1,"DIST-OPEN","SOLD","2025-12-02 23:05:11.663"
"E6BB0329","208","5",14,1,"COMP","HELD",NA
"E6BB0329","215","6",18,1,"DIST-OPEN","available",NA
"E6BB0329","220","10",4,1,"DIST-OPEN","available",NA
"E6BB0329","104","6",20,1,"SEASON","SOLD","2025-10-28 19:06:21.373"
"E6BB0329","213","4",4,1,"DIST-OPEN","available",NA
"E6BB0329","311","3",24,1,"DIST-OPEN","available",NA
"E6BB0329","314","9",15,1,"SEASON","SOLD","2025-10-30 16:29:00.426"
"E6BB0329","217","5",19,1,"SEASON","SOLD","2025-10-20 23:46:29.090"
"E6BB0329","312","5",22,1,"DIST-OPEN","SOLD","2026-02-10 02:04:51.025"
"E6BB0329","216","9",16,1,"HOLD","HELD",NA
"E6BB0329","404","6",14,1,"DIST-OPEN","available",NA
"E6BB0329","309","8",20,1,"DIST-OPEN","SOLD","2026-03-09 14:53:26.578"
"E6BB0329","315","3",10,1,"DIST-OPEN","available",NA
"E6BB0329","117","10",1,1,"GROUP","COMP","2026-02-19 14:48:44.514"
"E6BB0329","308","9",10,1,"SEASON","SOLD","2025-10-21 19:55:54.857"
"E6BB0329","119","3",8,1,"DIST-OPEN","SOLD","2026-02-09 04:08:06.213"
"E6BB0329","305","8",3,1,"GROUP","HELD",NA
"E6BB0329","202","9",5,1,"DIST-OPEN","COMP","2026-03-22 19:22:10.544"
"E6BB0329","216","2",16,1,"SEASON","SOLD","2025-10-22 14:50:14.689"
"E6BB0329","218","10",9,1,"DIST-OPEN","available",NA
"E6BB0329","219","10",11,1,"COMP","COMP","2026-01-01 21:55:14.115"
"E6BB0329","301","7",5,1,"DIST-OPEN","SOLD","2026-01-31 11:30:33.866"
"E6BB0329","205","4",20,1,"SEASON","SOLD","2025-10-26 00:38:55.848"
"E6BB0329","409","1",17,1,"SEASON","SOLD","2025-10-14 18:33:14.149"
"E6BB0329","112","7",1,1,"DIST-OPEN","SOLD","2025-12-05 20:03:22.144"
"E6BB0329","303","2",1,1,"GROUP","HELD",NA
"E6BB0329","316","6",3,1,"DIST-OPEN","COMP","2026-01-25 00:35:52.242"
"E6BB0329","109","7",4,1,"GROUP","HELD",NA
"E6BB0329","310","8",3,1,"DIST-OPEN","SOLD","2026-03-19 21:54:31.127"
"E6BB0329","403","3",17,1,"DIST-OPEN","available",NA
"E6BB0329","108","4",17,1,"DIST-OPEN","available",NA
"E6BB0329","207","4",17,1,"DIST-OPEN","COMP","2026-02-21 15:22:48.052"
"E6BB0329","203","7",8,1,"GROUP","HELD",NA
"E6BB0329","301","6",19,1,"DIST-OPEN","available",NA
"E6BB0329","108","7",4,1,"DIST-OPEN","available",NA
"E6BB0329","111","2",19,1,"SEASON","SOLD","2025-10-20 10:33:12.697"
"E6BB0329","218","5",14,1,"DIST-OPEN","available",NA
"E6BB0329","316","7",15,1,"DIST-OPEN","SOLD","2026-02-18 04:31:30.378"
"E6BB0329","219","9",16,1,"DIST-OPEN","available",NA
"E6BB0329","410","5",5,1,"SEASON","SOLD","2025-10-30 04:59:35.476"
"E6BB0329","117","6",15,1,"DIST-OPEN","SOLD","2026-01-30 13:55:21.021"
"E6BB0329","315","6",13,1,"DIST-OPEN","SOLD","2026-02-21 16:00:13.331"
"E6BB0329","403","5",5,1,"COMP","HELD",NA
"E6BB0329","119","3",10,1,"GROUP","HELD",NA
"E6BB0329","102","1",16,1,"DIST-OPEN","available",NA
"E6BB0329","318","9",12,1,"DIST-OPEN","SOLD","2025-12-18 07:44:30.231"
"E6BB0329","111","3",15,1,"SEASON","SOLD","2025-10-03 08:03:40.716"
"E6BB0329","313","9",24,1,"DIST-OPEN","available",NA
"E6BB0329","102","9",9,1,"COMP","HELD",NA
"E6BB0329","409","5",13,1,"GROUP","HELD",NA
"E6BB0329","115","8",22,1,"DIST-OPEN","SOLD","2026-02-13 00:38:11.498"
"E6BB0329","302","6",12,1,"DIST-OPEN","available",NA
"E6BB0329","101","1",3,1,"SEASON","SOLD","2025-10-14 22:19:31.304"
"E6BB0329","304","9",5,1,"SEASON","SOLD","2025-10-10 02:16:34.929"
"E6BB0329","209","1",22,1,"GROUP","HELD",NA
"E6BB0329","201","6",8,1,"SEASON","SOLD","2025-10-17 08:11:11.791"
"E6BB0329","317","6",9,1,"DIST-OPEN","SOLD","2026-03-23 20:23:53.417"
"E6BB0329","117","3",16,1,"COMP","HELD",NA
"E6BB0329","217","10",16,1,"COMP","HELD",NA
"E6BB0329","401","8",8,1,"DIST-OPEN","available",NA
"E6BB0329","208","7",23,1,"GROUP","HELD",NA
"E6BB0329","215","5",3,1,"COMP","HELD",NA
"E6BB0329","220","6",20,1,"DIST-OPEN","SOLD","2025-12-31 01:28:29.334"
"E6BB0329","104","7",6,1,"DIST-OPEN","SOLD","2026-03-16 20:23:26.935"
"E6BB0329","213","4",10,1,"SEASON","SOLD","2025-10-17 21:59:07.678"
"E6BB0329","311","9",13,1,"COMP","COMP","2026-03-15 15:05:05.424"
"E6BB0329","314","1",8,1,"SEASON","SOLD","2025-10-12 19:05:15.049"
"E6BB0329","217","3",21,1,"DIST-OPEN","available",NA
"E6BB0329","312","5",24,1,"DIST-OPEN","SOLD","2026-02-04 20:58:08.732"
"E6BB0329","216","4",18,1,"DIST-OPEN","available",NA
"E6BB0329","404","2",18,1,"DIST-OPEN","available",NA
"E6BB0329","309","5",15,1,"DIST-OPEN","SOLD","2026-01-26 13:18:57.089"
"E6BB0329","315","10",9,1,"HOLD","HELD",NA
"E6BB0329","117","5",5,1,"DIST-OPEN","available",NA
"E6BB0329","308","3",18,1,"HOLD","HELD",NA
"E6BB0329","119","9",13,1,"DIST-OPEN","available",NA
"E6BB0329","305","2",17,1,"DIST-OPEN","available",NA
"E6BB0329","202","10",22,1,"DIST-OPEN","SOLD","2025-12-14 15:06:44.010"
"E6BB0329","216","1",18,1,"DIST-OPEN","SOLD","2026-03-09 01:16:06.135"
"E6BB0329","218","4",16,1,"GROUP","HELD",NA
"E6BB0329","219","5",20,1,"DIST-OPEN","SOLD","2026-02-15 22:54:41.543"
"E6BB0329","301","9",10,1,"HOLD","HELD",NA
"E6BB0329","205","3",19,1,"HOLD","COMP","2026-02-21 19:33:48.164"
"E6BB0329","409","10",9,1,"DIST-OPEN","available",NA
"E6BB0329","112","8",22,1,"DIST-OPEN","SOLD","2026-01-03 08:45:25.435"
"E6BB0329","303","5",20,1,"SEASON","SOLD","2025-10-27 14:34:07.108"
"E6BB0329","316","9",24,1,"HOLD","HELD",NA
"E6BB0329","109","4",20,1,"DIST-OPEN","available",NA
"E6BB0329","310","5",2,1,"HOLD","HELD",NA
"E6BB0329","403","4",15,1,"DIST-OPEN","SOLD","2026-02-26 17:58:46.951"
"E6BB0329","108","7",12,1,"SEASON","SOLD","2025-10-05 14:58:22.691"
"E6BB0329","207","6",1,1,"DIST-OPEN","available",NA
"E6BB0329","203","3",4,1,"DIST-OPEN","available",NA
"E6BB0329","301","8",6,1,"GROUP","HELD",NA
"E6BB0329","108","7",20,1,"DIST-OPEN","SOLD","2026-02-09 09:52:29.879"
"E6BB0329","111","4",13,1,"DIST-OPEN","SOLD","2025-12-14 23:55:33.964"
"E6BB0329","218","5",12,1,"DIST-OPEN","COMP","2026-01-15 08:30:06.589"
"E6BB0329","316","2",11,1,"DIST-OPEN","available",NA
"E6BB0329","219","2",10,1,"HOLD","HELD",NA
"E6BB0329","410","8",24,1,"HOLD","HELD",NA
"E6BB0329","117","8",9,1,"DIST-OPEN","available",NA
"E6BB0329","315","7",21,1,"SEASON","SOLD","2025-10-13 22:08:33.456"
"E6BB0329","403","4",3,1,"SEASON","SOLD","2025-10-02 05:38:49.460"
"E6BB0329","119","10",17,1,"DIST-OPEN","SOLD","2026-03-02 21:12:10.101"
"E6BB0329","102","3",6,1,"SEASON","SOLD","2025-10-07 15:27:17.799"
"E6BB0329","318","3",20,1,"GROUP","COMP","2026-03-17 00:35:30.992"
"E6BB0329","111","10",19,1,"HOLD","HELD",NA
"E6BB0329","313","8",22,1,"DIST-OPEN","COMP","2026-01-13 06:29:30.341"
"E6BB0329","102","4",7,1,"DIST-OPEN","available",NA
"E6BB0329","409","6",16,1,"DIST-OPEN","available",NA
"E6BB0329","115","8",23,1,"DIST-OPEN","available",NA
"E6BB0329","302","8",20,1,"DIST-OPEN","available",NA
"E6BB0329","101","7",19,1,"HOLD","HELD",NA
"E6BB0329","304","2",15,1,"SEASON","SOLD","2025-10-06 09:50:51.425"
"E6BB0329","209","8",13,1,"DIST-OPEN","available",NA
"E6BB0329","201","3",6,1,"DIST-OPEN","SOLD","2026-02-08 18:30:05.198"
"E6BB0329","317","9",15,1,"HOLD","HELD",NA
"E6BB0329","117","2",14,1,"DIST-OPEN","available",NA
"E6BB0329","217","8",20,1,"DIST-OPEN","SOLD","2025-12-28 07:54:18.933"
"E6BB0329","401","8",8,1,"DIST-OPEN","available",NA
"E6BB0329","208","9",10,1,"DIST-OPEN","available",NA
"E6BB0329","215","10",6,1,"HOLD","HELD",NA
"E6BB0329","220","5",21,1,"GROUP","HELD",NA
"E6BB0329","104","1",3,1,"DIST-OPEN","SOLD","2026-02-27 22:19:59.881"
"E6BB0329","213","1",7,1,"DIST-OPEN","available",NA
"E6BB0329","311","1",12,1,"SEASON","SOLD","2025-10-30 11:56:06.000"
"E6BB0329","314","5",7,1,"SEASON","SOLD","2025-10-15 07:10:25.728"
"E6BB0329","217","9",23,1,"DIST-OPEN","available",NA
"E6BB0329","312","4",1,1,"SEASON","SOLD","2025-10-03 18:33:32.704"
"E6BB0329","216","3",2,1,"DIST-OPEN","SOLD","2025-12-23 11:53:39.006"
"E6BB0329","404","4",23,1,"SEASON","SOLD","2025-10-19 14:25:15.667"
"E6BB0329","309","8",23,1,"DIST-OPEN","available",NA
"E6BB0329","315","6",11,1,"GROUP","HELD",NA
"E6BB0329","117","2",22,1,"COMP","HELD",NA
"E6BB0329","308","2",14,1,"DIST-OPEN","available",NA
"E6BB0329","119","5",23,1,"HOLD","HELD",NA
"E6BB0329","305","2",7,1,"SEASON","SOLD","2025-10-16 12:53:37.331"
"E6BB0329","202","3",3,1,"SEASON","SOLD","2025-10-04 08:34:00.050"
"E6BB0329","216","6",16,1,"SEASON","SOLD","2025-10-30 01:30:31.768"
"E6BB0329","218","2",1,1,"COMP","HELD",NA
"E6BB0329","219","2",13,1,"DIST-OPEN","available",NA
"E6BB0329","301","1",16,1,"SEASON","SOLD","2025-10-17 06:36:28.344"
"E6BB0329","205","6",10,1,"DIST-OPEN","available",NA
"E6BB0329","409","1",23,1,"COMP","COMP","2026-03-08 03:35:48.418"
"E6BB0329","112","2",17,1,"DIST-OPEN","SOLD","2026-02-17 10:32:57.413"
"E6BB0329","303","1",7,1,"DIST-OPEN","COMP","2026-01-01 21:19:20.045"
"E6BB0329","316","1",19,1,"COMP","HELD",NA
"E6BB0329","109","9",20,1,"SEASON","SOLD","2025-10-15 21:08:03.986"
"E6BB0329","310","4",4,1,"SEASON","SOLD","2025-10-15 22:54:57.162"
"E6BB0329","403","7",15,1,"DIST-OPEN","available",NA
"E6BB0329","108","9",16,1,"DIST-OPEN","available",NA
"E6BB0329","207","9",24,1,"SEASON","SOLD","2025-10-12 18:45:35.436"
"E6BB0329","203","6",13,1,"SEASON","SOLD","2025-10-16 20:14:40.131"
"E6BB0329","301","9",8,1,"DIST-OPEN","SOLD","2026-03-01 01:24:09.979"
"E6BB0329","108","6",15,1,"COMP","HELD",NA
"E6BB0329","111","2",5,1,"DIST-OPEN","available",NA
"E6BB0329","218","8",13,1,"DIST-OPEN","available",NA
"E6BB0329","316","3",23,1,"SEASON","SOLD","2025-10-02 06:41:38.690"
"E6BB0329","219","9",3,1,"DIST-OPEN","SOLD","2025-12-07 19:13:53.973"
"E6BB0329","410","8",20,1,"DIST-OPEN","SOLD","2026-03-26 19:35:30.272"
"E6BB0329","117","5",6,1,"SEASON","SOLD","2025-10-28 17:24:31.883"
"E6BB0329","315","7",1,1,"DIST-OPEN","SOLD","2025-11-30 06:37:52.752"
"E6BB0329","403","1",20,1,"DIST-OPEN","available",NA
"E6BB0329","119","10",15,1,"SEASON","SOLD","2025-10-05 05:34:52.186"
"E6BB0329","102","2",23,1,"HOLD","HELD",NA
"E6BB0329","318","6",5,1,"DIST-OPEN","available",NA
"E6BB0329","111","8",24,1,"SEASON","SOLD","2025-10-03 18:22:48.692"
"E6BB0329","313","4",18,1,"DIST-OPEN","available",NA
"E6BB0329","102","4",14,1,"SEASON","SOLD","2025-10-05 04:32:43.317"
"E6BB0329","409","5",5,1,"COMP","COMP","2026-01-15 19:51:58.042"
"E6BB0329","115","5",21,1,"SEASON","SOLD","2025-10-01 12:41:39.138"
"E6BB0329","302","5",19,1,"DIST-OPEN","COMP","2026-01-11 22:45:58.853"
"E6BB0329","101","5",12,1,"GROUP","COMP","2026-02-22 08:38:28.123"
"E6BB0329","304","3",12,1,"SEASON","SOLD","2025-10-25 19:37:56.405"
"E6BB0329","209","10",17,1,"HOLD","HELD",NA
"E6BB0329","201","10",16,1,"DIST-OPEN","available",NA
"E6BB0329","317","7",9,1,"DIST-OPEN","available",NA
"E6BB0329","117","7",12,1,"DIST-OPEN","available",NA
"E6BB0329","217","5",1,1,"DIST-OPEN","available",NA
"E6BB0329","401","4",5,1,"DIST-OPEN","SOLD","2025-12-26 09:46:02.817"
"E6BB0329","208","8",3,1,"COMP","HELD",NA
"E6BB0329","215","2",1,1,"GROUP","HELD",NA
"E6BB0329","220","4",8,1,"DIST-OPEN","SOLD","2026-01-01 07:58:39.226"
"E6BB0329","104","7",12,1,"DIST-OPEN","SOLD","2026-03-14 14:24:59.062"
"E6BB0329","213","9",15,1,"DIST-OPEN","available",NA
"E6BB0329","311","4",1,1,"DIST-OPEN","available",NA
"E6BB0329","314","7",17,1,"GROUP","HELD",NA
"E6BB0329","217","9",6,1,"DIST-OPEN","available",NA
"E6BB0329","312","10",9,1,"DIST-OPEN","available",NA
"E6BB0329","216","7",7,1,"DIST-OPEN","available",NA
"E6BB0329","404","2",4,1,"SEASON","SOLD","2025-10-08 08:32:31.917"
"E6BB0329","309","9",1,1,"SEASON","SOLD","2025-10-30 19:38:26.034"
"E6BB0329","315","10",13,1,"GROUP","COMP","2026-03-10 20:08:27.715"
"E6BB0329","117","9",16,1,"DIST-OPEN","SOLD","2026-01-01 21:43:42.845"
"E6BB0329","308","3",22,1,"DIST-OPEN","available",NA
"E6BB0329","119","9",10,1,"HOLD","HELD",NA
"E6BB0329","305","5",7,1,"SEASON","SOLD","2025-10-24 06:47:20.432"
"E6BB0329","202","6",8,1,"DIST-OPEN","SOLD","2026-02-26 04:36:39.738"
"E6BB0329","216","8",3,1,"GROUP","HELD",NA
"E6BB0329","218","4",10,1,"DIST-OPEN","SOLD","2026-03-12 10:31:10.447"
"E6BB0329","219","5",5,1,"SEASON","SOLD","2025-10-29 09:53:31.911"
"E6BB0329","301","3",7,1,"DIST-OPEN","available",NA
"E6BB0329","205","1",2,1,"SEASON","SOLD","2025-10-16 07:42:50.534"
"E6BB0329","409","9",22,1,"DIST-OPEN","SOLD","2026-02-10 09:04:21.004"
"E6BB0329","112","10",21,1,"HOLD","HELD",NA
"E6BB0329","303","5",2,1,"DIST-OPEN","available",NA
"E6BB0329","316","4",23,1,"HOLD","HELD",NA
"E6BB0329","109","1",16,1,"DIST-OPEN","available",NA
"E6BB0329","310","4",17,1,"DIST-OPEN","COMP","2026-02-06 07:47:41.410"
"E6BB0329","403","1",22,1,"DIST-OPEN","available",NA
"E6BB0329","108","7",7,1,"HOLD","COMP","2026-01-20 05:20:40.477"
"E6BB0329","207","2",18,1,"HOLD","HELD",NA
"E6BB0329","203","4",18,1,"DIST-OPEN","available",NA
"E6BB0329","301","5",9,1,"HOLD","COMP","2026-03-16 05:40:02.873"
"E6BB0329","108","4",12,1,"COMP","HELD",NA
"E6BB0329","111","3",21,1,"DIST-OPEN","COMP","2026-02-25 05:28:28.854"
"E6BB0329","218","6",24,1,"SEASON","SOLD","2025-10-12 17:43:15.713"
"E6BB0329","316","3",9,1,"DIST-OPEN","SOLD","2025-12-29 16:11:39.471"
"E6BB0329","219","8",14,1,"SEASON","SOLD","2025-10-19 11:35:17.379"
"E6BB0329","410","2",6,1,"DIST-OPEN","available",NA
"E6BB0329","117","4",12,1,"DIST-OPEN","SOLD","2026-01-01 22:38:07.928"
"E6BB0329","315","4",4,1,"DIST-OPEN","available",NA
"E6BB0329","403","6",16,1,"DIST-OPEN","available",NA
"E6BB0329","119","5",7,1,"DIST-OPEN","available",NA
"E6BB0329","102","3",5,1,"SEASON","SOLD","2025-10-24 02:08:00.169"
"E6BB0329","318","9",2,1,"DIST-OPEN","SOLD","2025-12-08 16:33:32.715"
"E6BB0329","111","7",2,1,"DIST-OPEN","available",NA
"E6BB0329","313","8",9,1,"DIST-OPEN","available",NA
"E6BB0329","102","2",16,1,"DIST-OPEN","available",NA
"E6BB0329","409","5",16,1,"DIST-OPEN","SOLD","2025-11-15 11:42:51.230"
"E6BB0329","115","4",3,1,"DIST-OPEN","SOLD","2025-12-30 17:13:25.988"
"E6BB0329","302","1",20,1,"SEASON","SOLD","2025-10-23 12:56:49.579"
"E6BB0329","101","6",16,1,"SEASON","SOLD","2025-10-05 11:33:15.929"
"E6BB0329","304","4",20,1,"DIST-OPEN","SOLD","2026-02-17 08:33:21.394"
"E6BB0329","209","5",6,1,"DIST-OPEN","available",NA
"E6BB0329","201","6",6,1,"SEASON","SOLD","2025-10-27 16:54:04.422"
"E6BB0329","317","2",15,1,"DIST-OPEN","available",NA
"E6BB0329","117","4",15,1,"DIST-OPEN","SOLD","2025-12-12 18:18:13.035"
"E6BB0329","217","8",23,1,"SEASON","SOLD","2025-10-09 19:02:46.936"
"E6BB0329","401","4",14,1,"HOLD","HELD",NA
"E6BB0329","208","1",24,1,"SEASON","SOLD","2025-10-19 19:40:26.903"
"E6BB0329","215","7",9,1,"DIST-OPEN","available",NA
"E6BB0329","220","3",1,1,"DIST-OPEN","available",NA
"E6BB0329","104","9",17,1,"DIST-OPEN","SOLD","2025-11-15 21:27:53.426"
"E6BB0329","213","6",1,1,"DIST-OPEN","SOLD","2026-02-25 05:46:03.172"
"E6BB0329","311","2",6,1,"SEASON","SOLD","2025-10-24 03:14:50.329"
"E6BB0329","314","4",14,1,"SEASON","SOLD","2025-10-24 05:40:27.416"
"E6BB0329","217","5",16,1,"DIST-OPEN","SOLD","2026-03-08 23:02:08.495"
"E6BB0329","312","7",8,1,"HOLD","HELD",NA
"E6BB0329","216","6",9,1,"DIST-OPEN","available",NA
"E6BB0329","404","5",9,1,"SEASON","SOLD","2025-10-03 05:04:50.094"
"E6BB0329","309","8",13,1,"DIST-OPEN","available",NA
"E6BB0329","315","8",17,1,"HOLD","HELD",NA
"E6BB0329","117","4",10,1,"DIST-OPEN","COMP","2026-02-24 07:23:48.181"
"E6BB0329","308","1",2,1,"GROUP","COMP","2026-02-14 21:11:43.182"
"E6BB0329","119","6",11,1,"DIST-OPEN","available",NA
"E6BB0329","305","2",16,1,"DIST-OPEN","available",NA
"E6BB0329","202","9",20,1,"HOLD","HELD",NA
"E6BB0329","216","3",22,1,"SEASON","SOLD","2025-10-10 01:27:51.374"
"E6BB0329","218","7",13,1,"DIST-OPEN","SOLD","2026-03-01 15:37:33.765"
"E6BB0329","219","1",12,1,"HOLD","HELD",NA
"E6BB0329","301","10",2,1,"DIST-OPEN","SOLD","2026-03-04 23:57:09.436"
"E6BB0329","205","6",13,1,"HOLD","HELD",NA
"E6BB0329","409","5",14,1,"DIST-OPEN","available",NA
"E6BB0329","112","8",3,1,"COMP","HELD",NA
"E6BB0329","303","9",2,1,"COMP","HELD",NA
"E6BB0329","316","1",1,1,"SEASON","SOLD","2025-10-11 10:40:10.086"
"E6BB0329","109","2",17,1,"DIST-OPEN","SOLD","2026-02-17 10:43:44.258"
"E6BB0329","310","3",20,1,"DIST-OPEN","available",NA
"E6BB0329","403","8",6,1,"SEASON","SOLD","2025-10-12 14:54:58.438"
"E6BB0329","108","2",15,1,"DIST-OPEN","SOLD","2026-02-11 11:54:30.983"
"E6BB0329","207","8",22,1,"COMP","HELD",NA
"E6BB0329","203","3",13,1,"DIST-OPEN","SOLD","2026-01-02 16:09:15.484"
"E6BB0329","301","5",21,1,"DIST-OPEN","available",NA
"E6BB0329","108","5",19,1,"DIST-OPEN","available",NA
"E6BB0329","111","3",12,1,"DIST-OPEN","SOLD","2025-12-16 13:41:30.358"
"E6BB0329","218","8",22,1,"SEASON","SOLD","2025-10-07 07:53:41.222"
"E6BB0329","316","6",15,1,"HOLD","HELD",NA
"E6BB0329","219","1",24,1,"DIST-OPEN","SOLD","2026-03-18 14:33:55.945"
"E6BB0329","410","4",20,1,"DIST-OPEN","available",NA
"E6BB0329","117","5",13,1,"HOLD","HELD",NA
"E6BB0329","315","6",4,1,"SEASON","SOLD","2025-10-02 13:07:14.767"
"E6BB0329","403","8",1,1,"DIST-OPEN","SOLD","2025-12-23 17:28:17.222"
"E6BB0329","119","1",12,1,"DIST-OPEN","available",NA
"E6BB0329","102","3",11,1,"DIST-OPEN","SOLD","2026-01-05 10:42:38.702"
"E6BB0329","318","8",20,1,"DIST-OPEN","available",NA
"E6BB0329","111","6",15,1,"SEASON","SOLD","2025-10-20 08:32:06.797"
"E6BB0329","313","8",4,1,"DIST-OPEN","SOLD","2025-12-27 10:24:07.091"
"E6BB0329","102","5",3,1,"DIST-OPEN","available",NA
"E6BB0329","409","3",19,1,"DIST-OPEN","SOLD","2025-12-27 15:20:04.417"
"E6BB0329","115","5",12,1,"DIST-OPEN","available",NA
"E6BB0329","302","4",11,1,"DIST-OPEN","available",NA
"E6BB0329","101","7",2,1,"SEASON","SOLD","2025-10-25 22:42:22.487"
"E6BB0329","304","3",20,1,"HOLD","HELD",NA
"E6BB0329","209","10",12,1,"SEASON","SOLD","2025-10-23 06:26:10.465"
"E6BB0329","201","5",20,1,"DIST-OPEN","SOLD","2026-02-18 14:21:00.073"
"E6BB0329","317","6",12,1,"DIST-OPEN","available",NA
"E6BB0329","117","9",15,1,"DIST-OPEN","available",NA
"E6BB0329","217","2",12,1,"HOLD","HELD",NA
"E6BB0329","401","8",23,1,"SEASON","SOLD","2025-10-23 00:55:28.640"
"E6BB0329","208","1",19,1,"DIST-OPEN","SOLD","2025-12-09 13:31:46.256"
"E6BB0329","215","10",19,1,"SEASON","SOLD","2025-10-25 19:20:39.992"
"E6BB0329","220","3",18,1,"DIST-OPEN","SOLD","2026-01-04 22:22:53.285"
"E6BB0329","104","4",16,1,"DIST-OPEN","available",NA
"E6BB0329","213","3",17,1,"GROUP","HELD",NA
"E6BB0329","311","8",20,1,"DIST-OPEN","available",NA
"E6BB0329","314","10",12,1,"DIST-OPEN","SOLD","2026-01-22 22:19:55.979"
"E6BB0329","217","3",9,1,"GROUP","HELD",NA
"E6BB0329","312","9",19,1,"COMP","HELD",NA
"E6BB0329","216","7",15,1,"DIST-OPEN","COMP","2026-01-26 15:47:57.715"
"E6BB0329","404","5",4,1,"DIST-OPEN","available",NA
"E6BB0329","309","6",4,1,"DIST-OPEN","available",NA
"E6BB0329","315","3",6,1,"DIST-OPEN","available",NA
"E6BB0329","117","9",10,1,"DIST-OPEN","SOLD","2026-02-10 22:08:58.305"
"E6BB0329","308","10",19,1,"GROUP","HELD",NA
"E6BB0329","119","10",11,1,"COMP","HELD",NA
"E6BB0329","305","1",23,1,"DIST-OPEN","available",NA
"E6BB0329","202","9",18,1,"DIST-OPEN","SOLD","2026-02-14 13:51:17.633"
"E6BB0329","216","1",4,1,"DIST-OPEN","available",NA
"E6BB0329","218","3",24,1,"DIST-OPEN","SOLD","2025-11-16 20:40:03.021"
"E6BB0329","219","4",21,1,"DIST-OPEN","SOLD","2026-03-04 23:07:35.698"
"E6BB0329","301","3",2,1,"DIST-OPEN","SOLD","2026-03-05 12:36:44.659"
"E6BB0329","205","3",9,1,"SEASON","SOLD","2025-10-20 11:19:23.718"
"E6BB0329","409","7",10,1,"SEASON","SOLD","2025-10-07 08:17:55.102"
"E6BB0329","112","1",13,1,"DIST-OPEN","SOLD","2026-03-07 11:38:27.284"
"E6BB0329","303","9",5,1,"DIST-OPEN","available",NA
"E6BB0329","316","3",11,1,"DIST-OPEN","available",NA
"E6BB0329","109","10",23,1,"SEASON","SOLD","2025-10-11 21:28:57.821"
"E6BB0329","310","6",18,1,"DIST-OPEN","SOLD","2025-11-16 07:24:54.241"
"E6BB0329","403","4",18,1,"GROUP","HELD",NA
"E6BB0329","108","5",13,1,"SEASON","SOLD","2025-10-16 00:18:36.818"
"E6BB0329","207","4",10,1,"HOLD","HELD",NA
"E6BB0329","203","3",5,1,"DIST-OPEN","SOLD","2026-03-05 22:30:14.972"
"E6BB0329","301","10",5,1,"HOLD","HELD",NA
"E6BB0329","108","9",5,1,"COMP","HELD",NA
"E6BB0329","111","4",10,1,"DIST-OPEN","available",NA
"E6BB0329","218","5",20,1,"DIST-OPEN","available",NA
"E6BB0329","316","1",9,1,"DIST-OPEN","available",NA
"E6BB0329","219","4",24,1,"DIST-OPEN","SOLD","2025-12-20 16:15:59.513"
"E6BB0329","410","2",6,1,"COMP","HELD",NA
"E6BB0329","117","8",4,1,"DIST-OPEN","available",NA
"E6BB0329","315","5",15,1,"DIST-OPEN","available",NA
"E6BB0329","403","9",15,1,"DIST-OPEN","available",NA
"E6BB0329","119","6",12,1,"DIST-OPEN","SOLD","2026-01-08 07:06:52.482"
"E6BB0329","102","7",16,1,"DIST-OPEN","available",NA
"E6BB0329","318","4",21,1,"SEASON","SOLD","2025-10-27 15:33:23.247"
"E6BB0329","111","5",21,1,"SEASON","SOLD","2025-10-30 04:09:03.459"
"E6BB0329","313","3",20,1,"DIST-OPEN","COMP","2026-03-03 03:08:48.009"
"E6BB0329","102","6",10,1,"HOLD","HELD",NA
"E6BB0329","409","1",6,1,"DIST-OPEN","SOLD","2025-12-24 22:48:25.139"
"E6BB0329","115","7",20,1,"DIST-OPEN","available",NA
"E6BB0329","302","3",18,1,"DIST-OPEN","available",NA
"E6BB0329","101","7",11,1,"DIST-OPEN","available",NA
"E6BB0329","304","1",2,1,"DIST-OPEN","available",NA
"E6BB0329","209","2",6,1,"DIST-OPEN","available",NA
"E6BB0329","201","8",22,1,"DIST-OPEN","available",NA
"E6BB0329","317","2",8,1,"SEASON","SOLD","2025-10-16 21:36:36.384"
"E6BB0329","117","10",6,1,"DIST-OPEN","SOLD","2026-01-24 20:58:26.201"
"E6BB0329","217","1",3,1,"DIST-OPEN","SOLD","2026-02-08 23:32:12.149"
"E6BB0329","401","3",15,1,"HOLD","HELD",NA
"E6BB0329","208","9",23,1,"GROUP","HELD",NA
"E6BB0329","215","5",16,1,"SEASON","SOLD","2025-10-13 11:56:48.158"
"E6BB0329","220","4",19,1,"DIST-OPEN","SOLD","2025-12-17 02:41:11.439"
"E6BB0329","104","5",11,1,"HOLD","HELD",NA
"E6BB0705","105","1",12,1,"SEASON","SOLD","2025-10-15 02:44:35.935"
"E6BB0705","410","6",23,1,"DIST-OPEN","available",NA
"E6BB0705","312","9",11,1,"DIST-OPEN","available",NA
"E6BB0705","118","3",15,1,"HOLD","HELD",NA
"E6BB0705","409","6",11,1,"HOLD","HELD",NA
"E6BB0705","119","2",5,1,"HOLD","HELD",NA
"E6BB0705","118","7",18,1,"SEASON","SOLD","2025-10-31 01:38:04.125"
"E6BB0705","308","5",2,1,"HOLD","HELD",NA
"E6BB0705","116","1",7,1,"SEASON","SOLD","2025-10-29 08:31:31.065"
"E6BB0705","410","8",22,1,"DIST-OPEN","SOLD","2025-12-09 19:11:59.202"
"E6BB0705","305","8",22,1,"DIST-OPEN","COMP","2026-02-22 03:30:07.678"
"E6BB0705","407","8",3,1,"DIST-OPEN","SOLD","2025-12-21 08:03:41.772"
"E6BB0705","206","8",4,1,"DIST-OPEN","available",NA
"E6BB0705","208","5",22,1,"SEASON","SOLD","2025-10-06 13:56:05.584"
"E6BB0705","316","7",10,1,"SEASON","SOLD","2025-10-21 18:16:03.160"
"E6BB0705","219","8",3,1,"SEASON","SOLD","2025-10-08 06:19:16.917"
"E6BB0705","405","4",16,1,"HOLD","HELD",NA
"E6BB0705","120","5",9,1,"DIST-OPEN","SOLD","2026-06-21 01:28:16.228"
"E6BB0705","214","2",22,1,"DIST-OPEN","available",NA
"E6BB0705","110","10",20,1,"DIST-OPEN","SOLD","2026-04-15 14:59:52.381"
"E6BB0705","315","4",14,1,"DIST-OPEN","available",NA
"E6BB0705","307","4",17,1,"DIST-OPEN","COMP","2026-01-19 12:05:28.946"
"E6BB0705","210","6",24,1,"DIST-OPEN","available",NA
"E6BB0705","409","1",14,1,"DIST-OPEN","available",NA
"E6BB0705","309","3",15,1,"DIST-OPEN","available",NA
"E6BB0705","404","3",1,1,"DIST-OPEN","available",NA
"E6BB0705","310","10",7,1,"DIST-OPEN","SOLD","2026-04-24 07:03:44.797"
"E6BB0705","407","7",4,1,"HOLD","HELD",NA
"E6BB0705","208","2",6,1,"SEASON","SOLD","2025-10-10 00:30:44.698"
"E6BB0705","401","6",13,1,"DIST-OPEN","available",NA
"E6BB0705","120","5",22,1,"DIST-OPEN","available",NA
"E6BB0705","211","8",13,1,"SEASON","SOLD","2025-10-19 15:34:50.053"
"E6BB0705","306","10",11,1,"SEASON","SOLD","2025-10-25 22:41:09.416"
"E6BB0705","209","4",16,1,"HOLD","COMP","2026-03-20 00:04:06.847"
"E6BB0705","107","9",5,1,"COMP","HELD",NA
"E6BB0705","316","8",14,1,"SEASON","SOLD","2025-10-04 04:10:43.550"
"E6BB0705","315","8",13,1,"DIST-OPEN","available",NA
"E6BB0705","305","4",6,1,"HOLD","HELD",NA
"E6BB0705","311","2",3,1,"DIST-OPEN","available",NA
"E6BB0705","319","10",8,1,"DIST-OPEN","available",NA
"E6BB0705","216","6",14,1,"DIST-OPEN","available",NA
"E6BB0705","406","1",5,1,"DIST-OPEN","available",NA
"E6BB0705","215","3",8,1,"DIST-OPEN","available",NA
"E6BB0705","308","5",15,1,"COMP","HELD",NA
"E6BB0705","101","4",8,1,"DIST-OPEN","SOLD","2026-05-03 11:41:04.498"
"E6BB0705","219","4",13,1,"DIST-OPEN","SOLD","2026-01-06 08:50:06.730"
"E6BB0705","313","8",12,1,"DIST-OPEN","COMP","2026-01-04 20:42:11.221"
"E6BB0705","208","3",9,1,"DIST-OPEN","available",NA
"E6BB0705","314","2",24,1,"GROUP","HELD",NA
"E6BB0705","114","5",4,1,"DIST-OPEN","available",NA
"E6BB0705","308","5",17,1,"DIST-OPEN","available",NA
"E6BB0705","313","1",17,1,"DIST-OPEN","available",NA
"E6BB0705","409","8",11,1,"DIST-OPEN","SOLD","2026-07-02 05:13:26.995"
"E6BB0705","107","6",10,1,"COMP","COMP","2026-01-24 11:11:44.928"
"E6BB0705","320","5",9,1,"SEASON","SOLD","2025-10-12 01:46:43.654"
"E6BB0705","105","3",1,1,"DIST-OPEN","available",NA
"E6BB0705","209","6",2,1,"DIST-OPEN","available",NA
"E6BB0705","117","10",12,1,"DIST-OPEN","SOLD","2025-12-21 00:00:42.846"
"E6BB0705","307","9",9,1,"COMP","HELD",NA
"E6BB0705","305","2",3,1,"DIST-OPEN","SOLD","2026-01-14 00:45:15.887"
"E6BB0705","105","10",20,1,"DIST-OPEN","available",NA
"E6BB0705","410","8",17,1,"SEASON","SOLD","2025-10-03 06:44:35.018"
"E6BB0705","312","9",11,1,"DIST-OPEN","available",NA
"E6BB0705","118","2",24,1,"COMP","HELD",NA
"E6BB0705","409","6",17,1,"DIST-OPEN","SOLD","2026-04-19 23:02:39.639"
"E6BB0705","119","2",24,1,"GROUP","HELD",NA
"E6BB0705","118","5",20,1,"SEASON","SOLD","2025-10-05 00:05:39.942"
"E6BB0705","308","4",12,1,"DIST-OPEN","available",NA
"E6BB0705","116","4",2,1,"SEASON","SOLD","2025-10-01 22:14:27.983"
"E6BB0705","410","8",11,1,"DIST-OPEN","available",NA
"E6BB0705","305","7",10,1,"DIST-OPEN","available",NA
"E6BB0705","407","4",11,1,"DIST-OPEN","SOLD","2026-01-09 08:37:42.489"
"E6BB0705","206","6",23,1,"DIST-OPEN","available",NA
"E6BB0705","208","3",13,1,"DIST-OPEN","SOLD","2026-04-28 02:34:58.668"
"E6BB0705","316","9",15,1,"DIST-OPEN","available",NA
"E6BB0705","219","1",5,1,"COMP","HELD",NA
"E6BB0705","405","1",8,1,"DIST-OPEN","SOLD","2026-03-19 05:02:37.931"
"E6BB0705","120","3",11,1,"SEASON","SOLD","2025-10-15 00:47:21.217"
"E6BB0705","214","6",1,1,"SEASON","SOLD","2025-10-27 04:38:04.702"
"E6BB0705","110","6",19,1,"DIST-OPEN","SOLD","2026-01-29 01:06:02.141"
"E6BB0705","315","4",11,1,"GROUP","COMP","2026-03-13 06:30:39.636"
"E6BB0705","307","4",5,1,"DIST-OPEN","available",NA
"E6BB0705","210","5",16,1,"DIST-OPEN","available",NA
"E6BB0705","409","3",18,1,"GROUP","HELD",NA
"E6BB0705","309","3",4,1,"HOLD","HELD",NA
"E6BB0705","404","1",14,1,"DIST-OPEN","SOLD","2026-03-11 18:55:42.252"
"E6BB0705","310","9",10,1,"DIST-OPEN","available",NA
"E6BB0705","407","6",24,1,"DIST-OPEN","SOLD","2026-03-24 06:17:27.091"
"E6BB0705","208","8",23,1,"DIST-OPEN","available",NA
"E6BB0705","401","10",14,1,"HOLD","HELD",NA
"E6BB0705","120","6",6,1,"DIST-OPEN","SOLD","2026-01-02 08:55:20.219"
"E6BB0705","211","3",14,1,"DIST-OPEN","SOLD","2026-05-20 15:04:26.668"
"E6BB0705","306","3",20,1,"DIST-OPEN","SOLD","2026-01-23 08:35:27.336"
"E6BB0705","209","10",12,1,"DIST-OPEN","available",NA
"E6BB0705","107","4",22,1,"DIST-OPEN","SOLD","2026-07-01 05:55:41.593"
"E6BB0705","316","5",4,1,"DIST-OPEN","SOLD","2026-05-21 22:15:03.423"
"E6BB0705","315","7",1,1,"DIST-OPEN","available",NA
"E6BB0705","305","3",24,1,"DIST-OPEN","SOLD","2025-12-23 00:53:21.713"
"E6BB0705","311","5",8,1,"DIST-OPEN","available",NA
"E6BB0705","319","2",21,1,"DIST-OPEN","SOLD","2026-03-16 20:46:56.143"
"E6BB0705","216","9",2,1,"HOLD","HELD",NA
"E6BB0705","406","4",24,1,"DIST-OPEN","available",NA
"E6BB0705","215","5",4,1,"SEASON","SOLD","2025-10-13 11:34:28.898"
"E6BB0705","308","6",11,1,"DIST-OPEN","SOLD","2026-04-23 14:35:52.247"
"E6BB0705","101","8",18,1,"COMP","HELD",NA
"E6BB0705","219","1",18,1,"DIST-OPEN","SOLD","2026-06-05 14:37:11.986"
"E6BB0705","313","6",9,1,"DIST-OPEN","COMP","2026-02-04 07:05:26.392"
"E6BB0705","208","2",5,1,"GROUP","HELD",NA
"E6BB0705","314","5",3,1,"SEASON","SOLD","2025-10-11 12:42:47.047"
"E6BB0705","114","9",19,1,"DIST-OPEN","available",NA
"E6BB0705","308","4",22,1,"HOLD","HELD",NA
"E6BB0705","313","7",22,1,"DIST-OPEN","available",NA
"E6BB0705","409","6",21,1,"SEASON","SOLD","2025-10-26 12:15:54.574"
"E6BB0705","107","4",14,1,"DIST-OPEN","available",NA
"E6BB0705","320","1",23,1,"DIST-OPEN","available",NA
"E6BB0705","105","7",6,1,"COMP","COMP","2026-01-18 10:02:26.795"
"E6BB0705","209","9",11,1,"SEASON","SOLD","2025-10-20 06:21:42.809"
"E6BB0705","117","4",9,1,"HOLD","HELD",NA
"E6BB0705","307","8",23,1,"DIST-OPEN","available",NA
"E6BB0705","305","4",8,1,"COMP","HELD",NA
"E6BB0705","105","1",11,1,"DIST-OPEN","SOLD","2026-01-22 11:34:51.837"
"E6BB0705","410","1",22,1,"GROUP","COMP","2026-02-01 15:44:33.222"
"E6BB0705","312","2",19,1,"DIST-OPEN","SOLD","2025-12-09 07:40:42.777"
"E6BB0705","118","1",2,1,"COMP","HELD",NA
"E6BB0705","409","5",8,1,"DIST-OPEN","COMP","2026-02-16 12:26:27.609"
"E6BB0705","119","1",16,1,"SEASON","SOLD","2025-10-25 21:01:26.419"
"E6BB0705","118","2",15,1,"HOLD","HELD",NA
"E6BB0705","308","9",4,1,"DIST-OPEN","available",NA
"E6BB0705","116","10",13,1,"HOLD","COMP","2026-01-16 14:22:43.926"
"E6BB0705","410","1",15,1,"HOLD","COMP","2026-02-03 11:32:30.848"
"E6BB0705","305","8",15,1,"DIST-OPEN","available",NA
"E6BB0705","407","6",19,1,"SEASON","SOLD","2025-10-19 07:38:27.263"
"E6BB0705","206","10",8,1,"SEASON","SOLD","2025-10-15 10:36:54.867"
"E6BB0705","208","10",8,1,"DIST-OPEN","SOLD","2025-11-22 18:33:56.096"
"E6BB0705","316","2",18,1,"DIST-OPEN","available",NA
"E6BB0705","219","10",1,1,"DIST-OPEN","COMP","2026-01-23 17:58:29.310"
"E6BB0705","405","3",23,1,"DIST-OPEN","available",NA
"E6BB0705","120","5",6,1,"GROUP","HELD",NA
"E6BB0705","214","1",6,1,"DIST-OPEN","available",NA
"E6BB0705","110","2",18,1,"DIST-OPEN","available",NA
"E6BB0705","315","7",9,1,"DIST-OPEN","available",NA
"E6BB0705","307","8",16,1,"HOLD","HELD",NA
"E6BB0705","210","6",16,1,"SEASON","SOLD","2025-10-08 15:17:56.207"
"E6BB0705","409","8",22,1,"SEASON","SOLD","2025-10-19 22:33:28.754"
"E6BB0705","309","6",18,1,"DIST-OPEN","COMP","2026-01-17 20:20:22.910"
"E6BB0705","404","7",11,1,"SEASON","SOLD","2025-10-26 09:58:40.570"
"E6BB0705","310","8",4,1,"HOLD","HELD",NA
"E6BB0705","407","9",23,1,"GROUP","HELD",NA
"E6BB0705","208","9",19,1,"DIST-OPEN","available",NA
"E6BB0705","401","1",11,1,"DIST-OPEN","SOLD","2026-01-18 14:08:46.520"
"E6BB0705","120","1",12,1,"DIST-OPEN","available",NA
"E6BB0705","211","10",16,1,"DIST-OPEN","available",NA
"E6BB0705","306","8",12,1,"DIST-OPEN","SOLD","2026-06-14 07:07:53.415"
"E6BB0705","209","8",6,1,"DIST-OPEN","available",NA
"E6BB0705","107","2",8,1,"SEASON","SOLD","2025-10-23 04:45:29.859"
"E6BB0705","316","7",22,1,"SEASON","SOLD","2025-10-29 12:00:01.074"
"E6BB0705","315","4",18,1,"DIST-OPEN","COMP","2026-02-02 02:02:43.902"
"E6BB0705","305","6",21,1,"HOLD","HELD",NA
"E6BB0705","311","7",22,1,"DIST-OPEN","available",NA
"E6BB0705","319","9",12,1,"DIST-OPEN","available",NA
"E6BB0705","216","8",19,1,"DIST-OPEN","SOLD","2026-01-13 04:33:02.264"
"E6BB0705","406","7",23,1,"DIST-OPEN","COMP","2026-02-11 01:41:25.004"
"E6BB0705","215","2",18,1,"DIST-OPEN","SOLD","2026-05-01 21:22:40.017"
"E6BB0705","308","4",17,1,"DIST-OPEN","available",NA
"E6BB0705","101","4",5,1,"DIST-OPEN","available",NA
"E6BB0705","219","6",18,1,"DIST-OPEN","available",NA
"E6BB0705","313","2",20,1,"SEASON","SOLD","2025-10-28 07:17:42.100"
"E6BB0705","208","9",24,1,"DIST-OPEN","SOLD","2026-05-27 12:30:38.889"
"E6BB0705","314","3",4,1,"HOLD","COMP","2026-03-10 19:38:35.325"
"E6BB0705","114","2",24,1,"DIST-OPEN","available",NA
"E6BB0705","308","8",15,1,"DIST-OPEN","available",NA
"E6BB0705","313","6",9,1,"DIST-OPEN","SOLD","2026-06-02 12:12:23.690"
"E6BB0705","409","6",19,1,"SEASON","SOLD","2025-10-10 02:53:29.879"
"E6BB0705","107","1",8,1,"SEASON","SOLD","2025-10-01 21:37:25.993"
"E6BB0705","320","6",7,1,"GROUP","HELD",NA
"E6BB0705","105","2",4,1,"SEASON","SOLD","2025-10-01 17:34:15.050"
"E6BB0705","209","3",4,1,"DIST-OPEN","SOLD","2025-12-22 02:52:15.165"
"E6BB0705","117","3",19,1,"GROUP","HELD",NA
"E6BB0705","307","1",7,1,"HOLD","HELD",NA
"E6BB0705","305","4",6,1,"DIST-OPEN","available",NA
"E6BB0705","105","7",18,1,"DIST-OPEN","SOLD","2026-02-05 22:24:08.540"
"E6BB0705","410","2",21,1,"DIST-OPEN","available",NA
"E6BB0705","312","4",15,1,"SEASON","SOLD","2025-10-09 13:33:24.909"
"E6BB0705","118","7",10,1,"HOLD","HELD",NA
"E6BB0705","409","2",6,1,"SEASON","SOLD","2025-10-17 00:27:01.702"
"E6BB0705","119","5",2,1,"GROUP","HELD",NA
"E6BB0705","118","10",6,1,"DIST-OPEN","available",NA
"E6BB0705","308","3",11,1,"DIST-OPEN","available",NA
"E6BB0705","116","2",10,1,"DIST-OPEN","SOLD","2026-01-22 10:01:01.691"
"E6BB0705","410","2",24,1,"DIST-OPEN","SOLD","2026-01-12 21:54:36.150"
"E6BB0705","305","8",3,1,"SEASON","SOLD","2025-10-22 13:45:05.887"
"E6BB0705","407","4",11,1,"DIST-OPEN","available",NA
"E6BB0705","206","3",10,1,"HOLD","HELD",NA
"E6BB0705","208","1",21,1,"HOLD","HELD",NA
"E6BB0705","316","5",14,1,"DIST-OPEN","SOLD","2026-06-07 20:49:33.331"
"E6BB0705","219","9",6,1,"HOLD","HELD",NA
"E6BB0705","405","10",14,1,"DIST-OPEN","COMP","2026-01-13 08:41:14.847"
"E6BB0705","120","6",8,1,"SEASON","SOLD","2025-10-26 08:34:58.035"
"E6BB0705","214","3",9,1,"DIST-OPEN","SOLD","2026-06-28 13:22:37.784"
"E6BB0705","110","7",11,1,"DIST-OPEN","available",NA
"E6BB0705","315","7",18,1,"DIST-OPEN","available",NA
"E6BB0705","307","3",5,1,"DIST-OPEN","COMP","2026-03-07 02:02:55.654"
"E6BB0705","210","3",7,1,"GROUP","HELD",NA
"E6BB0705","409","5",13,1,"HOLD","HELD",NA
"E6BB0705","309","9",14,1,"DIST-OPEN","SOLD","2025-12-27 15:28:53.278"
"E6BB0705","404","2",23,1,"DIST-OPEN","available",NA
"E6BB0705","310","10",24,1,"DIST-OPEN","available",NA
"E6BB0705","407","2",3,1,"COMP","COMP","2026-03-13 07:30:02.374"
"E6BB0705","208","10",9,1,"COMP","COMP","2026-02-26 19:00:10.145"
"E6BB0705","401","2",18,1,"HOLD","HELD",NA
"E6BB0705","120","10",2,1,"DIST-OPEN","available",NA
"E6BB0705","211","3",1,1,"SEASON","SOLD","2025-10-24 12:34:07.722"
"E6BB0705","306","8",6,1,"DIST-OPEN","available",NA
"E6BB0705","209","6",11,1,"HOLD","HELD",NA
"E6BB0705","107","1",13,1,"DIST-OPEN","available",NA
"E6BB0705","316","9",8,1,"DIST-OPEN","SOLD","2025-12-03 11:30:44.457"
"E6BB0705","315","6",2,1,"GROUP","HELD",NA
"E6BB0705","305","10",18,1,"DIST-OPEN","available",NA
"E6BB0705","311","7",6,1,"SEASON","SOLD","2025-10-03 16:59:57.805"
"E6BB0705","319","10",24,1,"DIST-OPEN","COMP","2026-01-28 19:26:10.253"
"E6BB0705","216","1",1,1,"DIST-OPEN","SOLD","2026-02-04 20:24:26.987"
"E6BB0705","406","8",17,1,"SEASON","SOLD","2025-10-20 06:41:56.772"
"E6BB0705","215","9",22,1,"SEASON","SOLD","2025-10-31 06:21:01.196"
"E6BB0705","308","8",9,1,"DIST-OPEN","COMP","2026-03-04 18:08:24.718"
"E6BB0705","101","10",7,1,"SEASON","SOLD","2025-10-17 07:20:04.429"
"E6BB0705","219","6",16,1,"DIST-OPEN","SOLD","2026-03-27 07:05:32.459"
"E6BB0705","313","7",23,1,"DIST-OPEN","available",NA
"E6BB0705","208","4",8,1,"DIST-OPEN","available",NA
"E6BB0705","314","1",8,1,"GROUP","HELD",NA
"E6BB0705","114","6",12,1,"DIST-OPEN","SOLD","2026-05-04 13:11:53.644"
"E6BB0705","308","5",6,1,"COMP","HELD",NA
"E6BB0705","313","7",7,1,"DIST-OPEN","SOLD","2026-03-20 04:21:04.850"
"E6BB0705","409","4",15,1,"DIST-OPEN","SOLD","2026-06-28 15:41:42.495"
"E6BB0705","107","2",1,1,"GROUP","HELD",NA
"E6BB0705","320","7",21,1,"HOLD","HELD",NA
"E6BB0705","105","2",10,1,"COMP","COMP","2026-02-25 23:27:25.916"
"E6BB0705","209","2",20,1,"DIST-OPEN","available",NA
"E6BB0705","117","7",4,1,"COMP","HELD",NA
"E6BB0705","307","4",22,1,"DIST-OPEN","available",NA
"E6BB0705","305","5",15,1,"DIST-OPEN","available",NA
"E6BB0705","105","10",10,1,"SEASON","SOLD","2025-10-26 19:47:53.127"
"E6BB0705","410","9",18,1,"SEASON","SOLD","2025-10-10 22:25:43.543"
"E6BB0705","312","7",18,1,"DIST-OPEN","available",NA
"E6BB0705","118","1",5,1,"DIST-OPEN","available",NA
"E6BB0705","409","10",12,1,"HOLD","HELD",NA
"E6BB0705","119","3",17,1,"DIST-OPEN","SOLD","2026-06-05 03:14:08.909"
"E6BB0705","118","4",20,1,"DIST-OPEN","SOLD","2025-12-03 07:30:20.112"
"E6BB0705","308","4",9,1,"DIST-OPEN","available",NA
"E6BB0705","116","3",13,1,"DIST-OPEN","available",NA
"E6BB0705","410","4",2,1,"COMP","HELD",NA
"E6BB0705","305","8",23,1,"DIST-OPEN","available",NA
"E6BB0705","407","2",20,1,"SEASON","SOLD","2025-10-26 02:18:17.281"
"E6BB0705","206","4",19,1,"DIST-OPEN","SOLD","2026-05-22 22:15:20.173"
"E6BB0705","208","5",2,1,"DIST-OPEN","available",NA
"E6BB0705","316","8",14,1,"DIST-OPEN","available",NA
"E6BB0705","219","1",24,1,"DIST-OPEN","SOLD","2026-03-17 23:02:45.827"
"E6BB0705","405","4",22,1,"DIST-OPEN","available",NA
"E6BB0705","120","5",13,1,"HOLD","HELD",NA
"E6BB0705","214","2",10,1,"SEASON","SOLD","2025-10-01 19:40:59.611"
"E6BB0705","110","9",3,1,"SEASON","SOLD","2025-10-17 04:33:42.034"
"E6BB0705","315","9",6,1,"DIST-OPEN","SOLD","2026-02-06 09:53:33.055"
"E6BB0705","307","10",17,1,"DIST-OPEN","SOLD","2025-12-01 21:16:24.099"
"E6BB0705","210","7",6,1,"HOLD","HELD",NA
"E6BB0705","409","8",24,1,"DIST-OPEN","SOLD","2026-03-18 02:38:31.810"
"E6BB0705","309","7",22,1,"COMP","HELD",NA
"E6BB0705","404","1",2,1,"DIST-OPEN","SOLD","2026-05-03 07:32:38.313"
"E6BB0705","310","7",21,1,"DIST-OPEN","available",NA
"E6BB0705","407","3",18,1,"SEASON","SOLD","2025-10-10 17:02:26.087"
"E6BB0705","208","1",14,1,"DIST-OPEN","available",NA
"E6BB0705","401","6",13,1,"DIST-OPEN","available",NA
"E6BB0705","120","2",7,1,"DIST-OPEN","available",NA
"E6BB0705","211","10",15,1,"COMP","HELD",NA
"E6BB0705","306","5",3,1,"DIST-OPEN","available",NA
"E6BB0705","209","9",11,1,"DIST-OPEN","SOLD","2026-04-24 18:52:12.537"
"E6BB0705","107","3",15,1,"DIST-OPEN","available",NA
"E6BB0705","316","7",22,1,"DIST-OPEN","available",NA
"E6BB0705","315","3",18,1,"DIST-OPEN","available",NA
"E6BB0705","305","3",17,1,"GROUP","HELD",NA
"E6BB0705","311","1",9,1,"SEASON","SOLD","2025-10-02 08:58:29.056"
"E6BB0705","319","1",1,1,"SEASON","SOLD","2025-10-27 23:05:07.329"
"E6BB0705","216","1",1,1,"DIST-OPEN","available",NA
"E6BB0705","406","1",11,1,"DIST-OPEN","available",NA
"E6BB0705","215","5",3,1,"DIST-OPEN","SOLD","2026-02-02 05:15:54.145"
"E6BB0705","308","7",7,1,"SEASON","SOLD","2025-10-21 16:43:12.791"
"E6BB0705","101","6",21,1,"DIST-OPEN","available",NA
"E6BB0705","219","6",6,1,"DIST-OPEN","available",NA
"E6BB0705","313","4",13,1,"DIST-OPEN","available",NA
"E6BB0705","208","6",4,1,"SEASON","SOLD","2025-10-03 11:09:20.923"
"E6BB0705","314","10",13,1,"DIST-OPEN","available",NA
"E6BB0705","114","10",10,1,"DIST-OPEN","SOLD","2026-03-21 00:51:48.157"
"E6BB0705","308","7",20,1,"DIST-OPEN","available",NA
"E6BB0705","313","5",17,1,"SEASON","SOLD","2025-10-25 18:23:03.745"
"E6BB0705","409","6",20,1,"DIST-OPEN","available",NA
"E6BB0705","107","2",7,1,"GROUP","HELD",NA
"E6BB0705","320","7",11,1,"SEASON","SOLD","2025-10-06 10:23:42.061"
"E6BB0705","105","2",24,1,"SEASON","SOLD","2025-10-23 11:15:00.789"
"E6BB0705","209","4",2,1,"DIST-OPEN","COMP","2026-03-01 12:53:34.877"
"E6BB0705","117","10",19,1,"DIST-OPEN","available",NA
"E6BB0705","307","8",6,1,"HOLD","HELD",NA
"E6BB0705","305","1",19,1,"HOLD","HELD",NA
"E6BB0705","105","4",17,1,"DIST-OPEN","available",NA
"E6BB0705","410","10",7,1,"DIST-OPEN","SOLD","2025-12-02 20:02:07.085"
"E6BB0705","312","10",13,1,"COMP","HELD",NA
"E6BB0705","118","5",11,1,"GROUP","HELD",NA
"E6BB0705","409","6",15,1,"DIST-OPEN","available",NA
"E6BB0705","119","8",23,1,"DIST-OPEN","COMP","2026-02-20 02:10:17.790"
"E6BB0705","118","8",16,1,"DIST-OPEN","SOLD","2026-05-21 01:32:59.411"
"E6BB0705","308","9",17,1,"HOLD","HELD",NA
"E6BB0705","116","7",3,1,"DIST-OPEN","available",NA
"E6BB0705","410","8",22,1,"HOLD","HELD",NA
"E6BB0705","305","6",22,1,"DIST-OPEN","available",NA
"E6BB0705","407","6",17,1,"SEASON","SOLD","2025-10-17 01:37:44.182"
"E6BB0705","206","5",3,1,"DIST-OPEN","COMP","2026-01-15 18:01:00.607"
"E6BB0705","208","1",5,1,"SEASON","SOLD","2025-10-03 17:41:31.734"
"E6BB0705","316","1",19,1,"DIST-OPEN","SOLD","2026-03-12 05:17:59.358"
"E6BB0705","219","10",20,1,"DIST-OPEN","available",NA
"E6BB0705","405","9",23,1,"DIST-OPEN","available",NA
"E6BB0705","120","9",14,1,"DIST-OPEN","SOLD","2026-05-02 19:26:21.820"
"E6BB0705","214","6",5,1,"DIST-OPEN","available",NA
"E6BB0705","110","8",19,1,"DIST-OPEN","available",NA
"E6BB0705","315","8",1,1,"DIST-OPEN","available",NA
"E6BB0705","307","7",17,1,"DIST-OPEN","available",NA
"E6BB0705","210","2",11,1,"SEASON","SOLD","2025-10-17 17:54:25.590"
"E6BB0705","409","5",12,1,"DIST-OPEN","SOLD","2026-01-16 07:36:59.424"
"E6BB0705","309","10",18,1,"DIST-OPEN","SOLD","2026-04-28 06:09:01.247"
"E6BB0705","404","3",22,1,"HOLD","COMP","2026-01-27 16:43:08.280"
"E6BB0705","310","8",4,1,"DIST-OPEN","available",NA
"E6BB0705","407","8",24,1,"DIST-OPEN","SOLD","2026-06-03 19:37:10.189"
"E6BB0705","208","10",20,1,"HOLD","HELD",NA
"E6BB0705","401","9",7,1,"DIST-OPEN","available",NA
"E6BB0705","120","1",3,1,"DIST-OPEN","available",NA
"E6BB0705","211","3",24,1,"GROUP","HELD",NA
"E6BB0705","306","2",11,1,"SEASON","SOLD","2025-10-05 13:15:27.484"
"E6BB0705","209","5",6,1,"DIST-OPEN","SOLD","2025-11-30 00:22:16.781"
"E6BB0705","107","9",4,1,"DIST-OPEN","SOLD","2026-05-19 19:41:34.375"
"E6BB0705","316","8",2,1,"HOLD","HELD",NA
"E6BB0705","315","7",23,1,"DIST-OPEN","SOLD","2026-02-19 22:22:58.711"
"E6BB0705","305","5",11,1,"DIST-OPEN","SOLD","2026-04-24 20:13:46.788"
"E6BB0705","311","4",7,1,"HOLD","HELD",NA
"E6BB0705","319","5",18,1,"GROUP","HELD",NA
"E6BB0705","216","4",20,1,"HOLD","HELD",NA
"E6BB0705","406","1",18,1,"SEASON","SOLD","2025-10-13 05:01:08.414"
"E6BB0705","215","2",3,1,"DIST-OPEN","SOLD","2026-05-06 07:16:18.022"
"E6BB0705","308","1",6,1,"HOLD","HELD",NA
"E6BB0705","101","3",5,1,"SEASON","SOLD","2025-10-24 23:05:14.272"
"E6BB0705","219","10",15,1,"DIST-OPEN","COMP","2026-01-30 17:12:30.146"
"E6BB0705","313","10",15,1,"HOLD","HELD",NA
"E6BB0705","208","8",20,1,"DIST-OPEN","SOLD","2026-04-17 10:26:49.029"
"E6BB0705","314","7",10,1,"DIST-OPEN","SOLD","2026-02-02 07:19:14.611"
"E6BB0705","114","2",12,1,"DIST-OPEN","SOLD","2025-11-30 05:29:42.221"
"E6BB0705","308","5",4,1,"DIST-OPEN","available",NA
"E6BB0705","313","9",23,1,"DIST-OPEN","SOLD","2026-03-16 06:14:55.519"
"E6BB0705","409","8",13,1,"DIST-OPEN","available",NA
"E6BB0705","107","3",15,1,"SEASON","SOLD","2025-10-08 23:45:52.488"
"E6BB0705","320","5",8,1,"GROUP","HELD",NA
"E6BB0705","105","10",18,1,"DIST-OPEN","available",NA
"E6BB0705","209","1",20,1,"DIST-OPEN","available",NA
"E6BB0705","117","7",10,1,"SEASON","SOLD","2025-10-06 04:25:55.272"
"E6BB0705","307","8",11,1,"DIST-OPEN","available",NA
"E6BB0705","305","9",19,1,"SEASON","SOLD","2025-10-29 19:02:47.303"
"E6BB0705","105","5",22,1,"SEASON","SOLD","2025-10-02 02:52:39.130"
"E6BB0705","410","3",10,1,"SEASON","SOLD","2025-10-07 13:43:47.776"
"E6BB0705","312","9",13,1,"DIST-OPEN","available",NA
"E6BB0705","118","2",14,1,"DIST-OPEN","available",NA
"E6BB0705","409","6",10,1,"DIST-OPEN","available",NA
"E6BB0705","119","8",12,1,"SEASON","SOLD","2025-10-05 07:29:34.924"
"E6BB0705","118","7",19,1,"HOLD","HELD",NA
"E6BB0705","308","8",14,1,"COMP","HELD",NA
"E6BB0705","116","2",3,1,"SEASON","SOLD","2025-10-05 05:00:20.281"
"E6BB0705","410","5",4,1,"DIST-OPEN","SOLD","2025-12-24 21:45:00.345"
"E6BB0705","305","1",16,1,"DIST-OPEN","available",NA
"E6BB0705","407","9",13,1,"DIST-OPEN","SOLD","2026-05-31 10:22:07.244"
"E6BB0705","206","9",23,1,"DIST-OPEN","available",NA
"E6BB0705","208","10",13,1,"DIST-OPEN","available",NA
"E6BB0705","316","7",12,1,"DIST-OPEN","available",NA
"E6BB0705","219","1",10,1,"DIST-OPEN","SOLD","2026-05-22 15:45:53.025"
"E6BB0705","405","2",21,1,"SEASON","SOLD","2025-10-08 10:04:35.357"
"E6BB0705","120","4",5,1,"DIST-OPEN","available",NA
"E6BB0705","214","10",4,1,"SEASON","SOLD","2025-10-11 01:00:14.428"
"E6BB0705","110","3",24,1,"DIST-OPEN","available",NA
"E6BB0705","315","3",14,1,"DIST-OPEN","available",NA
"E6BB0705","307","2",14,1,"DIST-OPEN","SOLD","2026-04-09 15:12:09.748"
"E6BB0705","210","9",20,1,"HOLD","HELD",NA
"E6BB0705","409","8",21,1,"HOLD","HELD",NA
"E6BB0705","309","6",16,1,"DIST-OPEN","SOLD","2026-02-16 18:42:21.409"
"E6BB0705","404","8",1,1,"DIST-OPEN","available",NA
"E6BB0705","310","2",8,1,"SEASON","SOLD","2025-10-27 15:56:44.281"
"E6BB0705","407","8",23,1,"SEASON","SOLD","2025-10-04 09:56:37.065"
"E6BB0705","208","4",11,1,"DIST-OPEN","available",NA
"E6BB0705","401","2",21,1,"COMP","COMP","2026-02-11 13:09:18.858"
"E6BB0705","120","9",19,1,"SEASON","SOLD","2025-10-16 14:32:45.579"
"E6BB0705","211","3",8,1,"DIST-OPEN","SOLD","2026-02-20 14:19:04.471"
"E6BB0705","306","10",23,1,"HOLD","HELD",NA
"E6BB0705","209","5",15,1,"DIST-OPEN","available",NA
"E6BB0705","107","5",2,1,"SEASON","SOLD","2025-10-10 09:52:58.955"
"E6BB0705","316","5",10,1,"DIST-OPEN","available",NA
"E6BB0705","315","9",22,1,"DIST-OPEN","SOLD","2026-05-06 10:28:49.067"
"E6BB0705","305","6",1,1,"SEASON","SOLD","2025-10-25 11:23:04.344"
"E6BB0705","311","8",12,1,"DIST-OPEN","available",NA
"E6BB0705","319","5",10,1,"DIST-OPEN","SOLD","2026-03-21 03:42:09.293"
"E6BB0705","216","10",11,1,"HOLD","HELD",NA
"E6BB0705","406","10",17,1,"DIST-OPEN","SOLD","2026-05-05 10:32:08.455"
"E6BB0705","215","3",8,1,"DIST-OPEN","SOLD","2025-11-16 11:47:05.852"
"E6BB0705","308","10",8,1,"HOLD","HELD",NA
"E6BB0705","101","5",2,1,"DIST-OPEN","available",NA
"E6BB0705","219","10",15,1,"SEASON","SOLD","2025-10-12 06:13:18.765"
"E6BB0705","313","10",17,1,"DIST-OPEN","available",NA
"E6BB0705","208","7",15,1,"HOLD","COMP","2026-02-13 13:38:46.233"
"E6BB0705","314","4",18,1,"DIST-OPEN","available",NA
"E6BB0705","114","9",3,1,"SEASON","SOLD","2025-10-26 16:53:33.850"
"E6BB0705","308","2",2,1,"DIST-OPEN","SOLD","2026-04-20 09:59:53.902"
"E6BB0705","313","8",15,1,"DIST-OPEN","available",NA
"E6BB0705","409","7",10,1,"DIST-OPEN","SOLD","2026-05-21 02:23:15.480"
"E6BB0705","107","5",2,1,"DIST-OPEN","available",NA
"E6BB0705","320","7",13,1,"DIST-OPEN","SOLD","2026-05-13 14:59:22.700"
"E6BB0705","105","7",12,1,"DIST-OPEN","SOLD","2026-05-26 10:14:47.779"
"E6BB0705","209","7",19,1,"DIST-OPEN","COMP","2026-01-11 17:17:00.188"
"E6BB0705","117","5",2,1,"DIST-OPEN","COMP","2026-01-10 15:30:18.244"
"E6BB0705","307","9",5,1,"DIST-OPEN","available",NA
"E6BB0705","305","2",4,1,"SEASON","SOLD","2025-10-19 11:00:51.128"
"E6BB0705","105","10",16,1,"DIST-OPEN","available",NA
"E6BB0705","410","6",8,1,"DIST-OPEN","SOLD","2026-06-27 05:34:47.420"
"E6BB0705","312","5",1,1,"SEASON","SOLD","2025-10-28 19:52:26.412"
"E6BB0705","118","9",20,1,"DIST-OPEN","available",NA
"E6BB0705","409","8",11,1,"HOLD","HELD",NA
"E6BB0705","119","8",17,1,"SEASON","SOLD","2025-10-20 14:48:57.158"
"E6BB0705","118","7",24,1,"DIST-OPEN","SOLD","2026-03-30 17:58:10.360"
"E6BB0705","308","3",4,1,"DIST-OPEN","available",NA
"E6BB0705","116","7",24,1,"DIST-OPEN","SOLD","2025-12-30 04:57:18.897"
"E6BB0705","410","10",13,1,"SEASON","SOLD","2025-10-24 09:20:12.100"
"E6BB0705","305","7",6,1,"DIST-OPEN","SOLD","2026-03-12 14:05:40.201"
"E6BB0705","407","2",1,1,"DIST-OPEN","SOLD","2026-03-31 08:52:49.669"
"E6BB0705","206","7",14,1,"COMP","HELD",NA
"E6BB0705","208","4",5,1,"SEASON","SOLD","2025-10-27 03:06:35.684"
"E6BB0705","316","10",12,1,"DIST-OPEN","available",NA
"E6BB0705","219","6",17,1,"HOLD","HELD",NA
"E6BB0705","405","2",1,1,"DIST-OPEN","available",NA
"E6BB0705","120","8",12,1,"DIST-OPEN","available",NA
"E6BB0705","214","5",17,1,"DIST-OPEN","available",NA
"E6BB0705","110","4",10,1,"DIST-OPEN","available",NA
"E6BB0705","315","10",13,1,"DIST-OPEN","SOLD","2026-02-10 22:26:04.424"
"E6BB0705","307","9",17,1,"GROUP","COMP","2026-01-04 09:44:24.243"
"E6BB0705","210","1",19,1,"SEASON","SOLD","2025-10-01 23:38:30.206"
"E6BB0705","409","6",13,1,"DIST-OPEN","COMP","2026-02-14 03:53:53.028"
"E6BB0705","309","8",13,1,"DIST-OPEN","available",NA
"E6BB0705","404","8",8,1,"DIST-OPEN","available",NA
"E6BB0705","310","3",4,1,"DIST-OPEN","SOLD","2025-12-03 04:16:24.914"
"E6BB0705","407","9",14,1,"DIST-OPEN","SOLD","2026-05-02 18:02:33.083"
"E6BB0705","208","4",23,1,"DIST-OPEN","available",NA
"E6BB0705","401","1",21,1,"DIST-OPEN","SOLD","2026-05-02 02:24:51.790"
"E6BB0705","120","6",15,1,"DIST-OPEN","SOLD","2026-06-20 07:01:16.270"
"E6BB0705","211","10",8,1,"DIST-OPEN","available",NA
"E6BB0705","306","9",7,1,"DIST-OPEN","SOLD","2026-05-27 13:53:41.761"
"E6BB0705","209","6",21,1,"HOLD","HELD",NA
"E6BB0705","107","6",23,1,"DIST-OPEN","SOLD","2026-02-13 12:13:44.450"
"E6BB0705","316","7",15,1,"DIST-OPEN","available",NA
"E6BB0705","315","10",15,1,"DIST-OPEN","available",NA
"E6BB0705","305","5",20,1,"HOLD","HELD",NA
"E6BB0705","311","3",15,1,"DIST-OPEN","available",NA
"E6BB0705","319","7",6,1,"DIST-OPEN","available",NA
"E6BB0705","216","2",6,1,"DIST-OPEN","available",NA
"E6BB0705","406","5",21,1,"DIST-OPEN","SOLD","2025-11-18 00:02:55.965"
"E6BB0705","215","5",6,1,"HOLD","HELD",NA
"E6BB0705","308","2",21,1,"DIST-OPEN","available",NA
"E6BB0705","101","1",17,1,"DIST-OPEN","SOLD","2026-04-12 12:54:18.497"
"E6BB0705","219","8",9,1,"DIST-OPEN","available",NA
"E6BB0705","313","8",15,1,"HOLD","HELD",NA
"E6BB0705","208","6",4,1,"GROUP","HELD",NA
"E6BB0705","314","4",11,1,"DIST-OPEN","SOLD","2026-01-15 05:17:07.802"
"E6BB0705","114","5",8,1,"DIST-OPEN","available",NA
"E6BB0705","308","9",17,1,"DIST-OPEN","SOLD","2025-11-17 07:02:27.834"
"E6BB0705","313","5",4,1,"DIST-OPEN","available",NA
"E6BB0705","409","2",4,1,"HOLD","HELD",NA
"E6BB0705","107","9",20,1,"DIST-OPEN","available",NA
"E6BB0705","320","3",9,1,"COMP","HELD",NA
"E6BB0705","105","9",20,1,"SEASON","SOLD","2025-10-18 22:46:26.160"
"E6BB0705","209","5",3,1,"DIST-OPEN","available",NA
"E6BB0705","117","6",13,1,"SEASON","SOLD","2025-10-14 11:47:59.477"
"E6BB0705","307","3",2,1,"DIST-OPEN","SOLD","2026-01-07 08:32:41.306"
"E6BB0705","305","2",7,1,"DIST-OPEN","SOLD","2026-03-17 22:20:36.626"
"E6BB0705","105","6",3,1,"DIST-OPEN","available",NA
"E6BB0705","410","3",24,1,"DIST-OPEN","available",NA
"E6BB0705","312","4",12,1,"SEASON","SOLD","2025-10-13 02:38:51.307"
"E6BB0705","118","6",11,1,"DIST-OPEN","SOLD","2026-01-26 18:41:35.317"
"E6BB0705","409","3",6,1,"SEASON","SOLD","2025-10-16 12:52:40.999"
"E6BB0705","119","2",21,1,"DIST-OPEN","available",NA
"E6BB0705","118","2",5,1,"DIST-OPEN","SOLD","2026-06-04 16:21:31.860"
"E6BB0705","308","8",20,1,"HOLD","HELD",NA
"E6BB0705","116","1",1,1,"DIST-OPEN","available",NA
"E6BB0705","410","1",19,1,"DIST-OPEN","available",NA
"E6BB0705","305","10",2,1,"SEASON","SOLD","2025-10-17 23:11:49.210"
"E6BB0705","407","9",16,1,"DIST-OPEN","available",NA
"E6BB0705","206","7",14,1,"GROUP","HELD",NA
"E6BB0705","208","4",6,1,"SEASON","SOLD","2025-10-15 00:25:14.971"
"E6BB0705","316","7",22,1,"DIST-OPEN","SOLD","2026-01-12 20:30:02.760"
"E6BB0705","219","3",15,1,"DIST-OPEN","SOLD","2026-04-17 02:39:59.603"
"E6BB0705","405","10",13,1,"DIST-OPEN","available",NA
"E6BB0705","120","10",14,1,"DIST-OPEN","SOLD","2026-03-06 19:20:32.750"
"E6BB0705","214","4",3,1,"DIST-OPEN","COMP","2026-03-05 19:37:24.001"
"E6BB0705","110","7",14,1,"DIST-OPEN","COMP","2026-02-10 07:34:19.668"
"E6BB0621","208","10",17,1,"HOLD","HELD",NA
"E6BB0621","113","4",10,1,"DIST-OPEN","available",NA
"E6BB0621","401","3",13,1,"SEASON","SOLD","2025-10-23 10:35:49.448"
"E6BB0621","210","3",23,1,"DIST-OPEN","SOLD","2026-06-09 03:46:12.193"
"E6BB0621","109","3",8,1,"DIST-OPEN","SOLD","2026-04-15 23:41:22.007"
"E6BB0621","119","7",13,1,"DIST-OPEN","SOLD","2025-12-05 02:33:26.746"
"E6BB0621","318","1",15,1,"HOLD","HELD",NA
"E6BB0621","304","5",19,1,"DIST-OPEN","available",NA
"E6BB0621","315","7",1,1,"SEASON","SOLD","2025-10-05 14:04:35.815"
"E6BB0621","117","6",3,1,"HOLD","HELD",NA
"E6BB0621","216","4",20,1,"DIST-OPEN","available",NA
"E6BB0621","404","3",21,1,"DIST-OPEN","COMP","2026-03-30 04:45:05.963"
"E6BB0621","210","5",3,1,"DIST-OPEN","SOLD","2026-04-03 13:46:14.644"
"E6BB0621","403","10",1,1,"DIST-OPEN","available",NA
"E6BB0621","409","10",22,1,"DIST-OPEN","SOLD","2025-11-19 07:16:28.297"
"E6BB0621","316","8",2,1,"SEASON","SOLD","2025-10-24 00:13:39.366"
"E6BB0621","212","7",13,1,"SEASON","SOLD","2025-10-15 04:30:44.958"
"E6BB0621","216","5",16,1,"COMP","HELD",NA
"E6BB0621","307","4",22,1,"DIST-OPEN","available",NA
"E6BB0621","306","3",5,1,"COMP","HELD",NA
"E6BB0621","406","2",18,1,"DIST-OPEN","SOLD","2026-01-22 04:10:47.145"
"E6BB0621","402","9",3,1,"DIST-OPEN","available",NA
"E6BB0621","409","2",10,1,"GROUP","HELD",NA
"E6BB0621","405","10",14,1,"HOLD","HELD",NA
"E6BB0621","320","1",8,1,"SEASON","SOLD","2025-10-03 08:28:55.749"
"E6BB0621","404","8",22,1,"DIST-OPEN","SOLD","2025-12-26 12:34:04.931"
"E6BB0621","311","3",10,1,"HOLD","HELD",NA
"E6BB0621","106","9",17,1,"GROUP","HELD",NA
"E6BB0621","107","2",24,1,"DIST-OPEN","available",NA
"E6BB0621","219","9",2,1,"SEASON","SOLD","2025-10-27 16:29:19.878"
"E6BB0621","219","5",7,1,"SEASON","SOLD","2025-10-26 21:29:46.581"
"E6BB0621","220","6",4,1,"HOLD","HELD",NA
"E6BB0621","310","5",17,1,"SEASON","SOLD","2025-10-19 14:28:53.418"
"E6BB0621","107","1",7,1,"DIST-OPEN","COMP","2026-01-30 03:24:52.038"
"E6BB0621","409","8",11,1,"DIST-OPEN","COMP","2026-02-10 09:58:08.552"
"E6BB0621","320","2",9,1,"COMP","HELD",NA
"E6BB0621","214","10",2,1,"SEASON","SOLD","2025-10-21 00:22:56.563"
"E6BB0621","406","10",7,1,"DIST-OPEN","available",NA
"E6BB0621","101","6",24,1,"DIST-OPEN","available",NA
"E6BB0621","406","6",24,1,"DIST-OPEN","SOLD","2026-06-12 11:52:01.819"
"E6BB0621","315","1",23,1,"DIST-OPEN","SOLD","2026-06-08 23:19:29.973"
"E6BB0621","113","6",5,1,"DIST-OPEN","SOLD","2026-04-18 20:37:06.311"
"E6BB0621","304","1",7,1,"HOLD","HELD",NA
"E6BB0621","305","6",1,1,"DIST-OPEN","SOLD","2026-03-10 09:23:43.043"
"E6BB0621","401","7",3,1,"COMP","HELD",NA
"E6BB0621","318","7",14,1,"DIST-OPEN","available",NA
"E6BB0621","118","6",6,1,"SEASON","SOLD","2025-10-28 20:51:40.756"
"E6BB0621","212","5",14,1,"GROUP","HELD",NA
"E6BB0621","203","3",9,1,"DIST-OPEN","available",NA
"E6BB0621","119","7",13,1,"COMP","HELD",NA
"E6BB0621","312","3",16,1,"DIST-OPEN","available",NA
"E6BB0621","102","9",16,1,"DIST-OPEN","available",NA
"E6BB0621","306","8",23,1,"SEASON","SOLD","2025-10-24 19:45:12.089"
"E6BB0621","317","10",2,1,"DIST-OPEN","available",NA
"E6BB0621","212","3",5,1,"DIST-OPEN","available",NA
"E6BB0621","319","2",21,1,"DIST-OPEN","available",NA
"E6BB0621","301","9",10,1,"SEASON","SOLD","2025-10-06 07:44:28.151"
"E6BB0621","104","8",23,1,"SEASON","SOLD","2025-10-12 07:20:06.587"
"E6BB0621","207","1",22,1,"SEASON","SOLD","2025-10-08 07:16:42.685"
"E6BB0621","301","6",3,1,"DIST-OPEN","SOLD","2026-01-03 14:55:08.449"
"E6BB0621","208","2",22,1,"DIST-OPEN","available",NA
"E6BB0621","113","2",8,1,"DIST-OPEN","SOLD","2026-06-04 19:10:44.049"
"E6BB0621","401","5",6,1,"DIST-OPEN","available",NA
"E6BB0621","210","6",5,1,"DIST-OPEN","available",NA
"E6BB0621","109","6",6,1,"DIST-OPEN","available",NA
"E6BB0621","119","1",17,1,"HOLD","COMP","2026-01-12 12:31:49.686"
"E6BB0621","318","4",9,1,"DIST-OPEN","available",NA
"E6BB0621","304","7",21,1,"DIST-OPEN","SOLD","2026-04-20 13:58:06.294"
"E6BB0621","315","2",12,1,"HOLD","HELD",NA
"E6BB0621","117","4",18,1,"DIST-OPEN","COMP","2026-01-23 11:38:27.111"
"E6BB0621","216","4",2,1,"DIST-OPEN","SOLD","2026-03-06 16:50:24.069"
"E6BB0621","404","4",7,1,"DIST-OPEN","available",NA
"E6BB0621","210","1",12,1,"GROUP","HELD",NA
"E6BB0621","403","9",3,1,"DIST-OPEN","available",NA
"E6BB0621","409","9",16,1,"DIST-OPEN","SOLD","2026-02-01 01:05:58.129"
"E6BB0621","316","8",1,1,"SEASON","SOLD","2025-10-08 04:45:16.003"
"E6BB0621","212","10",21,1,"GROUP","HELD",NA
"E6BB0621","216","4",8,1,"DIST-OPEN","SOLD","2026-06-02 18:50:34.112"
"E6BB0621","307","10",22,1,"GROUP","HELD",NA
"E6BB0621","306","9",18,1,"DIST-OPEN","available",NA
"E6BB0621","406","5",19,1,"COMP","COMP","2026-03-15 11:12:30.715"
"E6BB0621","402","8",20,1,"DIST-OPEN","SOLD","2025-12-10 09:05:47.159"
"E6BB0621","409","9",2,1,"SEASON","SOLD","2025-10-04 07:57:25.250"
"E6BB0621","405","9",7,1,"DIST-OPEN","SOLD","2025-11-30 11:18:15.521"
"E6BB0621","320","5",14,1,"DIST-OPEN","SOLD","2025-12-29 23:22:25.721"
"E6BB0621","404","2",19,1,"DIST-OPEN","available",NA
"E6BB0621","311","4",6,1,"GROUP","HELD",NA
"E6BB0621","106","6",18,1,"SEASON","SOLD","2025-10-14 19:51:41.522"
"E6BB0621","107","4",6,1,"DIST-OPEN","available",NA
"E6BB0621","219","4",1,1,"DIST-OPEN","SOLD","2026-05-23 11:36:28.034"
"E6BB0621","219","1",7,1,"DIST-OPEN","SOLD","2025-12-20 01:42:29.438"
"E6BB0621","220","4",7,1,"SEASON","SOLD","2025-10-14 00:57:55.442"
"E6BB0621","310","3",18,1,"HOLD","HELD",NA
"E6BB0621","107","7",23,1,"DIST-OPEN","available",NA
"E6BB0621","409","7",16,1,"COMP","HELD",NA
"E6BB0621","320","10",3,1,"GROUP","HELD",NA
"E6BB0621","214","4",9,1,"DIST-OPEN","available",NA
"E6BB0621","406","1",6,1,"SEASON","SOLD","2025-10-18 21:36:03.231"
"E6BB0621","101","5",6,1,"SEASON","SOLD","2025-10-20 08:28:53.811"
"E6BB0621","406","10",23,1,"DIST-OPEN","SOLD","2026-03-08 09:52:25.637"
"E6BB0621","315","4",18,1,"DIST-OPEN","available",NA
"E6BB0621","113","4",19,1,"DIST-OPEN","available",NA
"E6BB0621","304","3",14,1,"HOLD","HELD",NA
"E6BB0621","305","8",16,1,"DIST-OPEN","SOLD","2025-11-17 05:16:17.972"
"E6BB0621","401","5",21,1,"DIST-OPEN","available",NA
"E6BB0621","318","5",22,1,"SEASON","SOLD","2025-10-13 20:08:40.659"
"E6BB0621","118","5",8,1,"DIST-OPEN","SOLD","2026-02-06 22:42:40.729"
"E6BB0621","212","8",23,1,"DIST-OPEN","COMP","2026-02-09 07:05:47.544"
"E6BB0621","203","10",20,1,"DIST-OPEN","SOLD","2026-05-29 22:18:38.291"
"E6BB0621","119","7",22,1,"COMP","HELD",NA
"E6BB0621","312","9",3,1,"HOLD","HELD",NA
"E6BB0621","102","8",17,1,"GROUP","HELD",NA
"E6BB0621","306","8",18,1,"HOLD","HELD",NA
"E6BB0621","317","10",22,1,"DIST-OPEN","available",NA
"E6BB0621","212","1",17,1,"DIST-OPEN","SOLD","2026-05-01 13:54:35.226"
"E6BB0621","319","6",12,1,"GROUP","HELD",NA
"E6BB0621","301","3",2,1,"SEASON","SOLD","2025-10-22 20:15:17.750"
"E6BB0621","104","7",17,1,"SEASON","SOLD","2025-10-05 07:45:28.597"
"E6BB0621","207","5",14,1,"DIST-OPEN","available",NA
"E6BB0621","301","1",22,1,"COMP","HELD",NA
"E6BB0621","208","10",4,1,"SEASON","SOLD","2025-10-13 20:51:36.732"
"E6BB0621","113","6",11,1,"DIST-OPEN","available",NA
"E6BB0621","401","7",15,1,"SEASON","SOLD","2025-10-18 21:54:02.083"
"E6BB0621","210","3",4,1,"DIST-OPEN","SOLD","2026-05-30 01:30:43.347"
"E6BB0621","109","8",22,1,"GROUP","HELD",NA
"E6BB0621","119","1",16,1,"COMP","COMP","2026-03-09 03:14:35.013"
"E6BB0621","318","5",12,1,"DIST-OPEN","available",NA
"E6BB0621","304","4",13,1,"SEASON","SOLD","2025-10-20 08:20:13.230"
"E6BB0621","315","4",5,1,"SEASON","SOLD","2025-10-16 09:10:00.837"
"E6BB0621","117","2",11,1,"DIST-OPEN","SOLD","2026-03-12 17:22:20.836"
"E6BB0621","216","9",20,1,"SEASON","SOLD","2025-10-24 00:28:53.477"
"E6BB0621","404","10",16,1,"DIST-OPEN","available",NA
"E6BB0621","210","8",12,1,"DIST-OPEN","available",NA
"E6BB0621","403","10",11,1,"SEASON","SOLD","2025-10-30 19:40:50.846"
"E6BB0621","409","10",7,1,"GROUP","HELD",NA
"E6BB0621","316","6",2,1,"DIST-OPEN","SOLD","2026-01-24 07:48:34.946"
"E6BB0621","212","6",2,1,"SEASON","SOLD","2025-10-19 16:09:38.484"
"E6BB0621","216","6",23,1,"DIST-OPEN","SOLD","2026-05-20 01:03:26.368"
"E6BB0621","307","4",19,1,"SEASON","SOLD","2025-10-09 03:34:45.449"
"E6BB0621","306","2",11,1,"DIST-OPEN","SOLD","2026-05-26 15:04:14.164"
"E6BB0621","406","5",8,1,"HOLD","HELD",NA
"E6BB0621","402","7",13,1,"DIST-OPEN","SOLD","2026-03-19 07:03:05.116"
"E6BB0621","409","5",21,1,"DIST-OPEN","SOLD","2026-06-12 13:42:16.727"
"E6BB0621","405","9",24,1,"DIST-OPEN","SOLD","2025-12-21 04:24:32.475"
"E6BB0621","320","8",22,1,"DIST-OPEN","available",NA
"E6BB0621","404","3",21,1,"HOLD","COMP","2026-01-30 15:28:50.524"
"E6BB0621","311","1",3,1,"DIST-OPEN","SOLD","2026-02-28 05:39:12.262"
"E6BB0621","106","4",2,1,"DIST-OPEN","available",NA
"E6BB0621","107","8",20,1,"HOLD","HELD",NA
"E6BB0621","219","4",2,1,"DIST-OPEN","available",NA
"E6BB0621","219","10",6,1,"DIST-OPEN","available",NA
"E6BB0621","220","3",22,1,"DIST-OPEN","available",NA
"E6BB0621","310","3",17,1,"GROUP","HELD",NA
"E6BB0621","107","2",24,1,"GROUP","HELD",NA
"E6BB0621","409","1",23,1,"DIST-OPEN","available",NA
"E6BB0621","320","3",8,1,"HOLD","HELD",NA
"E6BB0621","214","10",8,1,"SEASON","SOLD","2025-10-03 23:53:14.436"
"E6BB0621","406","1",13,1,"SEASON","SOLD","2025-10-12 04:58:07.544"
"E6BB0621","101","5",5,1,"DIST-OPEN","SOLD","2026-04-28 23:03:51.381"
"E6BB0621","406","7",24,1,"DIST-OPEN","available",NA
"E6BB0621","315","9",6,1,"SEASON","SOLD","2025-10-07 23:10:42.859"
"E6BB0621","113","5",18,1,"DIST-OPEN","SOLD","2026-05-11 00:57:50.889"
"E6BB0621","304","10",11,1,"DIST-OPEN","SOLD","2026-03-26 10:36:08.960"
"E6BB0621","305","6",16,1,"DIST-OPEN","available",NA
"E6BB0621","401","8",13,1,"SEASON","SOLD","2025-10-18 13:34:00.197"
"E6BB0621","318","8",10,1,"DIST-OPEN","available",NA
"E6BB0621","118","1",5,1,"DIST-OPEN","SOLD","2026-01-27 03:18:02.642"
"E6BB0621","212","3",7,1,"DIST-OPEN","available",NA
"E6BB0621","203","7",6,1,"DIST-OPEN","SOLD","2025-11-19 02:59:27.666"
"E6BB0621","119","10",9,1,"DIST-OPEN","SOLD","2025-12-13 22:25:19.099"
"E6BB0621","312","8",11,1,"DIST-OPEN","available",NA
"E6BB0621","102","2",14,1,"SEASON","SOLD","2025-10-04 17:18:01.801"
"E6BB0621","306","10",17,1,"COMP","HELD",NA
"E6BB0621","317","8",18,1,"SEASON","SOLD","2025-10-22 23:51:18.615"
"E6BB0621","212","6",13,1,"HOLD","HELD",NA
"E6BB0621","319","5",12,1,"DIST-OPEN","SOLD","2026-06-16 05:19:02.981"
"E6BB0621","301","6",12,1,"DIST-OPEN","available",NA
"E6BB0621","104","1",2,1,"DIST-OPEN","available",NA
"E6BB0621","207","1",11,1,"COMP","HELD",NA
"E6BB0621","301","2",4,1,"SEASON","SOLD","2025-10-20 18:27:36.320"
"E6BB0621","208","1",24,1,"DIST-OPEN","available",NA
"E6BB0621","113","6",2,1,"DIST-OPEN","available",NA
"E6BB0621","401","9",7,1,"GROUP","HELD",NA
"E6BB0621","210","7",8,1,"SEASON","SOLD","2025-10-22 07:47:25.032"
"E6BB0621","109","2",1,1,"DIST-OPEN","SOLD","2026-05-03 05:03:28.566"
"E6BB0621","119","1",24,1,"SEASON","SOLD","2025-10-24 04:48:44.970"
"E6BB0621","318","5",16,1,"DIST-OPEN","available",NA
"E6BB0621","304","8",14,1,"SEASON","SOLD","2025-10-30 11:50:03.926"
"E6BB0621","315","2",10,1,"DIST-OPEN","SOLD","2025-12-10 20:02:18.988"
"E6BB0621","117","3",15,1,"DIST-OPEN","SOLD","2026-03-19 19:57:27.248"
"E6BB0621","216","3",10,1,"DIST-OPEN","available",NA
"E6BB0621","404","5",24,1,"DIST-OPEN","available",NA
"E6BB0621","210","4",15,1,"DIST-OPEN","SOLD","2026-05-24 19:01:39.835"
"E6BB0621","403","1",8,1,"DIST-OPEN","available",NA
"E6BB0621","409","3",14,1,"DIST-OPEN","SOLD","2026-06-19 21:02:13.506"
"E6BB0621","316","6",13,1,"DIST-OPEN","available",NA
"E6BB0621","212","5",21,1,"HOLD","HELD",NA
"E6BB0621","216","10",4,1,"GROUP","HELD",NA
"E6BB0621","307","2",6,1,"DIST-OPEN","available",NA
"E6BB0621","306","8",21,1,"DIST-OPEN","SOLD","2026-01-14 03:13:57.270"
"E6BB0621","406","3",16,1,"DIST-OPEN","available",NA
"E6BB0621","402","5",16,1,"DIST-OPEN","SOLD","2026-03-25 04:09:36.178"
"E6BB0621","409","5",22,1,"DIST-OPEN","available",NA
"E6BB0621","405","1",17,1,"GROUP","HELD",NA
"E6BB0621","320","2",5,1,"SEASON","SOLD","2025-10-21 23:32:17.209"
"E6BB0621","404","5",5,1,"SEASON","SOLD","2025-10-11 09:53:14.647"
"E6BB0621","311","3",8,1,"DIST-OPEN","COMP","2026-03-27 07:42:29.202"
"E6BB0621","106","1",17,1,"DIST-OPEN","available",NA
"E6BB0621","107","3",16,1,"DIST-OPEN","SOLD","2025-12-06 05:30:29.114"
"E6BB0621","219","6",5,1,"DIST-OPEN","available",NA
"E6BB0621","219","4",13,1,"GROUP","HELD",NA
"E6BB0621","220","10",7,1,"DIST-OPEN","available",NA
"E6BB0621","310","9",15,1,"DIST-OPEN","available",NA
"E6BB0621","107","2",5,1,"HOLD","HELD",NA
"E6BB0621","409","8",8,1,"DIST-OPEN","available",NA
"E6BB0621","320","10",3,1,"HOLD","HELD",NA
"E6BB0621","214","7",23,1,"SEASON","SOLD","2025-10-10 03:13:12.248"
"E6BB0621","406","5",11,1,"DIST-OPEN","available",NA
"E6BB0621","101","7",9,1,"SEASON","SOLD","2025-10-12 01:30:31.148"
"E6BB0621","406","7",20,1,"DIST-OPEN","available",NA
"E6BB0621","315","6",16,1,"DIST-OPEN","available",NA
"E6BB0621","113","4",3,1,"DIST-OPEN","available",NA
"E6BB0621","304","2",10,1,"SEASON","SOLD","2025-10-06 23:59:34.099"
"E6BB0621","305","4",7,1,"DIST-OPEN","SOLD","2025-12-13 03:45:34.475"
"E6BB0621","401","2",3,1,"DIST-OPEN","available",NA
"E6BB0621","318","6",18,1,"DIST-OPEN","SOLD","2025-11-29 20:44:28.004"
"E6BB0621","118","9",14,1,"DIST-OPEN","SOLD","2026-01-12 12:06:18.393"
"E6BB0621","212","3",15,1,"SEASON","SOLD","2025-10-11 12:00:15.374"
"E6BB0621","203","4",13,1,"GROUP","HELD",NA
"E6BB0621","119","2",13,1,"DIST-OPEN","available",NA
"E6BB0621","312","2",13,1,"SEASON","SOLD","2025-10-24 01:41:14.347"
"E6BB0621","102","6",16,1,"DIST-OPEN","available",NA
"E6BB0621","306","7",11,1,"HOLD","HELD",NA
"E6BB0621","317","6",23,1,"DIST-OPEN","available",NA
"E6BB0621","212","2",3,1,"DIST-OPEN","available",NA
"E6BB0621","319","3",12,1,"HOLD","HELD",NA
"E6BB0621","301","7",3,1,"DIST-OPEN","SOLD","2025-11-23 21:19:00.482"
"E6BB0621","104","5",8,1,"DIST-OPEN","available",NA
"E6BB0621","207","8",15,1,"HOLD","HELD",NA
"E6BB0621","301","4",8,1,"DIST-OPEN","SOLD","2026-02-27 11:30:58.852"
"E6BB0621","208","2",8,1,"HOLD","HELD",NA
"E6BB0621","113","3",14,1,"COMP","HELD",NA
"E6BB0621","401","9",23,1,"DIST-OPEN","available",NA
"E6BB0621","210","7",3,1,"DIST-OPEN","available",NA
"E6BB0621","109","9",10,1,"HOLD","HELD",NA
"E6BB0621","119","1",15,1,"HOLD","HELD",NA
"E6BB0621","318","1",24,1,"SEASON","SOLD","2025-10-07 10:51:09.073"
"E6BB0621","304","5",23,1,"HOLD","COMP","2026-03-05 14:35:14.327"
"E6BB0621","315","7",1,1,"DIST-OPEN","available",NA
"E6BB0621","117","6",18,1,"HOLD","HELD",NA
"E6BB0621","216","8",9,1,"HOLD","HELD",NA
"E6BB0621","404","4",11,1,"DIST-OPEN","available",NA
"E6BB0621","210","5",10,1,"DIST-OPEN","available",NA
"E6BB0621","403","6",14,1,"SEASON","SOLD","2025-10-13 02:52:09.353"
"E6BB0621","409","7",10,1,"GROUP","HELD",NA
"E6BB0621","316","7",19,1,"SEASON","SOLD","2025-10-16 18:54:34.869"
"E6BB0621","212","3",10,1,"GROUP","HELD",NA
"E6BB0621","216","7",8,1,"HOLD","HELD",NA
"E6BB0621","307","8",17,1,"DIST-OPEN","SOLD","2025-12-30 10:13:42.526"
"E6BB0621","306","8",23,1,"SEASON","SOLD","2025-10-10 01:17:10.896"
"E6BB0621","406","7",15,1,"DIST-OPEN","available",NA
"E6BB0621","402","6",14,1,"HOLD","HELD",NA
"E6BB0621","409","2",21,1,"HOLD","HELD",NA
"E6BB0621","405","2",14,1,"GROUP","HELD",NA
"E6BB0621","320","6",1,1,"DIST-OPEN","available",NA
"E6BB0621","404","3",24,1,"HOLD","HELD",NA
"E6BB0621","311","1",11,1,"SEASON","SOLD","2025-10-25 10:14:10.242"
"E6BB0621","106","2",15,1,"HOLD","HELD",NA
"E6BB0621","107","10",22,1,"HOLD","HELD",NA
"E6BB0621","219","9",14,1,"DIST-OPEN","available",NA
"E6BB0621","219","3",20,1,"DIST-OPEN","SOLD","2026-03-28 21:12:02.093"
"E6BB0621","220","4",15,1,"COMP","COMP","2026-01-18 14:58:50.898"
"E6BB0621","310","6",18,1,"DIST-OPEN","available",NA
"E6BB0621","107","7",20,1,"HOLD","HELD",NA
"E6BB0621","409","10",10,1,"DIST-OPEN","available",NA
"E6BB0621","320","7",24,1,"DIST-OPEN","SOLD","2025-12-27 12:39:44.286"
"E6BB0621","214","3",11,1,"DIST-OPEN","SOLD","2026-05-07 22:57:46.754"
"E6BB0621","406","2",11,1,"DIST-OPEN","SOLD","2026-05-19 10:49:28.012"
"E6BB0621","101","7",11,1,"DIST-OPEN","available",NA
"E6BB0621","406","10",3,1,"DIST-OPEN","available",NA
"E6BB0621","315","1",2,1,"DIST-OPEN","available",NA
"E6BB0621","113","3",16,1,"DIST-OPEN","SOLD","2026-01-02 07:12:28.932"
"E6BB0621","304","8",24,1,"HOLD","HELD",NA
"E6BB0621","305","8",2,1,"HOLD","HELD",NA
"E6BB0621","401","6",15,1,"SEASON","SOLD","2025-10-27 09:13:07.632"
"E6BB0621","318","9",8,1,"DIST-OPEN","SOLD","2025-11-15 14:09:04.004"
"E6BB0621","118","5",10,1,"SEASON","SOLD","2025-10-04 14:44:40.669"
"E6BB0621","212","4",6,1,"HOLD","HELD",NA
"E6BB0621","203","9",16,1,"DIST-OPEN","available",NA
"E6BB0621","119","6",1,1,"DIST-OPEN","available",NA
"E6BB0621","312","5",24,1,"HOLD","HELD",NA
"E6BB0621","102","9",9,1,"DIST-OPEN","available",NA
"E6BB0621","306","6",14,1,"SEASON","SOLD","2025-10-28 02:22:27.492"
"E6BB0621","317","4",10,1,"SEASON","SOLD","2025-10-18 12:42:39.263"
"E6BB0621","212","8",17,1,"SEASON","SOLD","2025-10-11 20:42:03.499"
"E6BB0621","319","6",23,1,"HOLD","HELD",NA
"E6BB0621","301","1",19,1,"DIST-OPEN","available",NA
"E6BB0621","104","4",22,1,"HOLD","HELD",NA
"E6BB0621","207","3",24,1,"DIST-OPEN","SOLD","2026-02-25 20:20:16.726"
"E6BB0621","301","6",7,1,"SEASON","SOLD","2025-10-23 20:38:54.605"
"E6BB0621","208","9",20,1,"DIST-OPEN","available",NA
"E6BB0621","113","8",11,1,"COMP","COMP","2026-02-05 11:28:06.645"
"E6BB0621","401","6",4,1,"GROUP","COMP","2026-01-02 00:05:40.805"
"E6BB0621","210","2",10,1,"SEASON","SOLD","2025-10-20 19:50:30.171"
"E6BB0621","109","6",7,1,"DIST-OPEN","available",NA
"E6BB0621","119","7",1,1,"DIST-OPEN","available",NA
"E6BB0621","318","8",10,1,"DIST-OPEN","SOLD","2026-04-21 12:54:16.594"
"E6BB0621","304","9",8,1,"HOLD","HELD",NA
"E6BB0621","315","4",12,1,"HOLD","COMP","2026-01-23 16:27:10.522"
"E6BB0621","117","7",7,1,"SEASON","SOLD","2025-10-12 16:28:04.931"
"E6BB0621","216","7",24,1,"SEASON","SOLD","2025-10-02 15:37:46.072"
"E6BB0621","404","9",11,1,"SEASON","SOLD","2025-10-26 21:39:22.295"
"E6BB0621","210","3",14,1,"HOLD","HELD",NA
"E6BB0621","403","4",13,1,"DIST-OPEN","available",NA
"E6BB0621","409","9",6,1,"DIST-OPEN","available",NA
"E6BB0621","316","3",14,1,"GROUP","COMP","2026-02-19 04:55:58.514"
"E6BB0621","212","1",22,1,"SEASON","SOLD","2025-10-02 03:50:18.255"
"E6BB0621","216","7",4,1,"DIST-OPEN","SOLD","2025-12-23 17:12:56.597"
"E6BB0621","307","1",13,1,"DIST-OPEN","available",NA
"E6BB0621","306","1",21,1,"DIST-OPEN","COMP","2026-03-17 06:23:19.999"
"E6BB0621","406","5",4,1,"DIST-OPEN","SOLD","2025-11-15 12:08:50.033"
"E6BB0621","402","8",11,1,"SEASON","SOLD","2025-10-25 05:17:56.985"
"E6BB0621","409","6",11,1,"DIST-OPEN","available",NA
"E6BB0621","405","2",10,1,"COMP","HELD",NA
"E6BB0621","320","4",24,1,"SEASON","SOLD","2025-10-18 23:26:45.745"
"E6BB0621","404","4",12,1,"COMP","HELD",NA
"E6BB0621","311","4",24,1,"DIST-OPEN","SOLD","2026-06-12 06:54:37.963"
"E6BB0621","106","8",10,1,"HOLD","HELD",NA
"E6BB0621","107","9",8,1,"SEASON","SOLD","2025-10-01 17:53:09.479"
"E6BB0621","219","4",4,1,"DIST-OPEN","available",NA
"E6BB0621","219","6",16,1,"DIST-OPEN","COMP","2026-02-27 08:32:04.947"
"E6BB0621","220","2",18,1,"DIST-OPEN","available",NA
"E6BB0621","310","3",9,1,"DIST-OPEN","SOLD","2026-01-24 14:47:54.591"
"E6BB0621","107","7",12,1,"DIST-OPEN","SOLD","2025-12-29 01:45:14.659"
"E6BB0621","409","3",12,1,"COMP","HELD",NA
"E6BB0621","320","6",17,1,"GROUP","HELD",NA
"E6BB0621","214","3",17,1,"DIST-OPEN","SOLD","2026-01-02 19:20:36.435"
"E6BB0621","406","7",24,1,"DIST-OPEN","SOLD","2026-03-31 08:43:07.814"
"E6BB0621","101","3",10,1,"SEASON","SOLD","2025-10-10 00:32:42.745"
"E6BB0621","406","3",8,1,"DIST-OPEN","available",NA
"E6BB0621","315","6",22,1,"DIST-OPEN","SOLD","2026-05-27 23:40:03.175"
"E6BB0621","113","6",4,1,"HOLD","HELD",NA
"E6BB0621","304","3",20,1,"SEASON","SOLD","2025-10-24 20:59:44.852"
"E6BB0621","305","3",3,1,"SEASON","SOLD","2025-10-13 07:32:32.779"
"E6BB0621","401","5",10,1,"DIST-OPEN","SOLD","2026-04-09 22:54:41.353"
"E6BB0621","318","3",10,1,"DIST-OPEN","available",NA
"E6BB0621","118","3",2,1,"DIST-OPEN","SOLD","2026-04-13 19:17:18.162"
"E6BB0621","212","8",10,1,"SEASON","SOLD","2025-10-28 02:55:03.649"
"E6BB0621","203","4",20,1,"DIST-OPEN","available",NA
"E6BB0621","119","4",2,1,"HOLD","HELD",NA
"E6BB0621","312","1",6,1,"DIST-OPEN","available",NA
"E6BB0621","102","1",1,1,"SEASON","SOLD","2025-10-25 18:39:08.097"
"E6BB0621","306","5",7,1,"SEASON","SOLD","2025-10-22 18:03:39.796"
"E6BB0621","317","1",4,1,"DIST-OPEN","SOLD","2026-01-06 14:42:09.735"
"E6BB0621","212","4",19,1,"COMP","HELD",NA
"E6BB0621","319","3",12,1,"DIST-OPEN","available",NA
"E6BB0621","301","7",8,1,"DIST-OPEN","available",NA
"E6BB0621","104","9",16,1,"DIST-OPEN","COMP","2026-02-26 02:00:19.397"
"E6BB0621","207","1",23,1,"HOLD","HELD",NA
"E6BB0621","301","1",20,1,"HOLD","HELD",NA
"E6BB0621","208","8",15,1,"DIST-OPEN","SOLD","2026-05-27 14:48:23.373"
"E6BB0621","113","5",24,1,"DIST-OPEN","SOLD","2026-01-06 13:10:38.878"
"E6BB0621","401","10",9,1,"COMP","HELD",NA
"E6BB0621","210","4",9,1,"DIST-OPEN","SOLD","2026-02-19 22:54:24.516"
"E6BB0621","109","9",20,1,"HOLD","HELD",NA
"E6BB0621","119","1",23,1,"DIST-OPEN","available",NA
"E6BB0621","318","10",20,1,"HOLD","HELD",NA
"E6BB0621","304","4",24,1,"DIST-OPEN","available",NA
"E6BB0621","315","1",22,1,"DIST-OPEN","SOLD","2025-12-29 15:06:34.984"
"E6BB0621","117","5",12,1,"DIST-OPEN","SOLD","2025-12-30 06:01:34.662"
"E6BB0621","216","9",21,1,"SEASON","SOLD","2025-10-23 22:17:15.275"
"E6BB0621","404","9",22,1,"DIST-OPEN","SOLD","2026-06-02 22:07:42.177"
"E6BB0621","210","6",6,1,"DIST-OPEN","available",NA
"E6BB0621","403","6",19,1,"SEASON","SOLD","2025-10-07 12:28:37.205"
"E6BB0621","409","5",6,1,"SEASON","SOLD","2025-10-15 06:24:03.391"
"E6BB0621","316","4",6,1,"DIST-OPEN","COMP","2026-03-14 04:05:00.211"
"E6BB0621","212","3",23,1,"DIST-OPEN","available",NA
"E6BB0621","216","10",21,1,"DIST-OPEN","SOLD","2026-06-12 16:10:28.353"
"E6BB0621","307","5",19,1,"DIST-OPEN","SOLD","2026-03-28 06:11:54.924"
"E6BB0621","306","3",19,1,"SEASON","SOLD","2025-10-27 19:33:35.089"
"E6BB0621","406","6",20,1,"DIST-OPEN","available",NA
"E6BB0621","402","1",8,1,"DIST-OPEN","SOLD","2026-01-26 03:54:18.744"
"E6BB0621","409","5",9,1,"DIST-OPEN","available",NA
"E6BB0621","405","5",15,1,"SEASON","SOLD","2025-10-30 10:07:49.543"
"E6BB0621","320","7",6,1,"DIST-OPEN","available",NA
"E6BB0621","404","7",17,1,"SEASON","SOLD","2025-10-29 05:41:29.337"
"E6BB0621","311","3",13,1,"DIST-OPEN","SOLD","2026-03-29 14:58:38.401"
"E6BB0621","106","8",19,1,"HOLD","HELD",NA
"E6BB0621","107","7",9,1,"SEASON","SOLD","2025-10-01 12:54:09.053"
"E6BB0621","219","1",17,1,"HOLD","HELD",NA
"E6BB0621","219","9",10,1,"DIST-OPEN","available",NA
"E6BB0621","220","1",3,1,"DIST-OPEN","available",NA
"E6BB0621","310","4",2,1,"DIST-OPEN","available",NA
"E6BB0621","107","3",5,1,"DIST-OPEN","SOLD","2026-06-04 07:43:50.247"
"E6BB0621","409","9",17,1,"DIST-OPEN","SOLD","2026-01-17 15:13:42.280"
"E6BB0621","320","3",23,1,"GROUP","HELD",NA
"E6BB0621","214","1",18,1,"COMP","HELD",NA
"E6BB0621","406","3",15,1,"HOLD","HELD",NA
"E6BB0621","101","3",4,1,"DIST-OPEN","available",NA
"E6BB0621","406","8",22,1,"COMP","HELD",NA
"E6BB0621","315","9",7,1,"SEASON","SOLD","2025-10-02 03:22:04.969"
"E6BB0621","113","2",6,1,"DIST-OPEN","available",NA
"E6BB0621","304","8",19,1,"SEASON","SOLD","2025-10-06 02:11:20.554"
"E6BB0621","305","10",14,1,"COMP","HELD",NA
"E6BB0621","401","7",1,1,"HOLD","HELD",NA
"E6BB0621","318","10",24,1,"DIST-OPEN","available",NA
"E6BB0621","118","5",1,1,"SEASON","SOLD","2025-10-16 17:55:28.941"
"E6BB0621","212","6",7,1,"DIST-OPEN","SOLD","2025-12-28 06:51:08.338"
"E6BB0621","203","2",8,1,"DIST-OPEN","SOLD","2026-01-04 17:43:30.550"
"E6BB0621","119","10",8,1,"DIST-OPEN","SOLD","2025-12-31 06:53:28.901"
"E6BB0621","312","3",17,1,"DIST-OPEN","SOLD","2025-11-17 13:43:41.480"
"E6BB0621","102","8",20,1,"DIST-OPEN","available",NA
"E6BB0621","306","7",4,1,"DIST-OPEN","available",NA
"E6BB0621","317","8",10,1,"DIST-OPEN","available",NA
"E6BB0621","212","1",24,1,"DIST-OPEN","SOLD","2026-01-19 12:37:20.777"
"E6BB0621","319","2",15,1,"DIST-OPEN","available",NA
"E6BB0621","301","10",22,1,"COMP","HELD",NA
"E6BB0621","104","8",9,1,"SEASON","SOLD","2025-10-02 17:58:44.123"
"E6BB0621","207","4",12,1,"SEASON","SOLD","2025-10-14 19:39:12.770"
"E6BB0621","301","10",4,1,"HOLD","HELD",NA
"E6BB0621","208","9",23,1,"DIST-OPEN","available",NA
"E6BB0621","113","6",14,1,"DIST-OPEN","available",NA
"E6BB0621","401","8",23,1,"DIST-OPEN","SOLD","2026-01-19 00:36:27.323"
"E6BB0621","210","7",22,1,"DIST-OPEN","SOLD","2026-02-10 17:25:45.505"
"E6BB0621","109","7",24,1,"SEASON","SOLD","2025-10-10 09:37:24.518"
"E6BB0621","119","5",22,1,"DIST-OPEN","available",NA
"E6BB0621","318","5",10,1,"DIST-OPEN","SOLD","2026-05-10 22:49:04.482"
"E6BB0621","304","4",19,1,"SEASON","SOLD","2025-10-10 01:57:24.865"
"E6BB0621","315","9",16,1,"SEASON","SOLD","2025-10-05 03:46:38.426"
"E6BB0621","117","3",12,1,"COMP","COMP","2026-01-27 07:39:31.814"
"E6BB0621","216","1",1,1,"DIST-OPEN","SOLD","2026-04-16 16:06:32.267"
"E6BB0621","404","1",19,1,"DIST-OPEN","available",NA
"E6BB0621","210","10",24,1,"SEASON","SOLD","2025-10-13 17:48:16.534"
"E6BB0621","403","9",4,1,"SEASON","SOLD","2025-10-11 05:57:05.793"
"E6BB0621","409","9",17,1,"DIST-OPEN","available",NA
"E6BB0621","316","2",7,1,"SEASON","SOLD","2025-10-29 11:10:54.876"
"E6BB0621","212","6",13,1,"DIST-OPEN","available",NA
"E6BB0621","216","5",12,1,"SEASON","SOLD","2025-10-16 08:10:20.156"
"E6BB0621","307","8",23,1,"SEASON","SOLD","2025-10-11 17:37:46.088"
"E6BB0621","306","9",3,1,"HOLD","HELD",NA
"E6BB0621","406","8",9,1,"DIST-OPEN","SOLD","2025-12-21 09:56:40.208"
"E6BB0621","402","10",3,1,"COMP","HELD",NA
"E6BB0621","409","5",15,1,"SEASON","SOLD","2025-10-25 03:54:34.472"
"E6BB0621","405","5",2,1,"DIST-OPEN","available",NA
"E6BB0621","320","9",8,1,"DIST-OPEN","SOLD","2026-03-04 09:08:02.581"
"E6BB0621","404","5",16,1,"DIST-OPEN","available",NA
"E6BB0621","311","4",23,1,"GROUP","HELD",NA
"E6BB0621","106","2",10,1,"HOLD","HELD",NA
"E6BB0621","107","2",8,1,"DIST-OPEN","available",NA
"E6BB0621","219","6",22,1,"DIST-OPEN","available",NA
"E6BB0621","219","5",8,1,"GROUP","COMP","2026-03-22 09:12:55.679"
"E6BB0621","220","4",22,1,"DIST-OPEN","available",NA
"E6BB0621","310","1",24,1,"HOLD","HELD",NA
"E6BB0621","107","6",12,1,"DIST-OPEN","SOLD","2026-05-24 02:46:14.661"
"E6BB0621","409","2",4,1,"COMP","HELD",NA
"E6BB0621","320","2",19,1,"SEASON","SOLD","2025-10-14 02:07:00.283"
"E6BB0621","214","5",19,1,"DIST-OPEN","available",NA
"E6BB0621","406","8",9,1,"SEASON","SOLD","2025-10-24 22:09:57.697"
"E6BB0621","101","6",1,1,"DIST-OPEN","SOLD","2026-04-28 18:37:29.257"
"E6BB0621","406","2",9,1,"DIST-OPEN","SOLD","2026-03-24 01:05:35.878"
"E6BB0621","315","5",16,1,"DIST-OPEN","SOLD","2026-06-12 06:30:04.112"
"E6BB0621","113","6",6,1,"DIST-OPEN","available",NA
"E6BB0621","304","3",3,1,"HOLD","HELD",NA
"E6BB0621","305","10",16,1,"HOLD","HELD",NA
"E6BB0621","401","6",16,1,"DIST-OPEN","SOLD","2025-11-20 00:43:11.987"
"E6BB0621","318","7",7,1,"SEASON","SOLD","2025-10-29 23:20:42.609"
"E6BB0621","118","4",15,1,"DIST-OPEN","available",NA
"E6BB0621","212","4",10,1,"DIST-OPEN","SOLD","2026-03-13 11:48:25.170"
"E6BB0621","203","8",18,1,"DIST-OPEN","SOLD","2025-12-14 03:11:06.385"
"E6BB0621","119","7",15,1,"HOLD","HELD",NA
"E6BB0621","312","10",6,1,"DIST-OPEN","available",NA
"E6BB0621","102","2",24,1,"DIST-OPEN","available",NA
"E6BB0621","306","1",4,1,"DIST-OPEN","available",NA
"E6BB0621","317","3",12,1,"SEASON","SOLD","2025-10-27 14:13:54.427"
"E6BB0621","212","4",7,1,"DIST-OPEN","available",NA
"E6BB0621","319","8",3,1,"DIST-OPEN","SOLD","2026-04-03 07:47:19.749"
"E6BB0621","301","7",10,1,"SEASON","SOLD","2025-10-14 12:38:20.736"
"E6BB0621","104","9",7,1,"DIST-OPEN","available",NA
"E6BB0621","207","6",14,1,"GROUP","HELD",NA
"E6BB0621","301","3",13,1,"DIST-OPEN","SOLD","2026-05-30 09:41:48.146"
"E6BB0621","208","7",19,1,"DIST-OPEN","available",NA
"E6BB0621","113","10",13,1,"DIST-OPEN","available",NA
"E6BB0621","401","10",4,1,"GROUP","HELD",NA
"E6BB0621","210","8",22,1,"DIST-OPEN","SOLD","2026-02-02 04:34:29.671"
"E6BB0621","109","2",3,1,"COMP","HELD",NA
"E6BB0621","119","4",15,1,"DIST-OPEN","SOLD","2026-01-23 18:50:55.974"
"E6BB0621","318","9",2,1,"DIST-OPEN","available",NA
"E6BB0621","304","5",2,1,"SEASON","SOLD","2025-10-09 01:51:28.782"
"E6BB0621","315","5",11,1,"GROUP","HELD",NA
"E6BB0621","117","1",22,1,"SEASON","SOLD","2025-10-12 16:54:50.356"
"E6BB0621","216","2",10,1,"COMP","HELD",NA
"E6BB0621","404","10",23,1,"COMP","HELD",NA
"E6BB0621","210","7",1,1,"DIST-OPEN","SOLD","2026-05-29 18:08:41.470"
"E6BB0621","403","1",3,1,"DIST-OPEN","SOLD","2026-02-07 08:44:14.610"
"E6BB0621","409","10",14,1,"DIST-OPEN","SOLD","2026-01-30 08:22:53.881"
"E6BB0621","316","6",3,1,"HOLD","HELD",NA
"E6BB0621","212","2",4,1,"DIST-OPEN","available",NA
"E6BB0621","216","4",17,1,"HOLD","HELD",NA
"E6BB0621","307","1",6,1,"COMP","HELD",NA
"E6BB0621","306","6",10,1,"DIST-OPEN","available",NA
"E6BB0425","107","1",15,1,"DIST-OPEN","available",NA
"E6BB0425","301","9",8,1,"DIST-OPEN","available",NA
"E6BB0425","311","6",9,1,"SEASON","SOLD","2025-10-30 15:44:54.414"
"E6BB0425","213","4",24,1,"DIST-OPEN","available",NA
"E6BB0425","203","2",6,1,"DIST-OPEN","available",NA
"E6BB0425","407","3",20,1,"SEASON","SOLD","2025-10-03 00:07:21.970"
"E6BB0425","117","4",4,1,"SEASON","SOLD","2025-10-16 23:50:44.697"
"E6BB0425","218","9",19,1,"DIST-OPEN","SOLD","2026-01-13 18:48:31.753"
"E6BB0425","206","9",3,1,"DIST-OPEN","SOLD","2026-04-09 18:37:08.248"
"E6BB0425","204","5",24,1,"COMP","HELD",NA
"E6BB0425","116","3",22,1,"SEASON","SOLD","2025-10-04 00:38:33.074"
"E6BB0425","119","8",15,1,"SEASON","SOLD","2025-10-07 14:12:39.982"
"E6BB0425","205","5",6,1,"SEASON","SOLD","2025-10-08 02:49:02.203"
"E6BB0425","403","8",3,1,"SEASON","SOLD","2025-10-25 12:02:39.229"
"E6BB0425","313","5",23,1,"COMP","HELD",NA
"E6BB0425","209","2",4,1,"SEASON","SOLD","2025-10-24 09:27:52.007"
"E6BB0425","305","1",22,1,"COMP","HELD",NA
"E6BB0425","303","6",19,1,"GROUP","HELD",NA
"E6BB0425","217","7",13,1,"DIST-OPEN","SOLD","2026-04-17 08:14:09.715"
"E6BB0425","208","4",13,1,"DIST-OPEN","SOLD","2026-01-26 00:03:57.980"
"E6BB0425","216","9",14,1,"DIST-OPEN","available",NA
"E6BB0425","114","5",3,1,"DIST-OPEN","available",NA
"E6BB0425","318","4",20,1,"DIST-OPEN","available",NA
"E6BB0425","205","9",5,1,"SEASON","SOLD","2025-10-08 15:29:12.422"
"E6BB0425","204","7",20,1,"DIST-OPEN","available",NA
"E6BB0425","305","1",18,1,"DIST-OPEN","available",NA
"E6BB0425","205","3",24,1,"GROUP","HELD",NA
"E6BB0425","303","2",1,1,"DIST-OPEN","SOLD","2026-03-16 07:14:34.042"
"E6BB0425","105","10",4,1,"HOLD","HELD",NA
"E6BB0425","104","4",17,1,"SEASON","SOLD","2025-10-05 12:26:43.906"
"E6BB0425","209","10",10,1,"DIST-OPEN","available",NA
"E6BB0425","119","8",8,1,"DIST-OPEN","available",NA
"E6BB0425","120","9",2,1,"GROUP","HELD",NA
"E6BB0425","407","4",8,1,"GROUP","HELD",NA
"E6BB0425","319","2",3,1,"HOLD","HELD",NA
"E6BB0425","113","4",5,1,"GROUP","COMP","2026-01-09 14:41:41.704"
"E6BB0425","312","4",16,1,"DIST-OPEN","SOLD","2026-01-23 10:35:48.518"
"E6BB0425","201","9",19,1,"DIST-OPEN","SOLD","2026-03-17 23:21:34.143"
"E6BB0425","305","1",24,1,"SEASON","SOLD","2025-10-23 23:59:53.709"
"E6BB0425","116","3",13,1,"DIST-OPEN","available",NA
"E6BB0425","320","7",6,1,"SEASON","SOLD","2025-10-28 03:25:06.703"
"E6BB0425","118","4",22,1,"DIST-OPEN","available",NA
"E6BB0425","314","7",22,1,"SEASON","SOLD","2025-10-30 21:13:05.490"
"E6BB0425","213","10",6,1,"SEASON","SOLD","2025-10-15 05:28:01.847"
"E6BB0425","115","3",20,1,"DIST-OPEN","available",NA
"E6BB0425","317","4",21,1,"DIST-OPEN","SOLD","2026-03-05 05:06:55.974"
"E6BB0425","216","4",18,1,"COMP","HELD",NA
"E6BB0425","120","7",1,1,"DIST-OPEN","available",NA
"E6BB0425","408","2",8,1,"SEASON","SOLD","2025-10-24 06:40:01.924"
"E6BB0425","404","8",13,1,"DIST-OPEN","available",NA
"E6BB0425","317","1",24,1,"DIST-OPEN","SOLD","2025-12-04 06:09:33.709"
"E6BB0425","216","8",10,1,"DIST-OPEN","available",NA
"E6BB0425","404","1",18,1,"COMP","HELD",NA
"E6BB0425","408","1",21,1,"DIST-OPEN","available",NA
"E6BB0425","320","9",24,1,"DIST-OPEN","available",NA
"E6BB0425","301","8",19,1,"DIST-OPEN","SOLD","2026-01-09 20:08:53.605"
"E6BB0425","305","9",20,1,"DIST-OPEN","available",NA
"E6BB0425","301","2",24,1,"SEASON","SOLD","2025-10-28 22:09:17.000"
"E6BB0425","109","3",11,1,"HOLD","HELD",NA
"E6BB0425","405","5",13,1,"COMP","HELD",NA
"E6BB0425","107","5",18,1,"SEASON","SOLD","2025-10-20 05:06:53.958"
"E6BB0425","301","5",18,1,"GROUP","HELD",NA
"E6BB0425","311","6",6,1,"HOLD","HELD",NA
"E6BB0425","213","1",17,1,"DIST-OPEN","available",NA
"E6BB0425","203","2",10,1,"DIST-OPEN","available",NA
"E6BB0425","407","2",16,1,"SEASON","SOLD","2025-10-21 19:02:22.840"
"E6BB0425","117","3",13,1,"COMP","HELD",NA
"E6BB0425","218","1",8,1,"DIST-OPEN","available",NA
"E6BB0425","206","9",1,1,"DIST-OPEN","SOLD","2026-02-23 04:21:05.457"
"E6BB0425","204","9",8,1,"SEASON","SOLD","2025-10-09 03:18:58.896"
"E6BB0425","116","1",16,1,"DIST-OPEN","SOLD","2026-01-09 03:18:09.591"
"E6BB0425","119","3",22,1,"DIST-OPEN","available",NA
"E6BB0425","205","6",8,1,"COMP","HELD",NA
"E6BB0425","403","10",20,1,"HOLD","HELD",NA
"E6BB0425","313","1",23,1,"DIST-OPEN","SOLD","2025-12-21 00:37:50.363"
"E6BB0425","209","2",6,1,"DIST-OPEN","available",NA
"E6BB0425","305","5",13,1,"DIST-OPEN","available",NA
"E6BB0425","303","5",4,1,"SEASON","SOLD","2025-10-03 18:25:26.463"
"E6BB0425","217","2",8,1,"DIST-OPEN","available",NA
"E6BB0425","208","8",6,1,"DIST-OPEN","available",NA
"E6BB0425","216","7",7,1,"DIST-OPEN","SOLD","2026-02-04 09:29:02.565"
"E6BB0425","114","6",15,1,"DIST-OPEN","available",NA
"E6BB0425","318","4",17,1,"SEASON","SOLD","2025-10-22 18:26:55.438"
"E6BB0425","205","1",9,1,"SEASON","SOLD","2025-10-06 16:25:01.131"
"E6BB0425","204","7",17,1,"DIST-OPEN","available",NA
"E6BB0425","305","9",20,1,"DIST-OPEN","available",NA
"E6BB0425","205","2",7,1,"DIST-OPEN","available",NA
"E6BB0425","303","5",3,1,"SEASON","SOLD","2025-10-19 07:37:02.042"
"E6BB0425","105","8",5,1,"SEASON","SOLD","2025-10-26 08:26:15.152"
"E6BB0425","104","4",13,1,"SEASON","SOLD","2025-10-25 14:05:40.944"
"E6BB0425","209","4",24,1,"COMP","HELD",NA
"E6BB0425","119","2",15,1,"DIST-OPEN","SOLD","2025-12-03 02:53:02.053"
"E6BB0425","120","2",22,1,"SEASON","SOLD","2025-10-22 13:26:52.542"
"E6BB0425","407","8",15,1,"SEASON","SOLD","2025-10-17 17:02:51.965"
"E6BB0425","319","2",1,1,"HOLD","HELD",NA
"E6BB0425","113","3",21,1,"DIST-OPEN","available",NA
"E6BB0425","312","8",22,1,"HOLD","HELD",NA
"E6BB0425","201","1",11,1,"SEASON","SOLD","2025-10-21 19:12:26.123"
"E6BB0425","305","4",15,1,"HOLD","HELD",NA
"E6BB0425","116","8",20,1,"DIST-OPEN","SOLD","2025-12-09 15:23:31.869"
"E6BB0425","320","4",16,1,"DIST-OPEN","available",NA
"E6BB0425","118","4",14,1,"GROUP","HELD",NA
"E6BB0425","314","7",6,1,"COMP","HELD",NA
"E6BB0425","213","3",7,1,"DIST-OPEN","available",NA
"E6BB0425","115","10",15,1,"DIST-OPEN","SOLD","2025-11-17 18:14:05.221"
"E6BB0425","317","2",24,1,"DIST-OPEN","SOLD","2025-12-31 16:17:57.535"
"E6BB0425","216","2",1,1,"SEASON","SOLD","2025-10-18 01:30:26.558"
"E6BB0425","120","7",1,1,"HOLD","HELD",NA
"E6BB0425","408","10",17,1,"DIST-OPEN","SOLD","2026-03-08 07:15:01.078"
"E6BB0425","404","6",14,1,"SEASON","SOLD","2025-10-07 04:48:17.844"
"E6BB0425","317","7",16,1,"DIST-OPEN","SOLD","2026-04-06 06:31:59.526"
"E6BB0425","216","7",23,1,"SEASON","SOLD","2025-10-06 19:54:39.999"
"E6BB0425","404","2",14,1,"HOLD","HELD",NA
"E6BB0425","408","1",7,1,"GROUP","HELD",NA
"E6BB0425","320","4",4,1,"DIST-OPEN","SOLD","2026-01-20 05:32:06.205"
"E6BB0425","301","10",2,1,"DIST-OPEN","SOLD","2026-01-20 01:01:45.228"
"E6BB0425","305","5",18,1,"COMP","HELD",NA
"E6BB0425","301","6",17,1,"SEASON","SOLD","2025-10-18 19:44:13.286"
"E6BB0425","109","8",15,1,"DIST-OPEN","SOLD","2025-11-30 14:44:26.729"
"E6BB0425","405","8",13,1,"HOLD","HELD",NA
"E6BB0425","107","10",6,1,"DIST-OPEN","available",NA
"E6BB0425","301","2",23,1,"HOLD","HELD",NA
"E6BB0425","311","6",11,1,"HOLD","HELD",NA
"E6BB0425","213","1",19,1,"DIST-OPEN","available",NA
"E6BB0425","203","9",22,1,"COMP","HELD",NA
"E6BB0425","407","8",6,1,"DIST-OPEN","SOLD","2025-11-27 04:03:08.655"
"E6BB0425","117","8",6,1,"DIST-OPEN","available",NA
"E6BB0425","218","2",19,1,"DIST-OPEN","SOLD","2026-04-19 00:30:32.459"
"E6BB0425","206","6",12,1,"SEASON","SOLD","2025-10-05 05:36:32.364"
"E6BB0425","204","4",1,1,"SEASON","SOLD","2025-10-13 11:44:42.004"
"E6BB0425","116","9",5,1,"SEASON","SOLD","2025-10-30 16:09:04.391"
"E6BB0425","119","6",20,1,"COMP","HELD",NA
"E6BB0425","205","9",6,1,"HOLD","HELD",NA
"E6BB0425","403","7",11,1,"DIST-OPEN","SOLD","2026-01-31 05:54:43.977"
"E6BB0425","313","1",5,1,"DIST-OPEN","SOLD","2026-04-01 23:23:14.775"
"E6BB0425","209","10",14,1,"DIST-OPEN","available",NA
"E6BB0425","305","9",18,1,"SEASON","SOLD","2025-10-25 12:41:22.436"
"E6BB0425","303","5",7,1,"DIST-OPEN","COMP","2026-01-17 18:19:51.743"
"E6BB0425","217","10",18,1,"SEASON","SOLD","2025-10-15 12:13:52.944"
"E6BB0425","208","5",17,1,"DIST-OPEN","available",NA
"E6BB0425","216","5",14,1,"DIST-OPEN","SOLD","2026-01-07 21:12:27.275"
"E6BB0425","114","1",8,1,"DIST-OPEN","available",NA
"E6BB0425","318","2",8,1,"COMP","HELD",NA
"E6BB0425","205","1",9,1,"GROUP","HELD",NA
"E6BB0425","204","9",24,1,"DIST-OPEN","available",NA
"E6BB0425","305","7",18,1,"DIST-OPEN","SOLD","2026-02-06 14:24:32.901"
"E6BB0425","205","10",22,1,"DIST-OPEN","SOLD","2026-01-26 15:03:38.135"
"E6BB0425","303","4",14,1,"HOLD","HELD",NA
"E6BB0425","105","4",8,1,"SEASON","SOLD","2025-10-07 00:41:53.436"
"E6BB0425","104","2",22,1,"SEASON","SOLD","2025-10-16 03:00:23.811"
"E6BB0425","209","3",13,1,"DIST-OPEN","SOLD","2025-12-30 19:03:42.745"
"E6BB0425","119","10",23,1,"DIST-OPEN","SOLD","2026-01-11 12:30:44.584"
"E6BB0425","120","1",9,1,"DIST-OPEN","SOLD","2025-11-27 18:32:22.896"
"E6BB0425","407","10",16,1,"HOLD","HELD",NA
"E6BB0425","319","10",16,1,"DIST-OPEN","SOLD","2025-12-01 21:03:19.814"
"E6BB0425","113","1",21,1,"DIST-OPEN","available",NA
"E6BB0425","312","5",15,1,"SEASON","SOLD","2025-10-22 23:15:38.135"
"E6BB0425","201","4",23,1,"SEASON","SOLD","2025-10-05 09:48:49.334"
"E6BB0425","305","9",5,1,"HOLD","HELD",NA
"E6BB0425","116","6",13,1,"DIST-OPEN","SOLD","2025-12-02 03:56:05.610"
"E6BB0425","320","2",13,1,"DIST-OPEN","COMP","2026-02-20 11:12:56.785"
"E6BB0425","118","9",5,1,"DIST-OPEN","SOLD","2026-02-09 14:10:47.582"
"E6BB0425","314","8",5,1,"DIST-OPEN","available",NA
"E6BB0425","213","10",14,1,"GROUP","COMP","2026-01-07 22:15:50.697"
"E6BB0425","115","10",16,1,"DIST-OPEN","available",NA
"E6BB0425","317","6",5,1,"COMP","HELD",NA
"E6BB0425","216","4",23,1,"GROUP","HELD",NA
"E6BB0425","120","10",10,1,"DIST-OPEN","SOLD","2026-04-20 06:00:33.462"
"E6BB0425","408","5",16,1,"DIST-OPEN","SOLD","2026-04-08 03:18:29.937"
"E6BB0425","404","2",5,1,"COMP","HELD",NA
"E6BB0425","317","2",4,1,"DIST-OPEN","available",NA
"E6BB0425","216","8",10,1,"HOLD","HELD",NA
"E6BB0425","404","5",7,1,"DIST-OPEN","SOLD","2026-02-10 19:01:07.568"
"E6BB0425","408","3",20,1,"DIST-OPEN","available",NA
"E6BB0425","320","6",8,1,"DIST-OPEN","SOLD","2026-02-24 01:44:02.387"
"E6BB0425","301","5",19,1,"DIST-OPEN","SOLD","2025-12-15 10:03:21.015"
"E6BB0425","305","2",20,1,"DIST-OPEN","SOLD","2025-11-29 07:27:54.537"
"E6BB0425","301","6",9,1,"SEASON","SOLD","2025-10-19 20:39:55.493"
"E6BB0425","109","8",8,1,"SEASON","SOLD","2025-10-18 01:31:28.230"
"E6BB0425","405","3",14,1,"DIST-OPEN","available",NA
"E6BB0425","107","4",14,1,"SEASON","SOLD","2025-10-19 10:40:21.111"
"E6BB0425","301","5",17,1,"SEASON","SOLD","2025-10-02 20:13:45.067"
"E6BB0425","311","5",5,1,"DIST-OPEN","available",NA
"E6BB0425","213","5",9,1,"DIST-OPEN","available",NA
"E6BB0425","203","5",10,1,"COMP","HELD",NA
"E6BB0425","407","5",14,1,"DIST-OPEN","available",NA
"E6BB0425","117","6",3,1,"DIST-OPEN","available",NA
"E6BB0425","218","9",23,1,"DIST-OPEN","SOLD","2025-12-28 01:39:33.632"
"E6BB0425","206","7",14,1,"SEASON","SOLD","2025-10-09 01:17:14.854"
"E6BB0425","204","3",24,1,"GROUP","HELD",NA
"E6BB0425","116","1",18,1,"DIST-OPEN","available",NA
"E6BB0425","119","5",18,1,"HOLD","HELD",NA
"E6BB0425","205","10",7,1,"DIST-OPEN","available",NA
"E6BB0425","403","2",18,1,"DIST-OPEN","SOLD","2026-04-06 13:23:08.633"
"E6BB0425","313","9",8,1,"SEASON","SOLD","2025-10-24 12:29:03.677"
"E6BB0425","209","10",14,1,"DIST-OPEN","available",NA
"E6BB0425","305","3",15,1,"GROUP","HELD",NA
"E6BB0425","303","3",14,1,"SEASON","SOLD","2025-10-02 13:34:15.508"
"E6BB0425","217","3",17,1,"DIST-OPEN","available",NA
"E6BB0425","208","8",24,1,"GROUP","HELD",NA
"E6BB0425","216","6",14,1,"SEASON","SOLD","2025-10-03 05:33:21.054"
"E6BB0425","114","6",9,1,"DIST-OPEN","available",NA
"E6BB0425","318","4",23,1,"DIST-OPEN","SOLD","2025-11-27 21:55:22.305"
"E6BB0425","205","4",2,1,"HOLD","HELD",NA
"E6BB0425","204","1",3,1,"HOLD","COMP","2026-03-29 05:51:04.593"
"E6BB0425","305","8",19,1,"DIST-OPEN","SOLD","2025-12-12 09:38:37.748"
"E6BB0425","205","4",10,1,"SEASON","SOLD","2025-10-30 17:11:18.985"
"E6BB0425","303","4",2,1,"DIST-OPEN","available",NA
"E6BB0425","105","2",13,1,"HOLD","HELD",NA
"E6BB0425","104","7",9,1,"GROUP","HELD",NA
"E6BB0425","209","2",23,1,"DIST-OPEN","available",NA
"E6BB0425","119","7",14,1,"DIST-OPEN","SOLD","2026-01-31 11:41:57.117"
"E6BB0425","120","10",1,1,"DIST-OPEN","available",NA
"E6BB0425","407","1",18,1,"DIST-OPEN","available",NA
"E6BB0425","319","7",6,1,"DIST-OPEN","COMP","2026-03-30 00:21:14.479"
"E6BB0425","113","1",4,1,"HOLD","HELD",NA
"E6BB0425","312","5",12,1,"SEASON","SOLD","2025-10-28 21:40:28.348"
"E6BB0425","201","3",19,1,"DIST-OPEN","SOLD","2026-04-05 07:51:02.685"
"E6BB0425","305","4",16,1,"GROUP","HELD",NA
"E6BB0425","116","4",19,1,"SEASON","SOLD","2025-10-03 16:37:51.734"
"E6BB0425","320","2",16,1,"SEASON","SOLD","2025-10-06 09:23:08.753"
"E6BB0425","118","9",8,1,"GROUP","HELD",NA
"E6BB0425","314","9",8,1,"DIST-OPEN","SOLD","2026-03-06 03:56:16.145"
"E6BB0425","213","3",4,1,"GROUP","HELD",NA
"E6BB0425","115","9",24,1,"DIST-OPEN","available",NA
"E6BB0425","317","8",3,1,"HOLD","HELD",NA
"E6BB0425","216","1",15,1,"DIST-OPEN","available",NA
"E6BB0425","120","10",15,1,"SEASON","SOLD","2025-10-15 20:56:02.117"
"E6BB0425","408","7",24,1,"DIST-OPEN","available",NA
"E6BB0425","404","4",23,1,"DIST-OPEN","SOLD","2025-12-11 05:54:34.505"
"E6BB0425","317","7",20,1,"GROUP","HELD",NA
"E6BB0425","216","9",14,1,"COMP","HELD",NA
"E6BB0425","404","1",22,1,"DIST-OPEN","available",NA
"E6BB0425","408","8",6,1,"DIST-OPEN","SOLD","2026-03-02 10:46:41.884"
"E6BB0425","320","7",14,1,"DIST-OPEN","available",NA
"E6BB0425","301","7",24,1,"DIST-OPEN","available",NA
"E6BB0425","305","8",24,1,"DIST-OPEN","available",NA
"E6BB0425","301","5",19,1,"SEASON","SOLD","2025-10-07 18:46:56.448"
"E6BB0425","109","4",2,1,"HOLD","HELD",NA
"E6BB0425","405","3",12,1,"COMP","HELD",NA
"E6BB0425","107","8",20,1,"DIST-OPEN","available",NA
"E6BB0425","301","1",15,1,"DIST-OPEN","available",NA
"E6BB0425","311","2",1,1,"HOLD","HELD",NA
"E6BB0425","213","3",7,1,"HOLD","HELD",NA
"E6BB0425","203","6",14,1,"DIST-OPEN","available",NA
"E6BB0425","407","6",23,1,"DIST-OPEN","SOLD","2026-03-01 16:08:24.155"
"E6BB0425","117","5",10,1,"DIST-OPEN","available",NA
"E6BB0425","218","2",20,1,"DIST-OPEN","available",NA
"E6BB0425","206","3",10,1,"SEASON","SOLD","2025-10-19 04:24:29.828"
"E6BB0425","204","10",23,1,"SEASON","SOLD","2025-10-10 23:39:48.073"
"E6BB0425","116","3",15,1,"DIST-OPEN","available",NA
"E6BB0425","119","5",12,1,"DIST-OPEN","available",NA
"E6BB0425","205","10",10,1,"DIST-OPEN","available",NA
"E6BB0425","403","5",7,1,"COMP","HELD",NA
"E6BB0425","313","4",11,1,"GROUP","COMP","2026-01-18 03:43:01.331"
"E6BB0425","209","4",9,1,"DIST-OPEN","SOLD","2026-03-09 12:52:17.294"
"E6BB0425","305","6",18,1,"DIST-OPEN","available",NA
"E6BB0425","303","2",12,1,"DIST-OPEN","available",NA
"E6BB0425","217","2",22,1,"DIST-OPEN","available",NA
"E6BB0425","208","2",24,1,"DIST-OPEN","available",NA
"E6BB0425","216","7",16,1,"DIST-OPEN","SOLD","2026-04-12 04:12:48.511"
"E6BB0425","114","5",24,1,"DIST-OPEN","SOLD","2025-12-31 08:23:55.406"
"E6BB0425","318","8",24,1,"DIST-OPEN","available",NA
"E6BB0425","205","9",23,1,"HOLD","HELD",NA
"E6BB0425","204","10",14,1,"DIST-OPEN","available",NA
"E6BB0425","305","4",11,1,"DIST-OPEN","SOLD","2026-02-17 23:52:28.815"
"E6BB0425","205","8",5,1,"DIST-OPEN","available",NA
"E6BB0425","303","6",10,1,"HOLD","HELD",NA
"E6BB0425","105","3",13,1,"DIST-OPEN","available",NA
"E6BB0425","104","1",1,1,"COMP","HELD",NA
"E6BB0425","209","6",6,1,"DIST-OPEN","SOLD","2025-12-07 21:03:07.474"
"E6BB0425","119","6",13,1,"GROUP","HELD",NA
"E6BB0425","120","7",19,1,"SEASON","SOLD","2025-10-28 03:41:59.357"
"E6BB0425","407","10",10,1,"DIST-OPEN","available",NA
"E6BB0425","319","3",15,1,"DIST-OPEN","SOLD","2026-03-24 10:10:57.757"
"E6BB0425","113","9",13,1,"DIST-OPEN","available",NA
"E6BB0425","312","10",5,1,"SEASON","SOLD","2025-10-09 20:59:42.151"
"E6BB0425","201","7",21,1,"HOLD","HELD",NA
"E6BB0425","305","10",8,1,"SEASON","SOLD","2025-10-19 10:32:32.616"
"E6BB0425","116","1",2,1,"DIST-OPEN","SOLD","2026-01-09 19:08:09.510"
"E6BB0425","320","10",14,1,"DIST-OPEN","SOLD","2026-01-27 09:16:03.836"
"E6BB0425","118","10",20,1,"HOLD","HELD",NA
"E6BB0425","314","8",15,1,"HOLD","HELD",NA
"E6BB0425","213","10",15,1,"GROUP","COMP","2026-01-25 07:42:20.830"
"E6BB0425","115","5",19,1,"COMP","HELD",NA
"E6BB0425","317","3",20,1,"DIST-OPEN","SOLD","2025-12-10 15:48:19.129"
"E6BB0425","216","7",20,1,"SEASON","SOLD","2025-10-29 12:30:34.807"
"E6BB0425","120","2",1,1,"HOLD","HELD",NA
"E6BB0425","408","8",16,1,"DIST-OPEN","SOLD","2026-01-12 17:16:37.017"
"E6BB0425","404","3",10,1,"DIST-OPEN","available",NA
"E6BB0425","317","10",2,1,"DIST-OPEN","SOLD","2026-01-20 18:26:26.138"
"E6BB0425","216","3",16,1,"DIST-OPEN","COMP","2026-02-15 05:26:40.975"
"E6BB0425","404","8",2,1,"SEASON","SOLD","2025-10-20 15:20:37.802"
"E6BB0425","408","1",5,1,"DIST-OPEN","COMP","2026-03-08 11:40:24.523"
"E6BB0425","320","5",3,1,"DIST-OPEN","available",NA
"E6BB0425","301","6",15,1,"HOLD","HELD",NA
"E6BB0425","305","1",4,1,"DIST-OPEN","SOLD","2026-04-05 08:08:11.069"
"E6BB0425","301","10",17,1,"HOLD","HELD",NA
"E6BB0425","109","9",22,1,"DIST-OPEN","SOLD","2026-03-29 17:31:12.615"
"E6BB0425","405","2",20,1,"SEASON","SOLD","2025-10-10 16:44:48.024"
"E6BB0425","107","8",14,1,"HOLD","HELD",NA
"E6BB0425","301","5",21,1,"DIST-OPEN","available",NA
"E6BB0425","311","8",16,1,"DIST-OPEN","available",NA
"E6BB0425","213","5",20,1,"HOLD","HELD",NA
"E6BB0425","203","1",20,1,"DIST-OPEN","available",NA
"E6BB0425","407","9",7,1,"COMP","HELD",NA
"E6BB0425","117","4",16,1,"COMP","HELD",NA
"E6BB0425","218","4",10,1,"DIST-OPEN","available",NA
"E6BB0425","206","7",22,1,"DIST-OPEN","available",NA
"E6BB0425","204","4",17,1,"SEASON","SOLD","2025-10-06 09:59:53.572"
"E6BB0425","116","9",21,1,"SEASON","SOLD","2025-10-27 09:10:15.887"
"E6BB0425","119","2",7,1,"SEASON","SOLD","2025-10-11 05:39:30.971"
"E6BB0425","205","5",17,1,"DIST-OPEN","available",NA
"E6BB0425","403","7",19,1,"HOLD","HELD",NA
"E6BB0425","313","10",19,1,"DIST-OPEN","available",NA
"E6BB0425","209","3",9,1,"COMP","HELD",NA
"E6BB0425","305","5",6,1,"DIST-OPEN","SOLD","2025-11-26 09:29:27.091"
"E6BB0425","303","6",18,1,"DIST-OPEN","SOLD","2025-11-18 09:13:22.220"
"E6BB0425","217","9",16,1,"HOLD","HELD",NA
"E6BB0425","208","6",4,1,"DIST-OPEN","SOLD","2026-03-18 04:51:52.144"
"E6BB0425","216","4",6,1,"DIST-OPEN","SOLD","2026-04-17 17:59:35.661"
"E6BB0425","114","9",18,1,"HOLD","HELD",NA
"E6BB0425","318","8",18,1,"DIST-OPEN","SOLD","2025-12-01 22:51:21.763"
"E6BB0425","205","4",1,1,"DIST-OPEN","SOLD","2026-03-20 02:22:25.599"
"E6BB0425","204","5",5,1,"DIST-OPEN","SOLD","2025-12-13 23:22:39.482"
"E6BB0425","305","3",11,1,"SEASON","SOLD","2025-10-26 13:52:38.032"
"E6BB0425","205","2",18,1,"DIST-OPEN","available",NA
"E6BB0425","303","5",1,1,"SEASON","SOLD","2025-10-27 12:51:04.001"
"E6BB0425","105","10",3,1,"SEASON","SOLD","2025-10-05 05:17:59.516"
"E6BB0425","104","4",8,1,"SEASON","SOLD","2025-10-30 04:48:32.840"
"E6BB0425","209","4",15,1,"DIST-OPEN","SOLD","2025-12-29 14:59:35.800"
"E6BB0425","119","9",3,1,"HOLD","HELD",NA
"E6BB0425","120","9",21,1,"COMP","HELD",NA
"E6BB0425","407","9",5,1,"SEASON","SOLD","2025-10-05 03:42:55.313"
"E6BB0425","319","7",17,1,"DIST-OPEN","available",NA
"E6BB0425","113","9",19,1,"SEASON","SOLD","2025-10-29 10:25:23.200"
"E6BB0425","312","5",22,1,"HOLD","HELD",NA
"E6BB0425","201","10",12,1,"DIST-OPEN","COMP","2026-03-23 19:14:06.850"
"E6BB0425","305","8",13,1,"DIST-OPEN","SOLD","2025-12-27 19:04:51.285"
"E6BB0425","116","6",6,1,"DIST-OPEN","available",NA
"E6BB0425","320","1",1,1,"SEASON","SOLD","2025-10-06 11:45:06.593"
"E6BB0425","118","1",10,1,"SEASON","SOLD","2025-10-24 21:12:03.500"
"E6BB0425","314","3",2,1,"DIST-OPEN","SOLD","2026-03-12 08:44:52.158"
"E6BB0425","213","9",18,1,"DIST-OPEN","SOLD","2026-02-05 19:04:35.534"
"E6BB0425","115","4",18,1,"SEASON","SOLD","2025-10-20 02:53:09.490"
"E6BB0425","317","7",20,1,"DIST-OPEN","available",NA
"E6BB0425","216","3",6,1,"DIST-OPEN","available",NA
"E6BB0425","120","2",15,1,"HOLD","HELD",NA
"E6BB0425","408","4",15,1,"DIST-OPEN","available",NA
"E6BB0425","404","3",22,1,"DIST-OPEN","available",NA
"E6BB0425","317","8",19,1,"DIST-OPEN","available",NA
"E6BB0425","216","4",5,1,"DIST-OPEN","SOLD","2025-12-14 23:25:46.124"
"E6BB0425","404","10",5,1,"DIST-OPEN","available",NA
"E6BB0425","408","3",8,1,"DIST-OPEN","available",NA
"E6BB0425","320","1",9,1,"DIST-OPEN","available",NA
"E6BB0425","301","9",22,1,"DIST-OPEN","available",NA
"E6BB0425","305","10",12,1,"DIST-OPEN","COMP","2026-02-27 21:15:10.237"
"E6BB0425","301","8",12,1,"DIST-OPEN","SOLD","2026-03-28 22:26:35.066"
"E6BB0425","109","7",3,1,"HOLD","HELD",NA
"E6BB0425","405","4",20,1,"DIST-OPEN","available",NA
"E6BB0425","107","2",4,1,"DIST-OPEN","available",NA
"E6BB0425","301","7",23,1,"DIST-OPEN","available",NA
"E6BB0425","311","8",7,1,"DIST-OPEN","SOLD","2026-04-16 08:10:02.142"
"E6BB0425","213","9",17,1,"DIST-OPEN","available",NA
"E6BB0425","203","10",16,1,"SEASON","SOLD","2025-10-22 03:04:25.640"
"E6BB0425","407","4",17,1,"DIST-OPEN","available",NA
"E6BB0425","117","7",15,1,"SEASON","SOLD","2025-10-07 23:45:26.692"
"E6BB0425","218","3",14,1,"SEASON","SOLD","2025-10-04 08:40:22.694"
"E6BB0425","206","6",21,1,"SEASON","SOLD","2025-10-22 11:02:10.160"
"E6BB0425","204","3",5,1,"DIST-OPEN","SOLD","2026-02-08 08:35:01.112"
"E6BB0425","116","10",8,1,"DIST-OPEN","available",NA
"E6BB0425","119","8",6,1,"SEASON","SOLD","2025-10-05 16:18:40.379"
"E6BB0425","205","3",14,1,"DIST-OPEN","available",NA
"E6BB0425","403","7",14,1,"DIST-OPEN","available",NA
"E6BB0425","313","3",5,1,"SEASON","SOLD","2025-10-15 23:01:58.495"
"E6BB0425","209","7",13,1,"DIST-OPEN","available",NA
"E6BB0425","305","10",23,1,"HOLD","HELD",NA
"E6BB0425","303","6",12,1,"SEASON","SOLD","2025-10-05 16:50:48.783"
"E6BB0425","217","4",16,1,"DIST-OPEN","SOLD","2026-01-14 13:47:54.896"
"E6BB0425","208","10",12,1,"DIST-OPEN","available",NA
"E6BB0425","216","6",8,1,"SEASON","SOLD","2025-10-02 00:13:48.621"
"E6BB0425","114","4",10,1,"HOLD","COMP","2026-03-03 10:09:01.603"
"E6BB0425","318","7",12,1,"HOLD","HELD",NA
"E6BB0425","205","5",6,1,"SEASON","SOLD","2025-10-20 20:39:03.271"
"E6BB0425","204","5",9,1,"DIST-OPEN","SOLD","2026-02-25 17:22:14.793"
"E6BB0425","305","5",1,1,"DIST-OPEN","SOLD","2025-12-14 12:19:22.658"
"E6BB0425","205","3",5,1,"SEASON","SOLD","2025-10-18 02:42:26.916"
"E6BB0425","303","1",1,1,"DIST-OPEN","available",NA
"E6BB0425","105","4",4,1,"DIST-OPEN","available",NA
"E6BB0425","104","10",9,1,"DIST-OPEN","available",NA
"E6BB0425","209","3",23,1,"HOLD","HELD",NA
"E6BB0425","119","8",6,1,"DIST-OPEN","available",NA
"E6BB0425","120","3",15,1,"SEASON","SOLD","2025-10-06 19:37:15.983"
"E6BB0425","407","3",17,1,"DIST-OPEN","available",NA
"E6BB0425","319","6",22,1,"SEASON","SOLD","2025-10-30 01:07:24.299"
"E6BB0425","113","10",19,1,"HOLD","HELD",NA
"E6BB0425","312","6",5,1,"HOLD","HELD",NA
"E6BB0425","201","9",3,1,"DIST-OPEN","available",NA
"E6BB0425","305","4",24,1,"DIST-OPEN","available",NA
"E6BB0425","116","9",1,1,"DIST-OPEN","available",NA
"E6BB0425","320","10",20,1,"GROUP","HELD",NA
"E6BB0425","118","5",24,1,"DIST-OPEN","SOLD","2026-03-27 19:20:04.855"
"E6BB0425","314","9",12,1,"HOLD","HELD",NA
"E6BB0425","213","4",4,1,"COMP","HELD",NA
"E6BB0425","115","9",19,1,"SEASON","SOLD","2025-10-16 16:34:41.024"
"E6BB0425","317","8",15,1,"DIST-OPEN","SOLD","2026-03-29 16:41:20.416"
"E6BB0425","216","1",11,1,"SEASON","SOLD","2025-10-08 07:39:49.126"
"E6BB0425","120","5",14,1,"DIST-OPEN","available",NA
"E6BB0425","408","3",19,1,"DIST-OPEN","SOLD","2026-04-23 20:33:03.254"
"E6BB0425","404","5",16,1,"SEASON","SOLD","2025-10-04 19:58:23.061"
"E6BB0425","317","6",2,1,"SEASON","SOLD","2025-10-30 06:16:49.043"
"E6BB0425","216","6",21,1,"DIST-OPEN","available",NA
"E6BB0425","404","7",14,1,"DIST-OPEN","available",NA
"E6BB0425","408","8",12,1,"SEASON","SOLD","2025-10-20 12:48:50.055"
"E6BB0425","320","5",7,1,"COMP","HELD",NA
"E6BB0425","301","1",2,1,"COMP","HELD",NA
"E6BB0425","305","9",5,1,"DIST-OPEN","available",NA
"E6BB0425","301","8",13,1,"DIST-OPEN","available",NA
"E6BB0425","109","9",23,1,"DIST-OPEN","SOLD","2026-03-17 16:05:03.314"
"E6BB0425","405","6",19,1,"SEASON","SOLD","2025-10-28 02:35:56.127"
"E6BB0425","107","6",21,1,"GROUP","HELD",NA
"E6BB0425","301","4",7,1,"DIST-OPEN","available",NA
"E6BB0425","311","5",23,1,"DIST-OPEN","available",NA
"E6BB0425","213","9",12,1,"DIST-OPEN","SOLD","2026-04-14 18:17:57.439"
"E6BB0425","203","10",4,1,"SEASON","SOLD","2025-10-18 08:25:59.669"
"E6BB0425","407","5",19,1,"SEASON","SOLD","2025-10-16 01:34:35.883"
"E6BB0425","117","9",1,1,"DIST-OPEN","SOLD","2025-12-02 12:25:07.279"
"E6BB0425","218","10",1,1,"DIST-OPEN","available",NA
"E6BB0425","206","2",18,1,"COMP","HELD",NA
"E6BB0425","204","7",11,1,"DIST-OPEN","available",NA
"E6BB0425","116","10",6,1,"DIST-OPEN","SOLD","2025-11-29 04:01:20.660"
"E6BB0425","119","3",8,1,"COMP","HELD",NA
"E6BB0425","205","2",13,1,"SEASON","SOLD","2025-10-05 03:03:07.696"
"E6BB0425","403","5",20,1,"DIST-OPEN","available",NA
"E6BB0425","313","3",16,1,"DIST-OPEN","COMP","2026-01-31 17:44:37.850"
"E6BB0425","209","3",15,1,"DIST-OPEN","SOLD","2026-02-22 11:51:12.287"
"E6BB0425","305","3",11,1,"DIST-OPEN","SOLD","2026-01-08 12:41:18.089"
"E6BB0425","303","10",5,1,"DIST-OPEN","available",NA
"E6BB0425","217","9",14,1,"DIST-OPEN","SOLD","2025-11-23 11:09:24.770"
"E6BB0425","208","4",1,1,"HOLD","HELD",NA
"E6BB0425","216","2",8,1,"DIST-OPEN","COMP","2026-02-21 16:31:13.514"
"E6BB0425","114","2",9,1,"COMP","HELD",NA
"E6BB0425","318","5",7,1,"SEASON","SOLD","2025-10-01 22:56:22.598"
"E6BB0425","205","3",12,1,"COMP","HELD",NA
"E6BB0425","204","6",12,1,"DIST-OPEN","SOLD","2025-11-22 14:55:58.562"
"E6BB0425","305","10",5,1,"COMP","HELD",NA
"E6BB0425","205","5",5,1,"DIST-OPEN","SOLD","2025-12-27 20:24:52.125"
"E6BB0425","303","2",3,1,"DIST-OPEN","available",NA
"E6BB0425","105","3",4,1,"HOLD","HELD",NA
"E6BB0425","104","8",12,1,"DIST-OPEN","available",NA
"E6BB0425","209","9",4,1,"GROUP","HELD",NA
"E6BB0425","119","9",22,1,"DIST-OPEN","SOLD","2026-02-06 13:48:44.236"
"E6BB0425","120","7",5,1,"DIST-OPEN","available",NA
"E6BB0425","407","4",13,1,"DIST-OPEN","available",NA
"E6BB0425","319","6",14,1,"HOLD","HELD",NA
"E6BB0425","113","9",10,1,"HOLD","COMP","2026-03-09 19:03:01.024"
"E6BB0425","312","4",20,1,"DIST-OPEN","available",NA
"E6BB0425","201","1",6,1,"DIST-OPEN","SOLD","2026-03-24 11:12:15.732"
"E6BB0425","305","9",15,1,"COMP","HELD",NA
"E6BB0425","116","10",20,1,"DIST-OPEN","available",NA
"E6BB0425","320","4",2,1,"DIST-OPEN","SOLD","2026-03-04 07:36:55.748"
"E6BB0425","118","2",10,1,"DIST-OPEN","SOLD","2025-11-21 18:07:23.193"
"E6BB0425","314","5",8,1,"SEASON","SOLD","2025-10-10 02:57:02.812"
"E6BB0425","213","7",23,1,"GROUP","HELD",NA
"E6BB0425","115","8",7,1,"DIST-OPEN","available",NA
"E6BB0425","317","10",22,1,"DIST-OPEN","available",NA
"E6BB0425","216","6",5,1,"DIST-OPEN","SOLD","2026-04-13 02:05:38.647"
"E6BB0425","120","1",15,1,"SEASON","SOLD","2025-10-16 07:18:40.200"
"E6BB0425","408","2",13,1,"DIST-OPEN","available",NA
"E6BB0425","404","1",20,1,"COMP","HELD",NA
"E6BB0425","317","9",16,1,"GROUP","HELD",NA
"E6BB0425","216","5",23,1,"DIST-OPEN","SOLD","2026-03-27 22:16:25.715"
"E6BB0425","404","9",21,1,"SEASON","SOLD","2025-10-16 07:05:39.226"
"E6BB0425","408","4",20,1,"DIST-OPEN","SOLD","2026-03-19 02:07:55.869"
"E6BB0425","320","4",4,1,"SEASON","SOLD","2025-10-21 07:22:48.750"
"E6BB0425","301","2",19,1,"SEASON","SOLD","2025-10-09 20:53:20.402"
"E6BB0425","305","8",8,1,"DIST-OPEN","SOLD","2026-04-20 03:50:51.980"
"E6BB0425","301","4",21,1,"DIST-OPEN","available",NA
"E6BB0425","109","9",23,1,"COMP","HELD",NA
"E6BB0425","405","5",4,1,"DIST-OPEN","available",NA
"E6BB0425","107","6",22,1,"DIST-OPEN","SOLD","2026-04-12 05:05:34.118"
"E6BB0425","301","10",13,1,"SEASON","SOLD","2025-10-26 01:43:05.760"
"E6BB0425","311","6",17,1,"DIST-OPEN","SOLD","2025-12-05 05:52:12.301"
"E6BB0425","213","9",20,1,"COMP","HELD",NA
"E6BB0425","203","7",18,1,"DIST-OPEN","SOLD","2025-12-24 18:40:50.242"
"E6BB0425","407","6",20,1,"DIST-OPEN","SOLD","2026-03-11 02:47:33.443"
"E6BB0425","117","3",22,1,"DIST-OPEN","available",NA
"E6BB0425","218","9",5,1,"DIST-OPEN","available",NA
"E6BB0425","206","8",13,1,"SEASON","SOLD","2025-10-11 23:43:00.841"
"E6BB0425","204","8",11,1,"DIST-OPEN","SOLD","2026-01-03 01:37:56.151"
"E6BB0425","116","4",24,1,"DIST-OPEN","available",NA
"E6BB0425","119","7",9,1,"SEASON","SOLD","2025-10-27 18:48:55.797"
"E6BB0425","205","5",2,1,"GROUP","HELD",NA
"E6BB0425","403","9",6,1,"DIST-OPEN","SOLD","2026-03-22 15:58:13.184"
"E6BB0425","313","6",1,1,"DIST-OPEN","SOLD","2025-12-28 21:49:49.632"
"E6BB0425","209","1",3,1,"GROUP","COMP","2026-03-20 16:16:32.609"
"E6BB0425","305","3",23,1,"DIST-OPEN","SOLD","2026-02-17 03:42:50.572"
"E6BB0425","303","1",24,1,"GROUP","HELD",NA
"E6BB0425","217","4",13,1,"DIST-OPEN","available",NA
"E6BB0425","208","9",15,1,"COMP","HELD",NA
