"event_name","event_date","add_date","unique_buyers","transactions","num_seats","total_revenue"
"E6BB0327","2026-03-27","2025-11-27",3,5,13,458.31
"E6BB0327","2026-03-27","2025-11-28",2,4,12,686.66
"E6BB0327","2026-03-27","2025-11-29",4,5,11,753.13
"E6BB0327","2026-03-27","2025-12-01",1,1,2,108.04
"E6BB0327","2026-03-27","2025-12-02",1,2,5,266.42
"E6BB0327","2026-03-27","2025-12-03",3,3,9,229.95
"E6BB0327","2026-03-27","2025-12-04",1,1,3,101.49
"E6BB0327","2026-03-27","2025-12-06",3,5,11,723.42
"E6BB0327","2026-03-27","2025-12-07",1,1,2,161.1
"E6BB0327","2026-03-27","2025-12-11",2,4,10,528.2
"E6BB0327","2026-03-27","2025-12-12",6,8,24,1017.59
"E6BB0327","2026-03-27","2025-12-14",5,6,13,797.08
"E6BB0327","2026-03-27","2025-12-15",3,3,5,315.83
"E6BB0327","2026-03-27","2025-12-16",3,3,9,495.2
"E6BB0327","2026-03-27","2025-12-18",5,5,15,770.95
"E6BB0327","2026-03-27","2025-12-20",1,2,6,245.73
"E6BB0327","2026-03-27","2025-12-24",3,4,11,701.34
"E6BB0327","2026-03-27","2025-12-26",1,2,6,347.14
"E6BB0327","2026-03-27","2025-12-27",1,2,4,143.91
"E6BB0327","2026-03-27","2025-12-28",3,3,6,351.41
"E6BB0327","2026-03-27","2025-12-29",3,5,11,460.88
"E6BB0327","2026-03-27","2025-12-30",3,4,9,330.08
"E6BB0327","2026-03-27","2025-12-31",4,5,11,775.05
"E6BB0327","2026-03-27","2026-01-01",1,1,2,116.31
"E6BB0327","2026-03-27","2026-01-03",1,1,2,114.45
"E6BB0327","2026-03-27","2026-01-05",2,2,4,311.99
"E6BB0327","2026-03-27","2026-01-06",4,4,8,564.65
"E6BB0327","2026-03-27","2026-01-08",4,6,17,651.45
"E6BB0327","2026-03-27","2026-01-09",1,2,6,173.69
"E6BB0327","2026-03-27","2026-01-10",2,4,11,253.94
"E6BB0327","2026-03-27","2026-01-11",1,1,3,109.23
"E6BB0327","2026-03-27","2026-01-13",3,5,14,586.15
"E6BB0327","2026-03-27","2026-01-14",3,4,12,531.32
"E6BB0327","2026-03-27","2026-01-15",6,6,18,729.52
"E6BB0327","2026-03-27","2026-01-19",5,7,18,1148.29
"E6BB0327","2026-03-27","2026-01-20",4,4,10,492.38
"E6BB0327","2026-03-27","2026-01-21",7,8,18,969.33
"E6BB0327","2026-03-27","2026-01-27",5,5,11,509.38
"E6BB0327","2026-03-27","2026-01-28",2,4,8,662.9
"E6BB0327","2026-03-27","2026-02-01",7,7,14,440.52
"E6BB0327","2026-03-27","2026-02-03",4,5,13,823.69
"E6BB0327","2026-03-27","2026-02-04",3,3,5,504.28
"E6BB0327","2026-03-27","2026-02-05",5,6,18,823.64
"E6BB0327","2026-03-27","2026-02-07",3,3,6,312.68
"E6BB0327","2026-03-27","2026-02-08",7,7,20,921.02
"E6BB0327","2026-03-27","2026-02-11",7,8,23,760.84
"E6BB0327","2026-03-27","2026-02-12",4,5,10,631.47
"E6BB0327","2026-03-27","2026-02-13",5,5,11,385.4
"E6BB0327","2026-03-27","2026-02-14",8,10,31,857.38
"E6BB0327","2026-03-27","2026-02-15",2,4,12,405.57
"E6BB0327","2026-03-27","2026-02-16",5,7,15,926.83
"E6BB0327","2026-03-27","2026-02-17",5,6,14,766.52
"E6BB0327","2026-03-27","2026-02-18",6,6,19,742.96
"E6BB0327","2026-03-27","2026-02-19",6,6,19,1067.64
"E6BB0327","2026-03-27","2026-02-20",4,6,16,436.39
"E6BB0327","2026-03-27","2026-02-21",2,4,10,667.52
"E6BB0327","2026-03-27","2026-02-25",5,6,15,500.44
"E6BB0327","2026-03-27","2026-02-26",6,6,11,673.73
"E6BB0327","2026-03-27","2026-02-27",6,8,20,983.35
"E6BB0327","2026-03-27","2026-03-01",2,3,10,367.37
"E6BB0327","2026-03-27","2026-03-03",8,10,24,757.32
"E6BB0327","2026-03-27","2026-03-04",8,9,17,1010.97
"E6BB0327","2026-03-27","2026-03-05",4,5,11,735.21
"E6BB0327","2026-03-27","2026-03-06",7,9,17,1501.33
"E6BB0327","2026-03-27","2026-03-07",11,11,25,694.65
"E6BB0327","2026-03-27","2026-03-08",9,9,24,1125.32
"E6BB0327","2026-03-27","2026-03-09",8,9,20,1111.87
"E6BB0327","2026-03-27","2026-03-10",9,11,22,1924.94
"E6BB0327","2026-03-27","2026-03-12",6,8,20,1041.11
"E6BB0327","2026-03-27","2026-03-13",11,12,31,1395.98
"E6BB0327","2026-03-27","2026-03-14",9,10,20,871.13
"E6BB0327","2026-03-27","2026-03-16",11,13,38,1412.21
"E6BB0327","2026-03-27","2026-03-18",8,10,23,966.97
"E6BB0327","2026-03-27","2026-03-20",16,16,35,1048.85
"E6BB0327","2026-03-27","2026-03-22",14,14,34,1801.33
"E6BB0327","2026-03-27","2026-03-23",13,14,39,1388.24
"E6BB0327","2026-03-27","2026-03-26",16,18,38,1419.81
"E6BB0327","2026-03-27","2026-03-27",16,18,51,2572.76
"E6BB0328","2026-03-28","2025-11-29",7,7,15,620.35
"E6BB0328","2026-03-28","2025-11-30",3,4,11,673.25
"E6BB0328","2026-03-28","2025-12-01",2,2,6,228.87
"E6BB0328","2026-03-28","2025-12-02",1,2,4,229.22
"E6BB0328","2026-03-28","2025-12-03",7,7,14,872.65
"E6BB0328","2026-03-28","2025-12-05",3,5,16,431.76
"E6BB0328","2026-03-28","2025-12-06",3,3,8,330.14
"E6BB0328","2026-03-28","2025-12-07",2,3,8,470.89
"E6BB0328","2026-03-28","2025-12-10",5,5,10,801.64
"E6BB0328","2026-03-28","2025-12-11",2,4,12,545.24
"E6BB0328","2026-03-28","2025-12-12",1,2,6,249.25
"E6BB0328","2026-03-28","2025-12-14",1,1,3,154.48
"E6BB0328","2026-03-28","2025-12-15",4,5,11,347.42
"E6BB0328","2026-03-28","2025-12-16",2,3,9,521.04
"E6BB0328","2026-03-28","2025-12-21",1,1,3,133.17
"E6BB0328","2026-03-28","2025-12-22",4,5,15,688.96
"E6BB0328","2026-03-28","2025-12-23",1,1,2,112.24
"E6BB0328","2026-03-28","2025-12-27",2,3,8,468.95
"E6BB0328","2026-03-28","2025-12-28",1,2,5,314.46
"E6BB0328","2026-03-28","2025-12-31",2,4,12,620.36
"E6BB0328","2026-03-28","2026-01-01",7,7,20,526.07
"E6BB0328","2026-03-28","2026-01-02",1,3,7,452.85
"E6BB0328","2026-03-28","2026-01-05",1,1,3,104.14
"E6BB0328","2026-03-28","2026-01-07",2,4,7,482.84
"E6BB0328","2026-03-28","2026-01-11",2,2,6,130.14
"E6BB0328","2026-03-28","2026-01-16",5,6,11,977.63
"E6BB0328","2026-03-28","2026-01-18",3,4,8,574.74
"E6BB0328","2026-03-28","2026-01-19",3,3,7,393.29
"E6BB0328","2026-03-28","2026-01-20",3,5,12,857.59
"E6BB0328","2026-03-28","2026-01-21",4,4,8,399.97
"E6BB0328","2026-03-28","2026-01-22",1,3,7,251.33
"E6BB0328","2026-03-28","2026-01-24",6,6,14,1063.76
"E6BB0328","2026-03-28","2026-01-27",1,2,6,343.2
"E6BB0328","2026-03-28","2026-01-29",1,2,6,325.09
"E6BB0328","2026-03-28","2026-01-30",4,4,10,556.22
"E6BB0328","2026-03-28","2026-01-31",2,4,11,517.05
"E6BB0328","2026-03-28","2026-02-02",1,1,3,105.86
"E6BB0328","2026-03-28","2026-02-04",4,5,9,404.36
"E6BB0328","2026-03-28","2026-02-05",1,3,8,184.89
"E6BB0328","2026-03-28","2026-02-07",1,1,2,110.88
"E6BB0328","2026-03-28","2026-02-08",3,5,14,657.77
"E6BB0328","2026-03-28","2026-02-09",1,3,7,429.72
"E6BB0328","2026-03-28","2026-02-10",4,5,16,775.21
"E6BB0328","2026-03-28","2026-02-11",1,1,2,158.03
"E6BB0328","2026-03-28","2026-02-12",1,1,2,123.52
"E6BB0328","2026-03-28","2026-02-14",5,6,16,911.15
"E6BB0328","2026-03-28","2026-02-15",5,7,19,549.7
"E6BB0328","2026-03-28","2026-02-16",1,2,6,343.94
"E6BB0328","2026-03-28","2026-02-18",3,4,10,557.29
"E6BB0328","2026-03-28","2026-02-19",8,8,23,1407.04
"E6BB0328","2026-03-28","2026-02-20",5,5,16,703.93
"E6BB0328","2026-03-28","2026-02-22",5,7,19,1096.55
"E6BB0328","2026-03-28","2026-02-24",3,4,7,514.97
"E6BB0328","2026-03-28","2026-02-25",8,9,27,553.33
"E6BB0328","2026-03-28","2026-02-26",8,10,28,1256.16
"E6BB0328","2026-03-28","2026-02-28",5,6,15,961.61
"E6BB0328","2026-03-28","2026-03-01",7,9,17,650.87
"E6BB0328","2026-03-28","2026-03-02",7,7,21,1075.06
"E6BB0328","2026-03-28","2026-03-03",5,6,14,833.14
"E6BB0328","2026-03-28","2026-03-07",8,9,18,911.14
"E6BB0328","2026-03-28","2026-03-09",6,7,15,701.97
"E6BB0328","2026-03-28","2026-03-10",7,9,23,823.37
"E6BB0328","2026-03-28","2026-03-11",8,8,25,1120.95
"E6BB0328","2026-03-28","2026-03-16",10,12,36,1792.09
"E6BB0328","2026-03-28","2026-03-17",7,7,22,1053.41
"E6BB0328","2026-03-28","2026-03-18",13,15,42,1539.41
"E6BB0328","2026-03-28","2026-03-19",13,13,32,1155.13
"E6BB0328","2026-03-28","2026-03-21",15,15,45,1227.49
"E6BB0328","2026-03-28","2026-03-23",12,12,24,1924.03
"E6BB0328","2026-03-28","2026-03-26",15,16,45,1998.19
"E6BB0329","2026-03-29","2025-11-30",1,3,6,455.25
"E6BB0329","2026-03-29","2025-12-01",1,2,6,243.08
"E6BB0329","2026-03-29","2025-12-02",5,7,21,934.93
"E6BB0329","2026-03-29","2025-12-03",4,5,13,887.61
"E6BB0329","2026-03-29","2025-12-05",1,1,3,79.94
"E6BB0329","2026-03-29","2025-12-07",3,3,7,405.45
"E6BB0329","2026-03-29","2025-12-08",2,4,9,411
"E6BB0329","2026-03-29","2025-12-09",6,6,11,480.82
"E6BB0329","2026-03-29","2025-12-12",3,3,7,433.75
"E6BB0329","2026-03-29","2025-12-13",2,3,8,378.93
"E6BB0329","2026-03-29","2025-12-14",1,1,2,154.4
"E6BB0329","2026-03-29","2025-12-15",2,4,11,448.83
"E6BB0329","2026-03-29","2025-12-16",2,4,9,513.17
"E6BB0329","2026-03-29","2025-12-17",3,4,10,297.46
"E6BB0329","2026-03-29","2025-12-18",2,3,6,275.66
"E6BB0329","2026-03-29","2025-12-19",1,2,5,325.9
"E6BB0329","2026-03-29","2025-12-22",6,6,12,423.71
"E6BB0329","2026-03-29","2025-12-24",1,1,3,127.42
"E6BB0329","2026-03-29","2025-12-25",2,4,10,482.88
"E6BB0329","2026-03-29","2025-12-26",2,2,5,146.05
"E6BB0329","2026-03-29","2025-12-28",1,2,5,205.43
"E6BB0329","2026-03-29","2025-12-29",5,6,19,876.95
"E6BB0329","2026-03-29","2026-01-01",4,4,9,650.74
"E6BB0329","2026-03-29","2026-01-02",4,6,18,900.73
"E6BB0329","2026-03-29","2026-01-03",4,4,8,622.69
"E6BB0329","2026-03-29","2026-01-06",4,4,7,331.05
"E6BB0329","2026-03-29","2026-01-08",1,2,5,303.36
"E6BB0329","2026-03-29","2026-01-09",1,1,2,84.2
"E6BB0329","2026-03-29","2026-01-10",4,5,15,703.73
"E6BB0329","2026-03-29","2026-01-11",6,6,17,581.76
"E6BB0329","2026-03-29","2026-01-13",2,2,6,284.37
"E6BB0329","2026-03-29","2026-01-14",2,2,5,237.36
"E6BB0329","2026-03-29","2026-01-15",3,5,11,318.72
"E6BB0329","2026-03-29","2026-01-19",5,6,16,892.27
"E6BB0329","2026-03-29","2026-01-20",5,6,12,502.76
"E6BB0329","2026-03-29","2026-01-21",1,1,2,85.34
"E6BB0329","2026-03-29","2026-01-22",1,1,3,71.14
"E6BB0329","2026-03-29","2026-01-23",2,2,4,136.56
"E6BB0329","2026-03-29","2026-01-24",6,6,11,760.37
"E6BB0329","2026-03-29","2026-01-25",4,4,8,603.03
"E6BB0329","2026-03-29","2026-01-27",1,1,2,139.07
"E6BB0329","2026-03-29","2026-01-30",2,3,9,393.53
"E6BB0329","2026-03-29","2026-01-31",4,5,10,653.52
"E6BB0329","2026-03-29","2026-02-01",1,3,5,499.84
"E6BB0329","2026-03-29","2026-02-02",3,4,12,429.84
"E6BB0329","2026-03-29","2026-02-03",2,2,6,307.41
"E6BB0329","2026-03-29","2026-02-04",1,3,7,448.14
"E6BB0329","2026-03-29","2026-02-05",2,3,9,388.15
"E6BB0329","2026-03-29","2026-02-06",6,6,13,655.86
"E6BB0329","2026-03-29","2026-02-09",2,4,8,704.96
"E6BB0329","2026-03-29","2026-02-11",8,8,15,844.18
"E6BB0329","2026-03-29","2026-02-14",8,8,21,571.43
"E6BB0329","2026-03-29","2026-02-15",2,2,6,202.66
"E6BB0329","2026-03-29","2026-02-16",2,3,6,399.34
"E6BB0329","2026-03-29","2026-02-17",8,8,23,606.42
"E6BB0329","2026-03-29","2026-02-22",4,4,10,547.16
"E6BB0329","2026-03-29","2026-02-24",7,8,20,880.37
"E6BB0329","2026-03-29","2026-02-25",5,6,11,835.96
"E6BB0329","2026-03-29","2026-02-27",7,9,28,1528.03
"E6BB0329","2026-03-29","2026-03-01",5,7,19,1087.06
"E6BB0329","2026-03-29","2026-03-03",4,5,14,454.31
"E6BB0329","2026-03-29","2026-03-04",2,4,8,383.22
"E6BB0329","2026-03-29","2026-03-07",10,10,21,1398.12
"E6BB0329","2026-03-29","2026-03-08",8,10,20,1613.09
"E6BB0329","2026-03-29","2026-03-09",12,12,33,1622.77
"E6BB0329","2026-03-29","2026-03-10",10,11,33,767.95
"E6BB0329","2026-03-29","2026-03-11",7,8,23,1254.8
"E6BB0329","2026-03-29","2026-03-12",10,11,22,1382.13
"E6BB0329","2026-03-29","2026-03-13",7,9,16,948.19
"E6BB0329","2026-03-29","2026-03-15",11,13,40,2166.81
"E6BB0329","2026-03-29","2026-03-18",9,11,28,844.62
"E6BB0329","2026-03-29","2026-03-19",11,11,26,1924.94
"E6BB0329","2026-03-29","2026-03-20",13,13,41,2308.21
"E6BB0329","2026-03-29","2026-03-21",12,14,32,2451.73
"E6BB0329","2026-03-29","2026-03-23",13,15,34,1842.31
"E6BB0329","2026-03-29","2026-03-24",14,14,38,2066.04
"E6BB0329","2026-03-29","2026-03-25",12,14,27,868.66
"E6BB0329","2026-03-29","2026-03-26",13,15,48,1184.06
"E6BB0329","2026-03-29","2026-03-27",18,18,42,2911.89
"E6BB0329","2026-03-29","2026-03-28",15,16,47,1384.59
"E6BB0330","2026-03-30","2025-12-01",1,1,2,179.05
"E6BB0330","2026-03-30","2025-12-02",1,2,5,227.02
"E6BB0330","2026-03-30","2025-12-05",1,2,5,230.76
"E6BB0330","2026-03-30","2025-12-07",1,1,2,151.67
"E6BB0330","2026-03-30","2025-12-08",3,5,16,509.69
"E6BB0330","2026-03-30","2025-12-10",4,4,7,577.56
"E6BB0330","2026-03-30","2025-12-11",1,1,3,179.57
"E6BB0330","2026-03-30","2025-12-12",4,4,12,683.4
"E6BB0330","2026-03-30","2025-12-13",2,4,7,643.56
"E6BB0330","2026-03-30","2025-12-17",2,4,10,478.9
"E6BB0330","2026-03-30","2025-12-19",1,2,5,120.64
"E6BB0330","2026-03-30","2025-12-23",3,4,8,559.6
"E6BB0330","2026-03-30","2025-12-24",2,2,5,355.16
"E6BB0330","2026-03-30","2025-12-25",3,4,8,505.31
"E6BB0330","2026-03-30","2025-12-27",2,4,8,510.19
"E6BB0330","2026-03-30","2025-12-28",6,6,13,975.81
"E6BB0330","2026-03-30","2025-12-31",2,4,8,589.59
"E6BB0330","2026-03-30","2026-01-01",2,3,6,279.18
"E6BB0330","2026-03-30","2026-01-02",2,3,7,495.03
"E6BB0330","2026-03-30","2026-01-03",2,3,8,181.21
"E6BB0330","2026-03-30","2026-01-04",5,5,16,612.4
"E6BB0330","2026-03-30","2026-01-05",3,3,9,535.32
"E6BB0330","2026-03-30","2026-01-06",4,5,11,775.17
"E6BB0330","2026-03-30","2026-01-07",1,3,6,234.15
"E6BB0330","2026-03-30","2026-01-08",1,1,3,123.18
"E6BB0330","2026-03-30","2026-01-09",1,1,2,97.64
"E6BB0330","2026-03-30","2026-01-11",7,8,22,1003.6
"E6BB0330","2026-03-30","2026-01-13",1,2,6,340.47
"E6BB0330","2026-03-30","2026-01-15",5,6,19,1034.12
"E6BB0330","2026-03-30","2026-01-16",1,3,8,459.08
"E6BB0330","2026-03-30","2026-01-18",4,5,13,424.62
"E6BB0330","2026-03-30","2026-01-21",6,7,19,880.89
"E6BB0330","2026-03-30","2026-01-23",3,4,9,589.13
"E6BB0330","2026-03-30","2026-01-24",3,3,8,251.81
"E6BB0330","2026-03-30","2026-01-27",2,4,9,483.88
"E6BB0330","2026-03-30","2026-01-28",3,3,7,519.96
"E6BB0330","2026-03-30","2026-01-29",3,3,8,202.54
"E6BB0330","2026-03-30","2026-01-30",5,5,11,753.52
"E6BB0330","2026-03-30","2026-02-03",1,1,2,152.84
"E6BB0330","2026-03-30","2026-02-06",2,4,13,295.33
"E6BB0330","2026-03-30","2026-02-08",1,2,5,343.01
"E6BB0330","2026-03-30","2026-02-09",3,4,11,485.17
"E6BB0330","2026-03-30","2026-02-11",4,4,8,389.09
"E6BB0330","2026-03-30","2026-02-13",2,4,7,511.07
"E6BB0330","2026-03-30","2026-02-14",3,4,10,279.69
"E6BB0330","2026-03-30","2026-02-15",5,6,16,996.18
"E6BB0330","2026-03-30","2026-02-16",2,3,8,538.73
"E6BB0330","2026-03-30","2026-02-17",9,9,22,814.67
"E6BB0330","2026-03-30","2026-02-19",3,4,9,420.26
"E6BB0330","2026-03-30","2026-02-21",6,6,12,473.12
"E6BB0330","2026-03-30","2026-02-22",1,3,7,329.14
"E6BB0330","2026-03-30","2026-02-24",5,6,15,1046.5
"E6BB0330","2026-03-30","2026-02-25",5,5,13,632.98
"E6BB0330","2026-03-30","2026-02-26",2,4,8,641.35
"E6BB0330","2026-03-30","2026-02-27",5,5,9,438.17
"E6BB0330","2026-03-30","2026-02-28",6,7,17,1000.76
"E6BB0330","2026-03-30","2026-03-03",5,6,18,1039.98
"E6BB0330","2026-03-30","2026-03-04",3,4,9,512.86
"E6BB0330","2026-03-30","2026-03-05",4,6,15,482.37
"E6BB0330","2026-03-30","2026-03-09",8,10,31,1230.21
"E6BB0330","2026-03-30","2026-03-11",10,12,32,1623.47
"E6BB0330","2026-03-30","2026-03-15",14,15,32,2545.11
"E6BB0330","2026-03-30","2026-03-17",7,8,20,869.57
"E6BB0330","2026-03-30","2026-03-18",12,13,39,1422.35
"E6BB0330","2026-03-30","2026-03-19",11,13,35,1755.93
"E6BB0330","2026-03-30","2026-03-24",16,17,45,1630.04
"E6BB0330","2026-03-30","2026-03-25",12,14,34,2032.8
"E6BB0330","2026-03-30","2026-03-27",16,17,48,2251.67
"E6BB0330","2026-03-30","2026-03-28",21,21,56,3246.53
"E6BB0330","2026-03-30","2026-03-29",15,17,33,2838.84
"E6BB0330","2026-03-30","2026-03-30",15,15,44,1020.52
"E6BB0401","2026-04-01","2025-12-04",3,5,14,392.28
"E6BB0401","2026-04-01","2025-12-05",3,5,10,776.36
"E6BB0401","2026-04-01","2025-12-06",4,4,11,457.23
"E6BB0401","2026-04-01","2025-12-07",2,2,4,211.65
"E6BB0401","2026-04-01","2025-12-08",1,2,6,138.59
"E6BB0401","2026-04-01","2025-12-09",5,7,22,604.02
"E6BB0401","2026-04-01","2025-12-10",4,5,14,580.38
"E6BB0401","2026-04-01","2025-12-11",6,6,19,445.32
"E6BB0401","2026-04-01","2025-12-13",5,6,14,579.59
"E6BB0401","2026-04-01","2025-12-14",3,4,12,284.41
"E6BB0401","2026-04-01","2025-12-16",1,2,4,164.47
"E6BB0401","2026-04-01","2025-12-18",5,6,14,502.63
"E6BB0401","2026-04-01","2025-12-20",3,5,13,836.04
"E6BB0401","2026-04-01","2025-12-21",1,1,3,61.75
"E6BB0401","2026-04-01","2025-12-22",3,3,6,331.98
"E6BB0401","2026-04-01","2025-12-23",4,4,13,305.25
"E6BB0401","2026-04-01","2025-12-24",1,3,9,467.76
"E6BB0401","2026-04-01","2025-12-25",4,5,16,604.31
"E6BB0401","2026-04-01","2025-12-29",1,1,2,87.34
"E6BB0401","2026-04-01","2025-12-30",3,4,12,624.99
"E6BB0401","2026-04-01","2025-12-31",5,5,13,656.19
"E6BB0401","2026-04-01","2026-01-01",2,3,6,277.24
"E6BB0401","2026-04-01","2026-01-02",1,1,3,62.21
"E6BB0401","2026-04-01","2026-01-03",4,5,13,336.84
"E6BB0401","2026-04-01","2026-01-04",1,3,9,458
"E6BB0401","2026-04-01","2026-01-07",2,4,9,582.36
"E6BB0401","2026-04-01","2026-01-08",1,2,5,146.66
"E6BB0401","2026-04-01","2026-01-09",2,3,9,252.83
"E6BB0401","2026-04-01","2026-01-12",2,3,6,239.19
"E6BB0401","2026-04-01","2026-01-14",1,3,7,283.14
"E6BB0401","2026-04-01","2026-01-16",3,4,7,383.79
"E6BB0401","2026-04-01","2026-01-18",5,5,12,637.96
"E6BB0401","2026-04-01","2026-01-20",6,7,15,542.26
"E6BB0401","2026-04-01","2026-01-22",2,3,7,395.21
"E6BB0401","2026-04-01","2026-01-23",5,5,9,402.92
"E6BB0401","2026-04-01","2026-01-24",1,1,2,128.91
"E6BB0401","2026-04-01","2026-01-26",4,4,12,429.91
"E6BB0401","2026-04-01","2026-01-27",5,5,16,510.52
"E6BB0401","2026-04-01","2026-01-30",3,5,15,701.42
"E6BB0401","2026-04-01","2026-02-01",6,6,16,461.12
"E6BB0401","2026-04-01","2026-02-04",4,5,12,743.37
"E6BB0401","2026-04-01","2026-02-05",3,3,7,305.47
"E6BB0401","2026-04-01","2026-02-06",3,5,14,713.4
"E6BB0401","2026-04-01","2026-02-07",2,3,8,522.56
"E6BB0401","2026-04-01","2026-02-08",1,3,6,501.43
"E6BB0401","2026-04-01","2026-02-09",2,4,8,660.11
"E6BB0401","2026-04-01","2026-02-11",1,3,8,388.62
"E6BB0401","2026-04-01","2026-02-13",1,1,2,169.89
"E6BB0401","2026-04-01","2026-02-14",3,3,7,299.77
"E6BB0401","2026-04-01","2026-02-15",4,4,8,322.38
"E6BB0401","2026-04-01","2026-02-16",6,6,11,412.5
"E6BB0401","2026-04-01","2026-02-18",2,4,12,325.34
"E6BB0401","2026-04-01","2026-02-20",4,4,11,556.01
"E6BB0401","2026-04-01","2026-02-21",1,2,6,295.91
"E6BB0401","2026-04-01","2026-02-22",3,4,12,514.38
"E6BB0401","2026-04-01","2026-02-23",4,4,13,691.71
"E6BB0401","2026-04-01","2026-02-26",6,6,13,618.57
"E6BB0401","2026-04-01","2026-02-27",3,4,11,520.71
"E6BB0401","2026-04-01","2026-02-28",1,2,5,255.76
"E6BB0401","2026-04-01","2026-03-01",8,8,17,834.37
"E6BB0401","2026-04-01","2026-03-02",5,7,15,1012.78
"E6BB0401","2026-04-01","2026-03-03",4,6,11,469.93
"E6BB0401","2026-04-01","2026-03-05",7,9,26,1250.58
"E6BB0401","2026-04-01","2026-03-07",7,8,15,937.13
"E6BB0401","2026-04-01","2026-03-10",7,8,15,614.12
"E6BB0401","2026-04-01","2026-03-11",9,10,28,1765.36
"E6BB0401","2026-04-01","2026-03-12",9,9,29,1162.17
"E6BB0401","2026-04-01","2026-03-13",9,11,34,1333.82
"E6BB0401","2026-04-01","2026-03-14",9,11,28,1677.42
"E6BB0401","2026-04-01","2026-03-15",12,12,34,2045.29
"E6BB0401","2026-04-01","2026-03-16",8,10,22,1591.03
"E6BB0401","2026-04-01","2026-03-19",9,9,23,1617.56
"E6BB0401","2026-04-01","2026-03-20",14,14,29,1293.81
"E6BB0401","2026-04-01","2026-03-21",7,8,21,596.64
"E6BB0401","2026-04-01","2026-03-22",9,10,24,1563.08
"E6BB0401","2026-04-01","2026-03-23",9,11,21,1690.93
"E6BB0401","2026-04-01","2026-03-28",18,18,52,1284.5
"E6BB0401","2026-04-01","2026-03-29",13,13,30,1833.75
"E6BB0401","2026-04-01","2026-03-30",16,16,36,1502.4
"E6BB0401","2026-04-01","2026-03-31",12,14,34,924.12
"E6BB0401","2026-04-01","2026-04-01",18,18,51,2016.62
"E6BB0402","2026-04-02","2025-12-03",1,1,3,104.35
"E6BB0402","2026-04-02","2025-12-04",3,4,12,332.5
"E6BB0402","2026-04-02","2025-12-05",1,1,2,110.96
"E6BB0402","2026-04-02","2025-12-07",8,8,25,993.59
"E6BB0402","2026-04-02","2025-12-08",1,3,8,340.16
"E6BB0402","2026-04-02","2025-12-09",4,6,17,1051.03
"E6BB0402","2026-04-02","2025-12-10",4,4,11,270.92
"E6BB0402","2026-04-02","2025-12-15",1,1,2,123.38
"E6BB0402","2026-04-02","2025-12-16",3,5,11,486.91
"E6BB0402","2026-04-02","2025-12-18",2,4,11,513.83
"E6BB0402","2026-04-02","2025-12-20",7,9,20,1495.81
"E6BB0402","2026-04-02","2025-12-21",1,1,2,142.17
"E6BB0402","2026-04-02","2025-12-24",1,1,3,133.65
"E6BB0402","2026-04-02","2025-12-25",1,1,2,109.45
"E6BB0402","2026-04-02","2025-12-26",8,9,20,931.3
"E6BB0402","2026-04-02","2025-12-27",1,2,4,299.32
"E6BB0402","2026-04-02","2025-12-28",1,1,2,162.37
"E6BB0402","2026-04-02","2025-12-29",4,5,9,399.85
"E6BB0402","2026-04-02","2025-12-31",1,3,6,202.68
"E6BB0402","2026-04-02","2026-01-04",6,8,20,1324.87
"E6BB0402","2026-04-02","2026-01-05",3,4,12,629.23
"E6BB0402","2026-04-02","2026-01-07",3,4,7,422.79
"E6BB0402","2026-04-02","2026-01-08",1,1,3,137.24
"E6BB0402","2026-04-02","2026-01-09",1,2,6,189.48
"E6BB0402","2026-04-02","2026-01-10",4,5,12,361.08
"E6BB0402","2026-04-02","2026-01-14",2,4,11,443.18
"E6BB0402","2026-04-02","2026-01-15",4,5,15,873.26
"E6BB0402","2026-04-02","2026-01-18",4,6,18,662.02
"E6BB0402","2026-04-02","2026-01-19",1,3,8,438.95
"E6BB0402","2026-04-02","2026-01-20",4,4,8,672.08
"E6BB0402","2026-04-02","2026-01-21",1,1,2,60.74
"E6BB0402","2026-04-02","2026-01-22",1,1,3,106.8
"E6BB0402","2026-04-02","2026-01-26",2,2,4,142.37
"E6BB0402","2026-04-02","2026-01-29",4,6,13,810.4
"E6BB0402","2026-04-02","2026-01-31",4,4,8,705.67
"E6BB0402","2026-04-02","2026-02-02",4,4,10,387.49
"E6BB0402","2026-04-02","2026-02-03",2,3,8,513.03
"E6BB0402","2026-04-02","2026-02-04",3,3,7,214.79
"E6BB0402","2026-04-02","2026-02-05",1,3,9,443.45
"E6BB0402","2026-04-02","2026-02-06",6,8,24,898.31
"E6BB0402","2026-04-02","2026-02-07",3,5,12,832.2
"E6BB0402","2026-04-02","2026-02-08",2,4,8,244.66
"E6BB0402","2026-04-02","2026-02-09",5,7,22,920.71
"E6BB0402","2026-04-02","2026-02-11",2,3,9,302.2
"E6BB0402","2026-04-02","2026-02-12",3,3,8,271.61
"E6BB0402","2026-04-02","2026-02-13",4,4,7,340.88
"E6BB0402","2026-04-02","2026-02-15",2,4,9,253.68
"E6BB0402","2026-04-02","2026-02-16",5,5,13,414.24
"E6BB0402","2026-04-02","2026-02-17",3,5,9,585.57
"E6BB0402","2026-04-02","2026-02-19",5,5,13,652.62
"E6BB0402","2026-04-02","2026-02-20",4,5,15,814.65
"E6BB0402","2026-04-02","2026-02-21",1,2,6,316.82
"E6BB0402","2026-04-02","2026-02-22",5,5,16,671.82
"E6BB0402","2026-04-02","2026-02-28",6,6,18,977.19
"E6BB0402","2026-04-02","2026-03-03",5,6,16,1019.61
"E6BB0402","2026-04-02","2026-03-04",7,7,15,926.86
"E6BB0402","2026-04-02","2026-03-06",5,7,16,717.07
"E6BB0402","2026-04-02","2026-03-07",3,4,8,242.88
"E6BB0402","2026-04-02","2026-03-08",4,4,10,344.35
"E6BB0402","2026-04-02","2026-03-09",8,9,22,1059
"E6BB0402","2026-04-02","2026-03-10",7,9,17,1363.73
"E6BB0402","2026-04-02","2026-03-11",9,9,28,875.96
"E6BB0402","2026-04-02","2026-03-14",8,8,17,1402.85
"E6BB0402","2026-04-02","2026-03-15",9,9,17,1161
"E6BB0402","2026-04-02","2026-03-16",11,11,28,1869.72
"E6BB0402","2026-04-02","2026-03-17",9,10,21,1470.17
"E6BB0402","2026-04-02","2026-03-20",10,11,30,1265.33
"E6BB0402","2026-04-02","2026-03-21",12,13,35,1063.48
"E6BB0402","2026-04-02","2026-03-22",9,11,27,1367.55
"E6BB0402","2026-04-02","2026-03-23",9,10,24,1218.34
"E6BB0402","2026-04-02","2026-03-24",11,12,26,1999.05
"E6BB0402","2026-04-02","2026-03-25",12,14,40,2342.95
"E6BB0402","2026-04-02","2026-03-26",14,14,38,2114.43
"E6BB0402","2026-04-02","2026-03-27",14,15,35,1983.97
"E6BB0402","2026-04-02","2026-03-28",12,14,38,1633.32
"E6BB0402","2026-04-02","2026-04-02",22,22,62,1351.15
"E6BB0403","2026-04-03","2025-12-04",1,2,5,236.16
"E6BB0403","2026-04-03","2025-12-06",1,1,2,142.48
"E6BB0403","2026-04-03","2025-12-07",1,1,3,147.29
"E6BB0403","2026-04-03","2025-12-08",1,1,3,125.91
"E6BB0403","2026-04-03","2025-12-10",1,2,5,315.09
"E6BB0403","2026-04-03","2025-12-11",1,1,2,75.2
"E6BB0403","2026-04-03","2025-12-12",1,1,3,84.43
"E6BB0403","2026-04-03","2025-12-13",1,1,3,64.69
"E6BB0403","2026-04-03","2025-12-15",4,5,10,766.26
"E6BB0403","2026-04-03","2025-12-16",1,2,5,152.41
"E6BB0403","2026-04-03","2025-12-17",5,5,15,453.02
"E6BB0403","2026-04-03","2025-12-19",1,1,3,144.52
"E6BB0403","2026-04-03","2025-12-21",2,3,7,495.44
"E6BB0403","2026-04-03","2025-12-24",5,6,14,372.4
"E6BB0403","2026-04-03","2025-12-26",7,8,17,983.59
"E6BB0403","2026-04-03","2025-12-27",2,3,7,312.56
"E6BB0403","2026-04-03","2025-12-28",4,4,11,571.62
"E6BB0403","2026-04-03","2025-12-30",3,4,11,642.23
"E6BB0403","2026-04-03","2026-01-01",2,2,6,276.68
"E6BB0403","2026-04-03","2026-01-02",6,7,18,1045.42
"E6BB0403","2026-04-03","2026-01-04",6,6,19,478.38
"E6BB0403","2026-04-03","2026-01-07",6,7,20,1080.79
"E6BB0403","2026-04-03","2026-01-08",8,8,22,534.84
"E6BB0403","2026-04-03","2026-01-09",4,6,17,379.06
"E6BB0403","2026-04-03","2026-01-10",2,3,9,292.43
"E6BB0403","2026-04-03","2026-01-11",5,7,18,1174.66
"E6BB0403","2026-04-03","2026-01-12",1,3,7,218.58
"E6BB0403","2026-04-03","2026-01-16",1,2,5,123.41
"E6BB0403","2026-04-03","2026-01-17",6,6,12,412.96
"E6BB0403","2026-04-03","2026-01-18",4,4,9,283.16
"E6BB0403","2026-04-03","2026-01-19",5,6,13,490.9
"E6BB0403","2026-04-03","2026-01-26",1,2,6,342.05
"E6BB0403","2026-04-03","2026-01-27",6,6,16,729.8
"E6BB0403","2026-04-03","2026-01-28",4,5,13,789.75
"E6BB0403","2026-04-03","2026-01-29",1,2,5,278.68
"E6BB0403","2026-04-03","2026-02-02",5,5,15,476.1
"E6BB0403","2026-04-03","2026-02-03",5,6,11,613.72
"E6BB0403","2026-04-03","2026-02-08",1,2,6,133.85
"E6BB0403","2026-04-03","2026-02-11",1,1,3,121.77
"E6BB0403","2026-04-03","2026-02-16",6,6,19,1073.6
"E6BB0403","2026-04-03","2026-02-17",1,1,2,73.53
"E6BB0403","2026-04-03","2026-02-18",6,6,14,476.65
"E6BB0403","2026-04-03","2026-02-20",2,2,5,195.53
"E6BB0403","2026-04-03","2026-02-21",5,5,9,389.42
"E6BB0403","2026-04-03","2026-02-26",4,5,15,754.1
"E6BB0403","2026-04-03","2026-02-27",8,8,25,1171.3
"E6BB0403","2026-04-03","2026-02-28",5,7,14,1034.12
"E6BB0403","2026-04-03","2026-03-02",6,8,23,918.12
"E6BB0403","2026-04-03","2026-03-03",6,6,18,658.51
"E6BB0403","2026-04-03","2026-03-04",6,7,14,614.92
"E6BB0403","2026-04-03","2026-03-05",9,9,25,999.58
"E6BB0403","2026-04-03","2026-03-06",2,2,4,266.25
"E6BB0403","2026-04-03","2026-03-07",4,5,11,599.64
"E6BB0403","2026-04-03","2026-03-11",3,4,11,330.9
"E6BB0403","2026-04-03","2026-03-12",7,9,27,1436.76
"E6BB0403","2026-04-03","2026-03-13",6,6,17,752.14
"E6BB0403","2026-04-03","2026-03-14",7,8,25,551.96
"E6BB0403","2026-04-03","2026-03-15",7,7,19,915.56
"E6BB0403","2026-04-03","2026-03-16",7,9,17,1177.72
"E6BB0403","2026-04-03","2026-03-18",10,11,34,704.29
"E6BB0403","2026-04-03","2026-03-20",14,14,42,1019.84
"E6BB0403","2026-04-03","2026-03-23",8,9,21,1464.19
"E6BB0403","2026-04-03","2026-03-25",10,12,22,1347.6
"E6BB0403","2026-04-03","2026-03-27",15,15,31,2448.64
"E6BB0403","2026-04-03","2026-03-28",10,12,24,1211.24
"E6BB0403","2026-04-03","2026-03-29",13,15,36,1873.04
"E6BB0403","2026-04-03","2026-03-30",13,15,47,2542.27
"E6BB0403","2026-04-03","2026-03-31",13,13,36,1487.22
"E6BB0403","2026-04-03","2026-04-01",17,18,56,1526.17
"E6BB0403","2026-04-03","2026-04-02",17,17,52,1772.06
"E6BB0403","2026-04-03","2026-04-03",17,17,50,1350.93
"E6BB0404","2026-04-04","2025-12-05",1,3,6,257.08
"E6BB0404","2026-04-04","2025-12-06",1,1,3,153.72
"E6BB0404","2026-04-04","2025-12-07",3,3,7,409.61
"E6BB0404","2026-04-04","2025-12-09",3,4,8,648.85
"E6BB0404","2026-04-04","2025-12-12",3,3,10,413.03
"E6BB0404","2026-04-04","2025-12-14",2,3,6,478.66
"E6BB0404","2026-04-04","2025-12-16",5,7,17,427.59
"E6BB0404","2026-04-04","2025-12-18",3,4,12,297.86
"E6BB0404","2026-04-04","2025-12-19",2,4,12,645.63
"E6BB0404","2026-04-04","2025-12-24",3,3,7,227.43
"E6BB0404","2026-04-04","2025-12-26",2,2,6,244.81
"E6BB0404","2026-04-04","2025-12-27",1,2,4,286.87
"E6BB0404","2026-04-04","2025-12-30",2,3,8,333.3
"E6BB0404","2026-04-04","2025-12-31",1,1,3,122.71
"E6BB0404","2026-04-04","2026-01-01",6,6,16,534.93
"E6BB0404","2026-04-04","2026-01-02",5,5,15,332.07
"E6BB0404","2026-04-04","2026-01-04",1,1,2,117.17
"E6BB0404","2026-04-04","2026-01-06",3,5,12,838.71
"E6BB0404","2026-04-04","2026-01-07",2,2,6,322.16
"E6BB0404","2026-04-04","2026-01-08",4,4,8,494.67
"E6BB0404","2026-04-04","2026-01-10",6,8,19,736.65
"E6BB0404","2026-04-04","2026-01-11",4,6,15,1043.36
"E6BB0404","2026-04-04","2026-01-12",5,5,13,401.74
"E6BB0404","2026-04-04","2026-01-13",4,5,16,796.89
"E6BB0404","2026-04-04","2026-01-14",2,4,12,714.61
"E6BB0404","2026-04-04","2026-01-15",3,3,6,225.45
"E6BB0404","2026-04-04","2026-01-16",1,2,4,255.33
"E6BB0404","2026-04-04","2026-01-17",2,3,9,217.62
"E6BB0404","2026-04-04","2026-01-18",1,2,6,183.82
"E6BB0404","2026-04-04","2026-01-19",2,4,10,534.55
"E6BB0404","2026-04-04","2026-01-20",2,4,8,667.56
"E6BB0404","2026-04-04","2026-01-21",2,4,9,503.83
"E6BB0404","2026-04-04","2026-01-23",1,2,4,222.37
"E6BB0404","2026-04-04","2026-01-24",4,4,11,350.11
"E6BB0404","2026-04-04","2026-01-25",3,4,10,368.65
"E6BB0404","2026-04-04","2026-01-27",1,2,4,226.26
"E6BB0404","2026-04-04","2026-01-28",3,3,10,456.43
"E6BB0404","2026-04-04","2026-01-29",4,5,12,324.61
"E6BB0404","2026-04-04","2026-01-30",5,5,12,386.84
"E6BB0404","2026-04-04","2026-01-31",2,3,7,378.7
"E6BB0404","2026-04-04","2026-02-02",5,5,13,743.41
"E6BB0404","2026-04-04","2026-02-03",6,6,17,780.01
"E6BB0404","2026-04-04","2026-02-07",5,5,11,465.13
"E6BB0404","2026-04-04","2026-02-11",1,3,7,214.63
"E6BB0404","2026-04-04","2026-02-12",1,1,3,157.48
"E6BB0404","2026-04-04","2026-02-14",1,1,3,104.1
"E6BB0404","2026-04-04","2026-02-15",5,5,11,766.77
"E6BB0404","2026-04-04","2026-02-16",2,2,5,243.48
"E6BB0404","2026-04-04","2026-02-17",1,1,2,61.94
"E6BB0404","2026-04-04","2026-02-18",1,1,3,96.75
"E6BB0404","2026-04-04","2026-02-19",4,4,10,368.5
"E6BB0404","2026-04-04","2026-02-23",3,5,13,663.25
"E6BB0404","2026-04-04","2026-02-26",4,4,11,545.61
"E6BB0404","2026-04-04","2026-03-02",4,5,13,600.46
"E6BB0404","2026-04-04","2026-03-03",8,9,29,800.84
"E6BB0404","2026-04-04","2026-03-04",5,6,16,642.46
"E6BB0404","2026-04-04","2026-03-06",7,8,15,1335.33
"E6BB0404","2026-04-04","2026-03-07",4,5,12,478.72
"E6BB0404","2026-04-04","2026-03-12",11,11,34,1351.22
"E6BB0404","2026-04-04","2026-03-13",7,8,22,672.59
"E6BB0404","2026-04-04","2026-03-16",8,10,22,1647.5
"E6BB0404","2026-04-04","2026-03-18",7,9,27,1150.32
"E6BB0404","2026-04-04","2026-03-19",9,10,25,1479.21
"E6BB0404","2026-04-04","2026-03-20",9,9,28,569.5
"E6BB0404","2026-04-04","2026-03-21",10,12,30,1828.8
"E6BB0404","2026-04-04","2026-03-23",10,10,19,787.96
"E6BB0404","2026-04-04","2026-03-24",10,11,29,1587.34
"E6BB0404","2026-04-04","2026-03-27",13,13,38,1114.65
"E6BB0404","2026-04-04","2026-03-29",15,17,41,1912.28
"E6BB0404","2026-04-04","2026-03-30",13,14,30,1049.32
"E6BB0404","2026-04-04","2026-03-31",16,16,30,2023.11
"E6BB0404","2026-04-04","2026-04-01",16,17,42,1798.37
"E6BB0404","2026-04-04","2026-04-02",15,16,33,2191.83
"E6BB0404","2026-04-04","2026-04-03",12,14,41,2001.01
"E6BB0405","2026-04-05","2025-12-07",4,4,10,409.21
"E6BB0405","2026-04-05","2025-12-08",1,1,2,102.07
"E6BB0405","2026-04-05","2025-12-11",2,3,8,454.89
"E6BB0405","2026-04-05","2025-12-15",5,6,17,511.41
"E6BB0405","2026-04-05","2025-12-16",3,3,9,307.56
"E6BB0405","2026-04-05","2025-12-20",8,8,17,690.68
"E6BB0405","2026-04-05","2025-12-21",3,5,10,839.21
"E6BB0405","2026-04-05","2025-12-22",3,3,6,201.36
"E6BB0405","2026-04-05","2025-12-23",1,2,6,342.65
"E6BB0405","2026-04-05","2025-12-24",2,2,4,166.23
"E6BB0405","2026-04-05","2025-12-25",1,1,2,159.98
"E6BB0405","2026-04-05","2025-12-27",1,1,3,126.14
"E6BB0405","2026-04-05","2025-12-28",2,3,6,344.68
"E6BB0405","2026-04-05","2025-12-30",6,6,14,548.22
"E6BB0405","2026-04-05","2025-12-31",2,3,7,454.68
"E6BB0405","2026-04-05","2026-01-04",6,6,16,415.09
"E6BB0405","2026-04-05","2026-01-05",6,6,12,546.94
"E6BB0405","2026-04-05","2026-01-06",3,3,8,422.37
"E6BB0405","2026-04-05","2026-01-10",1,1,2,135.06
"E6BB0405","2026-04-05","2026-01-12",3,3,6,532.74
"E6BB0405","2026-04-05","2026-01-14",5,5,14,475.48
"E6BB0405","2026-04-05","2026-01-15",2,3,9,184.64
"E6BB0405","2026-04-05","2026-01-16",3,4,10,341.31
"E6BB0405","2026-04-05","2026-01-18",4,5,13,633.09
"E6BB0405","2026-04-05","2026-01-19",6,6,19,509.26
"E6BB0405","2026-04-05","2026-01-20",1,1,3,128.36
"E6BB0405","2026-04-05","2026-01-22",2,4,8,695.75
"E6BB0405","2026-04-05","2026-01-23",3,5,11,876.69
"E6BB0405","2026-04-05","2026-01-24",1,1,2,116.12
"E6BB0405","2026-04-05","2026-01-25",1,2,4,219.02
"E6BB0405","2026-04-05","2026-01-26",2,3,9,252.09
"E6BB0405","2026-04-05","2026-01-27",6,6,19,694.95
"E6BB0405","2026-04-05","2026-01-31",4,4,7,307.96
"E6BB0405","2026-04-05","2026-02-04",4,4,7,355.4
"E6BB0405","2026-04-05","2026-02-05",3,5,13,648.47
"E6BB0405","2026-04-05","2026-02-06",3,4,11,663.41
"E6BB0405","2026-04-05","2026-02-07",1,3,6,258.96
"E6BB0405","2026-04-05","2026-02-08",1,1,2,176.08
"E6BB0405","2026-04-05","2026-02-09",1,1,2,139.62
"E6BB0405","2026-04-05","2026-02-10",5,5,15,623.76
"E6BB0405","2026-04-05","2026-02-12",1,1,2,91.09
"E6BB0405","2026-04-05","2026-02-13",7,7,13,817.14
"E6BB0405","2026-04-05","2026-02-14",5,5,16,425.76
"E6BB0405","2026-04-05","2026-02-15",3,5,9,373.86
"E6BB0405","2026-04-05","2026-02-16",2,3,8,432.57
"E6BB0405","2026-04-05","2026-02-17",4,4,12,494.18
"E6BB0405","2026-04-05","2026-02-19",3,4,11,556.69
"E6BB0405","2026-04-05","2026-02-20",5,7,13,758.69
"E6BB0405","2026-04-05","2026-02-21",2,4,10,469.51
"E6BB0405","2026-04-05","2026-02-22",6,6,19,553.8
"E6BB0405","2026-04-05","2026-02-23",2,4,10,547.17
"E6BB0405","2026-04-05","2026-02-24",4,5,14,797.77
"E6BB0405","2026-04-05","2026-02-25",7,7,14,881.11
"E6BB0405","2026-04-05","2026-02-27",7,8,20,1202.27
"E6BB0405","2026-04-05","2026-03-01",2,3,8,290.13
"E6BB0405","2026-04-05","2026-03-03",8,10,24,1624.58
"E6BB0405","2026-04-05","2026-03-05",7,7,22,988.45
"E6BB0405","2026-04-05","2026-03-06",7,7,21,573.6
"E6BB0405","2026-04-05","2026-03-09",6,8,18,1278.62
"E6BB0405","2026-04-05","2026-03-11",6,6,15,533.49
"E6BB0405","2026-04-05","2026-03-12",6,8,22,815.22
"E6BB0405","2026-04-05","2026-03-13",4,6,15,450.68
"E6BB0405","2026-04-05","2026-03-14",6,6,18,539.47
"E6BB0405","2026-04-05","2026-03-15",5,6,13,783.68
"E6BB0405","2026-04-05","2026-03-16",7,9,22,1284.68
"E6BB0405","2026-04-05","2026-03-18",5,7,18,604.16
"E6BB0405","2026-04-05","2026-03-19",4,6,14,916.82
"E6BB0405","2026-04-05","2026-03-20",9,11,34,804.01
"E6BB0405","2026-04-05","2026-03-21",10,10,23,1415.17
"E6BB0405","2026-04-05","2026-03-24",9,11,35,1090.94
"E6BB0405","2026-04-05","2026-03-25",11,11,30,1427.2
"E6BB0405","2026-04-05","2026-03-28",12,14,41,1290.16
"E6BB0405","2026-04-05","2026-03-30",18,19,57,2030.67
"E6BB0405","2026-04-05","2026-03-31",13,14,29,1622.88
"E6BB0405","2026-04-05","2026-04-02",17,19,55,1214.61
"E6BB0405","2026-04-05","2026-04-04",16,18,57,2912.33
"E6BB0405","2026-04-05","2026-04-05",20,21,44,2843.68
"E6BB0406","2026-04-06","2025-12-09",3,3,7,238.92
"E6BB0406","2026-04-06","2025-12-10",3,4,8,413.59
"E6BB0406","2026-04-06","2025-12-12",2,4,12,695.34
"E6BB0406","2026-04-06","2025-12-13",1,1,3,151.21
"E6BB0406","2026-04-06","2025-12-14",1,2,5,234.19
"E6BB0406","2026-04-06","2025-12-15",4,5,13,893.98
"E6BB0406","2026-04-06","2025-12-16",2,3,8,183.75
"E6BB0406","2026-04-06","2025-12-17",2,4,13,296.02
"E6BB0406","2026-04-06","2025-12-18",6,7,17,1063.58
"E6BB0406","2026-04-06","2025-12-22",1,1,3,119.67
"E6BB0406","2026-04-06","2025-12-24",1,1,2,121.48
"E6BB0406","2026-04-06","2025-12-26",4,5,14,465.93
"E6BB0406","2026-04-06","2025-12-28",1,3,8,214.39
"E6BB0406","2026-04-06","2025-12-30",4,5,12,353.22
"E6BB0406","2026-04-06","2026-01-01",5,5,14,787.97
"E6BB0406","2026-04-06","2026-01-02",1,2,5,194.58
"E6BB0406","2026-04-06","2026-01-04",2,3,8,253.35
"E6BB0406","2026-04-06","2026-01-05",3,4,9,507.14
"E6BB0406","2026-04-06","2026-01-07",4,6,12,830.06
"E6BB0406","2026-04-06","2026-01-08",3,4,12,634.92
"E6BB0406","2026-04-06","2026-01-09",1,1,2,124.39
"E6BB0406","2026-04-06","2026-01-13",3,5,11,382.01
"E6BB0406","2026-04-06","2026-01-14",3,3,6,186.49
"E6BB0406","2026-04-06","2026-01-20",2,4,12,621.6
"E6BB0406","2026-04-06","2026-01-21",1,2,5,272.68
"E6BB0406","2026-04-06","2026-01-22",6,6,19,1062.95
"E6BB0406","2026-04-06","2026-01-23",6,6,12,655.45
"E6BB0406","2026-04-06","2026-01-24",1,2,5,357.08
"E6BB0406","2026-04-06","2026-01-26",4,4,11,524.64
"E6BB0406","2026-04-06","2026-01-28",1,1,2,117.67
"E6BB0406","2026-04-06","2026-01-29",2,2,6,144.37
"E6BB0406","2026-04-06","2026-01-31",1,1,2,132.05
"E6BB0406","2026-04-06","2026-02-02",3,3,8,307.16
"E6BB0406","2026-04-06","2026-02-06",1,3,7,407.67
"E6BB0406","2026-04-06","2026-02-07",2,2,6,340.75
"E6BB0406","2026-04-06","2026-02-10",4,4,9,710.4
"E6BB0406","2026-04-06","2026-02-11",1,3,8,431.02
"E6BB0406","2026-04-06","2026-02-12",4,6,14,425.52
"E6BB0406","2026-04-06","2026-02-13",6,8,15,574.53
"E6BB0406","2026-04-06","2026-02-16",2,2,5,208.73
"E6BB0406","2026-04-06","2026-02-18",1,1,2,78.98
"E6BB0406","2026-04-06","2026-02-20",5,7,13,1003.2
"E6BB0406","2026-04-06","2026-02-23",1,2,5,347.15
"E6BB0406","2026-04-06","2026-02-24",5,6,19,976.7
"E6BB0406","2026-04-06","2026-02-27",3,4,7,396.44
"E6BB0406","2026-04-06","2026-03-02",8,8,25,930.96
"E6BB0406","2026-04-06","2026-03-04",2,4,10,449.48
"E6BB0406","2026-04-06","2026-03-05",2,4,8,277.18
"E6BB0406","2026-04-06","2026-03-07",3,5,15,804.66
"E6BB0406","2026-04-06","2026-03-09",5,7,16,925.35
"E6BB0406","2026-04-06","2026-03-10",2,3,9,305.49
"E6BB0406","2026-04-06","2026-03-11",1,2,6,299.81
"E6BB0406","2026-04-06","2026-03-12",4,6,14,431.02
"E6BB0406","2026-04-06","2026-03-13",9,9,18,1349.22
"E6BB0406","2026-04-06","2026-03-15",7,7,16,919.35
"E6BB0406","2026-04-06","2026-03-16",10,10,24,1691.54
"E6BB0406","2026-04-06","2026-03-17",11,13,27,1765.34
"E6BB0406","2026-04-06","2026-03-18",9,11,33,1976.05
"E6BB0406","2026-04-06","2026-03-19",7,8,22,1287.41
"E6BB0406","2026-04-06","2026-03-20",5,7,19,928.63
"E6BB0406","2026-04-06","2026-03-22",4,6,19,889.4
"E6BB0406","2026-04-06","2026-03-24",11,12,36,784.36
"E6BB0406","2026-04-06","2026-03-25",12,12,38,1094.7
"E6BB0406","2026-04-06","2026-03-26",12,14,36,1131.82
"E6BB0406","2026-04-06","2026-03-28",12,12,31,1868.19
"E6BB0406","2026-04-06","2026-03-29",9,9,20,1609.7
"E6BB0406","2026-04-06","2026-03-30",12,12,36,1830.1
"E6BB0406","2026-04-06","2026-03-31",14,14,33,1760.32
"E6BB0406","2026-04-06","2026-04-01",12,14,32,1305.37
"E6BB0406","2026-04-06","2026-04-02",16,16,38,2177.99
"E6BB0406","2026-04-06","2026-04-05",14,16,45,1772.82
"E6BB0406","2026-04-06","2026-04-06",17,17,34,3035.7
"E6BB0408","2026-04-08","2025-12-09",1,1,2,148.68
"E6BB0408","2026-04-08","2025-12-10",1,3,8,309.3
"E6BB0408","2026-04-08","2025-12-12",3,4,12,629.2
"E6BB0408","2026-04-08","2025-12-13",4,6,14,522.96
"E6BB0408","2026-04-08","2025-12-15",3,5,13,593.06
"E6BB0408","2026-04-08","2025-12-16",2,3,9,426.71
"E6BB0408","2026-04-08","2025-12-17",3,3,9,470.63
"E6BB0408","2026-04-08","2025-12-18",2,3,9,347.98
"E6BB0408","2026-04-08","2025-12-20",1,3,6,397.15
"E6BB0408","2026-04-08","2025-12-25",3,5,13,701.31
"E6BB0408","2026-04-08","2025-12-27",1,2,4,331.02
"E6BB0408","2026-04-08","2025-12-28",10,10,21,1641.92
"E6BB0408","2026-04-08","2025-12-29",1,1,2,163.2
"E6BB0408","2026-04-08","2025-12-30",1,1,3,106.63
"E6BB0408","2026-04-08","2025-12-31",3,5,14,570.35
"E6BB0408","2026-04-08","2026-01-02",5,6,17,884.41
"E6BB0408","2026-04-08","2026-01-03",1,1,3,175.73
"E6BB0408","2026-04-08","2026-01-04",1,2,5,311
"E6BB0408","2026-04-08","2026-01-06",4,5,13,519.66
"E6BB0408","2026-04-08","2026-01-07",2,4,11,593.49
"E6BB0408","2026-04-08","2026-01-08",2,4,12,498.35
"E6BB0408","2026-04-08","2026-01-09",3,5,11,470.62
"E6BB0408","2026-04-08","2026-01-10",2,4,12,679.61
"E6BB0408","2026-04-08","2026-01-11",2,2,6,233.82
"E6BB0408","2026-04-08","2026-01-13",3,5,11,500.49
"E6BB0408","2026-04-08","2026-01-14",1,2,4,314.84
"E6BB0408","2026-04-08","2026-01-17",3,3,8,456.15
"E6BB0408","2026-04-08","2026-01-20",2,2,4,355.57
"E6BB0408","2026-04-08","2026-01-21",4,4,11,614.56
"E6BB0408","2026-04-08","2026-01-22",1,2,5,279.18
"E6BB0408","2026-04-08","2026-01-23",3,3,7,358.94
"E6BB0408","2026-04-08","2026-01-25",1,3,10,398.41
"E6BB0408","2026-04-08","2026-01-26",3,4,8,651.48
"E6BB0408","2026-04-08","2026-01-27",3,3,6,240.02
"E6BB0408","2026-04-08","2026-01-28",1,2,6,227.2
"E6BB0408","2026-04-08","2026-02-01",4,4,12,553.69
"E6BB0408","2026-04-08","2026-02-03",5,6,14,1079.2
"E6BB0408","2026-04-08","2026-02-04",2,4,10,309.33
"E6BB0408","2026-04-08","2026-02-05",1,3,9,467.76
"E6BB0408","2026-04-08","2026-02-06",1,1,2,85.96
"E6BB0408","2026-04-08","2026-02-08",4,5,15,696.58
"E6BB0408","2026-04-08","2026-02-11",4,4,8,483.76
"E6BB0408","2026-04-08","2026-02-12",4,5,12,441.1
"E6BB0408","2026-04-08","2026-02-13",4,4,11,543.24
"E6BB0408","2026-04-08","2026-02-15",1,2,4,254.91
"E6BB0408","2026-04-08","2026-02-17",1,3,7,238.29
"E6BB0408","2026-04-08","2026-02-18",4,5,15,337.4
"E6BB0408","2026-04-08","2026-02-21",4,4,9,700.81
"E6BB0408","2026-04-08","2026-02-22",1,2,4,277.83
"E6BB0408","2026-04-08","2026-02-23",1,1,3,74.6
"E6BB0408","2026-04-08","2026-02-25",6,8,20,997.82
"E6BB0408","2026-04-08","2026-02-26",2,4,8,694.51
"E6BB0408","2026-04-08","2026-02-27",5,6,12,765.09
"E6BB0408","2026-04-08","2026-02-28",4,5,9,441.72
"E6BB0408","2026-04-08","2026-03-03",10,11,33,794
"E6BB0408","2026-04-08","2026-03-05",4,4,11,639.08
"E6BB0408","2026-04-08","2026-03-06",6,7,13,1104.55
"E6BB0408","2026-04-08","2026-03-07",5,6,16,814.87
"E6BB0408","2026-04-08","2026-03-09",9,10,31,1199.67
"E6BB0408","2026-04-08","2026-03-11",8,9,17,1472.36
"E6BB0408","2026-04-08","2026-03-13",2,4,10,586.59
"E6BB0408","2026-04-08","2026-03-15",3,4,10,604.19
"E6BB0408","2026-04-08","2026-03-17",8,8,18,736.62
"E6BB0408","2026-04-08","2026-03-21",11,12,25,2131.99
"E6BB0408","2026-04-08","2026-03-22",9,10,30,1539.78
"E6BB0408","2026-04-08","2026-03-24",9,9,18,787.26
"E6BB0408","2026-04-08","2026-03-26",10,12,26,1566.29
"E6BB0408","2026-04-08","2026-03-27",11,11,21,1414
"E6BB0408","2026-04-08","2026-03-28",7,8,21,774.95
"E6BB0408","2026-04-08","2026-03-31",10,11,29,851.08
"E6BB0408","2026-04-08","2026-04-01",12,13,33,2335.66
"E6BB0408","2026-04-08","2026-04-03",13,14,27,1867.64
"E6BB0408","2026-04-08","2026-04-05",14,15,39,1389.03
"E6BB0408","2026-04-08","2026-04-06",13,15,30,940.58
"E6BB0408","2026-04-08","2026-04-07",14,16,31,1007.89
"E6BB0408","2026-04-08","2026-04-08",19,19,39,3208.72
"E6BB0410","2026-04-10","2025-12-13",1,1,2,146.27
"E6BB0410","2026-04-10","2025-12-14",1,2,4,323.72
"E6BB0410","2026-04-10","2025-12-19",4,5,16,624.41
"E6BB0410","2026-04-10","2025-12-20",3,4,10,552.39
"E6BB0410","2026-04-10","2025-12-22",3,3,6,300.38
"E6BB0410","2026-04-10","2025-12-23",2,4,9,414.87
"E6BB0410","2026-04-10","2025-12-28",4,5,15,445.2
"E6BB0410","2026-04-10","2025-12-29",1,2,6,328.63
"E6BB0410","2026-04-10","2025-12-30",3,3,10,528.26
"E6BB0410","2026-04-10","2026-01-01",6,6,14,1032.83
"E6BB0410","2026-04-10","2026-01-02",2,2,5,237.81
"E6BB0410","2026-04-10","2026-01-04",6,6,11,573.06
"E6BB0410","2026-04-10","2026-01-07",3,3,5,496.51
"E6BB0410","2026-04-10","2026-01-08",5,6,14,877.45
"E6BB0410","2026-04-10","2026-01-09",1,3,8,235.84
"E6BB0410","2026-04-10","2026-01-12",1,3,8,518.7
"E6BB0410","2026-04-10","2026-01-13",4,5,15,447.35
"E6BB0410","2026-04-10","2026-01-14",7,7,13,932.42
"E6BB0410","2026-04-10","2026-01-15",1,2,6,229.74
"E6BB0410","2026-04-10","2026-01-17",3,3,9,246.44
"E6BB0410","2026-04-10","2026-01-18",3,5,11,608.98
"E6BB0410","2026-04-10","2026-01-19",1,1,2,167.84
"E6BB0410","2026-04-10","2026-01-20",1,3,9,210.39
"E6BB0410","2026-04-10","2026-01-22",1,2,6,279.49
"E6BB0410","2026-04-10","2026-01-26",1,3,9,404.51
"E6BB0410","2026-04-10","2026-01-27",4,4,9,713.74
"E6BB0410","2026-04-10","2026-01-28",5,7,14,959.62
"E6BB0410","2026-04-10","2026-01-29",1,3,7,521.5
"E6BB0410","2026-04-10","2026-01-30",3,5,14,468.21
"E6BB0410","2026-04-10","2026-02-01",2,3,6,235.14
"E6BB0410","2026-04-10","2026-02-03",1,2,5,137.7
"E6BB0410","2026-04-10","2026-02-07",4,5,14,832.04
"E6BB0410","2026-04-10","2026-02-08",3,5,13,804.6
"E6BB0410","2026-04-10","2026-02-10",6,6,19,754.43
"E6BB0410","2026-04-10","2026-02-11",1,3,8,269.23
"E6BB0410","2026-04-10","2026-02-12",1,1,2,176.64
"E6BB0410","2026-04-10","2026-02-13",4,5,13,581.14
"E6BB0410","2026-04-10","2026-02-14",2,3,8,397.33
"E6BB0410","2026-04-10","2026-02-16",2,4,11,627.79
"E6BB0410","2026-04-10","2026-02-17",5,7,15,1209.29
"E6BB0410","2026-04-10","2026-02-18",2,4,11,570.78
"E6BB0410","2026-04-10","2026-02-19",4,6,19,820.95
"E6BB0410","2026-04-10","2026-02-20",3,4,8,315.17
"E6BB0410","2026-04-10","2026-02-21",3,3,8,500.9
"E6BB0410","2026-04-10","2026-02-22",3,5,14,718.01
"E6BB0410","2026-04-10","2026-02-24",3,4,10,475.1
"E6BB0410","2026-04-10","2026-02-25",1,1,2,160.16
"E6BB0410","2026-04-10","2026-02-26",3,3,8,228.49
"E6BB0410","2026-04-10","2026-03-01",1,2,6,157.46
"E6BB0410","2026-04-10","2026-03-02",1,2,5,166.84
"E6BB0410","2026-04-10","2026-03-03",3,5,11,735.88
"E6BB0410","2026-04-10","2026-03-04",4,4,8,600
"E6BB0410","2026-04-10","2026-03-07",2,4,8,590.12
"E6BB0410","2026-04-10","2026-03-09",1,3,8,208.9
"E6BB0410","2026-04-10","2026-03-10",4,6,15,506.32
"E6BB0410","2026-04-10","2026-03-11",4,4,8,347.58
"E6BB0410","2026-04-10","2026-03-13",8,10,27,1499.24
"E6BB0410","2026-04-10","2026-03-14",3,5,11,720.14
"E6BB0410","2026-04-10","2026-03-15",3,3,9,451.91
"E6BB0410","2026-04-10","2026-03-16",4,5,15,885.31
"E6BB0410","2026-04-10","2026-03-20",7,7,16,708.58
"E6BB0410","2026-04-10","2026-03-24",10,11,30,980.9
"E6BB0410","2026-04-10","2026-03-25",8,8,21,831.89
"E6BB0410","2026-04-10","2026-03-29",10,11,27,1019.64
"E6BB0410","2026-04-10","2026-04-01",9,9,27,1304.83
"E6BB0410","2026-04-10","2026-04-02",14,14,33,1482.28
"E6BB0410","2026-04-10","2026-04-03",13,15,44,1491.46
"E6BB0410","2026-04-10","2026-04-05",13,13,27,1541.22
"E6BB0410","2026-04-10","2026-04-07",15,17,43,3037.44
"E6BB0410","2026-04-10","2026-04-08",18,18,49,2982.1
"E6BB0410","2026-04-10","2026-04-09",16,17,31,1669.41
"E6BB0410","2026-04-10","2026-04-10",17,19,49,3004.73
"E6BB0411","2026-04-11","2025-12-12",1,1,2,78.92
"E6BB0411","2026-04-11","2025-12-13",1,2,6,280.15
"E6BB0411","2026-04-11","2025-12-15",3,3,6,478.58
"E6BB0411","2026-04-11","2025-12-16",2,2,4,346.93
"E6BB0411","2026-04-11","2025-12-18",1,1,2,85.07
"E6BB0411","2026-04-11","2025-12-19",4,5,11,421.24
"E6BB0411","2026-04-11","2025-12-20",2,3,7,513.79
"E6BB0411","2026-04-11","2025-12-22",1,3,9,490.31
"E6BB0411","2026-04-11","2025-12-23",3,3,8,297.89
"E6BB0411","2026-04-11","2025-12-26",3,3,9,428.97
"E6BB0411","2026-04-11","2025-12-27",2,3,7,199.91
"E6BB0411","2026-04-11","2025-12-28",1,3,7,460.92
"E6BB0411","2026-04-11","2025-12-31",6,7,18,548.75
"E6BB0411","2026-04-11","2026-01-02",4,4,7,625.73
"E6BB0411","2026-04-11","2026-01-09",1,1,2,63.78
"E6BB0411","2026-04-11","2026-01-10",1,2,5,353.97
"E6BB0411","2026-04-11","2026-01-12",2,4,8,626.89
"E6BB0411","2026-04-11","2026-01-13",1,3,9,465.32
"E6BB0411","2026-04-11","2026-01-16",3,5,11,526.02
"E6BB0411","2026-04-11","2026-01-18",5,5,15,696.79
"E6BB0411","2026-04-11","2026-01-20",3,4,9,649.04
"E6BB0411","2026-04-11","2026-01-22",3,5,13,513.5
"E6BB0411","2026-04-11","2026-01-23",1,1,2,115.2
"E6BB0411","2026-04-11","2026-01-26",5,7,15,743.86
"E6BB0411","2026-04-11","2026-01-27",1,2,6,233.96
"E6BB0411","2026-04-11","2026-01-28",3,4,11,264.4
"E6BB0411","2026-04-11","2026-01-29",1,3,8,224.78
"E6BB0411","2026-04-11","2026-01-31",2,2,5,157.18
"E6BB0411","2026-04-11","2026-02-01",1,1,2,106.91
"E6BB0411","2026-04-11","2026-02-04",4,4,8,416.22
"E6BB0411","2026-04-11","2026-02-05",1,3,9,519.01
"E6BB0411","2026-04-11","2026-02-07",4,6,11,432.54
"E6BB0411","2026-04-11","2026-02-08",5,6,14,830.54
"E6BB0411","2026-04-11","2026-02-12",3,3,7,466.04
"E6BB0411","2026-04-11","2026-02-16",1,1,2,159.37
"E6BB0411","2026-04-11","2026-02-17",4,5,11,735.18
"E6BB0411","2026-04-11","2026-02-18",1,1,2,104.62
"E6BB0411","2026-04-11","2026-02-20",3,4,7,400.71
"E6BB0411","2026-04-11","2026-02-21",5,5,10,501.36
"E6BB0411","2026-04-11","2026-02-22",1,2,4,255.85
"E6BB0411","2026-04-11","2026-02-23",3,4,10,621.6
"E6BB0411","2026-04-11","2026-02-28",4,5,10,784.17
"E6BB0411","2026-04-11","2026-03-01",2,2,5,210.6
"E6BB0411","2026-04-11","2026-03-02",6,8,20,1276.62
"E6BB0411","2026-04-11","2026-03-03",3,5,13,832.89
"E6BB0411","2026-04-11","2026-03-04",7,7,18,1131.31
"E6BB0411","2026-04-11","2026-03-05",5,7,21,1160.41
"E6BB0411","2026-04-11","2026-03-06",3,4,11,661.99
"E6BB0411","2026-04-11","2026-03-07",5,6,16,801.1
"E6BB0411","2026-04-11","2026-03-08",3,5,13,656.77
"E6BB0411","2026-04-11","2026-03-10",3,5,11,709.88
"E6BB0411","2026-04-11","2026-03-11",10,10,24,670.94
"E6BB0411","2026-04-11","2026-03-12",5,6,16,375.68
"E6BB0411","2026-04-11","2026-03-14",4,6,15,561.69
"E6BB0411","2026-04-11","2026-03-15",6,8,22,660.9
"E6BB0411","2026-04-11","2026-03-16",4,6,15,404.86
"E6BB0411","2026-04-11","2026-03-17",8,8,18,703.05
"E6BB0411","2026-04-11","2026-03-19",11,12,37,1435.71
"E6BB0411","2026-04-11","2026-03-20",5,7,13,1028.05
"E6BB0411","2026-04-11","2026-03-23",11,11,27,1650.92
"E6BB0411","2026-04-11","2026-03-25",7,9,24,911.01
"E6BB0411","2026-04-11","2026-03-26",10,11,30,1617.88
"E6BB0411","2026-04-11","2026-03-29",9,9,23,1137.69
"E6BB0411","2026-04-11","2026-03-31",12,12,32,1296.09
"E6BB0411","2026-04-11","2026-04-01",11,11,28,1047.41
"E6BB0411","2026-04-11","2026-04-02",12,13,28,2240.81
"E6BB0411","2026-04-11","2026-04-03",12,13,32,1786.26
"E6BB0411","2026-04-11","2026-04-04",16,16,46,1978.84
"E6BB0411","2026-04-11","2026-04-05",12,13,33,888.96
"E6BB0411","2026-04-11","2026-04-06",16,17,41,2959.74
"E6BB0411","2026-04-11","2026-04-09",15,17,53,2939.3
"E6BB0411","2026-04-11","2026-04-10",14,15,45,1960.65
"E6BB0411","2026-04-11","2026-04-11",14,15,33,1658.03
"E6BB0412","2026-04-12","2025-12-14",1,1,3,118.83
"E6BB0412","2026-04-12","2025-12-17",2,3,9,373.48
"E6BB0412","2026-04-12","2025-12-18",1,1,3,174.34
"E6BB0412","2026-04-12","2025-12-19",1,1,3,168.74
"E6BB0412","2026-04-12","2025-12-20",4,4,11,424.83
"E6BB0412","2026-04-12","2025-12-21",3,4,11,552.88
"E6BB0412","2026-04-12","2025-12-22",4,5,14,519.45
"E6BB0412","2026-04-12","2025-12-23",4,4,12,305.69
"E6BB0412","2026-04-12","2025-12-25",2,4,9,692.26
"E6BB0412","2026-04-12","2025-12-26",2,3,9,451.6
"E6BB0412","2026-04-12","2025-12-27",1,3,6,423.58
"E6BB0412","2026-04-12","2025-12-28",1,1,3,71.32
"E6BB0412","2026-04-12","2025-12-29",5,5,10,688.72
"E6BB0412","2026-04-12","2025-12-30",3,3,7,260.48
"E6BB0412","2026-04-12","2025-12-31",1,1,3,145.28
"E6BB0412","2026-04-12","2026-01-03",1,2,5,278.74
"E6BB0412","2026-04-12","2026-01-04",1,3,7,235.02
"E6BB0412","2026-04-12","2026-01-05",1,3,9,443.9
"E6BB0412","2026-04-12","2026-01-06",1,1,3,70.18
"E6BB0412","2026-04-12","2026-01-08",3,4,8,592.84
"E6BB0412","2026-04-12","2026-01-10",1,3,8,186.84
"E6BB0412","2026-04-12","2026-01-12",5,6,16,748.61
"E6BB0412","2026-04-12","2026-01-15",1,1,2,63.28
"E6BB0412","2026-04-12","2026-01-17",1,2,5,137.25
"E6BB0412","2026-04-12","2026-01-18",3,5,13,874.02
"E6BB0412","2026-04-12","2026-01-20",3,5,10,674.87
"E6BB0412","2026-04-12","2026-01-22",1,1,3,70.7
"E6BB0412","2026-04-12","2026-01-23",2,3,8,396.77
"E6BB0412","2026-04-12","2026-01-24",4,4,8,370.54
"E6BB0412","2026-04-12","2026-01-25",6,7,13,1020.11
"E6BB0412","2026-04-12","2026-01-26",6,6,12,635.03
"E6BB0412","2026-04-12","2026-01-27",2,2,6,146.51
"E6BB0412","2026-04-12","2026-01-30",4,4,12,468.27
"E6BB0412","2026-04-12","2026-02-01",4,4,9,579.96
"E6BB0412","2026-04-12","2026-02-02",2,2,4,195.63
"E6BB0412","2026-04-12","2026-02-05",5,5,10,643.67
"E6BB0412","2026-04-12","2026-02-08",1,1,2,111.12
"E6BB0412","2026-04-12","2026-02-09",1,2,5,290.97
"E6BB0412","2026-04-12","2026-02-10",6,6,11,739.36
"E6BB0412","2026-04-12","2026-02-12",4,4,12,595.56
"E6BB0412","2026-04-12","2026-02-14",2,4,11,247.09
"E6BB0412","2026-04-12","2026-02-16",2,4,9,581.39
"E6BB0412","2026-04-12","2026-02-17",1,3,6,246.68
"E6BB0412","2026-04-12","2026-02-20",2,4,9,574.61
"E6BB0412","2026-04-12","2026-02-21",8,8,22,1344.97
"E6BB0412","2026-04-12","2026-02-23",2,4,11,599.78
"E6BB0412","2026-04-12","2026-02-25",3,5,14,370.77
"E6BB0412","2026-04-12","2026-02-27",3,4,7,714.55
"E6BB0412","2026-04-12","2026-03-01",2,2,5,208.68
"E6BB0412","2026-04-12","2026-03-02",5,6,17,468.77
"E6BB0412","2026-04-12","2026-03-03",1,1,2,82.24
"E6BB0412","2026-04-12","2026-03-04",3,5,10,737.89
"E6BB0412","2026-04-12","2026-03-05",2,3,6,533.57
"E6BB0412","2026-04-12","2026-03-09",8,8,17,618.28
"E6BB0412","2026-04-12","2026-03-12",5,6,16,670.7
"E6BB0412","2026-04-12","2026-03-13",5,7,16,450.21
"E6BB0412","2026-04-12","2026-03-15",3,5,13,416.87
"E6BB0412","2026-04-12","2026-03-16",5,6,18,589.76
"E6BB0412","2026-04-12","2026-03-18",7,8,18,498.03
"E6BB0412","2026-04-12","2026-03-19",6,6,18,986.73
"E6BB0412","2026-04-12","2026-03-22",10,11,32,1957.35
"E6BB0412","2026-04-12","2026-03-23",2,4,12,594.42
"E6BB0412","2026-04-12","2026-03-24",7,8,24,832.46
"E6BB0412","2026-04-12","2026-03-26",6,8,20,948.51
"E6BB0412","2026-04-12","2026-03-30",12,12,23,1712.4
"E6BB0412","2026-04-12","2026-03-31",13,13,32,1770.81
"E6BB0412","2026-04-12","2026-04-01",13,14,43,1325.23
"E6BB0412","2026-04-12","2026-04-05",10,12,28,1424.43
"E6BB0412","2026-04-12","2026-04-06",11,12,32,1104.63
"E6BB0412","2026-04-12","2026-04-09",18,20,56,1845.61
"E6BB0412","2026-04-12","2026-04-10",20,21,52,3458.56
"E6BB0412","2026-04-12","2026-04-11",15,15,36,1356.83
"E6BB0412","2026-04-12","2026-04-12",17,18,58,2320.66
"E6BB0413","2026-04-13","2025-12-14",6,6,18,846.46
"E6BB0413","2026-04-13","2025-12-16",3,3,6,375.08
"E6BB0413","2026-04-13","2025-12-17",1,1,3,81.79
"E6BB0413","2026-04-13","2025-12-20",4,4,10,328.38
"E6BB0413","2026-04-13","2025-12-22",4,6,18,529.26
"E6BB0413","2026-04-13","2025-12-23",2,2,4,304.62
"E6BB0413","2026-04-13","2025-12-24",3,3,8,340.54
"E6BB0413","2026-04-13","2025-12-28",1,1,2,169.46
"E6BB0413","2026-04-13","2025-12-29",1,1,3,136.59
"E6BB0413","2026-04-13","2025-12-30",1,2,4,162.12
"E6BB0413","2026-04-13","2025-12-31",1,1,3,115.22
"E6BB0413","2026-04-13","2026-01-02",1,1,3,148.18
"E6BB0413","2026-04-13","2026-01-03",3,5,15,692.22
"E6BB0413","2026-04-13","2026-01-07",3,3,9,207.76
"E6BB0413","2026-04-13","2026-01-08",2,4,9,604.16
"E6BB0413","2026-04-13","2026-01-09",3,3,9,536.03
"E6BB0413","2026-04-13","2026-01-12",6,7,15,745.52
"E6BB0413","2026-04-13","2026-01-15",2,2,5,357.26
"E6BB0413","2026-04-13","2026-01-18",4,5,13,337.22
"E6BB0413","2026-04-13","2026-01-19",1,1,2,89.19
"E6BB0413","2026-04-13","2026-01-20",1,2,6,120.72
"E6BB0413","2026-04-13","2026-01-21",5,5,15,433.74
"E6BB0413","2026-04-13","2026-01-23",5,6,19,623.12
"E6BB0413","2026-04-13","2026-01-24",2,3,7,257.21
"E6BB0413","2026-04-13","2026-01-25",3,4,9,515.04
"E6BB0413","2026-04-13","2026-01-26",4,4,11,697.44
"E6BB0413","2026-04-13","2026-01-27",2,3,6,288.99
"E6BB0413","2026-04-13","2026-01-28",8,8,22,1132.09
"E6BB0413","2026-04-13","2026-01-31",1,2,4,138.68
"E6BB0413","2026-04-13","2026-02-01",6,6,15,889.64
"E6BB0413","2026-04-13","2026-02-02",7,7,22,700.43
"E6BB0413","2026-04-13","2026-02-03",6,6,14,428.38
"E6BB0413","2026-04-13","2026-02-04",3,5,13,568.92
"E6BB0413","2026-04-13","2026-02-05",1,2,4,239.04
"E6BB0413","2026-04-13","2026-02-07",3,4,9,681
"E6BB0413","2026-04-13","2026-02-09",5,5,13,639.24
"E6BB0413","2026-04-13","2026-02-13",3,5,10,319.99
"E6BB0413","2026-04-13","2026-02-14",3,4,11,681.61
"E6BB0413","2026-04-13","2026-02-15",4,5,15,463.16
"E6BB0413","2026-04-13","2026-02-16",2,4,10,338.85
"E6BB0413","2026-04-13","2026-02-17",3,4,12,283.78
"E6BB0413","2026-04-13","2026-02-18",5,5,13,482.56
"E6BB0413","2026-04-13","2026-02-20",1,2,5,214.29
"E6BB0413","2026-04-13","2026-02-21",5,6,14,907.86
"E6BB0413","2026-04-13","2026-02-22",1,2,6,306.7
"E6BB0413","2026-04-13","2026-02-24",1,3,10,225.73
"E6BB0413","2026-04-13","2026-02-25",2,4,12,252.9
"E6BB0413","2026-04-13","2026-02-28",4,5,16,716.76
"E6BB0413","2026-04-13","2026-03-01",1,2,5,312.19
"E6BB0413","2026-04-13","2026-03-02",2,3,8,396.67
"E6BB0413","2026-04-13","2026-03-03",6,6,19,903.75
"E6BB0413","2026-04-13","2026-03-04",3,4,12,716.83
"E6BB0413","2026-04-13","2026-03-05",4,5,10,562.47
"E6BB0413","2026-04-13","2026-03-07",2,2,4,252.61
"E6BB0413","2026-04-13","2026-03-08",8,8,18,776.16
"E6BB0413","2026-04-13","2026-03-09",2,4,10,452.82
"E6BB0413","2026-04-13","2026-03-10",7,7,19,439.34
"E6BB0413","2026-04-13","2026-03-11",4,6,13,791.08
"E6BB0413","2026-04-13","2026-03-12",4,6,17,900.48
"E6BB0413","2026-04-13","2026-03-13",4,6,14,929.32
"E6BB0413","2026-04-13","2026-03-14",3,5,15,327.12
"E6BB0413","2026-04-13","2026-03-15",4,4,8,277.76
"E6BB0413","2026-04-13","2026-03-16",5,5,13,534.03
"E6BB0413","2026-04-13","2026-03-17",7,9,26,1551.48
"E6BB0413","2026-04-13","2026-03-20",6,6,12,488.9
"E6BB0413","2026-04-13","2026-03-22",11,12,23,1356.72
"E6BB0413","2026-04-13","2026-03-23",6,8,23,1337.37
"E6BB0413","2026-04-13","2026-03-28",6,8,25,1102.13
"E6BB0413","2026-04-13","2026-04-02",8,8,15,685.03
"E6BB0413","2026-04-13","2026-04-06",12,14,40,2016.28
"E6BB0413","2026-04-13","2026-04-07",15,16,40,2629.82
"E6BB0413","2026-04-13","2026-04-08",18,18,46,2525.61
"E6BB0413","2026-04-13","2026-04-09",16,16,40,1296.18
"E6BB0413","2026-04-13","2026-04-11",19,19,50,1643.83
"E6BB0413","2026-04-13","2026-04-12",17,18,42,1454.95
"E6BB0414","2026-04-14","2025-12-18",3,4,9,358.01
"E6BB0414","2026-04-14","2025-12-19",6,6,15,663.41
"E6BB0414","2026-04-14","2025-12-20",5,5,10,773.13
"E6BB0414","2026-04-14","2025-12-22",6,8,23,1321.1
"E6BB0414","2026-04-14","2025-12-24",2,4,7,378.35
"E6BB0414","2026-04-14","2025-12-25",2,4,9,644.94
"E6BB0414","2026-04-14","2025-12-26",1,1,2,99.95
"E6BB0414","2026-04-14","2025-12-27",1,2,6,291.23
"E6BB0414","2026-04-14","2025-12-28",1,1,2,112.62
"E6BB0414","2026-04-14","2025-12-29",1,2,4,270.69
"E6BB0414","2026-04-14","2025-12-31",2,2,5,240.15
"E6BB0414","2026-04-14","2026-01-01",5,5,14,705.46
"E6BB0414","2026-04-14","2026-01-03",1,1,3,150.56
"E6BB0414","2026-04-14","2026-01-05",3,3,6,324.73
"E6BB0414","2026-04-14","2026-01-11",1,2,6,313.06
"E6BB0414","2026-04-14","2026-01-12",4,6,15,744.17
"E6BB0414","2026-04-14","2026-01-16",1,1,2,88.5
"E6BB0414","2026-04-14","2026-01-17",1,3,8,245.89
"E6BB0414","2026-04-14","2026-01-18",1,1,2,170.21
"E6BB0414","2026-04-14","2026-01-20",1,2,5,270.94
"E6BB0414","2026-04-14","2026-01-21",4,5,12,559.45
"E6BB0414","2026-04-14","2026-01-22",3,4,7,551.15
"E6BB0414","2026-04-14","2026-01-25",1,3,9,286.4
"E6BB0414","2026-04-14","2026-01-26",1,1,3,126.72
"E6BB0414","2026-04-14","2026-01-27",3,3,9,503.54
"E6BB0414","2026-04-14","2026-01-28",4,5,10,848.15
"E6BB0414","2026-04-14","2026-01-29",1,1,2,105.21
"E6BB0414","2026-04-14","2026-01-31",3,5,10,741.96
"E6BB0414","2026-04-14","2026-02-01",1,2,6,313.35
"E6BB0414","2026-04-14","2026-02-02",3,3,7,450.44
"E6BB0414","2026-04-14","2026-02-03",1,1,3,63.03
"E6BB0414","2026-04-14","2026-02-05",1,2,6,339.35
"E6BB0414","2026-04-14","2026-02-07",1,2,5,201.29
"E6BB0414","2026-04-14","2026-02-08",2,4,8,639.49
"E6BB0414","2026-04-14","2026-02-09",4,5,12,379.59
"E6BB0414","2026-04-14","2026-02-11",6,7,18,905.32
"E6BB0414","2026-04-14","2026-02-12",1,1,2,85.32
"E6BB0414","2026-04-14","2026-02-13",2,4,13,273.44
"E6BB0414","2026-04-14","2026-02-14",5,6,12,1067.86
"E6BB0414","2026-04-14","2026-02-15",1,1,3,147.11
"E6BB0414","2026-04-14","2026-02-16",9,9,26,1263.23
"E6BB0414","2026-04-14","2026-02-17",3,3,6,257.08
"E6BB0414","2026-04-14","2026-02-18",4,5,15,372.05
"E6BB0414","2026-04-14","2026-02-19",3,5,11,464.5
"E6BB0414","2026-04-14","2026-02-20",1,2,6,315.59
"E6BB0414","2026-04-14","2026-02-21",4,6,13,638.04
"E6BB0414","2026-04-14","2026-02-24",6,7,22,499.77
"E6BB0414","2026-04-14","2026-02-25",1,2,6,346.31
"E6BB0414","2026-04-14","2026-02-27",1,1,3,146.53
"E6BB0414","2026-04-14","2026-02-28",7,9,19,1442.12
"E6BB0414","2026-04-14","2026-03-01",4,5,15,654.15
"E6BB0414","2026-04-14","2026-03-02",3,4,10,423.23
"E6BB0414","2026-04-14","2026-03-03",6,6,12,938.8
"E6BB0414","2026-04-14","2026-03-06",2,4,9,689.73
"E6BB0414","2026-04-14","2026-03-09",5,5,11,715.36
"E6BB0414","2026-04-14","2026-03-11",3,3,7,312.53
"E6BB0414","2026-04-14","2026-03-12",2,2,6,272.1
"E6BB0414","2026-04-14","2026-03-13",5,5,16,499.03
"E6BB0414","2026-04-14","2026-03-15",8,9,24,1581.25
"E6BB0414","2026-04-14","2026-03-16",4,6,11,636.96
"E6BB0414","2026-04-14","2026-03-17",3,5,15,770.11
"E6BB0414","2026-04-14","2026-03-18",9,9,28,1317.62
"E6BB0414","2026-04-14","2026-03-19",9,9,21,1284.12
"E6BB0414","2026-04-14","2026-03-20",7,7,15,811.45
"E6BB0414","2026-04-14","2026-03-21",3,4,8,503.23
"E6BB0414","2026-04-14","2026-03-22",6,6,13,629.68
"E6BB0414","2026-04-14","2026-03-26",7,7,21,956.27
"E6BB0414","2026-04-14","2026-03-27",8,8,24,888.13
"E6BB0414","2026-04-14","2026-03-28",8,10,28,1759.79
"E6BB0414","2026-04-14","2026-03-29",13,14,35,1341.83
"E6BB0414","2026-04-14","2026-03-30",6,7,15,1074.17
"E6BB0414","2026-04-14","2026-03-31",11,12,30,2069.61
"E6BB0414","2026-04-14","2026-04-01",10,12,29,991.29
"E6BB0414","2026-04-14","2026-04-02",12,12,36,1787.28
"E6BB0414","2026-04-14","2026-04-04",11,11,28,1906.66
"E6BB0414","2026-04-14","2026-04-05",13,13,29,1320.68
"E6BB0414","2026-04-14","2026-04-06",8,9,26,1286.39
"E6BB0414","2026-04-14","2026-04-08",18,19,60,2603.21
"E6BB0414","2026-04-14","2026-04-09",15,16,34,2215.41
"E6BB0414","2026-04-14","2026-04-10",15,15,41,2368.03
"E6BB0414","2026-04-14","2026-04-12",18,18,44,2184.51
"E6BB0414","2026-04-14","2026-04-13",14,16,38,2488.48
"E6BB0414","2026-04-14","2026-04-14",18,20,40,1575.73
"E6BB0415","2026-04-15","2025-12-17",6,6,15,626.61
"E6BB0415","2026-04-15","2025-12-18",1,1,2,120.26
"E6BB0415","2026-04-15","2025-12-21",6,7,14,1247.79
"E6BB0415","2026-04-15","2025-12-22",5,5,9,384.96
"E6BB0415","2026-04-15","2025-12-24",5,6,14,712.45
"E6BB0415","2026-04-15","2025-12-27",4,4,12,405.65
"E6BB0415","2026-04-15","2025-12-28",1,2,4,137.14
"E6BB0415","2026-04-15","2025-12-30",1,1,2,80.96
"E6BB0415","2026-04-15","2025-12-31",4,4,11,638.11
"E6BB0415","2026-04-15","2026-01-01",1,1,3,139.29
"E6BB0415","2026-04-15","2026-01-03",1,1,3,124.85
"E6BB0415","2026-04-15","2026-01-04",2,4,9,663.76
"E6BB0415","2026-04-15","2026-01-06",1,2,5,317.05
"E6BB0415","2026-04-15","2026-01-07",4,4,13,313.85
"E6BB0415","2026-04-15","2026-01-10",2,2,6,352.38
"E6BB0415","2026-04-15","2026-01-11",5,5,12,846.12
"E6BB0415","2026-04-15","2026-01-13",3,5,14,721.31
"E6BB0415","2026-04-15","2026-01-14",1,1,2,114.84
"E6BB0415","2026-04-15","2026-01-16",1,2,6,227.39
"E6BB0415","2026-04-15","2026-01-17",1,3,7,509.94
"E6BB0415","2026-04-15","2026-01-18",3,3,9,284.51
"E6BB0415","2026-04-15","2026-01-20",2,4,10,319
"E6BB0415","2026-04-15","2026-01-21",3,5,13,393.8
"E6BB0415","2026-04-15","2026-01-24",1,1,2,138.89
"E6BB0415","2026-04-15","2026-01-25",2,3,7,219.86
"E6BB0415","2026-04-15","2026-01-26",4,4,9,307.5
"E6BB0415","2026-04-15","2026-01-27",1,3,9,355.36
"E6BB0415","2026-04-15","2026-01-28",1,3,9,269.97
"E6BB0415","2026-04-15","2026-01-31",1,2,5,129.98
"E6BB0415","2026-04-15","2026-02-01",1,2,4,265.91
"E6BB0415","2026-04-15","2026-02-02",2,4,8,621.55
"E6BB0415","2026-04-15","2026-02-03",2,3,6,437.56
"E6BB0415","2026-04-15","2026-02-04",5,7,21,480.51
"E6BB0415","2026-04-15","2026-02-05",6,6,12,546.18
"E6BB0415","2026-04-15","2026-02-09",1,1,3,86.48
"E6BB0415","2026-04-15","2026-02-12",4,5,15,562.98
"E6BB0415","2026-04-15","2026-02-14",2,3,8,326.25
"E6BB0415","2026-04-15","2026-02-15",5,5,15,715.84
"E6BB0415","2026-04-15","2026-02-16",1,2,6,212.99
"E6BB0415","2026-04-15","2026-02-19",7,8,22,610.47
"E6BB0415","2026-04-15","2026-02-20",3,3,7,244.25
"E6BB0415","2026-04-15","2026-02-21",5,5,13,686.77
"E6BB0415","2026-04-15","2026-02-22",5,5,11,460.29
"E6BB0415","2026-04-15","2026-02-23",3,3,9,208.34
"E6BB0415","2026-04-15","2026-02-24",1,1,2,103.22
"E6BB0415","2026-04-15","2026-02-25",1,1,3,68.34
"E6BB0415","2026-04-15","2026-02-26",5,6,11,412.26
"E6BB0415","2026-04-15","2026-02-28",2,4,8,570.88
"E6BB0415","2026-04-15","2026-03-03",5,5,12,510.97
"E6BB0415","2026-04-15","2026-03-04",1,2,6,179.14
"E6BB0415","2026-04-15","2026-03-05",3,5,12,401.78
"E6BB0415","2026-04-15","2026-03-06",1,1,3,158.37
"E6BB0415","2026-04-15","2026-03-07",5,5,15,508.17
"E6BB0415","2026-04-15","2026-03-08",4,6,12,916.62
"E6BB0415","2026-04-15","2026-03-09",7,7,13,633.86
"E6BB0415","2026-04-15","2026-03-10",5,6,18,846.8
"E6BB0415","2026-04-15","2026-03-11",5,6,11,671.28
"E6BB0415","2026-04-15","2026-03-12",4,4,9,562.54
"E6BB0415","2026-04-15","2026-03-13",7,8,19,1216.98
"E6BB0415","2026-04-15","2026-03-14",5,6,14,948.52
"E6BB0415","2026-04-15","2026-03-16",6,8,19,648.67
"E6BB0415","2026-04-15","2026-03-17",1,1,3,149.08
"E6BB0415","2026-04-15","2026-03-18",5,7,20,1014.3
"E6BB0415","2026-04-15","2026-03-19",6,7,19,1167.47
"E6BB0415","2026-04-15","2026-03-20",5,6,15,1040.63
"E6BB0415","2026-04-15","2026-03-21",7,8,25,744.45
"E6BB0415","2026-04-15","2026-03-24",6,6,14,362.68
"E6BB0415","2026-04-15","2026-03-25",6,6,15,552.41
"E6BB0415","2026-04-15","2026-03-27",7,9,16,1601.89
"E6BB0415","2026-04-15","2026-03-28",11,11,34,1372.66
"E6BB0415","2026-04-15","2026-03-29",8,8,25,1187.96
"E6BB0415","2026-04-15","2026-03-31",10,10,26,1195.73
"E6BB0415","2026-04-15","2026-04-01",9,9,21,612.75
"E6BB0415","2026-04-15","2026-04-02",10,11,25,1490.31
"E6BB0415","2026-04-15","2026-04-03",9,11,20,738.38
"E6BB0415","2026-04-15","2026-04-04",12,14,33,2344.64
"E6BB0415","2026-04-15","2026-04-05",11,11,24,660.74
"E6BB0415","2026-04-15","2026-04-06",12,13,36,2117.01
"E6BB0415","2026-04-15","2026-04-07",11,13,35,1600.26
"E6BB0415","2026-04-15","2026-04-08",10,12,29,1328.16
"E6BB0415","2026-04-15","2026-04-11",13,15,33,2028.47
"E6BB0415","2026-04-15","2026-04-12",16,16,44,1640.87
"E6BB0415","2026-04-15","2026-04-14",17,17,43,1179.03
"E6BB0416","2026-04-16","2025-12-17",4,5,15,508.54
"E6BB0416","2026-04-16","2025-12-18",2,2,6,250.13
"E6BB0416","2026-04-16","2025-12-19",5,5,14,602.12
"E6BB0416","2026-04-16","2025-12-20",4,5,16,628.84
"E6BB0416","2026-04-16","2025-12-21",1,1,3,174.79
"E6BB0416","2026-04-16","2025-12-23",5,5,10,400.74
"E6BB0416","2026-04-16","2025-12-27",3,4,11,608.34
"E6BB0416","2026-04-16","2025-12-29",1,2,6,139.85
"E6BB0416","2026-04-16","2026-01-01",5,7,21,1073.23
"E6BB0416","2026-04-16","2026-01-02",1,3,5,337.79
"E6BB0416","2026-04-16","2026-01-03",1,2,5,248.26
"E6BB0416","2026-04-16","2026-01-05",1,1,2,92.05
"E6BB0416","2026-04-16","2026-01-06",2,3,9,449.92
"E6BB0416","2026-04-16","2026-01-07",2,4,11,481.86
"E6BB0416","2026-04-16","2026-01-08",5,5,15,340.76
"E6BB0416","2026-04-16","2026-01-09",1,2,6,297.23
"E6BB0416","2026-04-16","2026-01-11",3,3,9,233.42
"E6BB0416","2026-04-16","2026-01-13",1,1,3,139.51
"E6BB0416","2026-04-16","2026-01-14",2,4,12,597.48
"E6BB0416","2026-04-16","2026-01-17",2,4,7,463.26
"E6BB0416","2026-04-16","2026-01-18",3,3,6,501.64
"E6BB0416","2026-04-16","2026-01-22",2,4,8,554.09
"E6BB0416","2026-04-16","2026-01-23",4,5,12,673.55
"E6BB0416","2026-04-16","2026-01-24",3,5,14,589.08
"E6BB0416","2026-04-16","2026-01-25",7,8,23,787.8
"E6BB0416","2026-04-16","2026-01-26",4,6,16,919.81
"E6BB0416","2026-04-16","2026-01-27",1,1,2,87.89
"E6BB0416","2026-04-16","2026-01-29",1,1,3,111.37
"E6BB0416","2026-04-16","2026-01-30",2,4,10,307.3
"E6BB0416","2026-04-16","2026-01-31",5,5,11,590.26
"E6BB0416","2026-04-16","2026-02-03",2,4,8,622.61
"E6BB0416","2026-04-16","2026-02-06",1,1,2,76.24
"E6BB0416","2026-04-16","2026-02-07",2,3,7,507.91
"E6BB0416","2026-04-16","2026-02-10",1,1,2,172.14
"E6BB0416","2026-04-16","2026-02-11",4,4,9,334.02
"E6BB0416","2026-04-16","2026-02-12",1,1,2,88.75
"E6BB0416","2026-04-16","2026-02-14",6,7,13,1241.53
"E6BB0416","2026-04-16","2026-02-16",1,2,4,327.03
"E6BB0416","2026-04-16","2026-02-17",3,3,8,342.19
"E6BB0416","2026-04-16","2026-02-18",1,1,3,149.61
"E6BB0416","2026-04-16","2026-02-21",3,5,11,409.9
"E6BB0416","2026-04-16","2026-02-23",4,5,11,540.11
"E6BB0416","2026-04-16","2026-02-25",2,4,11,365.48
"E6BB0416","2026-04-16","2026-02-27",1,2,4,338.73
"E6BB0416","2026-04-16","2026-02-28",3,3,7,203.62
"E6BB0416","2026-04-16","2026-03-01",6,7,19,942.14
"E6BB0416","2026-04-16","2026-03-02",3,4,11,655.46
"E6BB0416","2026-04-16","2026-03-03",7,8,23,1225.81
"E6BB0416","2026-04-16","2026-03-04",4,4,9,240.05
"E6BB0416","2026-04-16","2026-03-06",3,5,12,499.59
"E6BB0416","2026-04-16","2026-03-10",5,5,11,758.86
"E6BB0416","2026-04-16","2026-03-11",6,7,16,1055.12
"E6BB0416","2026-04-16","2026-03-15",5,7,18,490.77
"E6BB0416","2026-04-16","2026-03-16",10,10,31,1352.92
"E6BB0416","2026-04-16","2026-03-17",6,8,16,751.94
"E6BB0416","2026-04-16","2026-03-18",5,5,14,439.08
"E6BB0416","2026-04-16","2026-03-22",4,6,13,664.52
"E6BB0416","2026-04-16","2026-03-25",5,7,22,856.66
"E6BB0416","2026-04-16","2026-03-26",13,13,35,1599.57
"E6BB0416","2026-04-16","2026-03-27",6,7,22,653.13
"E6BB0416","2026-04-16","2026-03-29",9,9,27,755.72
"E6BB0416","2026-04-16","2026-03-30",9,10,32,1214.12
"E6BB0416","2026-04-16","2026-03-31",10,12,29,2061.67
"E6BB0416","2026-04-16","2026-04-01",7,9,28,1272.2
"E6BB0416","2026-04-16","2026-04-02",7,9,28,1607.85
"E6BB0416","2026-04-16","2026-04-03",9,11,31,988.23
"E6BB0416","2026-04-16","2026-04-08",11,13,36,2069.78
"E6BB0416","2026-04-16","2026-04-09",16,16,32,2344.87
"E6BB0416","2026-04-16","2026-04-10",16,18,56,2577.49
"E6BB0416","2026-04-16","2026-04-11",15,15,36,1013.4
"E6BB0416","2026-04-16","2026-04-12",13,15,29,1489.17
"E6BB0416","2026-04-16","2026-04-13",13,15,47,1595.25
"E6BB0416","2026-04-16","2026-04-16",14,15,39,2584.43
"E6BB0417","2026-04-17","2025-12-19",1,1,2,64.21
"E6BB0417","2026-04-17","2025-12-20",2,3,6,391.62
"E6BB0417","2026-04-17","2025-12-22",4,5,10,748.56
"E6BB0417","2026-04-17","2025-12-24",2,3,7,373.1
"E6BB0417","2026-04-17","2025-12-25",1,3,9,419.18
"E6BB0417","2026-04-17","2025-12-26",1,2,5,158.91
"E6BB0417","2026-04-17","2025-12-27",3,3,8,535.36
"E6BB0417","2026-04-17","2025-12-29",4,4,7,592.64
"E6BB0417","2026-04-17","2025-12-31",4,4,11,492
"E6BB0417","2026-04-17","2026-01-01",4,4,9,582.35
"E6BB0417","2026-04-17","2026-01-02",4,5,9,870.52
"E6BB0417","2026-04-17","2026-01-03",2,2,4,187.63
"E6BB0417","2026-04-17","2026-01-04",3,3,7,422.44
"E6BB0417","2026-04-17","2026-01-07",2,2,6,269.61
"E6BB0417","2026-04-17","2026-01-09",1,1,3,113.93
"E6BB0417","2026-04-17","2026-01-10",4,6,17,798.27
"E6BB0417","2026-04-17","2026-01-14",4,4,7,561.64
"E6BB0417","2026-04-17","2026-01-16",3,3,8,498.8
"E6BB0417","2026-04-17","2026-01-17",3,3,9,511.82
"E6BB0417","2026-04-17","2026-01-19",1,1,3,103.4
"E6BB0417","2026-04-17","2026-01-20",4,4,12,432.86
"E6BB0417","2026-04-17","2026-01-22",5,6,19,1015.03
"E6BB0417","2026-04-17","2026-01-23",1,1,2,158.38
"E6BB0417","2026-04-17","2026-01-26",5,6,17,720.34
"E6BB0417","2026-04-17","2026-01-28",5,6,18,942.96
"E6BB0417","2026-04-17","2026-01-29",4,4,12,320.69
"E6BB0417","2026-04-17","2026-01-30",1,1,3,172.31
"E6BB0417","2026-04-17","2026-01-31",2,2,5,273.91
"E6BB0417","2026-04-17","2026-02-05",1,1,3,113.31
"E6BB0417","2026-04-17","2026-02-06",3,4,12,320.94
"E6BB0417","2026-04-17","2026-02-07",2,2,5,294.14
"E6BB0417","2026-04-17","2026-02-10",4,6,15,707.54
"E6BB0417","2026-04-17","2026-02-12",3,3,8,209.25
"E6BB0417","2026-04-17","2026-02-14",1,3,7,470.92
"E6BB0417","2026-04-17","2026-02-15",3,3,7,254.31
"E6BB0417","2026-04-17","2026-02-16",3,3,10,396.55
"E6BB0417","2026-04-17","2026-02-17",3,5,11,303.45
"E6BB0417","2026-04-17","2026-02-18",4,6,17,951.79
"E6BB0417","2026-04-17","2026-02-19",5,6,15,387.83
"E6BB0417","2026-04-17","2026-02-20",3,4,12,630.55
"E6BB0417","2026-04-17","2026-02-22",6,7,22,562.06
"E6BB0417","2026-04-17","2026-02-23",10,10,28,611.3
"E6BB0417","2026-04-17","2026-02-24",3,5,10,791.81
"E6BB0417","2026-04-17","2026-02-26",2,4,11,643.05
"E6BB0417","2026-04-17","2026-03-01",4,4,10,301.72
"E6BB0417","2026-04-17","2026-03-04",2,3,9,244.18
"E6BB0417","2026-04-17","2026-03-05",1,1,3,152.18
"E6BB0417","2026-04-17","2026-03-06",7,7,20,527.82
"E6BB0417","2026-04-17","2026-03-07",2,2,5,248.52
"E6BB0417","2026-04-17","2026-03-09",8,8,15,1379.91
"E6BB0417","2026-04-17","2026-03-10",5,6,12,1055.29
"E6BB0417","2026-04-17","2026-03-11",3,4,10,710.52
"E6BB0417","2026-04-17","2026-03-12",7,7,21,728.68
"E6BB0417","2026-04-17","2026-03-14",4,4,9,417.63
"E6BB0417","2026-04-17","2026-03-15",4,5,12,321.85
"E6BB0417","2026-04-17","2026-03-16",1,1,3,176.09
"E6BB0417","2026-04-17","2026-03-18",5,7,17,998.49
"E6BB0417","2026-04-17","2026-03-21",9,9,22,1237.56
"E6BB0417","2026-04-17","2026-03-22",7,9,28,1087.26
"E6BB0417","2026-04-17","2026-03-23",5,6,18,372.71
"E6BB0417","2026-04-17","2026-03-24",8,9,27,1151.51
"E6BB0417","2026-04-17","2026-03-25",7,8,25,1141.11
"E6BB0417","2026-04-17","2026-03-29",8,9,26,923.98
"E6BB0417","2026-04-17","2026-03-30",3,5,14,583.12
"E6BB0417","2026-04-17","2026-04-07",6,8,18,496.6
"E6BB0417","2026-04-17","2026-04-08",12,13,32,1891.71
"E6BB0417","2026-04-17","2026-04-09",12,13,35,1341.8
"E6BB0417","2026-04-17","2026-04-11",13,13,35,948.57
"E6BB0417","2026-04-17","2026-04-12",13,14,37,922.78
"E6BB0417","2026-04-17","2026-04-13",11,11,32,670.76
"E6BB0417","2026-04-17","2026-04-14",15,16,34,1451.54
"E6BB0417","2026-04-17","2026-04-15",18,19,53,3205.43
"E6BB0417","2026-04-17","2026-04-17",12,13,32,2303.41
"E6BB0418","2026-04-18","2025-12-19",1,1,2,117.48
"E6BB0418","2026-04-18","2025-12-23",2,2,5,226.98
"E6BB0418","2026-04-18","2025-12-24",1,1,3,143.5
"E6BB0418","2026-04-18","2025-12-25",5,5,13,652.77
"E6BB0418","2026-04-18","2025-12-26",3,4,10,354.27
"E6BB0418","2026-04-18","2025-12-28",2,2,5,331.67
"E6BB0418","2026-04-18","2025-12-29",1,1,2,176.6
"E6BB0418","2026-04-18","2025-12-31",5,5,16,633.42
"E6BB0418","2026-04-18","2026-01-01",3,5,12,667.17
"E6BB0418","2026-04-18","2026-01-02",4,4,13,635.9
"E6BB0418","2026-04-18","2026-01-04",2,2,5,350.55
"E6BB0418","2026-04-18","2026-01-06",2,2,6,339.82
"E6BB0418","2026-04-18","2026-01-10",1,1,3,167.83
"E6BB0418","2026-04-18","2026-01-12",4,4,7,458.29
"E6BB0418","2026-04-18","2026-01-13",1,3,7,209.18
"E6BB0418","2026-04-18","2026-01-14",5,5,16,481.43
"E6BB0418","2026-04-18","2026-01-15",3,4,12,445.95
"E6BB0418","2026-04-18","2026-01-16",5,6,17,867.03
"E6BB0418","2026-04-18","2026-01-17",5,5,11,515.04
"E6BB0418","2026-04-18","2026-01-20",4,5,13,864.66
"E6BB0418","2026-04-18","2026-01-21",1,1,2,94.94
"E6BB0418","2026-04-18","2026-01-22",3,5,12,855.32
"E6BB0418","2026-04-18","2026-01-23",1,3,8,222.98
"E6BB0418","2026-04-18","2026-01-24",4,5,12,717.87
"E6BB0418","2026-04-18","2026-01-25",1,1,2,111.86
"E6BB0418","2026-04-18","2026-01-29",3,5,14,482.78
"E6BB0418","2026-04-18","2026-01-31",2,4,12,332.78
"E6BB0418","2026-04-18","2026-02-01",1,3,8,504.23
"E6BB0418","2026-04-18","2026-02-02",7,8,25,1024.79
"E6BB0418","2026-04-18","2026-02-06",4,4,10,417.34
"E6BB0418","2026-04-18","2026-02-07",6,6,13,1057.97
"E6BB0418","2026-04-18","2026-02-08",3,3,6,312.33
"E6BB0418","2026-04-18","2026-02-09",1,2,5,168.06
"E6BB0418","2026-04-18","2026-02-10",3,4,9,568.93
"E6BB0418","2026-04-18","2026-02-11",1,1,3,95.56
"E6BB0418","2026-04-18","2026-02-12",4,4,8,397.79
"E6BB0418","2026-04-18","2026-02-13",1,1,2,167.92
"E6BB0418","2026-04-18","2026-02-14",2,4,11,536.96
"E6BB0418","2026-04-18","2026-02-16",1,3,8,445.23
"E6BB0418","2026-04-18","2026-02-17",2,4,8,351.5
"E6BB0418","2026-04-18","2026-02-20",1,3,9,438.33
"E6BB0418","2026-04-18","2026-02-21",1,1,2,111.33
"E6BB0418","2026-04-18","2026-02-23",2,3,8,502.08
"E6BB0418","2026-04-18","2026-02-25",1,3,8,252.35
"E6BB0418","2026-04-18","2026-02-27",1,1,3,153.37
"E6BB0418","2026-04-18","2026-03-02",4,6,17,692.72
"E6BB0418","2026-04-18","2026-03-05",9,10,21,1253.9
"E6BB0418","2026-04-18","2026-03-06",7,7,14,1213.86
"E6BB0418","2026-04-18","2026-03-07",4,5,15,851.3
"E6BB0418","2026-04-18","2026-03-08",3,4,10,545.39
"E6BB0418","2026-04-18","2026-03-10",6,6,12,933.92
"E6BB0418","2026-04-18","2026-03-11",3,5,16,369.06
"E6BB0418","2026-04-18","2026-03-12",4,6,17,436.11
"E6BB0418","2026-04-18","2026-03-13",3,5,11,614.08
"E6BB0418","2026-04-18","2026-03-14",2,2,5,205.25
"E6BB0418","2026-04-18","2026-03-15",2,2,6,195.62
"E6BB0418","2026-04-18","2026-03-16",4,5,15,334.46
"E6BB0418","2026-04-18","2026-03-21",5,7,16,509.46
"E6BB0418","2026-04-18","2026-03-24",6,8,24,483.31
"E6BB0418","2026-04-18","2026-03-25",3,5,10,672.05
"E6BB0418","2026-04-18","2026-03-26",8,10,21,918.22
"E6BB0418","2026-04-18","2026-03-28",5,7,17,1087.56
"E6BB0418","2026-04-18","2026-03-29",4,6,12,555.01
"E6BB0418","2026-04-18","2026-03-31",8,10,25,1192.53
"E6BB0418","2026-04-18","2026-04-01",6,6,13,1067.96
"E6BB0418","2026-04-18","2026-04-02",9,10,20,872.87
"E6BB0418","2026-04-18","2026-04-05",10,12,25,848.11
"E6BB0418","2026-04-18","2026-04-06",11,11,23,953.98
"E6BB0418","2026-04-18","2026-04-08",13,13,25,958.74
"E6BB0418","2026-04-18","2026-04-13",16,17,52,2951.63
"E6BB0418","2026-04-18","2026-04-14",12,13,32,1715.07
"E6BB0418","2026-04-18","2026-04-15",14,16,43,2534.97
"E6BB0418","2026-04-18","2026-04-16",19,21,46,3706.64
"E6BB0418","2026-04-18","2026-04-17",17,19,38,1972.29
"E6BB0419","2026-04-19","2025-12-20",1,2,4,156.48
"E6BB0419","2026-04-19","2025-12-21",3,4,11,255.36
"E6BB0419","2026-04-19","2025-12-22",1,2,6,228.25
"E6BB0419","2026-04-19","2025-12-24",4,5,13,313.39
"E6BB0419","2026-04-19","2025-12-25",6,6,11,676.47
"E6BB0419","2026-04-19","2025-12-27",2,2,4,134.5
"E6BB0419","2026-04-19","2025-12-28",5,7,14,637.52
"E6BB0419","2026-04-19","2025-12-29",5,5,12,721.73
"E6BB0419","2026-04-19","2025-12-30",4,4,9,338.21
"E6BB0419","2026-04-19","2025-12-31",1,1,3,148.28
"E6BB0419","2026-04-19","2026-01-01",1,1,2,121.28
"E6BB0419","2026-04-19","2026-01-02",4,4,10,672.26
"E6BB0419","2026-04-19","2026-01-03",2,3,6,297.59
"E6BB0419","2026-04-19","2026-01-04",3,5,12,671.28
"E6BB0419","2026-04-19","2026-01-05",1,2,5,147.8
"E6BB0419","2026-04-19","2026-01-06",3,4,8,406.11
"E6BB0419","2026-04-19","2026-01-07",3,4,8,395.38
"E6BB0419","2026-04-19","2026-01-10",5,5,16,436.34
"E6BB0419","2026-04-19","2026-01-11",3,5,16,713.17
"E6BB0419","2026-04-19","2026-01-12",3,3,8,413.53
"E6BB0419","2026-04-19","2026-01-13",4,5,13,525.52
"E6BB0419","2026-04-19","2026-01-15",1,1,2,75.89
"E6BB0419","2026-04-19","2026-01-17",4,5,10,657.64
"E6BB0419","2026-04-19","2026-01-18",1,2,6,187.77
"E6BB0419","2026-04-19","2026-01-21",1,3,6,404.83
"E6BB0419","2026-04-19","2026-01-22",2,3,10,414.73
"E6BB0419","2026-04-19","2026-01-24",3,3,8,439.42
"E6BB0419","2026-04-19","2026-01-26",1,1,3,116.3
"E6BB0419","2026-04-19","2026-01-27",2,4,11,350.49
"E6BB0419","2026-04-19","2026-01-30",3,3,6,375.09
"E6BB0419","2026-04-19","2026-01-31",1,2,4,316.75
"E6BB0419","2026-04-19","2026-02-01",1,2,6,271.55
"E6BB0419","2026-04-19","2026-02-03",3,3,9,264.17
"E6BB0419","2026-04-19","2026-02-04",4,5,12,421.68
"E6BB0419","2026-04-19","2026-02-05",1,1,3,90.7
"E6BB0419","2026-04-19","2026-02-07",5,6,17,1030.15
"E6BB0419","2026-04-19","2026-02-08",1,2,6,213.26
"E6BB0419","2026-04-19","2026-02-09",5,5,15,441.99
"E6BB0419","2026-04-19","2026-02-10",2,4,10,587.94
"E6BB0419","2026-04-19","2026-02-11",1,2,5,172.42
"E6BB0419","2026-04-19","2026-02-12",2,2,4,225.49
"E6BB0419","2026-04-19","2026-02-13",6,6,13,599.78
"E6BB0419","2026-04-19","2026-02-15",7,7,15,929.41
"E6BB0419","2026-04-19","2026-02-17",1,3,6,324.96
"E6BB0419","2026-04-19","2026-02-18",3,5,13,414.54
"E6BB0419","2026-04-19","2026-02-19",2,4,12,406.67
"E6BB0419","2026-04-19","2026-02-23",6,6,16,774.32
"E6BB0419","2026-04-19","2026-02-24",3,5,11,833.15
"E6BB0419","2026-04-19","2026-02-25",2,4,7,343.72
"E6BB0419","2026-04-19","2026-02-26",4,4,12,392.28
"E6BB0419","2026-04-19","2026-02-28",4,4,9,710.26
"E6BB0419","2026-04-19","2026-03-01",4,4,9,450.89
"E6BB0419","2026-04-19","2026-03-02",4,6,17,882.47
"E6BB0419","2026-04-19","2026-03-03",1,2,6,208.48
"E6BB0419","2026-04-19","2026-03-07",6,7,18,591.67
"E6BB0419","2026-04-19","2026-03-10",8,8,18,782.53
"E6BB0419","2026-04-19","2026-03-11",2,4,11,611.69
"E6BB0419","2026-04-19","2026-03-13",4,4,12,477.79
"E6BB0419","2026-04-19","2026-03-15",6,7,20,586.24
"E6BB0419","2026-04-19","2026-03-16",2,4,10,436.85
"E6BB0419","2026-04-19","2026-03-18",7,7,22,1231.23
"E6BB0419","2026-04-19","2026-03-19",6,8,24,706.13
"E6BB0419","2026-04-19","2026-03-21",7,8,20,1300.51
"E6BB0419","2026-04-19","2026-03-24",4,5,11,471.62
"E6BB0419","2026-04-19","2026-03-25",7,7,19,703.35
"E6BB0419","2026-04-19","2026-03-26",2,4,10,590.31
"E6BB0419","2026-04-19","2026-03-27",6,8,24,1307.61
"E6BB0419","2026-04-19","2026-03-28",10,12,34,1592.17
"E6BB0419","2026-04-19","2026-03-29",8,9,22,1481.48
"E6BB0419","2026-04-19","2026-04-04",7,8,16,861.53
"E6BB0419","2026-04-19","2026-04-05",9,11,20,1701.16
"E6BB0419","2026-04-19","2026-04-06",9,9,29,728.05
"E6BB0419","2026-04-19","2026-04-07",9,11,28,678.8
"E6BB0419","2026-04-19","2026-04-08",9,11,31,1953.89
"E6BB0419","2026-04-19","2026-04-10",10,10,21,1652.79
"E6BB0419","2026-04-19","2026-04-11",13,13,33,1411.75
"E6BB0419","2026-04-19","2026-04-12",9,11,24,1480.01
"E6BB0419","2026-04-19","2026-04-17",14,14,31,1346.68
"E6BB0419","2026-04-19","2026-04-19",11,13,29,2092.83
"E6BB0420","2026-04-20","2025-12-21",3,4,11,644.55
"E6BB0420","2026-04-20","2025-12-22",1,3,8,311.69
"E6BB0420","2026-04-20","2025-12-23",4,4,11,444.88
"E6BB0420","2026-04-20","2025-12-24",2,3,7,287.84
"E6BB0420","2026-04-20","2025-12-26",4,6,14,1068.23
"E6BB0420","2026-04-20","2025-12-27",1,2,5,263.48
"E6BB0420","2026-04-20","2025-12-29",2,2,6,278.32
"E6BB0420","2026-04-20","2025-12-30",3,3,7,493.77
"E6BB0420","2026-04-20","2025-12-31",2,3,9,329.01
"E6BB0420","2026-04-20","2026-01-01",1,1,2,96.67
"E6BB0420","2026-04-20","2026-01-03",3,3,7,422.64
"E6BB0420","2026-04-20","2026-01-04",6,8,24,801.38
"E6BB0420","2026-04-20","2026-01-05",4,4,10,706.16
"E6BB0420","2026-04-20","2026-01-07",4,5,14,687.86
"E6BB0420","2026-04-20","2026-01-09",4,5,10,724.22
"E6BB0420","2026-04-20","2026-01-10",1,1,3,119.06
"E6BB0420","2026-04-20","2026-01-12",1,1,2,61.12
"E6BB0420","2026-04-20","2026-01-13",3,4,9,559.35
"E6BB0420","2026-04-20","2026-01-15",1,1,3,104.2
"E6BB0420","2026-04-20","2026-01-16",1,1,2,137.58
"E6BB0420","2026-04-20","2026-01-17",2,4,10,667.99
"E6BB0420","2026-04-20","2026-01-18",3,5,13,546.8
"E6BB0420","2026-04-20","2026-01-19",3,3,7,416.67
"E6BB0420","2026-04-20","2026-01-20",6,6,14,618.33
"E6BB0420","2026-04-20","2026-01-21",3,3,6,330.85
"E6BB0420","2026-04-20","2026-01-23",1,1,3,112.06
"E6BB0420","2026-04-20","2026-01-25",5,6,15,459.22
"E6BB0420","2026-04-20","2026-01-28",6,7,22,1229.13
"E6BB0420","2026-04-20","2026-01-29",1,1,2,100.29
"E6BB0420","2026-04-20","2026-01-30",1,3,6,446.02
"E6BB0420","2026-04-20","2026-01-31",1,1,2,74.31
"E6BB0420","2026-04-20","2026-02-01",5,6,16,779.17
"E6BB0420","2026-04-20","2026-02-03",2,4,10,498.7
"E6BB0420","2026-04-20","2026-02-04",5,5,11,731.21
"E6BB0420","2026-04-20","2026-02-07",2,2,4,130.94
"E6BB0420","2026-04-20","2026-02-08",3,5,15,634.65
"E6BB0420","2026-04-20","2026-02-09",5,7,20,1145.85
"E6BB0420","2026-04-20","2026-02-10",4,6,18,938.77
"E6BB0420","2026-04-20","2026-02-12",4,5,10,700.33
"E6BB0420","2026-04-20","2026-02-13",2,4,12,363.88
"E6BB0420","2026-04-20","2026-02-15",3,3,7,474.45
"E6BB0420","2026-04-20","2026-02-16",1,1,2,99.62
"E6BB0420","2026-04-20","2026-02-17",2,2,4,338.02
"E6BB0420","2026-04-20","2026-02-20",1,1,3,120.48
"E6BB0420","2026-04-20","2026-02-21",1,1,3,131.55
"E6BB0420","2026-04-20","2026-02-23",5,5,12,856.79
"E6BB0420","2026-04-20","2026-02-24",1,2,6,259.96
"E6BB0420","2026-04-20","2026-02-25",6,6,14,388.32
"E6BB0420","2026-04-20","2026-02-26",6,6,18,917.12
"E6BB0420","2026-04-20","2026-02-27",2,4,8,404.79
"E6BB0420","2026-04-20","2026-02-28",2,4,12,389.93
"E6BB0420","2026-04-20","2026-03-01",4,5,15,759.26
"E6BB0420","2026-04-20","2026-03-02",1,1,2,78.43
"E6BB0420","2026-04-20","2026-03-04",2,4,9,290.99
"E6BB0420","2026-04-20","2026-03-11",6,6,11,864.56
"E6BB0420","2026-04-20","2026-03-12",6,6,12,412.99
"E6BB0420","2026-04-20","2026-03-14",6,6,16,417.09
"E6BB0420","2026-04-20","2026-03-15",7,8,20,1252.19
"E6BB0420","2026-04-20","2026-03-17",4,5,14,770.71
"E6BB0420","2026-04-20","2026-03-19",6,8,20,1243.2
"E6BB0420","2026-04-20","2026-03-22",5,6,11,433.45
"E6BB0420","2026-04-20","2026-03-23",5,5,15,804.78
"E6BB0420","2026-04-20","2026-03-26",6,8,19,1309.23
"E6BB0420","2026-04-20","2026-03-27",7,8,22,1079.84
"E6BB0420","2026-04-20","2026-03-28",6,8,18,921.84
"E6BB0420","2026-04-20","2026-03-30",7,9,21,1275.65
"E6BB0420","2026-04-20","2026-04-03",6,8,18,1128.43
"E6BB0420","2026-04-20","2026-04-05",14,14,35,1753.49
"E6BB0420","2026-04-20","2026-04-06",9,9,24,1209.19
"E6BB0420","2026-04-20","2026-04-10",13,13,37,1250.48
"E6BB0420","2026-04-20","2026-04-13",14,15,37,1555.83
"E6BB0420","2026-04-20","2026-04-14",14,15,41,1908.67
"E6BB0420","2026-04-20","2026-04-16",16,17,37,2603.08
"E6BB0420","2026-04-20","2026-04-17",14,14,40,1990.56
"E6BB0420","2026-04-20","2026-04-18",14,16,30,2774.69
"E6BB0420","2026-04-20","2026-04-20",17,18,56,1413.12
"E6BB0421","2026-04-21","2025-12-22",1,2,4,211.05
"E6BB0421","2026-04-21","2025-12-23",6,6,16,713.06
"E6BB0421","2026-04-21","2025-12-24",1,3,6,256.8
"E6BB0421","2026-04-21","2025-12-25",1,1,2,61.83
"E6BB0421","2026-04-21","2025-12-27",1,2,4,330.43
"E6BB0421","2026-04-21","2025-12-30",1,1,3,88.2
"E6BB0421","2026-04-21","2026-01-01",3,4,12,407.41
"E6BB0421","2026-04-21","2026-01-02",5,7,17,1092.59
"E6BB0421","2026-04-21","2026-01-06",4,4,9,714.45
"E6BB0421","2026-04-21","2026-01-07",1,1,3,170.03
"E6BB0421","2026-04-21","2026-01-08",1,1,2,130.45
"E6BB0421","2026-04-21","2026-01-10",3,5,13,402.86
"E6BB0421","2026-04-21","2026-01-11",1,1,2,119.48
"E6BB0421","2026-04-21","2026-01-13",2,3,8,369.97
"E6BB0421","2026-04-21","2026-01-14",3,5,15,821.95
"E6BB0421","2026-04-21","2026-01-15",1,1,2,77.55
"E6BB0421","2026-04-21","2026-01-16",3,4,8,448.69
"E6BB0421","2026-04-21","2026-01-17",1,2,4,271.43
"E6BB0421","2026-04-21","2026-01-19",4,4,8,272.56
"E6BB0421","2026-04-21","2026-01-20",8,8,17,933.93
"E6BB0421","2026-04-21","2026-01-21",3,4,12,496.63
"E6BB0421","2026-04-21","2026-01-22",4,4,9,713.04
"E6BB0421","2026-04-21","2026-01-23",1,1,2,142.72
"E6BB0421","2026-04-21","2026-01-25",1,1,2,67.11
"E6BB0421","2026-04-21","2026-01-28",3,3,8,515.68
"E6BB0421","2026-04-21","2026-01-31",3,3,9,186.98
"E6BB0421","2026-04-21","2026-02-01",3,3,8,414.44
"E6BB0421","2026-04-21","2026-02-02",2,3,9,489.12
"E6BB0421","2026-04-21","2026-02-03",1,3,9,251.64
"E6BB0421","2026-04-21","2026-02-04",6,7,19,1083.05
"E6BB0421","2026-04-21","2026-02-06",1,1,2,110.09
"E6BB0421","2026-04-21","2026-02-07",1,2,6,221.13
"E6BB0421","2026-04-21","2026-02-09",2,2,6,216.92
"E6BB0421","2026-04-21","2026-02-11",4,4,9,682.6
"E6BB0421","2026-04-21","2026-02-12",5,6,11,758.06
"E6BB0421","2026-04-21","2026-02-14",7,7,18,1238.82
"E6BB0421","2026-04-21","2026-02-15",4,4,9,351.46
"E6BB0421","2026-04-21","2026-02-16",6,6,16,426.84
"E6BB0421","2026-04-21","2026-02-17",4,4,9,547.89
"E6BB0421","2026-04-21","2026-02-18",2,4,11,610.68
"E6BB0421","2026-04-21","2026-02-19",2,4,11,456.92
"E6BB0421","2026-04-21","2026-02-24",2,4,8,653.11
"E6BB0421","2026-04-21","2026-02-25",2,4,13,712.1
"E6BB0421","2026-04-21","2026-02-26",4,5,10,526.18
"E6BB0421","2026-04-21","2026-03-01",1,1,3,141.86
"E6BB0421","2026-04-21","2026-03-02",4,5,13,805.4
"E6BB0421","2026-04-21","2026-03-05",2,2,4,248.24
"E6BB0421","2026-04-21","2026-03-06",2,3,8,361.88
"E6BB0421","2026-04-21","2026-03-07",1,2,4,232.92
"E6BB0421","2026-04-21","2026-03-09",3,4,9,381.1
"E6BB0421","2026-04-21","2026-03-11",1,1,3,97.23
"E6BB0421","2026-04-21","2026-03-13",2,3,6,393.2
"E6BB0421","2026-04-21","2026-03-14",4,6,17,786.59
"E6BB0421","2026-04-21","2026-03-17",7,7,18,452.12
"E6BB0421","2026-04-21","2026-03-18",5,7,18,438.13
"E6BB0421","2026-04-21","2026-03-22",4,5,15,847.53
"E6BB0421","2026-04-21","2026-03-26",6,8,23,841.87
"E6BB0421","2026-04-21","2026-03-27",8,8,16,1267.69
"E6BB0421","2026-04-21","2026-03-29",11,12,34,1287.02
"E6BB0421","2026-04-21","2026-04-01",4,6,18,514.54
"E6BB0421","2026-04-21","2026-04-02",10,10,21,975.84
"E6BB0421","2026-04-21","2026-04-05",12,12,29,1120.76
"E6BB0421","2026-04-21","2026-04-07",13,13,40,2211.65
"E6BB0421","2026-04-21","2026-04-09",12,12,34,1080.27
"E6BB0421","2026-04-21","2026-04-11",15,15,29,2290.96
"E6BB0421","2026-04-21","2026-04-12",8,10,18,1225.25
"E6BB0421","2026-04-21","2026-04-13",10,12,30,1759.63
"E6BB0421","2026-04-21","2026-04-14",18,18,47,3051.42
"E6BB0421","2026-04-21","2026-04-15",14,15,45,2430.04
"E6BB0421","2026-04-21","2026-04-17",19,19,44,2729.79
"E6BB0421","2026-04-21","2026-04-20",20,21,61,1395.59
"E6BB0421","2026-04-21","2026-04-21",16,18,42,1793.3
"E6BB0422","2026-04-22","2025-12-23",4,5,13,403.23
"E6BB0422","2026-04-22","2025-12-26",1,1,3,149.52
"E6BB0422","2026-04-22","2025-12-27",1,2,4,324.26
"E6BB0422","2026-04-22","2025-12-28",1,2,6,295.02
"E6BB0422","2026-04-22","2025-12-29",3,5,11,834.83
"E6BB0422","2026-04-22","2025-12-30",1,1,2,175.65
"E6BB0422","2026-04-22","2026-01-02",1,2,4,316.44
"E6BB0422","2026-04-22","2026-01-04",1,2,6,171.34
"E6BB0422","2026-04-22","2026-01-05",2,3,7,536.56
"E6BB0422","2026-04-22","2026-01-06",5,7,22,743.51
"E6BB0422","2026-04-22","2026-01-08",1,1,2,106.23
"E6BB0422","2026-04-22","2026-01-11",2,4,8,466.52
"E6BB0422","2026-04-22","2026-01-12",3,3,5,469.99
"E6BB0422","2026-04-22","2026-01-14",4,5,10,483
"E6BB0422","2026-04-22","2026-01-16",5,5,15,340.26
"E6BB0422","2026-04-22","2026-01-17",1,2,5,240.43
"E6BB0422","2026-04-22","2026-01-18",2,3,9,519.75
"E6BB0422","2026-04-22","2026-01-21",2,2,4,184.56
"E6BB0422","2026-04-22","2026-01-23",1,2,6,304.76
"E6BB0422","2026-04-22","2026-01-25",4,4,8,585.9
"E6BB0422","2026-04-22","2026-01-26",8,8,25,934.18
"E6BB0422","2026-04-22","2026-01-27",1,3,7,247.03
"E6BB0422","2026-04-22","2026-01-28",1,1,2,106.79
"E6BB0422","2026-04-22","2026-01-30",2,2,6,300.29
"E6BB0422","2026-04-22","2026-01-31",3,4,9,376.46
"E6BB0422","2026-04-22","2026-02-02",1,1,2,76.28
"E6BB0422","2026-04-22","2026-02-03",6,6,17,543.35
"E6BB0422","2026-04-22","2026-02-04",4,4,10,719.42
"E6BB0422","2026-04-22","2026-02-06",5,7,18,724.44
"E6BB0422","2026-04-22","2026-02-07",4,4,7,422.51
"E6BB0422","2026-04-22","2026-02-09",2,4,12,639.4
"E6BB0422","2026-04-22","2026-02-10",1,1,2,163.26
"E6BB0422","2026-04-22","2026-02-12",4,5,14,874.05
"E6BB0422","2026-04-22","2026-02-13",4,5,15,775.35
"E6BB0422","2026-04-22","2026-02-14",6,6,18,1055.53
"E6BB0422","2026-04-22","2026-02-16",3,4,9,433.78
"E6BB0422","2026-04-22","2026-02-17",6,6,12,997.12
"E6BB0422","2026-04-22","2026-02-18",4,5,10,564.83
"E6BB0422","2026-04-22","2026-02-19",2,2,5,165.18
"E6BB0422","2026-04-22","2026-02-21",2,4,10,575.82
"E6BB0422","2026-04-22","2026-02-22",1,3,8,460.19
"E6BB0422","2026-04-22","2026-02-23",5,7,19,698.92
"E6BB0422","2026-04-22","2026-02-28",1,3,8,192.45
"E6BB0422","2026-04-22","2026-03-01",1,2,5,264.1
"E6BB0422","2026-04-22","2026-03-02",3,3,9,290.89
"E6BB0422","2026-04-22","2026-03-03",5,5,11,317.72
"E6BB0422","2026-04-22","2026-03-04",3,5,9,883.72
"E6BB0422","2026-04-22","2026-03-05",1,3,6,190.8
"E6BB0422","2026-04-22","2026-03-06",3,4,9,316.15
"E6BB0422","2026-04-22","2026-03-07",1,3,9,190.86
"E6BB0422","2026-04-22","2026-03-08",1,1,2,151.18
"E6BB0422","2026-04-22","2026-03-09",5,5,12,698.29
"E6BB0422","2026-04-22","2026-03-10",5,5,12,703.74
"E6BB0422","2026-04-22","2026-03-11",1,1,3,115.97
"E6BB0422","2026-04-22","2026-03-12",6,6,14,674.49
"E6BB0422","2026-04-22","2026-03-13",5,5,16,663.96
"E6BB0422","2026-04-22","2026-03-14",2,2,6,242.49
"E6BB0422","2026-04-22","2026-03-16",3,5,14,416.21
"E6BB0422","2026-04-22","2026-03-17",3,5,16,477.23
"E6BB0422","2026-04-22","2026-03-18",8,8,16,532.44
"E6BB0422","2026-04-22","2026-03-21",5,5,12,543.1
"E6BB0422","2026-04-22","2026-03-22",3,3,8,257.79
"E6BB0422","2026-04-22","2026-03-23",7,9,20,1476.77
"E6BB0422","2026-04-22","2026-03-24",4,6,17,652.89
"E6BB0422","2026-04-22","2026-03-25",3,4,9,311.24
"E6BB0422","2026-04-22","2026-03-27",7,8,18,791.6
"E6BB0422","2026-04-22","2026-03-28",6,8,23,1303.37
"E6BB0422","2026-04-22","2026-03-31",8,9,28,617.69
"E6BB0422","2026-04-22","2026-04-04",9,10,21,707.38
"E6BB0422","2026-04-22","2026-04-05",11,12,26,1038.04
"E6BB0422","2026-04-22","2026-04-06",9,10,27,953.65
"E6BB0422","2026-04-22","2026-04-07",8,8,16,1244.29
"E6BB0422","2026-04-22","2026-04-08",9,11,30,1423.23
"E6BB0422","2026-04-22","2026-04-09",9,10,25,1028.71
"E6BB0422","2026-04-22","2026-04-10",12,13,33,1780.27
"E6BB0422","2026-04-22","2026-04-15",13,15,27,1518.39
"E6BB0422","2026-04-22","2026-04-16",15,17,32,3045.77
"E6BB0422","2026-04-22","2026-04-17",12,14,30,959.26
"E6BB0422","2026-04-22","2026-04-19",17,19,52,2063.07
"E6BB0422","2026-04-22","2026-04-20",16,17,39,2381.5
"E6BB0423","2026-04-23","2025-12-24",1,1,2,157.14
"E6BB0423","2026-04-23","2025-12-25",1,3,6,290.45
"E6BB0423","2026-04-23","2025-12-26",1,2,5,265.51
"E6BB0423","2026-04-23","2025-12-27",1,1,2,62.15
"E6BB0423","2026-04-23","2025-12-29",4,5,11,829.84
"E6BB0423","2026-04-23","2025-12-30",3,4,12,655.09
"E6BB0423","2026-04-23","2025-12-31",2,4,12,288.94
"E6BB0423","2026-04-23","2026-01-01",1,1,3,73.13
"E6BB0423","2026-04-23","2026-01-02",2,4,9,361.98
"E6BB0423","2026-04-23","2026-01-04",1,1,3,69.36
"E6BB0423","2026-04-23","2026-01-05",1,1,2,157.13
"E6BB0423","2026-04-23","2026-01-06",2,3,7,462.25
"E6BB0423","2026-04-23","2026-01-07",3,3,9,529.38
"E6BB0423","2026-04-23","2026-01-08",2,2,4,341.73
"E6BB0423","2026-04-23","2026-01-09",1,1,2,175.36
"E6BB0423","2026-04-23","2026-01-11",1,2,4,321.39
"E6BB0423","2026-04-23","2026-01-13",4,6,14,905.8
"E6BB0423","2026-04-23","2026-01-15",2,4,11,389.04
"E6BB0423","2026-04-23","2026-01-16",3,3,9,326.13
"E6BB0423","2026-04-23","2026-01-17",3,3,6,278.81
"E6BB0423","2026-04-23","2026-01-18",3,4,7,595.12
"E6BB0423","2026-04-23","2026-01-19",4,4,8,446.93
"E6BB0423","2026-04-23","2026-01-21",3,3,9,446.12
"E6BB0423","2026-04-23","2026-01-24",1,1,2,110.11
"E6BB0423","2026-04-23","2026-01-25",1,2,5,312.54
"E6BB0423","2026-04-23","2026-01-26",3,3,7,470.39
"E6BB0423","2026-04-23","2026-01-29",3,3,9,452.67
"E6BB0423","2026-04-23","2026-01-30",4,4,7,246.76
"E6BB0423","2026-04-23","2026-01-31",5,7,20,591.95
"E6BB0423","2026-04-23","2026-02-03",3,3,6,263.47
"E6BB0423","2026-04-23","2026-02-04",5,7,20,721.62
"E6BB0423","2026-04-23","2026-02-06",3,5,15,710.8
"E6BB0423","2026-04-23","2026-02-07",1,2,5,294.25
"E6BB0423","2026-04-23","2026-02-09",3,3,5,525.94
"E6BB0423","2026-04-23","2026-02-12",4,4,11,658.17
"E6BB0423","2026-04-23","2026-02-16",6,6,12,795.51
"E6BB0423","2026-04-23","2026-02-18",3,4,8,578.98
"E6BB0423","2026-04-23","2026-02-22",4,5,12,378.86
"E6BB0423","2026-04-23","2026-02-23",1,1,2,125.9
"E6BB0423","2026-04-23","2026-02-28",4,4,12,550.08
"E6BB0423","2026-04-23","2026-03-01",6,8,19,1263.72
"E6BB0423","2026-04-23","2026-03-02",8,8,25,1382.9
"E6BB0423","2026-04-23","2026-03-03",4,4,10,460.37
"E6BB0423","2026-04-23","2026-03-04",5,5,12,800.05
"E6BB0423","2026-04-23","2026-03-05",1,1,2,155
"E6BB0423","2026-04-23","2026-03-07",5,5,12,313.3
"E6BB0423","2026-04-23","2026-03-08",3,5,9,340.4
"E6BB0423","2026-04-23","2026-03-09",2,4,10,317.49
"E6BB0423","2026-04-23","2026-03-10",3,5,11,853.66
"E6BB0423","2026-04-23","2026-03-11",3,5,14,544.11
"E6BB0423","2026-04-23","2026-03-13",4,4,12,348.08
"E6BB0423","2026-04-23","2026-03-15",5,5,9,686.57
"E6BB0423","2026-04-23","2026-03-16",8,8,15,648.45
"E6BB0423","2026-04-23","2026-03-17",5,5,9,851.69
"E6BB0423","2026-04-23","2026-03-18",6,6,11,517.8
"E6BB0423","2026-04-23","2026-03-19",4,4,12,554.15
"E6BB0423","2026-04-23","2026-03-21",7,8,15,1174.82
"E6BB0423","2026-04-23","2026-03-22",2,4,10,633.24
"E6BB0423","2026-04-23","2026-03-23",12,12,36,1751.84
"E6BB0423","2026-04-23","2026-03-24",3,5,14,595.93
"E6BB0423","2026-04-23","2026-03-27",7,7,20,809.44
"E6BB0423","2026-04-23","2026-03-28",5,5,12,859.84
"E6BB0423","2026-04-23","2026-03-31",5,6,14,450.98
"E6BB0423","2026-04-23","2026-04-02",5,5,14,488.85
"E6BB0423","2026-04-23","2026-04-06",7,8,19,839.53
"E6BB0423","2026-04-23","2026-04-09",10,11,26,1367.77
"E6BB0423","2026-04-23","2026-04-10",5,7,14,1039.26
"E6BB0423","2026-04-23","2026-04-12",9,11,33,928.79
"E6BB0423","2026-04-23","2026-04-14",13,15,30,1086.64
"E6BB0423","2026-04-23","2026-04-15",11,11,32,1801.05
"E6BB0423","2026-04-23","2026-04-16",13,14,42,1260.2
"E6BB0423","2026-04-23","2026-04-19",11,12,35,2083.19
"E6BB0423","2026-04-23","2026-04-21",15,17,34,1967.23
"E6BB0423","2026-04-23","2026-04-23",17,19,56,2941.38
"E6BB0424","2026-04-24","2025-12-25",2,3,9,517.51
"E6BB0424","2026-04-24","2025-12-26",1,1,2,104.23
"E6BB0424","2026-04-24","2025-12-27",1,2,6,358.77
"E6BB0424","2026-04-24","2025-12-28",2,4,10,367.37
"E6BB0424","2026-04-24","2025-12-31",5,5,13,885.36
"E6BB0424","2026-04-24","2026-01-01",4,5,11,344.99
"E6BB0424","2026-04-24","2026-01-03",4,4,11,632.73
"E6BB0424","2026-04-24","2026-01-04",3,5,16,709.26
"E6BB0424","2026-04-24","2026-01-05",1,2,6,268.08
"E6BB0424","2026-04-24","2026-01-06",1,1,2,125.16
"E6BB0424","2026-04-24","2026-01-07",1,3,6,207.85
"E6BB0424","2026-04-24","2026-01-08",1,1,3,88.59
"E6BB0424","2026-04-24","2026-01-09",1,1,3,127.16
"E6BB0424","2026-04-24","2026-01-10",1,3,5,324.19
"E6BB0424","2026-04-24","2026-01-11",4,5,14,342.63
"E6BB0424","2026-04-24","2026-01-13",1,1,2,104.71
"E6BB0424","2026-04-24","2026-01-14",3,5,10,759.5
"E6BB0424","2026-04-24","2026-01-15",1,2,6,354.14
"E6BB0424","2026-04-24","2026-01-16",1,1,2,73.36
"E6BB0424","2026-04-24","2026-01-17",2,4,7,678.17
"E6BB0424","2026-04-24","2026-01-18",5,5,12,756.39
"E6BB0424","2026-04-24","2026-01-19",1,2,6,163.35
"E6BB0424","2026-04-24","2026-01-21",2,2,4,121.93
"E6BB0424","2026-04-24","2026-01-22",1,2,5,288.38
"E6BB0424","2026-04-24","2026-01-23",4,4,10,251.8
"E6BB0424","2026-04-24","2026-01-24",4,4,9,665.28
"E6BB0424","2026-04-24","2026-01-25",5,5,11,748.5
"E6BB0424","2026-04-24","2026-01-27",5,6,17,703.27
"E6BB0424","2026-04-24","2026-01-29",1,1,2,63.1
"E6BB0424","2026-04-24","2026-01-30",1,2,5,133.75
"E6BB0424","2026-04-24","2026-02-02",2,2,6,248.34
"E6BB0424","2026-04-24","2026-02-03",1,2,6,239.98
"E6BB0424","2026-04-24","2026-02-09",3,5,11,671.85
"E6BB0424","2026-04-24","2026-02-12",3,3,6,334.37
"E6BB0424","2026-04-24","2026-02-13",1,3,9,273.22
"E6BB0424","2026-04-24","2026-02-14",4,5,9,338.02
"E6BB0424","2026-04-24","2026-02-17",4,4,12,396.03
"E6BB0424","2026-04-24","2026-02-19",4,5,14,515.09
"E6BB0424","2026-04-24","2026-02-21",2,2,5,333.8
"E6BB0424","2026-04-24","2026-02-22",3,3,7,356.03
"E6BB0424","2026-04-24","2026-02-23",1,2,4,233.65
"E6BB0424","2026-04-24","2026-02-24",3,4,11,263.33
"E6BB0424","2026-04-24","2026-02-27",3,4,10,466.4
"E6BB0424","2026-04-24","2026-03-01",2,4,12,424.77
"E6BB0424","2026-04-24","2026-03-02",2,3,6,432.43
"E6BB0424","2026-04-24","2026-03-04",1,2,6,165.02
"E6BB0424","2026-04-24","2026-03-06",3,3,9,504.46
"E6BB0424","2026-04-24","2026-03-08",4,5,9,703.29
"E6BB0424","2026-04-24","2026-03-09",4,5,9,854.86
"E6BB0424","2026-04-24","2026-03-13",6,6,17,562.91
"E6BB0424","2026-04-24","2026-03-14",5,5,16,869.25
"E6BB0424","2026-04-24","2026-03-15",3,5,10,836.83
"E6BB0424","2026-04-24","2026-03-16",1,3,10,424.5
"E6BB0424","2026-04-24","2026-03-18",4,5,15,728.55
"E6BB0424","2026-04-24","2026-03-19",4,6,19,897.42
"E6BB0424","2026-04-24","2026-03-20",7,8,21,1008.88
"E6BB0424","2026-04-24","2026-03-21",3,4,12,503.25
"E6BB0424","2026-04-24","2026-03-23",3,4,8,616.79
"E6BB0424","2026-04-24","2026-03-24",10,10,32,826.91
"E6BB0424","2026-04-24","2026-03-26",5,5,15,714.37
"E6BB0424","2026-04-24","2026-03-27",6,8,18,1230.73
"E6BB0424","2026-04-24","2026-03-28",4,6,17,387.4
"E6BB0424","2026-04-24","2026-03-29",5,6,12,1021.94
"E6BB0424","2026-04-24","2026-03-30",4,6,16,1020.6
"E6BB0424","2026-04-24","2026-03-31",6,8,20,638.27
"E6BB0424","2026-04-24","2026-04-01",7,8,18,560.93
"E6BB0424","2026-04-24","2026-04-02",7,9,23,1600.79
"E6BB0424","2026-04-24","2026-04-04",6,7,17,484.76
"E6BB0424","2026-04-24","2026-04-05",8,10,29,1269.47
"E6BB0424","2026-04-24","2026-04-07",8,8,20,1093.62
"E6BB0424","2026-04-24","2026-04-08",8,9,26,1250.56
"E6BB0424","2026-04-24","2026-04-09",9,9,17,1468.11
"E6BB0424","2026-04-24","2026-04-12",10,12,37,1607.91
"E6BB0424","2026-04-24","2026-04-15",8,9,21,1224.64
"E6BB0424","2026-04-24","2026-04-17",14,16,50,1979.74
"E6BB0424","2026-04-24","2026-04-19",15,15,35,1882.77
"E6BB0424","2026-04-24","2026-04-20",13,13,27,1489.37
"E6BB0424","2026-04-24","2026-04-23",20,20,49,1223.42
"E6BB0425","2026-04-25","2025-12-26",3,4,9,398.96
"E6BB0425","2026-04-25","2025-12-27",1,1,2,92.96
"E6BB0425","2026-04-25","2025-12-29",1,2,5,267.92
"E6BB0425","2026-04-25","2026-01-02",1,2,6,289.7
"E6BB0425","2026-04-25","2026-01-04",1,1,2,69.9
"E6BB0425","2026-04-25","2026-01-05",4,4,11,332.66
"E6BB0425","2026-04-25","2026-01-06",4,5,15,322.52
"E6BB0425","2026-04-25","2026-01-07",4,4,10,609.91
"E6BB0425","2026-04-25","2026-01-08",1,1,2,176.61
"E6BB0425","2026-04-25","2026-01-09",1,1,3,123.01
"E6BB0425","2026-04-25","2026-01-10",1,2,5,223.06
"E6BB0425","2026-04-25","2026-01-11",1,3,6,236.62
"E6BB0425","2026-04-25","2026-01-12",1,2,4,189.76
"E6BB0425","2026-04-25","2026-01-13",4,5,14,414.94
"E6BB0425","2026-04-25","2026-01-14",4,4,10,246.58
"E6BB0425","2026-04-25","2026-01-17",5,5,16,614.76
"E6BB0425","2026-04-25","2026-01-18",1,1,3,135.99
"E6BB0425","2026-04-25","2026-01-19",5,7,20,693.78
"E6BB0425","2026-04-25","2026-01-20",3,5,11,333.2
"E6BB0425","2026-04-25","2026-01-21",2,4,10,275.19
"E6BB0425","2026-04-25","2026-01-22",3,5,9,595.03
"E6BB0425","2026-04-25","2026-01-23",1,2,6,310.54
"E6BB0425","2026-04-25","2026-01-25",1,1,3,153.46
"E6BB0425","2026-04-25","2026-01-26",2,4,9,327.13
"E6BB0425","2026-04-25","2026-01-27",1,1,2,82.01
"E6BB0425","2026-04-25","2026-01-30",4,6,11,594.72
"E6BB0425","2026-04-25","2026-01-31",1,1,2,75.08
"E6BB0425","2026-04-25","2026-02-02",1,2,5,149.33
"E6BB0425","2026-04-25","2026-02-04",5,7,18,429.12
"E6BB0425","2026-04-25","2026-02-05",3,3,8,217.47
"E6BB0425","2026-04-25","2026-02-06",1,1,2,151.45
"E6BB0425","2026-04-25","2026-02-08",1,2,5,292.14
"E6BB0425","2026-04-25","2026-02-09",5,6,17,794.95
"E6BB0425","2026-04-25","2026-02-11",2,3,7,454.83
"E6BB0425","2026-04-25","2026-02-14",4,4,11,428.82
"E6BB0425","2026-04-25","2026-02-15",2,4,8,580.7
"E6BB0425","2026-04-25","2026-02-16",5,6,12,543.87
"E6BB0425","2026-04-25","2026-02-17",4,4,12,615.5
"E6BB0425","2026-04-25","2026-02-20",3,5,15,339.54
"E6BB0425","2026-04-25","2026-02-23",1,2,4,218.34
"E6BB0425","2026-04-25","2026-02-24",3,5,13,575.13
"E6BB0425","2026-04-25","2026-02-26",2,4,10,279.23
"E6BB0425","2026-04-25","2026-02-28",3,5,16,390.31
"E6BB0425","2026-04-25","2026-03-02",3,3,7,220.71
"E6BB0425","2026-04-25","2026-03-03",4,5,9,352.2
"E6BB0425","2026-04-25","2026-03-04",3,5,11,594.98
"E6BB0425","2026-04-25","2026-03-10",6,6,13,1029.16
"E6BB0425","2026-04-25","2026-03-11",4,6,15,720.23
"E6BB0425","2026-04-25","2026-03-12",1,3,8,254.79
"E6BB0425","2026-04-25","2026-03-14",1,1,3,104.2
"E6BB0425","2026-04-25","2026-03-18",3,3,9,439.8
"E6BB0425","2026-04-25","2026-03-19",1,2,5,124.39
"E6BB0425","2026-04-25","2026-03-21",4,4,11,577.73
"E6BB0425","2026-04-25","2026-03-22",6,7,21,1195.14
"E6BB0425","2026-04-25","2026-03-24",2,4,9,469.15
"E6BB0425","2026-04-25","2026-03-26",3,4,9,373.39
"E6BB0425","2026-04-25","2026-03-28",4,6,17,738.2
"E6BB0425","2026-04-25","2026-03-29",9,9,23,946.54
"E6BB0425","2026-04-25","2026-03-31",9,9,27,1463.25
"E6BB0425","2026-04-25","2026-04-04",4,4,8,713.08
"E6BB0425","2026-04-25","2026-04-06",3,4,7,670
"E6BB0425","2026-04-25","2026-04-07",4,5,14,400.57
"E6BB0425","2026-04-25","2026-04-08",8,10,22,1521.02
"E6BB0425","2026-04-25","2026-04-09",12,12,24,1771.19
"E6BB0425","2026-04-25","2026-04-11",10,12,31,943.39
"E6BB0425","2026-04-25","2026-04-12",9,9,22,1291.75
"E6BB0425","2026-04-25","2026-04-13",11,12,23,1717.77
"E6BB0425","2026-04-25","2026-04-14",10,11,20,670.49
"E6BB0425","2026-04-25","2026-04-16",10,11,32,956.6
"E6BB0425","2026-04-25","2026-04-19",12,12,24,1011.96
"E6BB0425","2026-04-25","2026-04-23",18,19,48,3162.25
"E6BB0426","2026-04-26","2025-12-27",3,5,11,504.03
"E6BB0426","2026-04-26","2025-12-29",6,8,24,991.12
"E6BB0426","2026-04-26","2025-12-31",3,3,8,462.17
"E6BB0426","2026-04-26","2026-01-04",4,6,13,921.94
"E6BB0426","2026-04-26","2026-01-05",1,2,6,312.92
"E6BB0426","2026-04-26","2026-01-07",5,6,19,362.96
"E6BB0426","2026-04-26","2026-01-09",5,6,17,597.44
"E6BB0426","2026-04-26","2026-01-10",1,1,3,119.65
"E6BB0426","2026-04-26","2026-01-11",4,6,14,496.99
"E6BB0426","2026-04-26","2026-01-12",5,6,19,947.86
"E6BB0426","2026-04-26","2026-01-16",2,2,5,180.64
"E6BB0426","2026-04-26","2026-01-19",5,6,15,460.57
"E6BB0426","2026-04-26","2026-01-20",7,7,16,473.07
"E6BB0426","2026-04-26","2026-01-21",1,3,7,283.42
"E6BB0426","2026-04-26","2026-01-22",2,2,6,284.1
"E6BB0426","2026-04-26","2026-01-25",4,4,11,274.77
"E6BB0426","2026-04-26","2026-01-27",4,6,18,520.34
"E6BB0426","2026-04-26","2026-01-30",1,3,8,310.39
"E6BB0426","2026-04-26","2026-02-02",2,3,9,191.64
"E6BB0426","2026-04-26","2026-02-03",4,4,9,429.71
"E6BB0426","2026-04-26","2026-02-04",1,1,3,117.21
"E6BB0426","2026-04-26","2026-02-07",1,1,2,146.86
"E6BB0426","2026-04-26","2026-02-11",4,4,10,448.78
"E6BB0426","2026-04-26","2026-02-13",3,3,8,274.2
"E6BB0426","2026-04-26","2026-02-15",1,1,2,127.88
"E6BB0426","2026-04-26","2026-02-16",2,3,8,389.47
"E6BB0426","2026-04-26","2026-02-17",3,4,11,655.41
"E6BB0426","2026-04-26","2026-02-18",5,6,15,746.97
"E6BB0426","2026-04-26","2026-02-20",2,4,12,383.69
"E6BB0426","2026-04-26","2026-02-21",2,4,10,670.78
"E6BB0426","2026-04-26","2026-02-22",5,5,11,613.49
"E6BB0426","2026-04-26","2026-02-24",1,2,6,286.51
"E6BB0426","2026-04-26","2026-02-25",4,4,9,473.22
"E6BB0426","2026-04-26","2026-02-26",4,4,9,701.84
"E6BB0426","2026-04-26","2026-02-27",2,4,12,589.46
"E6BB0426","2026-04-26","2026-03-01",5,5,16,382.84
"E6BB0426","2026-04-26","2026-03-02",4,4,9,390.45
"E6BB0426","2026-04-26","2026-03-03",6,6,18,934.46
"E6BB0426","2026-04-26","2026-03-06",1,2,4,320.7
"E6BB0426","2026-04-26","2026-03-07",8,8,24,618.53
"E6BB0426","2026-04-26","2026-03-08",2,2,5,318.05
"E6BB0426","2026-04-26","2026-03-09",4,5,13,616.58
"E6BB0426","2026-04-26","2026-03-11",3,3,7,326.1
"E6BB0426","2026-04-26","2026-03-12",3,3,7,271.89
"E6BB0426","2026-04-26","2026-03-13",1,3,6,378.58
"E6BB0426","2026-04-26","2026-03-15",3,3,9,507.5
"E6BB0426","2026-04-26","2026-03-16",2,3,9,495.01
"E6BB0426","2026-04-26","2026-03-18",3,3,7,319.1
"E6BB0426","2026-04-26","2026-03-19",5,7,13,1127.57
"E6BB0426","2026-04-26","2026-03-22",6,6,18,406.76
"E6BB0426","2026-04-26","2026-03-24",3,5,14,376.67
"E6BB0426","2026-04-26","2026-03-25",1,2,4,207.23
"E6BB0426","2026-04-26","2026-03-26",3,5,15,346.39
"E6BB0426","2026-04-26","2026-03-30",6,8,16,547.55
"E6BB0426","2026-04-26","2026-03-31",5,7,18,1154.81
"E6BB0426","2026-04-26","2026-04-01",5,6,11,533.53
"E6BB0426","2026-04-26","2026-04-02",7,9,16,1013.33
"E6BB0426","2026-04-26","2026-04-03",1,3,10,376.64
"E6BB0426","2026-04-26","2026-04-04",11,11,26,1695.64
"E6BB0426","2026-04-26","2026-04-05",7,9,20,1160.56
"E6BB0426","2026-04-26","2026-04-08",8,8,22,776.16
"E6BB0426","2026-04-26","2026-04-09",7,9,19,850.82
"E6BB0426","2026-04-26","2026-04-10",7,7,18,664.96
"E6BB0426","2026-04-26","2026-04-13",7,9,26,1567.28
"E6BB0426","2026-04-26","2026-04-15",9,10,23,629.04
"E6BB0426","2026-04-26","2026-04-17",10,11,25,1829.58
"E6BB0426","2026-04-26","2026-04-18",14,14,34,1546.72
"E6BB0426","2026-04-26","2026-04-19",12,14,31,1812.06
"E6BB0426","2026-04-26","2026-04-21",16,16,37,1601.27
"E6BB0426","2026-04-26","2026-04-23",15,15,47,1845.33
"E6BB0426","2026-04-26","2026-04-24",18,20,55,2633.83
"E6BB0426","2026-04-26","2026-04-25",15,17,46,1415.14
"E6BB0427","2026-04-27","2025-12-28",6,7,13,1017.77
"E6BB0427","2026-04-27","2025-12-29",2,4,10,349.95
"E6BB0427","2026-04-27","2025-12-30",4,4,9,441.31
"E6BB0427","2026-04-27","2025-12-31",1,2,6,219.84
"E6BB0427","2026-04-27","2026-01-01",1,1,2,144.72
"E6BB0427","2026-04-27","2026-01-04",2,3,6,498.38
"E6BB0427","2026-04-27","2026-01-05",3,3,6,197.34
"E6BB0427","2026-04-27","2026-01-07",1,2,5,221.76
"E6BB0427","2026-04-27","2026-01-08",1,1,3,173.33
"E6BB0427","2026-04-27","2026-01-09",1,3,9,231.13
"E6BB0427","2026-04-27","2026-01-10",1,2,4,267.95
"E6BB0427","2026-04-27","2026-01-12",3,4,9,376.83
"E6BB0427","2026-04-27","2026-01-16",1,1,2,166.68
"E6BB0427","2026-04-27","2026-01-20",3,4,7,393.88
"E6BB0427","2026-04-27","2026-01-21",4,4,10,389.52
"E6BB0427","2026-04-27","2026-01-22",1,1,3,123.8
"E6BB0427","2026-04-27","2026-01-24",1,1,2,103.86
"E6BB0427","2026-04-27","2026-01-25",3,5,11,732.19
"E6BB0427","2026-04-27","2026-01-27",5,5,15,325.46
"E6BB0427","2026-04-27","2026-01-28",1,1,2,102.7
"E6BB0427","2026-04-27","2026-01-30",4,4,10,465.16
"E6BB0427","2026-04-27","2026-02-01",1,2,5,263.69
"E6BB0427","2026-04-27","2026-02-03",1,1,2,99.12
"E6BB0427","2026-04-27","2026-02-04",3,5,13,438.84
"E6BB0427","2026-04-27","2026-02-05",1,1,3,104.19
"E6BB0427","2026-04-27","2026-02-06",1,1,3,125.99
"E6BB0427","2026-04-27","2026-02-07",1,1,3,177.9
"E6BB0427","2026-04-27","2026-02-10",1,2,6,159.63
"E6BB0427","2026-04-27","2026-02-14",1,2,6,150.46
"E6BB0427","2026-04-27","2026-02-16",1,1,3,142.74
"E6BB0427","2026-04-27","2026-02-17",4,4,12,708.78
"E6BB0427","2026-04-27","2026-02-18",1,3,9,538.18
"E6BB0427","2026-04-27","2026-02-21",2,3,10,424.4
"E6BB0427","2026-04-27","2026-02-22",5,6,13,464.93
"E6BB0427","2026-04-27","2026-02-24",1,1,2,74.49
"E6BB0427","2026-04-27","2026-02-26",1,1,3,97.55
"E6BB0427","2026-04-27","2026-02-28",1,1,3,137.75
"E6BB0427","2026-04-27","2026-03-01",7,7,20,566.69
"E6BB0427","2026-04-27","2026-03-04",3,3,8,259.21
"E6BB0427","2026-04-27","2026-03-05",1,2,5,137.32
"E6BB0427","2026-04-27","2026-03-09",2,2,4,319.7
"E6BB0427","2026-04-27","2026-03-11",5,6,13,690.66
"E6BB0427","2026-04-27","2026-03-12",3,5,12,392.97
"E6BB0427","2026-04-27","2026-03-14",3,4,9,293.49
"E6BB0427","2026-04-27","2026-03-15",1,3,7,445.41
"E6BB0427","2026-04-27","2026-03-16",1,2,6,183.18
"E6BB0427","2026-04-27","2026-03-17",5,6,13,599.03
"E6BB0427","2026-04-27","2026-03-18",5,5,10,814.25
"E6BB0427","2026-04-27","2026-03-19",4,4,9,655.17
"E6BB0427","2026-04-27","2026-03-20",7,8,25,1234.16
"E6BB0427","2026-04-27","2026-03-21",1,3,8,191.02
"E6BB0427","2026-04-27","2026-03-22",5,5,13,836.7
"E6BB0427","2026-04-27","2026-03-23",3,5,14,533.75
"E6BB0427","2026-04-27","2026-03-24",3,3,9,455.01
"E6BB0427","2026-04-27","2026-03-25",1,2,4,314.97
"E6BB0427","2026-04-27","2026-03-26",6,7,14,1100.87
"E6BB0427","2026-04-27","2026-03-27",7,9,18,1141.2
"E6BB0427","2026-04-27","2026-03-29",5,5,13,652.94
"E6BB0427","2026-04-27","2026-03-30",4,6,16,506.04
"E6BB0427","2026-04-27","2026-04-02",7,7,19,1142.15
"E6BB0427","2026-04-27","2026-04-03",6,8,18,1254.11
"E6BB0427","2026-04-27","2026-04-04",6,8,23,1044.58
"E6BB0427","2026-04-27","2026-04-05",7,9,23,1116.49
"E6BB0427","2026-04-27","2026-04-06",6,8,24,1114.16
"E6BB0427","2026-04-27","2026-04-07",4,6,16,545.84
"E6BB0427","2026-04-27","2026-04-08",8,9,22,941.15
"E6BB0427","2026-04-27","2026-04-09",8,10,25,616.38
"E6BB0427","2026-04-27","2026-04-10",9,9,26,1110.5
"E6BB0427","2026-04-27","2026-04-12",11,12,37,1418.38
"E6BB0427","2026-04-27","2026-04-14",8,9,26,900.61
"E6BB0427","2026-04-27","2026-04-16",10,11,22,1849.08
"E6BB0427","2026-04-27","2026-04-18",10,10,24,1446.76
"E6BB0427","2026-04-27","2026-04-19",14,14,30,1507.14
"E6BB0427","2026-04-27","2026-04-21",15,16,40,1238.04
"E6BB0427","2026-04-27","2026-04-22",10,12,35,2099.17
"E6BB0427","2026-04-27","2026-04-23",12,12,22,1723.23
"E6BB0427","2026-04-27","2026-04-25",19,19,55,1395.31
"E6BB0427","2026-04-27","2026-04-26",14,16,40,2021.15
"E6BB0429","2026-04-29","2025-12-30",2,2,4,329.98
"E6BB0429","2026-04-29","2025-12-31",3,5,13,799.92
"E6BB0429","2026-04-29","2026-01-01",3,3,6,460.04
"E6BB0429","2026-04-29","2026-01-03",1,1,3,95.98
"E6BB0429","2026-04-29","2026-01-07",1,3,9,236.62
"E6BB0429","2026-04-29","2026-01-08",3,4,9,308.18
"E6BB0429","2026-04-29","2026-01-10",2,4,11,618.17
"E6BB0429","2026-04-29","2026-01-11",1,1,3,103.47
"E6BB0429","2026-04-29","2026-01-12",2,3,7,306.89
"E6BB0429","2026-04-29","2026-01-13",1,2,6,206.56
"E6BB0429","2026-04-29","2026-01-14",3,3,7,260.66
"E6BB0429","2026-04-29","2026-01-15",2,2,5,264.41
"E6BB0429","2026-04-29","2026-01-17",1,1,2,149.63
"E6BB0429","2026-04-29","2026-01-18",4,5,12,310.85
"E6BB0429","2026-04-29","2026-01-19",4,5,14,315.21
"E6BB0429","2026-04-29","2026-01-20",2,2,5,227.2
"E6BB0429","2026-04-29","2026-01-22",2,4,9,715.85
"E6BB0429","2026-04-29","2026-01-23",2,4,12,440.07
"E6BB0429","2026-04-29","2026-01-25",1,1,3,104.42
"E6BB0429","2026-04-29","2026-01-26",1,1,3,130.43
"E6BB0429","2026-04-29","2026-01-27",3,4,8,246.29
"E6BB0429","2026-04-29","2026-01-28",1,1,2,128.98
"E6BB0429","2026-04-29","2026-01-29",1,1,3,143.89
"E6BB0429","2026-04-29","2026-02-02",1,1,2,62.89
"E6BB0429","2026-04-29","2026-02-03",4,6,15,982.01
"E6BB0429","2026-04-29","2026-02-05",4,5,11,640.75
"E6BB0429","2026-04-29","2026-02-06",1,1,3,150.72
"E6BB0429","2026-04-29","2026-02-07",5,5,16,390.82
"E6BB0429","2026-04-29","2026-02-09",1,3,8,376.22
"E6BB0429","2026-04-29","2026-02-10",4,4,7,552.25
"E6BB0429","2026-04-29","2026-02-11",3,4,12,395.25
"E6BB0429","2026-04-29","2026-02-12",2,3,7,483.4
"E6BB0429","2026-04-29","2026-02-13",5,7,14,958.34
"E6BB0429","2026-04-29","2026-02-14",1,2,4,289.81
"E6BB0429","2026-04-29","2026-02-15",4,6,12,626.99
"E6BB0429","2026-04-29","2026-02-17",5,5,14,674.07
"E6BB0429","2026-04-29","2026-02-20",1,1,2,168.79
"E6BB0429","2026-04-29","2026-02-22",4,5,12,544.03
"E6BB0429","2026-04-29","2026-02-23",4,6,14,877.2
"E6BB0429","2026-04-29","2026-02-24",1,1,3,91.53
"E6BB0429","2026-04-29","2026-02-27",4,5,16,350.49
"E6BB0429","2026-04-29","2026-02-28",3,3,8,506.98
"E6BB0429","2026-04-29","2026-03-01",3,4,10,282.66
"E6BB0429","2026-04-29","2026-03-02",4,6,14,515.72
"E6BB0429","2026-04-29","2026-03-06",1,2,5,217.61
"E6BB0429","2026-04-29","2026-03-07",5,5,10,482.87
"E6BB0429","2026-04-29","2026-03-08",5,6,14,407.52
"E6BB0429","2026-04-29","2026-03-09",1,3,6,330.74
"E6BB0429","2026-04-29","2026-03-10",3,5,13,822.22
"E6BB0429","2026-04-29","2026-03-11",1,3,6,308.64
"E6BB0429","2026-04-29","2026-03-13",1,1,2,159.02
"E6BB0429","2026-04-29","2026-03-14",5,5,12,722.31
"E6BB0429","2026-04-29","2026-03-15",3,3,8,358.92
"E6BB0429","2026-04-29","2026-03-16",4,5,10,501.34
"E6BB0429","2026-04-29","2026-03-18",1,2,6,200.06
"E6BB0429","2026-04-29","2026-03-22",6,7,20,964.33
"E6BB0429","2026-04-29","2026-03-26",1,3,6,305.18
"E6BB0429","2026-04-29","2026-03-27",6,8,18,1310.09
"E6BB0429","2026-04-29","2026-03-28",4,5,11,663.26
"E6BB0429","2026-04-29","2026-03-29",7,7,21,1156.67
"E6BB0429","2026-04-29","2026-03-30",6,6,16,1023.68
"E6BB0429","2026-04-29","2026-03-31",6,6,14,586.21
"E6BB0429","2026-04-29","2026-04-01",8,10,21,924.34
"E6BB0429","2026-04-29","2026-04-02",6,8,15,1280.54
"E6BB0429","2026-04-29","2026-04-04",3,5,13,876.22
"E6BB0429","2026-04-29","2026-04-05",5,6,13,422.1
"E6BB0429","2026-04-29","2026-04-06",7,7,13,459
"E6BB0429","2026-04-29","2026-04-08",7,8,18,494.74
"E6BB0429","2026-04-29","2026-04-09",6,8,15,786.38
"E6BB0429","2026-04-29","2026-04-10",11,11,26,1892.26
"E6BB0429","2026-04-29","2026-04-12",4,6,17,392.53
"E6BB0429","2026-04-29","2026-04-17",8,10,31,1590.13
"E6BB0429","2026-04-29","2026-04-19",8,10,20,1773.58
"E6BB0429","2026-04-29","2026-04-20",14,16,31,972.8
"E6BB0429","2026-04-29","2026-04-23",16,16,35,1275.6
"E6BB0429","2026-04-29","2026-04-25",19,19,35,1961.25
"E6BB0429","2026-04-29","2026-04-26",15,15,39,2507.91
"E6BB0429","2026-04-29","2026-04-27",13,15,37,1411.93
"E6BB0429","2026-04-29","2026-04-29",17,17,45,1533.69
"E6BB0501","2026-05-01","2026-01-02",2,3,8,462.78
"E6BB0501","2026-05-01","2026-01-03",3,4,10,243.19
"E6BB0501","2026-05-01","2026-01-04",4,4,10,716.17
"E6BB0501","2026-05-01","2026-01-05",3,3,9,458.56
"E6BB0501","2026-05-01","2026-01-06",1,2,6,147.27
"E6BB0501","2026-05-01","2026-01-12",1,3,9,212.55
"E6BB0501","2026-05-01","2026-01-14",1,3,9,256.52
"E6BB0501","2026-05-01","2026-01-15",1,1,2,160.2
"E6BB0501","2026-05-01","2026-01-17",1,3,6,478.69
"E6BB0501","2026-05-01","2026-01-18",2,4,10,328.76
"E6BB0501","2026-05-01","2026-01-21",4,4,10,687.53
"E6BB0501","2026-05-01","2026-01-22",5,7,22,496.98
"E6BB0501","2026-05-01","2026-01-25",1,1,2,60.41
"E6BB0501","2026-05-01","2026-01-26",1,1,2,165.62
"E6BB0501","2026-05-01","2026-01-28",3,3,6,529.6
"E6BB0501","2026-05-01","2026-01-29",4,4,11,577.28
"E6BB0501","2026-05-01","2026-01-31",1,2,6,350.69
"E6BB0501","2026-05-01","2026-02-01",3,3,8,203.88
"E6BB0501","2026-05-01","2026-02-03",3,5,11,534.74
"E6BB0501","2026-05-01","2026-02-05",1,1,2,139.8
"E6BB0501","2026-05-01","2026-02-06",3,5,14,884.03
"E6BB0501","2026-05-01","2026-02-07",1,1,2,69.27
"E6BB0501","2026-05-01","2026-02-08",3,3,6,402.12
"E6BB0501","2026-05-01","2026-02-11",3,5,13,795.16
"E6BB0501","2026-05-01","2026-02-13",1,3,6,229.38
"E6BB0501","2026-05-01","2026-02-14",1,2,5,334.58
"E6BB0501","2026-05-01","2026-02-15",3,5,16,701.77
"E6BB0501","2026-05-01","2026-02-18",2,3,7,193.24
"E6BB0501","2026-05-01","2026-02-19",4,6,18,785.48
"E6BB0501","2026-05-01","2026-02-20",1,1,2,103.99
"E6BB0501","2026-05-01","2026-02-21",4,6,11,884.33
"E6BB0501","2026-05-01","2026-02-22",2,4,7,350.02
"E6BB0501","2026-05-01","2026-02-23",3,3,7,245.41
"E6BB0501","2026-05-01","2026-02-24",7,7,13,637.46
"E6BB0501","2026-05-01","2026-02-25",1,3,6,335.8
"E6BB0501","2026-05-01","2026-02-26",3,3,9,308.07
"E6BB0501","2026-05-01","2026-02-27",3,3,7,353.53
"E6BB0501","2026-05-01","2026-03-02",1,1,3,128.78
"E6BB0501","2026-05-01","2026-03-04",2,2,6,348.2
"E6BB0501","2026-05-01","2026-03-06",6,7,14,1220.9
"E6BB0501","2026-05-01","2026-03-07",3,5,16,619.86
"E6BB0501","2026-05-01","2026-03-09",4,4,11,401.35
"E6BB0501","2026-05-01","2026-03-10",4,4,8,582.08
"E6BB0501","2026-05-01","2026-03-13",3,5,11,711.86
"E6BB0501","2026-05-01","2026-03-14",3,4,10,550.45
"E6BB0501","2026-05-01","2026-03-15",5,5,14,886.88
"E6BB0501","2026-05-01","2026-03-17",2,3,9,391.99
"E6BB0501","2026-05-01","2026-03-18",3,4,9,677.15
"E6BB0501","2026-05-01","2026-03-24",6,7,21,632.69
"E6BB0501","2026-05-01","2026-03-25",1,1,2,123.92
"E6BB0501","2026-05-01","2026-03-26",4,6,13,680.79
"E6BB0501","2026-05-01","2026-03-30",4,6,18,998.8
"E6BB0501","2026-05-01","2026-04-02",8,9,22,789.09
"E6BB0501","2026-05-01","2026-04-03",3,4,7,536.29
"E6BB0501","2026-05-01","2026-04-04",1,3,9,291.35
"E6BB0501","2026-05-01","2026-04-05",8,10,27,1775.16
"E6BB0501","2026-05-01","2026-04-06",5,7,17,428.58
"E6BB0501","2026-05-01","2026-04-10",8,9,20,1171.42
"E6BB0501","2026-05-01","2026-04-12",11,11,30,1074.36
"E6BB0501","2026-05-01","2026-04-13",8,8,15,874.86
"E6BB0501","2026-05-01","2026-04-14",9,11,32,1359.2
"E6BB0501","2026-05-01","2026-04-15",5,7,21,765.11
"E6BB0501","2026-05-01","2026-04-16",11,11,23,1397.66
"E6BB0501","2026-05-01","2026-04-19",15,16,40,1364.17
"E6BB0501","2026-05-01","2026-04-20",9,11,28,1154.55
"E6BB0501","2026-05-01","2026-04-21",11,11,34,1051.81
"E6BB0501","2026-05-01","2026-04-24",16,16,40,1971.48
"E6BB0501","2026-05-01","2026-04-25",14,14,35,1192.61
"E6BB0501","2026-05-01","2026-04-26",16,16,45,982.77
"E6BB0501","2026-05-01","2026-04-27",14,15,32,1674.08
"E6BB0501","2026-05-01","2026-04-28",14,16,32,1195.18
"E6BB0501","2026-05-01","2026-04-29",19,19,40,1302.34
"E6BB0502","2026-05-02","2026-01-03",6,6,12,730.01
"E6BB0502","2026-05-02","2026-01-04",3,5,15,868.15
"E6BB0502","2026-05-02","2026-01-05",7,8,24,801.38
"E6BB0502","2026-05-02","2026-01-06",1,2,5,294.35
"E6BB0502","2026-05-02","2026-01-08",1,1,2,108.42
"E6BB0502","2026-05-02","2026-01-10",1,1,3,153.6
"E6BB0502","2026-05-02","2026-01-14",1,2,6,340.89
"E6BB0502","2026-05-02","2026-01-16",3,4,8,546.04
"E6BB0502","2026-05-02","2026-01-18",7,7,22,1059.37
"E6BB0502","2026-05-02","2026-01-20",1,1,3,137.11
"E6BB0502","2026-05-02","2026-01-22",1,2,4,282.2
"E6BB0502","2026-05-02","2026-01-23",3,5,16,527.14
"E6BB0502","2026-05-02","2026-01-26",4,4,11,436.2
"E6BB0502","2026-05-02","2026-01-27",1,1,3,89.96
"E6BB0502","2026-05-02","2026-01-28",6,8,20,886.14
"E6BB0502","2026-05-02","2026-01-29",3,3,6,392.54
"E6BB0502","2026-05-02","2026-01-30",3,5,12,647.83
"E6BB0502","2026-05-02","2026-02-02",1,2,6,276.58
"E6BB0502","2026-05-02","2026-02-06",4,4,11,459.63
"E6BB0502","2026-05-02","2026-02-07",5,6,17,1057.36
"E6BB0502","2026-05-02","2026-02-08",1,1,3,155.53
"E6BB0502","2026-05-02","2026-02-09",1,3,7,244.85
"E6BB0502","2026-05-02","2026-02-10",5,6,14,587.75
"E6BB0502","2026-05-02","2026-02-11",4,5,14,434.93
"E6BB0502","2026-05-02","2026-02-13",1,2,5,279.68
"E6BB0502","2026-05-02","2026-02-14",2,4,8,520.22
"E6BB0502","2026-05-02","2026-02-17",3,4,8,278.68
"E6BB0502","2026-05-02","2026-02-20",1,1,3,96.3
"E6BB0502","2026-05-02","2026-02-21",1,3,7,219.66
"E6BB0502","2026-05-02","2026-02-22",3,3,6,510.46
"E6BB0502","2026-05-02","2026-02-23",4,4,9,630.83
"E6BB0502","2026-05-02","2026-02-24",3,4,9,430.05
"E6BB0502","2026-05-02","2026-02-26",4,4,8,336.4
"E6BB0502","2026-05-02","2026-02-27",2,4,12,275.61
"E6BB0502","2026-05-02","2026-02-28",2,4,8,510.13
"E6BB0502","2026-05-02","2026-03-01",9,9,29,927.84
"E6BB0502","2026-05-02","2026-03-03",1,1,3,104.06
"E6BB0502","2026-05-02","2026-03-08",2,4,9,717.18
"E6BB0502","2026-05-02","2026-03-10",1,1,3,125.13
"E6BB0502","2026-05-02","2026-03-11",5,5,14,866.07
"E6BB0502","2026-05-02","2026-03-12",2,4,12,474.33
"E6BB0502","2026-05-02","2026-03-13",4,4,8,242.25
"E6BB0502","2026-05-02","2026-03-14",4,6,11,692.16
"E6BB0502","2026-05-02","2026-03-15",5,7,14,780.88
"E6BB0502","2026-05-02","2026-03-16",3,5,12,794.79
"E6BB0502","2026-05-02","2026-03-17",4,4,12,302.83
"E6BB0502","2026-05-02","2026-03-18",5,5,13,841.29
"E6BB0502","2026-05-02","2026-03-21",5,7,19,872.59
"E6BB0502","2026-05-02","2026-03-22",6,7,20,940.91
"E6BB0502","2026-05-02","2026-03-23",5,5,11,680.82
"E6BB0502","2026-05-02","2026-03-25",4,4,11,497.59
"E6BB0502","2026-05-02","2026-03-27",5,7,18,1092.91
"E6BB0502","2026-05-02","2026-03-28",4,5,10,426.58
"E6BB0502","2026-05-02","2026-03-29",7,8,24,632.94
"E6BB0502","2026-05-02","2026-03-31",5,7,22,1054.39
"E6BB0502","2026-05-02","2026-04-01",5,5,15,762.75
"E6BB0502","2026-05-02","2026-04-03",6,7,15,1106.16
"E6BB0502","2026-05-02","2026-04-05",3,5,12,592.03
"E6BB0502","2026-05-02","2026-04-06",6,7,17,876.04
"E6BB0502","2026-05-02","2026-04-08",8,8,19,512.06
"E6BB0502","2026-05-02","2026-04-10",10,10,19,1165.66
"E6BB0502","2026-05-02","2026-04-11",9,9,24,1605.72
"E6BB0502","2026-05-02","2026-04-14",8,9,17,1360.8
"E6BB0502","2026-05-02","2026-04-16",8,10,25,604.64
"E6BB0502","2026-05-02","2026-04-18",14,14,28,2244.82
"E6BB0502","2026-05-02","2026-04-20",8,10,21,1040.02
"E6BB0502","2026-05-02","2026-04-21",16,16,45,1006.22
"E6BB0502","2026-05-02","2026-04-22",13,13,35,1298.94
"E6BB0502","2026-05-02","2026-04-23",15,15,37,2056.61
"E6BB0502","2026-05-02","2026-04-26",11,13,29,1185.76
"E6BB0502","2026-05-02","2026-04-27",13,14,43,1924.13
"E6BB0502","2026-05-02","2026-04-28",14,14,42,2090.24
"E6BB0502","2026-05-02","2026-04-29",17,19,44,3202.62
"E6BB0502","2026-05-02","2026-05-01",18,19,42,1636.23
"E6BB0502","2026-05-02","2026-05-02",20,21,59,1504.89
"E6BB0503","2026-05-03","2026-01-03",6,8,26,1158.16
"E6BB0503","2026-05-03","2026-01-05",1,1,2,137.92
"E6BB0503","2026-05-03","2026-01-06",5,6,13,372.31
"E6BB0503","2026-05-03","2026-01-07",2,2,4,203.09
"E6BB0503","2026-05-03","2026-01-09",2,3,7,511.87
"E6BB0503","2026-05-03","2026-01-17",3,3,9,500.95
"E6BB0503","2026-05-03","2026-01-18",2,3,7,325.96
"E6BB0503","2026-05-03","2026-01-20",7,7,21,993.04
"E6BB0503","2026-05-03","2026-01-21",1,3,8,236.64
"E6BB0503","2026-05-03","2026-01-22",5,6,14,750.83
"E6BB0503","2026-05-03","2026-01-23",5,7,22,570.11
"E6BB0503","2026-05-03","2026-01-26",1,2,4,163.49
"E6BB0503","2026-05-03","2026-01-30",1,2,5,150.62
"E6BB0503","2026-05-03","2026-01-31",1,3,8,294.64
"E6BB0503","2026-05-03","2026-02-01",5,5,14,518.34
"E6BB0503","2026-05-03","2026-02-02",1,3,7,411.84
"E6BB0503","2026-05-03","2026-02-03",1,2,6,239.99
"E6BB0503","2026-05-03","2026-02-04",3,5,10,784.12
"E6BB0503","2026-05-03","2026-02-05",1,1,3,143.75
"E6BB0503","2026-05-03","2026-02-08",4,4,8,634.88
"E6BB0503","2026-05-03","2026-02-09",1,2,6,332.06
"E6BB0503","2026-05-03","2026-02-10",3,3,9,395.08
"E6BB0503","2026-05-03","2026-02-12",1,2,5,331.85
"E6BB0503","2026-05-03","2026-02-13",4,4,12,703.29
"E6BB0503","2026-05-03","2026-02-14",4,4,8,292.54
"E6BB0503","2026-05-03","2026-02-16",7,7,20,1166.39
"E6BB0503","2026-05-03","2026-02-19",1,1,3,75.19
"E6BB0503","2026-05-03","2026-02-20",3,5,15,664.83
"E6BB0503","2026-05-03","2026-02-21",2,4,12,513.8
"E6BB0503","2026-05-03","2026-02-23",2,4,9,369.83
"E6BB0503","2026-05-03","2026-02-24",1,2,4,215.37
"E6BB0503","2026-05-03","2026-02-27",5,6,18,412.99
"E6BB0503","2026-05-03","2026-02-28",1,1,3,163.74
"E6BB0503","2026-05-03","2026-03-02",6,6,18,982.37
"E6BB0503","2026-05-03","2026-03-03",3,3,6,470.14
"E6BB0503","2026-05-03","2026-03-05",4,4,9,534.9
"E6BB0503","2026-05-03","2026-03-06",3,5,15,394.22
"E6BB0503","2026-05-03","2026-03-09",3,4,12,691.93
"E6BB0503","2026-05-03","2026-03-10",2,3,9,192.59
"E6BB0503","2026-05-03","2026-03-13",6,6,17,536.49
"E6BB0503","2026-05-03","2026-03-15",5,6,17,686.99
"E6BB0503","2026-05-03","2026-03-16",6,6,15,702.22
"E6BB0503","2026-05-03","2026-03-19",4,6,18,628.85
"E6BB0503","2026-05-03","2026-03-20",3,5,16,423.48
"E6BB0503","2026-05-03","2026-03-21",6,6,15,446.54
"E6BB0503","2026-05-03","2026-03-22",8,8,24,1388.34
"E6BB0503","2026-05-03","2026-03-24",7,8,24,1408.9
"E6BB0503","2026-05-03","2026-03-25",6,6,19,579.56
"E6BB0503","2026-05-03","2026-03-28",5,5,10,399.65
"E6BB0503","2026-05-03","2026-03-31",7,8,21,1399.25
"E6BB0503","2026-05-03","2026-04-01",5,6,15,963.71
"E6BB0503","2026-05-03","2026-04-04",5,6,16,607
"E6BB0503","2026-05-03","2026-04-07",5,5,12,624.15
"E6BB0503","2026-05-03","2026-04-10",8,9,24,1326.56
"E6BB0503","2026-05-03","2026-04-11",5,7,14,872.59
"E6BB0503","2026-05-03","2026-04-12",4,6,15,701.6
"E6BB0503","2026-05-03","2026-04-14",7,9,19,645.77
"E6BB0503","2026-05-03","2026-04-15",8,8,14,759.67
"E6BB0503","2026-05-03","2026-04-16",6,8,15,1102.29
"E6BB0503","2026-05-03","2026-04-17",10,11,33,1962.77
"E6BB0503","2026-05-03","2026-04-20",10,12,30,1153.31
"E6BB0503","2026-05-03","2026-04-23",14,14,31,947.01
"E6BB0503","2026-05-03","2026-04-24",16,16,50,2310.78
"E6BB0503","2026-05-03","2026-04-26",13,14,37,2060.33
"E6BB0503","2026-05-03","2026-04-27",14,16,43,1550.08
"E6BB0503","2026-05-03","2026-04-28",19,19,59,2357.61
"E6BB0503","2026-05-03","2026-04-29",14,15,38,1744.47
"E6BB0503","2026-05-03","2026-04-30",14,15,40,1868.38
"E6BB0503","2026-05-03","2026-05-02",17,18,56,1278.34
"E6BB0503","2026-05-03","2026-05-03",16,16,44,1374.36
"E6BB0505","2026-05-05","2026-01-07",2,4,11,642.05
"E6BB0505","2026-05-05","2026-01-08",3,3,6,336.99
"E6BB0505","2026-05-05","2026-01-10",2,4,11,625.06
"E6BB0505","2026-05-05","2026-01-11",1,1,2,164.45
"E6BB0505","2026-05-05","2026-01-12",2,2,4,257.77
"E6BB0505","2026-05-05","2026-01-14",5,5,11,721.3
"E6BB0505","2026-05-05","2026-01-17",4,4,11,521.4
"E6BB0505","2026-05-05","2026-01-18",1,1,2,103.98
"E6BB0505","2026-05-05","2026-01-20",5,7,19,1165.8
"E6BB0505","2026-05-05","2026-01-22",6,6,12,440.37
"E6BB0505","2026-05-05","2026-01-23",1,2,6,191.34
"E6BB0505","2026-05-05","2026-01-24",4,4,13,358.22
"E6BB0505","2026-05-05","2026-01-25",1,3,7,520.46
"E6BB0505","2026-05-05","2026-01-26",1,1,2,165.13
"E6BB0505","2026-05-05","2026-01-27",1,2,5,345.95
"E6BB0505","2026-05-05","2026-01-28",2,3,9,451.46
"E6BB0505","2026-05-05","2026-01-29",4,5,9,372.39
"E6BB0505","2026-05-05","2026-02-02",4,6,17,662.11
"E6BB0505","2026-05-05","2026-02-06",1,1,3,156.67
"E6BB0505","2026-05-05","2026-02-07",2,2,6,241.15
"E6BB0505","2026-05-05","2026-02-08",4,4,12,336.97
"E6BB0505","2026-05-05","2026-02-09",3,3,6,358.45
"E6BB0505","2026-05-05","2026-02-12",6,7,16,1172.63
"E6BB0505","2026-05-05","2026-02-13",4,4,9,310.41
"E6BB0505","2026-05-05","2026-02-15",4,4,9,291.8
"E6BB0505","2026-05-05","2026-02-16",2,4,7,496.75
"E6BB0505","2026-05-05","2026-02-17",6,7,19,623.26
"E6BB0505","2026-05-05","2026-02-18",2,4,10,544.94
"E6BB0505","2026-05-05","2026-02-19",4,6,19,420.3
"E6BB0505","2026-05-05","2026-02-21",2,3,9,438.98
"E6BB0505","2026-05-05","2026-02-22",3,3,8,349.37
"E6BB0505","2026-05-05","2026-02-25",1,3,8,504.42
"E6BB0505","2026-05-05","2026-02-27",1,2,6,235.76
"E6BB0505","2026-05-05","2026-02-28",5,6,12,549.26
"E6BB0505","2026-05-05","2026-03-01",3,5,14,626.27
"E6BB0505","2026-05-05","2026-03-04",5,5,11,481.62
"E6BB0505","2026-05-05","2026-03-05",4,5,13,855.65
"E6BB0505","2026-05-05","2026-03-06",5,6,11,383.73
"E6BB0505","2026-05-05","2026-03-08",3,3,7,325.48
"E6BB0505","2026-05-05","2026-03-10",3,3,7,181.79
"E6BB0505","2026-05-05","2026-03-11",2,3,8,287.44
"E6BB0505","2026-05-05","2026-03-14",4,5,10,481.43
"E6BB0505","2026-05-05","2026-03-15",4,5,13,691.08
"E6BB0505","2026-05-05","2026-03-16",10,10,24,1012.02
"E6BB0505","2026-05-05","2026-03-17",4,4,9,323.38
"E6BB0505","2026-05-05","2026-03-19",1,2,6,147.58
"E6BB0505","2026-05-05","2026-03-22",3,5,11,335.91
"E6BB0505","2026-05-05","2026-03-23",4,4,9,319.91
"E6BB0505","2026-05-05","2026-03-27",7,9,27,763.9
"E6BB0505","2026-05-05","2026-03-29",5,7,16,681.72
"E6BB0505","2026-05-05","2026-03-30",4,5,15,751.33
"E6BB0505","2026-05-05","2026-03-31",6,6,12,954.15
"E6BB0505","2026-05-05","2026-04-01",3,5,14,319.26
"E6BB0505","2026-05-05","2026-04-02",4,6,16,771.12
"E6BB0505","2026-05-05","2026-04-03",6,7,15,1126.73
"E6BB0505","2026-05-05","2026-04-04",4,5,12,744.52
"E6BB0505","2026-05-05","2026-04-05",6,6,12,923
"E6BB0505","2026-05-05","2026-04-06",8,8,22,1134.2
"E6BB0505","2026-05-05","2026-04-09",4,6,19,709.4
"E6BB0505","2026-05-05","2026-04-12",10,11,30,838.61
"E6BB0505","2026-05-05","2026-04-13",10,10,28,1457.12
"E6BB0505","2026-05-05","2026-04-14",1,3,6,499.36
"E6BB0505","2026-05-05","2026-04-16",8,10,25,1566.21
"E6BB0505","2026-05-05","2026-04-19",9,11,26,1297.5
"E6BB0505","2026-05-05","2026-04-21",8,9,25,941.56
"E6BB0505","2026-05-05","2026-04-23",8,10,28,622.06
"E6BB0505","2026-05-05","2026-04-24",11,12,32,1434.47
"E6BB0505","2026-05-05","2026-04-25",11,11,23,716.16
"E6BB0505","2026-05-05","2026-04-26",14,16,29,2787.11
"E6BB0505","2026-05-05","2026-04-28",16,16,46,1915.44
"E6BB0505","2026-05-05","2026-05-02",18,18,42,2111.39
"E6BB0505","2026-05-05","2026-05-04",19,19,56,2958.79
"E6BB0505","2026-05-05","2026-05-05",17,17,46,2382.19
"E6BB0506","2026-05-06","2026-01-08",1,1,2,80.91
"E6BB0506","2026-05-06","2026-01-09",1,1,3,98.56
"E6BB0506","2026-05-06","2026-01-11",4,5,11,450.63
"E6BB0506","2026-05-06","2026-01-13",3,4,7,339
"E6BB0506","2026-05-06","2026-01-14",1,2,6,287.55
"E6BB0506","2026-05-06","2026-01-16",1,1,2,76.47
"E6BB0506","2026-05-06","2026-01-19",1,1,3,169.19
"E6BB0506","2026-05-06","2026-01-20",1,2,6,192.05
"E6BB0506","2026-05-06","2026-01-22",5,6,12,1017.65
"E6BB0506","2026-05-06","2026-01-26",1,3,8,494.38
"E6BB0506","2026-05-06","2026-01-27",1,2,5,267.44
"E6BB0506","2026-05-06","2026-01-30",2,4,7,642.26
"E6BB0506","2026-05-06","2026-02-01",3,3,9,521.31
"E6BB0506","2026-05-06","2026-02-03",1,1,2,175.25
"E6BB0506","2026-05-06","2026-02-04",2,3,8,499.03
"E6BB0506","2026-05-06","2026-02-07",1,2,5,322.64
"E6BB0506","2026-05-06","2026-02-08",3,5,11,487.88
"E6BB0506","2026-05-06","2026-02-10",6,6,16,573.43
"E6BB0506","2026-05-06","2026-02-11",3,5,9,791.54
"E6BB0506","2026-05-06","2026-02-13",1,3,9,339.6
"E6BB0506","2026-05-06","2026-02-15",1,2,6,301.06
"E6BB0506","2026-05-06","2026-02-19",1,1,2,126.37
"E6BB0506","2026-05-06","2026-02-21",2,3,8,342.42
"E6BB0506","2026-05-06","2026-02-22",1,3,6,405.9
"E6BB0506","2026-05-06","2026-02-23",3,5,15,863.55
"E6BB0506","2026-05-06","2026-02-24",1,2,6,145.51
"E6BB0506","2026-05-06","2026-02-25",3,3,6,387.94
"E6BB0506","2026-05-06","2026-02-26",1,1,2,91.26
"E6BB0506","2026-05-06","2026-02-28",6,7,15,1183.53
"E6BB0506","2026-05-06","2026-03-01",5,7,19,1157.72
"E6BB0506","2026-05-06","2026-03-02",3,4,8,494.93
"E6BB0506","2026-05-06","2026-03-03",1,2,6,345.58
"E6BB0506","2026-05-06","2026-03-04",3,3,5,196.95
"E6BB0506","2026-05-06","2026-03-05",4,5,11,425.55
"E6BB0506","2026-05-06","2026-03-06",2,2,5,332.36
"E6BB0506","2026-05-06","2026-03-07",1,3,9,430.38
"E6BB0506","2026-05-06","2026-03-08",5,5,9,389.53
"E6BB0506","2026-05-06","2026-03-11",4,5,12,850.07
"E6BB0506","2026-05-06","2026-03-12",2,3,9,246.37
"E6BB0506","2026-05-06","2026-03-13",3,5,9,754
"E6BB0506","2026-05-06","2026-03-16",5,6,17,583.37
"E6BB0506","2026-05-06","2026-03-18",7,8,22,632.86
"E6BB0506","2026-05-06","2026-03-19",8,10,18,752.38
"E6BB0506","2026-05-06","2026-03-20",1,1,2,122.52
"E6BB0506","2026-05-06","2026-03-21",4,5,14,421.02
"E6BB0506","2026-05-06","2026-03-23",5,6,16,1014.68
"E6BB0506","2026-05-06","2026-03-24",2,4,11,313.5
"E6BB0506","2026-05-06","2026-03-25",6,7,19,570.71
"E6BB0506","2026-05-06","2026-03-26",3,4,7,379.8
"E6BB0506","2026-05-06","2026-03-29",4,6,17,922.68
"E6BB0506","2026-05-06","2026-03-30",5,7,22,673.04
"E6BB0506","2026-05-06","2026-03-31",3,5,12,354.32
"E6BB0506","2026-05-06","2026-04-01",5,5,13,782.39
"E6BB0506","2026-05-06","2026-04-02",9,10,20,1616.99
"E6BB0506","2026-05-06","2026-04-03",2,3,7,376.81
"E6BB0506","2026-05-06","2026-04-05",9,9,28,1493.49
"E6BB0506","2026-05-06","2026-04-06",9,9,23,1020.92
"E6BB0506","2026-05-06","2026-04-10",8,9,28,926.59
"E6BB0506","2026-05-06","2026-04-13",5,6,12,727.69
"E6BB0506","2026-05-06","2026-04-14",6,8,21,1432.25
"E6BB0506","2026-05-06","2026-04-15",9,9,26,703.61
"E6BB0506","2026-05-06","2026-04-16",10,10,22,1033.33
"E6BB0506","2026-05-06","2026-04-20",12,12,25,1877.94
"E6BB0506","2026-05-06","2026-04-21",5,7,15,895.74
"E6BB0506","2026-05-06","2026-04-23",11,12,29,1549.45
"E6BB0506","2026-05-06","2026-04-24",14,15,47,2437.74
"E6BB0506","2026-05-06","2026-04-25",13,13,40,1644.55
"E6BB0506","2026-05-06","2026-04-26",11,13,40,2332.51
"E6BB0506","2026-05-06","2026-04-28",11,11,35,1892.17
"E6BB0506","2026-05-06","2026-04-29",13,13,34,2309.89
"E6BB0506","2026-05-06","2026-05-01",13,13,32,1448.79
"E6BB0506","2026-05-06","2026-05-02",18,18,40,1195.51
"E6BB0506","2026-05-06","2026-05-03",14,15,48,2524.01
"E6BB0506","2026-05-06","2026-05-04",17,19,58,3337.07
"E6BB0508","2026-05-08","2026-01-08",2,2,4,239.02
"E6BB0508","2026-05-08","2026-01-09",4,4,9,414.9
"E6BB0508","2026-05-08","2026-01-12",1,3,6,443.74
"E6BB0508","2026-05-08","2026-01-13",4,4,8,391.5
"E6BB0508","2026-05-08","2026-01-14",3,3,9,444.38
"E6BB0508","2026-05-08","2026-01-15",1,2,6,215.59
"E6BB0508","2026-05-08","2026-01-16",1,2,5,164.57
"E6BB0508","2026-05-08","2026-01-17",1,2,4,208.15
"E6BB0508","2026-05-08","2026-01-19",1,3,9,240.91
"E6BB0508","2026-05-08","2026-01-24",5,5,13,773.06
"E6BB0508","2026-05-08","2026-01-25",2,2,4,345.65
"E6BB0508","2026-05-08","2026-01-26",1,1,3,66.56
"E6BB0508","2026-05-08","2026-01-27",3,3,9,529.6
"E6BB0508","2026-05-08","2026-01-29",2,2,4,159.52
"E6BB0508","2026-05-08","2026-01-30",1,1,3,122.29
"E6BB0508","2026-05-08","2026-01-31",2,3,9,508.5
"E6BB0508","2026-05-08","2026-02-01",1,2,5,146.15
"E6BB0508","2026-05-08","2026-02-02",3,3,9,489.54
"E6BB0508","2026-05-08","2026-02-03",1,2,6,158.55
"E6BB0508","2026-05-08","2026-02-04",2,3,9,287
"E6BB0508","2026-05-08","2026-02-05",2,4,10,326.83
"E6BB0508","2026-05-08","2026-02-06",1,2,6,290.01
"E6BB0508","2026-05-08","2026-02-08",2,4,12,694.95
"E6BB0508","2026-05-08","2026-02-09",8,8,20,571.61
"E6BB0508","2026-05-08","2026-02-10",1,1,3,125.43
"E6BB0508","2026-05-08","2026-02-11",1,3,7,281.41
"E6BB0508","2026-05-08","2026-02-12",2,4,11,445.16
"E6BB0508","2026-05-08","2026-02-13",1,2,5,357.17
"E6BB0508","2026-05-08","2026-02-15",1,1,3,148.64
"E6BB0508","2026-05-08","2026-02-17",7,7,15,1152.01
"E6BB0508","2026-05-08","2026-02-19",3,3,6,250.88
"E6BB0508","2026-05-08","2026-02-20",6,6,14,523.51
"E6BB0508","2026-05-08","2026-02-21",1,1,2,166.49
"E6BB0508","2026-05-08","2026-02-22",4,5,10,838.43
"E6BB0508","2026-05-08","2026-02-25",2,2,4,347.33
"E6BB0508","2026-05-08","2026-02-26",2,3,6,283.37
"E6BB0508","2026-05-08","2026-02-27",1,1,3,148.55
"E6BB0508","2026-05-08","2026-02-28",3,3,9,300.41
"E6BB0508","2026-05-08","2026-03-01",1,3,8,374.15
"E6BB0508","2026-05-08","2026-03-02",2,3,6,506
"E6BB0508","2026-05-08","2026-03-04",5,5,16,315.44
"E6BB0508","2026-05-08","2026-03-05",1,1,3,138.75
"E6BB0508","2026-05-08","2026-03-06",5,5,15,794.03
"E6BB0508","2026-05-08","2026-03-07",3,4,12,370.02
"E6BB0508","2026-05-08","2026-03-08",2,4,10,557.37
"E6BB0508","2026-05-08","2026-03-10",4,4,13,640.49
"E6BB0508","2026-05-08","2026-03-12",4,4,12,480.7
"E6BB0508","2026-05-08","2026-03-13",3,4,8,307.02
"E6BB0508","2026-05-08","2026-03-14",1,1,2,68.9
"E6BB0508","2026-05-08","2026-03-15",4,5,13,400.76
"E6BB0508","2026-05-08","2026-03-16",5,6,16,1060.3
"E6BB0508","2026-05-08","2026-03-18",4,5,12,813.48
"E6BB0508","2026-05-08","2026-03-19",8,8,15,570.09
"E6BB0508","2026-05-08","2026-03-20",6,8,24,670.68
"E6BB0508","2026-05-08","2026-03-22",3,4,8,480.18
"E6BB0508","2026-05-08","2026-03-25",5,5,9,426.31
"E6BB0508","2026-05-08","2026-03-27",1,1,3,83.01
"E6BB0508","2026-05-08","2026-03-28",4,5,12,799.17
"E6BB0508","2026-05-08","2026-03-31",8,8,20,988.95
"E6BB0508","2026-05-08","2026-04-06",4,6,16,700.1
"E6BB0508","2026-05-08","2026-04-08",6,7,22,710.81
"E6BB0508","2026-05-08","2026-04-09",4,6,16,910.51
"E6BB0508","2026-05-08","2026-04-10",7,8,23,1141.47
"E6BB0508","2026-05-08","2026-04-12",4,6,17,883.15
"E6BB0508","2026-05-08","2026-04-15",5,7,19,886.44
"E6BB0508","2026-05-08","2026-04-17",7,8,20,542.68
"E6BB0508","2026-05-08","2026-04-18",1,3,8,217.37
"E6BB0508","2026-05-08","2026-04-19",3,5,14,329.99
"E6BB0508","2026-05-08","2026-04-20",8,9,16,704.15
"E6BB0508","2026-05-08","2026-04-21",8,10,27,1098.44
"E6BB0508","2026-05-08","2026-04-22",11,13,29,1887.46
"E6BB0508","2026-05-08","2026-04-23",12,14,33,2106.45
"E6BB0508","2026-05-08","2026-04-24",11,11,26,1485.41
"E6BB0508","2026-05-08","2026-04-26",8,10,26,1344.54
"E6BB0508","2026-05-08","2026-04-27",9,9,23,1103.37
"E6BB0508","2026-05-08","2026-04-28",14,14,39,1820.23
"E6BB0508","2026-05-08","2026-04-30",15,15,34,2248.93
"E6BB0508","2026-05-08","2026-05-01",13,13,32,1022.96
"E6BB0508","2026-05-08","2026-05-03",15,16,50,1889.97
"E6BB0508","2026-05-08","2026-05-05",16,16,44,1005.06
"E6BB0508","2026-05-08","2026-05-06",15,16,48,2168.89
"E6BB0509","2026-05-09","2026-01-09",1,2,4,235.29
"E6BB0509","2026-05-09","2026-01-10",2,2,4,182.45
"E6BB0509","2026-05-09","2026-01-11",4,5,14,875.06
"E6BB0509","2026-05-09","2026-01-12",2,2,5,250.43
"E6BB0509","2026-05-09","2026-01-13",2,2,5,190.02
"E6BB0509","2026-05-09","2026-01-16",1,1,3,159.53
"E6BB0509","2026-05-09","2026-01-17",1,2,4,135.92
"E6BB0509","2026-05-09","2026-01-18",7,7,19,725.03
"E6BB0509","2026-05-09","2026-01-19",5,6,13,930.84
"E6BB0509","2026-05-09","2026-01-24",5,5,10,895.74
"E6BB0509","2026-05-09","2026-01-26",3,3,9,361.95
"E6BB0509","2026-05-09","2026-01-27",2,3,7,527.47
"E6BB0509","2026-05-09","2026-01-28",2,2,4,266.88
"E6BB0509","2026-05-09","2026-01-29",3,4,9,605.23
"E6BB0509","2026-05-09","2026-01-30",5,5,10,312.41
"E6BB0509","2026-05-09","2026-02-01",4,6,13,1041.94
"E6BB0509","2026-05-09","2026-02-07",1,2,4,276.57
"E6BB0509","2026-05-09","2026-02-08",3,4,12,478.86
"E6BB0509","2026-05-09","2026-02-09",4,4,10,515.79
"E6BB0509","2026-05-09","2026-02-11",3,4,13,545.77
"E6BB0509","2026-05-09","2026-02-12",2,3,8,438.61
"E6BB0509","2026-05-09","2026-02-14",1,2,5,171.95
"E6BB0509","2026-05-09","2026-02-15",2,4,11,554.04
"E6BB0509","2026-05-09","2026-02-16",4,4,11,321.59
"E6BB0509","2026-05-09","2026-02-17",5,5,13,584.2
"E6BB0509","2026-05-09","2026-02-19",3,5,15,822.18
"E6BB0509","2026-05-09","2026-02-20",3,5,10,353.46
"E6BB0509","2026-05-09","2026-02-26",3,3,9,208.08
"E6BB0509","2026-05-09","2026-03-01",2,2,5,295.38
"E6BB0509","2026-05-09","2026-03-03",5,5,13,743.02
"E6BB0509","2026-05-09","2026-03-05",2,3,9,238.76
"E6BB0509","2026-05-09","2026-03-06",1,1,3,160.35
"E6BB0509","2026-05-09","2026-03-07",5,7,16,1182.69
"E6BB0509","2026-05-09","2026-03-08",3,4,10,497.1
"E6BB0509","2026-05-09","2026-03-09",6,7,15,1167.49
"E6BB0509","2026-05-09","2026-03-10",3,5,13,470.1
"E6BB0509","2026-05-09","2026-03-11",1,2,4,329.5
"E6BB0509","2026-05-09","2026-03-14",1,1,2,173.93
"E6BB0509","2026-05-09","2026-03-16",3,5,12,388.71
"E6BB0509","2026-05-09","2026-03-18",3,4,10,485.27
"E6BB0509","2026-05-09","2026-03-19",4,4,8,365.2
"E6BB0509","2026-05-09","2026-03-21",1,3,8,470.42
"E6BB0509","2026-05-09","2026-03-23",1,2,5,325.56
"E6BB0509","2026-05-09","2026-03-24",4,5,15,468.9
"E6BB0509","2026-05-09","2026-03-30",2,2,6,213.66
"E6BB0509","2026-05-09","2026-03-31",4,6,14,687.23
"E6BB0509","2026-05-09","2026-04-01",1,1,3,170.63
"E6BB0509","2026-05-09","2026-04-02",3,5,12,323.18
"E6BB0509","2026-05-09","2026-04-03",4,5,13,799.76
"E6BB0509","2026-05-09","2026-04-04",7,8,21,831.33
"E6BB0509","2026-05-09","2026-04-05",7,7,21,1233.96
"E6BB0509","2026-05-09","2026-04-06",7,9,18,1571.16
"E6BB0509","2026-05-09","2026-04-07",7,7,18,921.2
"E6BB0509","2026-05-09","2026-04-09",5,6,16,421.47
"E6BB0509","2026-05-09","2026-04-10",4,6,19,1062.56
"E6BB0509","2026-05-09","2026-04-12",6,8,26,818.97
"E6BB0509","2026-05-09","2026-04-13",7,8,20,979.33
"E6BB0509","2026-05-09","2026-04-16",8,8,18,841.94
"E6BB0509","2026-05-09","2026-04-17",6,8,22,1296.82
"E6BB0509","2026-05-09","2026-04-22",5,5,15,390.49
"E6BB0509","2026-05-09","2026-04-25",11,11,28,1274.47
"E6BB0509","2026-05-09","2026-04-26",13,14,34,1585.86
"E6BB0509","2026-05-09","2026-04-27",12,12,24,1835.06
"E6BB0509","2026-05-09","2026-04-28",12,12,28,738.37
"E6BB0509","2026-05-09","2026-04-30",11,12,29,1078.06
"E6BB0509","2026-05-09","2026-05-01",10,12,27,2045.91
"E6BB0509","2026-05-09","2026-05-02",12,13,28,1715.12
"E6BB0509","2026-05-09","2026-05-03",15,17,42,1433.96
"E6BB0509","2026-05-09","2026-05-08",14,15,40,2146.63
"E6BB0510","2026-05-10","2026-01-10",2,3,8,518.76
"E6BB0510","2026-05-10","2026-01-13",1,1,2,124.61
"E6BB0510","2026-05-10","2026-01-14",2,3,9,392.07
"E6BB0510","2026-05-10","2026-01-16",8,9,21,1588.16
"E6BB0510","2026-05-10","2026-01-18",1,1,2,125.98
"E6BB0510","2026-05-10","2026-01-21",1,2,5,231.05
"E6BB0510","2026-05-10","2026-01-22",1,2,5,278.82
"E6BB0510","2026-05-10","2026-01-25",4,4,11,633.3
"E6BB0510","2026-05-10","2026-01-26",1,1,2,121.82
"E6BB0510","2026-05-10","2026-01-27",5,7,19,641.23
"E6BB0510","2026-05-10","2026-01-30",4,5,10,600.58
"E6BB0510","2026-05-10","2026-01-31",2,3,6,498.92
"E6BB0510","2026-05-10","2026-02-02",1,2,5,174.92
"E6BB0510","2026-05-10","2026-02-03",1,1,2,64.16
"E6BB0510","2026-05-10","2026-02-04",1,2,5,285.6
"E6BB0510","2026-05-10","2026-02-05",2,3,9,282.84
"E6BB0510","2026-05-10","2026-02-07",5,5,9,889.41
"E6BB0510","2026-05-10","2026-02-08",2,3,7,400.18
"E6BB0510","2026-05-10","2026-02-09",4,4,10,279.95
"E6BB0510","2026-05-10","2026-02-10",1,3,6,516.91
"E6BB0510","2026-05-10","2026-02-11",2,3,7,498.09
"E6BB0510","2026-05-10","2026-02-13",7,9,20,1468.74
"E6BB0510","2026-05-10","2026-02-17",1,2,5,332.94
"E6BB0510","2026-05-10","2026-02-18",1,1,2,72.07
"E6BB0510","2026-05-10","2026-02-21",4,6,14,1022.22
"E6BB0510","2026-05-10","2026-02-22",2,2,6,195.91
"E6BB0510","2026-05-10","2026-02-23",3,4,9,647.44
"E6BB0510","2026-05-10","2026-02-24",1,2,6,197.65
"E6BB0510","2026-05-10","2026-02-25",1,2,4,262.43
"E6BB0510","2026-05-10","2026-03-01",3,3,7,299.81
"E6BB0510","2026-05-10","2026-03-02",2,2,4,241.98
"E6BB0510","2026-05-10","2026-03-03",2,2,5,187.07
"E6BB0510","2026-05-10","2026-03-04",1,2,6,358.64
"E6BB0510","2026-05-10","2026-03-05",1,3,8,237.96
"E6BB0510","2026-05-10","2026-03-06",2,4,12,258.12
"E6BB0510","2026-05-10","2026-03-09",3,5,13,580.96
"E6BB0510","2026-05-10","2026-03-11",6,6,18,674.49
"E6BB0510","2026-05-10","2026-03-13",1,2,4,171.28
"E6BB0510","2026-05-10","2026-03-14",5,6,11,985.07
"E6BB0510","2026-05-10","2026-03-15",5,6,11,843.61
"E6BB0510","2026-05-10","2026-03-16",4,4,12,495.73
"E6BB0510","2026-05-10","2026-03-17",6,8,21,921.49
"E6BB0510","2026-05-10","2026-03-18",1,2,5,152.88
"E6BB0510","2026-05-10","2026-03-19",5,6,14,537.28
"E6BB0510","2026-05-10","2026-03-22",1,1,3,102.96
"E6BB0510","2026-05-10","2026-03-24",1,1,3,60.2
"E6BB0510","2026-05-10","2026-03-26",4,6,17,711.37
"E6BB0510","2026-05-10","2026-03-28",5,5,14,566.74
"E6BB0510","2026-05-10","2026-03-29",4,5,11,495.83
"E6BB0510","2026-05-10","2026-03-30",1,1,2,157.79
"E6BB0510","2026-05-10","2026-03-31",6,8,15,563.99
"E6BB0510","2026-05-10","2026-04-05",3,5,11,469.9
"E6BB0510","2026-05-10","2026-04-06",6,6,17,858.3
"E6BB0510","2026-05-10","2026-04-07",4,5,15,794.48
"E6BB0510","2026-05-10","2026-04-08",6,6,19,455.91
"E6BB0510","2026-05-10","2026-04-09",5,7,22,670.52
"E6BB0510","2026-05-10","2026-04-14",9,10,26,810.12
"E6BB0510","2026-05-10","2026-04-15",5,5,14,841.72
"E6BB0510","2026-05-10","2026-04-16",5,6,14,718.83
"E6BB0510","2026-05-10","2026-04-17",10,12,35,1605.74
"E6BB0510","2026-05-10","2026-04-20",8,8,19,1013.59
"E6BB0510","2026-05-10","2026-04-21",7,8,20,808.77
"E6BB0510","2026-05-10","2026-04-22",6,8,25,811.19
"E6BB0510","2026-05-10","2026-04-23",10,12,37,1421.18
"E6BB0510","2026-05-10","2026-04-24",8,9,16,1049.39
"E6BB0510","2026-05-10","2026-04-26",10,11,24,1674.91
"E6BB0510","2026-05-10","2026-04-27",10,11,30,1458.51
"E6BB0510","2026-05-10","2026-04-28",9,11,22,1016.61
"E6BB0510","2026-05-10","2026-04-30",13,14,35,1038.19
"E6BB0510","2026-05-10","2026-05-02",11,12,33,857.88
"E6BB0510","2026-05-10","2026-05-04",14,14,43,1993.25
"E6BB0510","2026-05-10","2026-05-08",20,22,51,3706.3
"E6BB0510","2026-05-10","2026-05-09",20,20,52,3398.16
"E6BB0510","2026-05-10","2026-05-10",18,18,37,2564.73
"E6BB0511","2026-05-11","2026-01-11",4,4,11,276.52
"E6BB0511","2026-05-11","2026-01-12",3,3,8,394.85
"E6BB0511","2026-05-11","2026-01-14",4,4,12,636.41
"E6BB0511","2026-05-11","2026-01-15",5,6,11,424.27
"E6BB0511","2026-05-11","2026-01-16",1,3,8,195.6
"E6BB0511","2026-05-11","2026-01-18",3,5,11,387.53
"E6BB0511","2026-05-11","2026-01-19",3,3,7,477.11
"E6BB0511","2026-05-11","2026-01-20",2,4,8,345.85
"E6BB0511","2026-05-11","2026-01-21",3,3,6,363.92
"E6BB0511","2026-05-11","2026-01-22",3,5,13,418.25
"E6BB0511","2026-05-11","2026-01-24",2,2,6,194.86
"E6BB0511","2026-05-11","2026-01-27",2,2,6,150.53
"E6BB0511","2026-05-11","2026-01-28",1,1,2,94.03
"E6BB0511","2026-05-11","2026-01-29",1,3,9,465.37
"E6BB0511","2026-05-11","2026-01-30",6,6,18,471.71
"E6BB0511","2026-05-11","2026-01-31",1,2,4,351.05
"E6BB0511","2026-05-11","2026-02-01",3,3,10,318.58
"E6BB0511","2026-05-11","2026-02-04",1,2,4,306.44
"E6BB0511","2026-05-11","2026-02-08",4,6,18,943.56
"E6BB0511","2026-05-11","2026-02-10",2,2,4,145.54
"E6BB0511","2026-05-11","2026-02-14",6,7,21,482.22
"E6BB0511","2026-05-11","2026-02-16",1,3,6,380.55
"E6BB0511","2026-05-11","2026-02-18",4,5,13,658.64
"E6BB0511","2026-05-11","2026-02-20",5,6,11,373.25
"E6BB0511","2026-05-11","2026-02-22",1,1,3,113.11
"E6BB0511","2026-05-11","2026-02-23",1,1,3,99.71
"E6BB0511","2026-05-11","2026-02-25",1,3,7,489.69
"E6BB0511","2026-05-11","2026-02-26",2,4,9,400.4
"E6BB0511","2026-05-11","2026-02-28",4,6,12,742.94
"E6BB0511","2026-05-11","2026-03-01",4,5,10,461.4
"E6BB0511","2026-05-11","2026-03-02",1,2,6,168.27
"E6BB0511","2026-05-11","2026-03-03",4,6,18,948.54
"E6BB0511","2026-05-11","2026-03-04",3,5,15,714.59
"E6BB0511","2026-05-11","2026-03-05",3,5,9,818.37
"E6BB0511","2026-05-11","2026-03-07",1,3,5,449.69
"E6BB0511","2026-05-11","2026-03-08",5,6,18,923.52
"E6BB0511","2026-05-11","2026-03-09",1,2,5,204.83
"E6BB0511","2026-05-11","2026-03-14",1,2,5,132.66
"E6BB0511","2026-05-11","2026-03-15",4,6,16,362.2
"E6BB0511","2026-05-11","2026-03-17",4,5,11,859.1
"E6BB0511","2026-05-11","2026-03-19",3,5,10,848.16
"E6BB0511","2026-05-11","2026-03-20",5,6,14,663.37
"E6BB0511","2026-05-11","2026-03-22",4,5,11,770.13
"E6BB0511","2026-05-11","2026-03-23",1,2,6,323.37
"E6BB0511","2026-05-11","2026-03-24",4,5,12,348.02
"E6BB0511","2026-05-11","2026-03-25",4,4,10,306.18
"E6BB0511","2026-05-11","2026-03-26",4,5,15,386.03
"E6BB0511","2026-05-11","2026-03-30",3,4,11,296.69
"E6BB0511","2026-05-11","2026-03-31",4,5,14,444.28
"E6BB0511","2026-05-11","2026-04-01",3,4,8,512.6
"E6BB0511","2026-05-11","2026-04-03",6,6,15,839.44
"E6BB0511","2026-05-11","2026-04-05",1,1,3,126.58
"E6BB0511","2026-05-11","2026-04-07",5,6,15,759.22
"E6BB0511","2026-05-11","2026-04-08",4,5,12,440.24
"E6BB0511","2026-05-11","2026-04-09",4,6,13,988.65
"E6BB0511","2026-05-11","2026-04-10",4,6,15,735.22
"E6BB0511","2026-05-11","2026-04-11",6,6,18,782.2
"E6BB0511","2026-05-11","2026-04-13",8,8,16,1290.53
"E6BB0511","2026-05-11","2026-04-14",4,5,10,305.16
"E6BB0511","2026-05-11","2026-04-16",8,9,25,1358.33
"E6BB0511","2026-05-11","2026-04-17",6,8,21,1027.2
"E6BB0511","2026-05-11","2026-04-18",9,9,25,869.44
"E6BB0511","2026-05-11","2026-04-19",7,7,22,625.03
"E6BB0511","2026-05-11","2026-04-20",8,9,29,1513.52
"E6BB0511","2026-05-11","2026-04-21",7,9,27,675.06
"E6BB0511","2026-05-11","2026-04-22",5,6,19,913.38
"E6BB0511","2026-05-11","2026-04-23",11,11,26,1399.41
"E6BB0511","2026-05-11","2026-04-24",7,9,21,1421.78
"E6BB0511","2026-05-11","2026-04-25",11,12,37,1387.16
"E6BB0511","2026-05-11","2026-04-26",8,9,22,679.2
"E6BB0511","2026-05-11","2026-04-28",9,9,26,1267.77
"E6BB0511","2026-05-11","2026-04-29",14,14,27,2338.01
"E6BB0511","2026-05-11","2026-05-02",9,11,26,956.75
"E6BB0511","2026-05-11","2026-05-04",13,14,27,932.94
"E6BB0511","2026-05-11","2026-05-06",13,13,24,915.87
"E6BB0511","2026-05-11","2026-05-07",16,17,37,1074.49
"E6BB0511","2026-05-11","2026-05-08",13,14,41,2038.31
"E6BB0511","2026-05-11","2026-05-10",13,15,40,1763.58
"E6BB0511","2026-05-11","2026-05-11",17,19,52,2878.88
"E6BB0513","2026-05-13","2026-01-14",1,2,4,330.72
"E6BB0513","2026-05-13","2026-01-15",1,1,2,155
"E6BB0513","2026-05-13","2026-01-16",2,4,12,699.28
"E6BB0513","2026-05-13","2026-01-21",3,4,8,451.42
"E6BB0513","2026-05-13","2026-01-22",4,4,7,409.43
"E6BB0513","2026-05-13","2026-01-23",1,3,5,194.48
"E6BB0513","2026-05-13","2026-01-27",2,3,6,238.46
"E6BB0513","2026-05-13","2026-01-28",1,2,5,308.22
"E6BB0513","2026-05-13","2026-01-30",6,6,14,864.8
"E6BB0513","2026-05-13","2026-02-01",3,4,13,681.75
"E6BB0513","2026-05-13","2026-02-02",1,1,3,114.29
"E6BB0513","2026-05-13","2026-02-03",1,1,3,72.19
"E6BB0513","2026-05-13","2026-02-05",1,1,3,124.86
"E6BB0513","2026-05-13","2026-02-06",2,4,10,704.36
"E6BB0513","2026-05-13","2026-02-08",6,8,24,589.98
"E6BB0513","2026-05-13","2026-02-09",2,2,6,206.18
"E6BB0513","2026-05-13","2026-02-10",6,8,16,1268.59
"E6BB0513","2026-05-13","2026-02-11",2,2,5,212.46
"E6BB0513","2026-05-13","2026-02-12",1,2,4,264.4
"E6BB0513","2026-05-13","2026-02-13",3,4,7,566.34
"E6BB0513","2026-05-13","2026-02-14",3,4,12,353.43
"E6BB0513","2026-05-13","2026-02-16",2,2,4,289.64
"E6BB0513","2026-05-13","2026-02-17",3,5,10,562.78
"E6BB0513","2026-05-13","2026-02-18",3,4,9,366.53
"E6BB0513","2026-05-13","2026-02-19",3,5,11,651.84
"E6BB0513","2026-05-13","2026-02-20",1,1,2,63.35
"E6BB0513","2026-05-13","2026-02-23",6,6,12,599.23
"E6BB0513","2026-05-13","2026-02-24",3,3,9,204.96
"E6BB0513","2026-05-13","2026-02-25",7,7,21,760.37
"E6BB0513","2026-05-13","2026-02-26",4,5,11,581.81
"E6BB0513","2026-05-13","2026-02-27",2,4,7,371.63
"E6BB0513","2026-05-13","2026-03-01",1,1,3,160.13
"E6BB0513","2026-05-13","2026-03-02",2,4,11,676.63
"E6BB0513","2026-05-13","2026-03-05",3,4,8,433.63
"E6BB0513","2026-05-13","2026-03-06",2,3,6,430.39
"E6BB0513","2026-05-13","2026-03-08",5,7,21,722.51
"E6BB0513","2026-05-13","2026-03-10",6,6,18,693.01
"E6BB0513","2026-05-13","2026-03-11",3,4,8,490.83
"E6BB0513","2026-05-13","2026-03-12",3,5,11,516.17
"E6BB0513","2026-05-13","2026-03-13",1,2,6,257.54
"E6BB0513","2026-05-13","2026-03-15",3,4,9,533.37
"E6BB0513","2026-05-13","2026-03-16",1,2,5,258.51
"E6BB0513","2026-05-13","2026-03-18",5,5,15,678.04
"E6BB0513","2026-05-13","2026-03-19",2,2,6,134.84
"E6BB0513","2026-05-13","2026-03-20",5,6,16,713.67
"E6BB0513","2026-05-13","2026-03-21",8,8,23,1241.12
"E6BB0513","2026-05-13","2026-03-22",1,1,2,110.83
"E6BB0513","2026-05-13","2026-03-26",2,4,11,286.82
"E6BB0513","2026-05-13","2026-03-28",3,3,8,201.43
"E6BB0513","2026-05-13","2026-03-29",5,6,18,620.58
"E6BB0513","2026-05-13","2026-03-30",3,3,7,294.63
"E6BB0513","2026-05-13","2026-04-01",1,2,4,137.65
"E6BB0513","2026-05-13","2026-04-05",4,6,19,780.36
"E6BB0513","2026-05-13","2026-04-07",8,8,17,739.06
"E6BB0513","2026-05-13","2026-04-08",7,9,20,1066.74
"E6BB0513","2026-05-13","2026-04-11",4,6,15,805.17
"E6BB0513","2026-05-13","2026-04-12",4,6,12,854.61
"E6BB0513","2026-05-13","2026-04-14",5,5,13,614.96
"E6BB0513","2026-05-13","2026-04-15",11,12,38,1204.96
"E6BB0513","2026-05-13","2026-04-16",7,8,21,815.83
"E6BB0513","2026-05-13","2026-04-18",9,11,32,1467.68
"E6BB0513","2026-05-13","2026-04-19",5,6,17,374.95
"E6BB0513","2026-05-13","2026-04-21",5,7,18,600.88
"E6BB0513","2026-05-13","2026-04-26",8,9,20,793.77
"E6BB0513","2026-05-13","2026-04-27",8,10,20,1493.46
"E6BB0513","2026-05-13","2026-04-28",9,10,23,680.04
"E6BB0513","2026-05-13","2026-04-30",6,8,16,663.07
"E6BB0513","2026-05-13","2026-05-01",14,16,31,2449.91
"E6BB0513","2026-05-13","2026-05-04",14,14,30,1041.73
"E6BB0513","2026-05-13","2026-05-05",12,12,33,1509.41
"E6BB0513","2026-05-13","2026-05-06",12,13,31,792.37
"E6BB0513","2026-05-13","2026-05-08",15,17,49,1172.03
"E6BB0513","2026-05-13","2026-05-10",16,17,35,2179.03
"E6BB0513","2026-05-13","2026-05-11",15,17,45,1552.41
"E6BB0514","2026-05-14","2026-01-16",1,2,6,200.38
"E6BB0514","2026-05-14","2026-01-17",1,1,3,133.14
"E6BB0514","2026-05-14","2026-01-21",6,8,25,552.67
"E6BB0514","2026-05-14","2026-01-22",5,7,17,678.14
"E6BB0514","2026-05-14","2026-01-23",2,4,11,634.44
"E6BB0514","2026-05-14","2026-01-24",1,1,3,153.8
"E6BB0514","2026-05-14","2026-01-25",1,2,6,228.23
"E6BB0514","2026-05-14","2026-01-26",2,3,6,526.9
"E6BB0514","2026-05-14","2026-01-27",2,3,6,197.34
"E6BB0514","2026-05-14","2026-01-29",4,6,16,619.14
"E6BB0514","2026-05-14","2026-01-30",2,2,6,199.75
"E6BB0514","2026-05-14","2026-01-31",6,7,17,567.9
"E6BB0514","2026-05-14","2026-02-03",1,3,10,319.91
"E6BB0514","2026-05-14","2026-02-04",2,3,8,502.78
"E6BB0514","2026-05-14","2026-02-05",1,2,5,274.69
"E6BB0514","2026-05-14","2026-02-06",3,5,11,689.45
"E6BB0514","2026-05-14","2026-02-08",2,2,6,202.5
"E6BB0514","2026-05-14","2026-02-11",1,2,4,346.5
"E6BB0514","2026-05-14","2026-02-12",1,1,2,121.63
"E6BB0514","2026-05-14","2026-02-16",2,2,4,325.35
"E6BB0514","2026-05-14","2026-02-17",1,2,6,215.51
"E6BB0514","2026-05-14","2026-02-19",2,2,6,264.11
"E6BB0514","2026-05-14","2026-02-20",1,2,4,151.11
"E6BB0514","2026-05-14","2026-02-21",1,2,6,290.27
"E6BB0514","2026-05-14","2026-02-23",6,6,15,375.79
"E6BB0514","2026-05-14","2026-02-24",1,2,5,182.92
"E6BB0514","2026-05-14","2026-02-25",2,4,11,449.74
"E6BB0514","2026-05-14","2026-02-27",3,3,8,202.66
"E6BB0514","2026-05-14","2026-02-28",3,5,10,647.91
"E6BB0514","2026-05-14","2026-03-03",3,5,13,453.11
"E6BB0514","2026-05-14","2026-03-04",5,5,12,695.18
"E6BB0514","2026-05-14","2026-03-05",1,1,2,124.95
"E6BB0514","2026-05-14","2026-03-06",1,1,3,92.51
"E6BB0514","2026-05-14","2026-03-07",1,3,7,355.95
"E6BB0514","2026-05-14","2026-03-10",4,6,17,719.94
"E6BB0514","2026-05-14","2026-03-11",2,3,8,294.03
"E6BB0514","2026-05-14","2026-03-13",1,3,8,394.14
"E6BB0514","2026-05-14","2026-03-14",1,3,9,523.61
"E6BB0514","2026-05-14","2026-03-15",2,2,5,253.49
"E6BB0514","2026-05-14","2026-03-16",2,4,11,610.96
"E6BB0514","2026-05-14","2026-03-17",2,4,8,488.26
"E6BB0514","2026-05-14","2026-03-18",1,1,2,70.75
"E6BB0514","2026-05-14","2026-03-19",4,6,13,551.55
"E6BB0514","2026-05-14","2026-03-22",4,6,18,943.03
"E6BB0514","2026-05-14","2026-03-24",5,5,12,338.07
"E6BB0514","2026-05-14","2026-03-27",3,3,8,472.02
"E6BB0514","2026-05-14","2026-03-28",1,1,3,170.24
"E6BB0514","2026-05-14","2026-03-29",5,7,13,1252.97
"E6BB0514","2026-05-14","2026-03-31",3,5,15,410.48
"E6BB0514","2026-05-14","2026-04-02",6,8,18,1060.73
"E6BB0514","2026-05-14","2026-04-03",1,1,3,113.69
"E6BB0514","2026-05-14","2026-04-04",1,2,5,263.48
"E6BB0514","2026-05-14","2026-04-06",4,5,13,732.58
"E6BB0514","2026-05-14","2026-04-08",3,4,7,279.57
"E6BB0514","2026-05-14","2026-04-10",4,6,19,972.26
"E6BB0514","2026-05-14","2026-04-11",2,4,12,311.32
"E6BB0514","2026-05-14","2026-04-12",1,2,4,338.72
"E6BB0514","2026-05-14","2026-04-13",9,11,32,1070.1
"E6BB0514","2026-05-14","2026-04-15",6,6,17,870.49
"E6BB0514","2026-05-14","2026-04-16",6,8,22,1309.78
"E6BB0514","2026-05-14","2026-04-17",3,5,14,821.74
"E6BB0514","2026-05-14","2026-04-18",3,5,10,457
"E6BB0514","2026-05-14","2026-04-19",7,8,16,903.67
"E6BB0514","2026-05-14","2026-04-20",7,8,17,1302.44
"E6BB0514","2026-05-14","2026-04-21",7,9,28,1496.36
"E6BB0514","2026-05-14","2026-04-22",14,14,35,2271.64
"E6BB0514","2026-05-14","2026-04-23",11,13,40,1819.17
"E6BB0514","2026-05-14","2026-04-24",9,9,22,1548.37
"E6BB0514","2026-05-14","2026-04-25",10,10,22,1093.77
"E6BB0514","2026-05-14","2026-04-26",6,8,19,866.13
"E6BB0514","2026-05-14","2026-04-28",10,10,19,1712
"E6BB0514","2026-05-14","2026-04-29",10,10,25,1724.79
"E6BB0514","2026-05-14","2026-04-30",9,10,25,1576.91
"E6BB0514","2026-05-14","2026-05-02",15,15,31,2128.55
"E6BB0514","2026-05-14","2026-05-03",11,12,33,995.63
"E6BB0514","2026-05-14","2026-05-04",12,12,38,1796.04
"E6BB0514","2026-05-14","2026-05-05",8,10,32,1674.13
"E6BB0514","2026-05-14","2026-05-06",14,14,32,2296.84
"E6BB0514","2026-05-14","2026-05-07",10,12,27,872.71
"E6BB0514","2026-05-14","2026-05-08",11,12,32,1125.73
"E6BB0514","2026-05-14","2026-05-09",15,17,39,1398.87
"E6BB0514","2026-05-14","2026-05-11",17,19,56,2780.23
"E6BB0514","2026-05-14","2026-05-13",18,18,55,1535.86
"E6BB0515","2026-05-15","2026-01-15",2,3,7,468.04
"E6BB0515","2026-05-15","2026-01-16",1,3,9,379.71
"E6BB0515","2026-05-15","2026-01-17",3,3,7,427.19
"E6BB0515","2026-05-15","2026-01-18",1,2,6,322.03
"E6BB0515","2026-05-15","2026-01-20",4,4,9,255.76
"E6BB0515","2026-05-15","2026-01-21",5,5,16,880.85
"E6BB0515","2026-05-15","2026-01-22",3,3,8,321.82
"E6BB0515","2026-05-15","2026-01-23",1,2,5,214.67
"E6BB0515","2026-05-15","2026-01-24",2,3,6,246.75
"E6BB0515","2026-05-15","2026-01-25",3,4,9,574.79
"E6BB0515","2026-05-15","2026-01-26",5,5,12,583.05
"E6BB0515","2026-05-15","2026-01-27",2,3,9,408.58
"E6BB0515","2026-05-15","2026-01-28",1,1,2,139.32
"E6BB0515","2026-05-15","2026-01-29",4,5,12,754.89
"E6BB0515","2026-05-15","2026-01-30",2,3,7,211.83
"E6BB0515","2026-05-15","2026-01-31",2,3,8,375.76
"E6BB0515","2026-05-15","2026-02-02",2,2,6,178.84
"E6BB0515","2026-05-15","2026-02-04",4,5,14,828.43
"E6BB0515","2026-05-15","2026-02-05",3,3,6,366.87
"E6BB0515","2026-05-15","2026-02-06",2,4,9,449.34
"E6BB0515","2026-05-15","2026-02-07",2,2,4,318.04
"E6BB0515","2026-05-15","2026-02-08",5,5,10,634.57
"E6BB0515","2026-05-15","2026-02-09",3,4,12,695.84
"E6BB0515","2026-05-15","2026-02-10",3,4,12,642.68
"E6BB0515","2026-05-15","2026-02-15",2,4,9,376.4
"E6BB0515","2026-05-15","2026-02-16",5,6,12,815.7
"E6BB0515","2026-05-15","2026-02-17",3,3,9,219.64
"E6BB0515","2026-05-15","2026-02-20",3,4,9,365.53
"E6BB0515","2026-05-15","2026-02-22",1,3,9,448.55
"E6BB0515","2026-05-15","2026-02-23",7,7,20,1029.95
"E6BB0515","2026-05-15","2026-02-24",1,1,3,95.94
"E6BB0515","2026-05-15","2026-02-28",1,1,2,73.74
"E6BB0515","2026-05-15","2026-03-01",5,5,14,830.54
"E6BB0515","2026-05-15","2026-03-02",5,5,10,651.21
"E6BB0515","2026-05-15","2026-03-06",5,6,15,804.22
"E6BB0515","2026-05-15","2026-03-09",1,3,8,480.63
"E6BB0515","2026-05-15","2026-03-10",5,6,18,812
"E6BB0515","2026-05-15","2026-03-11",5,5,15,807.7
"E6BB0515","2026-05-15","2026-03-12",2,2,6,179.39
"E6BB0515","2026-05-15","2026-03-15",1,2,6,321.21
"E6BB0515","2026-05-15","2026-03-16",1,3,7,492.62
"E6BB0515","2026-05-15","2026-03-20",5,5,13,328.86
"E6BB0515","2026-05-15","2026-03-22",6,6,13,935.93
"E6BB0515","2026-05-15","2026-03-24",3,5,14,882.76
"E6BB0515","2026-05-15","2026-03-26",1,1,2,159.15
"E6BB0515","2026-05-15","2026-03-27",4,4,12,436.59
"E6BB0515","2026-05-15","2026-03-28",3,3,8,362.35
"E6BB0515","2026-05-15","2026-03-29",4,5,14,335.13
"E6BB0515","2026-05-15","2026-03-30",2,4,9,430.3
"E6BB0515","2026-05-15","2026-03-31",1,1,2,136.73
"E6BB0515","2026-05-15","2026-04-02",3,3,9,408.44
"E6BB0515","2026-05-15","2026-04-08",8,9,20,1148.36
"E6BB0515","2026-05-15","2026-04-09",7,7,21,1077
"E6BB0515","2026-05-15","2026-04-10",3,3,10,426.4
"E6BB0515","2026-05-15","2026-04-11",4,6,14,779.32
"E6BB0515","2026-05-15","2026-04-12",7,7,21,1172.21
"E6BB0515","2026-05-15","2026-04-13",7,7,13,613.89
"E6BB0515","2026-05-15","2026-04-14",3,3,8,444.88
"E6BB0515","2026-05-15","2026-04-15",4,4,10,361.73
"E6BB0515","2026-05-15","2026-04-16",6,7,13,1186.67
"E6BB0515","2026-05-15","2026-04-17",4,4,9,712.69
"E6BB0515","2026-05-15","2026-04-19",3,5,10,878.39
"E6BB0515","2026-05-15","2026-04-20",5,5,14,745.57
"E6BB0515","2026-05-15","2026-04-22",3,5,14,803.65
"E6BB0515","2026-05-15","2026-04-24",8,8,22,1221.79
"E6BB0515","2026-05-15","2026-04-26",7,9,25,1137.16
"E6BB0515","2026-05-15","2026-04-30",9,10,25,749.93
"E6BB0515","2026-05-15","2026-05-02",13,14,38,957.79
"E6BB0515","2026-05-15","2026-05-03",11,11,26,665.7
"E6BB0515","2026-05-15","2026-05-04",9,11,27,745.85
"E6BB0515","2026-05-15","2026-05-05",13,13,41,1635.63
"E6BB0515","2026-05-15","2026-05-07",15,17,36,1112.72
"E6BB0515","2026-05-15","2026-05-11",11,12,24,1892.36
"E6BB0515","2026-05-15","2026-05-13",22,22,51,2924.67
"E6BB0515","2026-05-15","2026-05-15",18,19,38,2818.39
"E6BB0516","2026-05-16","2026-01-17",1,1,3,83.57
"E6BB0516","2026-05-16","2026-01-18",3,5,14,685.33
"E6BB0516","2026-05-16","2026-01-20",3,4,9,655.79
"E6BB0516","2026-05-16","2026-01-25",2,4,11,266.45
"E6BB0516","2026-05-16","2026-01-27",5,5,11,462.35
"E6BB0516","2026-05-16","2026-01-28",2,4,9,275.7
"E6BB0516","2026-05-16","2026-01-29",3,3,9,397.12
"E6BB0516","2026-05-16","2026-01-31",1,3,7,395
"E6BB0516","2026-05-16","2026-02-01",1,2,6,311.56
"E6BB0516","2026-05-16","2026-02-02",1,1,2,164.61
"E6BB0516","2026-05-16","2026-02-05",4,4,11,356.11
"E6BB0516","2026-05-16","2026-02-08",5,6,13,568.64
"E6BB0516","2026-05-16","2026-02-09",6,7,14,958.9
"E6BB0516","2026-05-16","2026-02-10",5,5,12,624.59
"E6BB0516","2026-05-16","2026-02-11",4,4,8,559.9
"E6BB0516","2026-05-16","2026-02-14",1,3,7,199.33
"E6BB0516","2026-05-16","2026-02-15",5,6,15,360.81
"E6BB0516","2026-05-16","2026-02-17",3,5,10,715.87
"E6BB0516","2026-05-16","2026-02-18",3,4,8,447.91
"E6BB0516","2026-05-16","2026-02-19",1,2,5,258.47
"E6BB0516","2026-05-16","2026-02-20",2,2,5,275.18
"E6BB0516","2026-05-16","2026-02-22",1,1,2,67.87
"E6BB0516","2026-05-16","2026-02-23",3,4,10,711.9
"E6BB0516","2026-05-16","2026-02-24",2,3,9,291.15
"E6BB0516","2026-05-16","2026-02-26",3,4,8,670.76
"E6BB0516","2026-05-16","2026-02-27",1,1,2,179.43
"E6BB0516","2026-05-16","2026-02-28",4,5,11,759.4
"E6BB0516","2026-05-16","2026-03-01",5,5,12,751.14
"E6BB0516","2026-05-16","2026-03-02",4,4,9,377.79
"E6BB0516","2026-05-16","2026-03-05",2,2,4,173.26
"E6BB0516","2026-05-16","2026-03-06",1,2,6,192.82
"E6BB0516","2026-05-16","2026-03-08",3,4,11,454.98
"E6BB0516","2026-05-16","2026-03-09",4,4,11,457.56
"E6BB0516","2026-05-16","2026-03-10",6,6,15,1046.19
"E6BB0516","2026-05-16","2026-03-11",3,5,12,875.92
"E6BB0516","2026-05-16","2026-03-13",5,7,18,449.25
"E6BB0516","2026-05-16","2026-03-14",5,6,16,696.59
"E6BB0516","2026-05-16","2026-03-15",4,5,16,362.55
"E6BB0516","2026-05-16","2026-03-17",4,4,13,557.93
"E6BB0516","2026-05-16","2026-03-18",8,8,17,972.05
"E6BB0516","2026-05-16","2026-03-22",4,4,9,702.51
"E6BB0516","2026-05-16","2026-03-23",5,6,15,364.8
"E6BB0516","2026-05-16","2026-03-24",3,5,10,401.48
"E6BB0516","2026-05-16","2026-03-25",3,3,8,408.78
"E6BB0516","2026-05-16","2026-03-26",3,4,10,633.62
"E6BB0516","2026-05-16","2026-03-29",3,4,10,335.66
"E6BB0516","2026-05-16","2026-03-31",6,6,17,954.3
"E6BB0516","2026-05-16","2026-04-01",3,3,9,267.14
"E6BB0516","2026-05-16","2026-04-02",4,4,13,629.45
"E6BB0516","2026-05-16","2026-04-03",5,7,18,974.11
"E6BB0516","2026-05-16","2026-04-05",2,4,8,530.46
"E6BB0516","2026-05-16","2026-04-08",5,6,16,832.44
"E6BB0516","2026-05-16","2026-04-10",3,5,13,610.02
"E6BB0516","2026-05-16","2026-04-11",4,6,17,944.11
"E6BB0516","2026-05-16","2026-04-13",6,8,19,902.3
"E6BB0516","2026-05-16","2026-04-15",5,6,15,864.75
"E6BB0516","2026-05-16","2026-04-16",4,6,16,1020.03
"E6BB0516","2026-05-16","2026-04-19",5,6,12,729.32
"E6BB0516","2026-05-16","2026-04-20",9,10,31,1755.82
"E6BB0516","2026-05-16","2026-04-22",9,10,21,1656.92
"E6BB0516","2026-05-16","2026-04-25",7,8,15,1386.22
"E6BB0516","2026-05-16","2026-04-28",5,7,17,1258.48
"E6BB0516","2026-05-16","2026-04-29",7,9,28,1493.99
"E6BB0516","2026-05-16","2026-04-30",10,12,28,1078.4
"E6BB0516","2026-05-16","2026-05-02",11,12,37,1559.93
"E6BB0516","2026-05-16","2026-05-03",11,13,26,1939.97
"E6BB0516","2026-05-16","2026-05-04",9,11,29,911.13
"E6BB0516","2026-05-16","2026-05-05",13,15,39,2008
"E6BB0516","2026-05-16","2026-05-07",14,14,39,1810.45
"E6BB0516","2026-05-16","2026-05-08",11,13,31,886.62
"E6BB0516","2026-05-16","2026-05-11",17,17,41,2588.48
"E6BB0516","2026-05-16","2026-05-12",16,17,47,2988.91
"E6BB0516","2026-05-16","2026-05-13",17,17,54,1311.93
"E6BB0516","2026-05-16","2026-05-14",14,15,33,1209.18
"E6BB0516","2026-05-16","2026-05-15",20,20,56,3256.07
"E6BB0517","2026-05-17","2026-01-17",1,1,2,145.99
"E6BB0517","2026-05-17","2026-01-19",2,3,7,418.22
"E6BB0517","2026-05-17","2026-01-23",2,3,6,472.3
"E6BB0517","2026-05-17","2026-01-24",1,2,5,268.67
"E6BB0517","2026-05-17","2026-01-26",3,4,9,338.26
"E6BB0517","2026-05-17","2026-01-27",1,1,3,102.64
"E6BB0517","2026-05-17","2026-01-29",1,1,2,117.14
"E6BB0517","2026-05-17","2026-01-30",2,4,10,647.23
"E6BB0517","2026-05-17","2026-01-31",2,2,4,333.7
"E6BB0517","2026-05-17","2026-02-02",1,3,7,263.64
"E6BB0517","2026-05-17","2026-02-03",2,4,8,413.96
"E6BB0517","2026-05-17","2026-02-04",1,2,6,354.12
"E6BB0517","2026-05-17","2026-02-05",3,5,16,721.46
"E6BB0517","2026-05-17","2026-02-08",1,2,6,169.98
"E6BB0517","2026-05-17","2026-02-09",2,3,9,221.44
"E6BB0517","2026-05-17","2026-02-11",3,3,7,361.88
"E6BB0517","2026-05-17","2026-02-12",4,4,9,402.12
"E6BB0517","2026-05-17","2026-02-13",1,2,6,290.12
"E6BB0517","2026-05-17","2026-02-15",7,7,14,491.18
"E6BB0517","2026-05-17","2026-02-18",4,5,10,705.62
"E6BB0517","2026-05-17","2026-02-19",3,3,9,185.02
"E6BB0517","2026-05-17","2026-02-20",1,1,3,107.26
"E6BB0517","2026-05-17","2026-02-21",1,1,2,65.16
"E6BB0517","2026-05-17","2026-02-22",3,5,10,463.91
"E6BB0517","2026-05-17","2026-02-23",1,2,6,250.06
"E6BB0517","2026-05-17","2026-02-24",2,4,12,539.03
"E6BB0517","2026-05-17","2026-02-25",2,2,5,247.94
"E6BB0517","2026-05-17","2026-02-26",1,1,3,81.99
"E6BB0517","2026-05-17","2026-02-27",3,4,12,652.29
"E6BB0517","2026-05-17","2026-02-28",1,1,2,173.44
"E6BB0517","2026-05-17","2026-03-01",2,3,9,250.91
"E6BB0517","2026-05-17","2026-03-02",4,4,8,647.4
"E6BB0517","2026-05-17","2026-03-03",1,2,5,291.23
"E6BB0517","2026-05-17","2026-03-04",5,5,14,495.04
"E6BB0517","2026-05-17","2026-03-05",3,3,8,396.24
"E6BB0517","2026-05-17","2026-03-06",3,4,12,461.37
"E6BB0517","2026-05-17","2026-03-09",3,3,6,232.96
"E6BB0517","2026-05-17","2026-03-10",1,1,2,116.23
"E6BB0517","2026-05-17","2026-03-11",6,7,14,1027.95
"E6BB0517","2026-05-17","2026-03-12",4,5,12,364.1
"E6BB0517","2026-05-17","2026-03-14",1,1,2,175.55
"E6BB0517","2026-05-17","2026-03-18",3,3,7,262.95
"E6BB0517","2026-05-17","2026-03-20",4,5,10,715.63
"E6BB0517","2026-05-17","2026-03-21",7,7,13,911.35
"E6BB0517","2026-05-17","2026-03-22",3,3,6,235.39
"E6BB0517","2026-05-17","2026-03-23",1,3,8,425.08
"E6BB0517","2026-05-17","2026-03-25",1,2,6,284.89
"E6BB0517","2026-05-17","2026-03-26",4,6,16,916.84
"E6BB0517","2026-05-17","2026-03-27",5,5,12,460.19
"E6BB0517","2026-05-17","2026-03-29",3,4,8,458.62
"E6BB0517","2026-05-17","2026-03-30",4,4,11,507.11
"E6BB0517","2026-05-17","2026-03-31",7,8,17,1026.04
"E6BB0517","2026-05-17","2026-04-01",2,2,6,297.93
"E6BB0517","2026-05-17","2026-04-02",4,6,12,510.09
"E6BB0517","2026-05-17","2026-04-05",5,6,12,497.51
"E6BB0517","2026-05-17","2026-04-08",4,5,14,512.05
"E6BB0517","2026-05-17","2026-04-10",5,6,14,875.43
"E6BB0517","2026-05-17","2026-04-11",6,7,15,552.29
"E6BB0517","2026-05-17","2026-04-12",2,3,6,533.77
"E6BB0517","2026-05-17","2026-04-14",2,4,10,258.48
"E6BB0517","2026-05-17","2026-04-15",6,7,19,916.53
"E6BB0517","2026-05-17","2026-04-18",4,6,15,383.35
"E6BB0517","2026-05-17","2026-04-20",7,7,15,718.94
"E6BB0517","2026-05-17","2026-04-22",8,10,28,1691.52
"E6BB0517","2026-05-17","2026-04-23",5,5,14,881.27
"E6BB0517","2026-05-17","2026-04-24",5,7,16,1258.67
"E6BB0517","2026-05-17","2026-04-25",5,7,20,1009.5
"E6BB0517","2026-05-17","2026-04-27",11,11,21,1950.66
"E6BB0517","2026-05-17","2026-04-28",8,10,31,1474.53
"E6BB0517","2026-05-17","2026-04-29",10,11,20,919.13
"E6BB0517","2026-05-17","2026-04-30",11,12,31,1593.19
"E6BB0517","2026-05-17","2026-05-01",3,5,14,560.91
"E6BB0517","2026-05-17","2026-05-02",9,11,28,1645.78
"E6BB0517","2026-05-17","2026-05-04",8,10,18,706.22
"E6BB0517","2026-05-17","2026-05-08",11,12,34,2145.57
"E6BB0517","2026-05-17","2026-05-12",16,16,30,1545.63
"E6BB0517","2026-05-17","2026-05-13",17,17,49,2889.33
"E6BB0517","2026-05-17","2026-05-14",16,18,46,2395.72
"E6BB0517","2026-05-17","2026-05-16",18,18,42,1462.35
"E6BB0517","2026-05-17","2026-05-17",15,17,43,1554.51
"E6BB0520","2026-05-20","2026-01-20",7,7,15,732.54
"E6BB0520","2026-05-20","2026-01-21",1,1,2,119.62
"E6BB0520","2026-05-20","2026-01-22",2,3,7,426.96
"E6BB0520","2026-05-20","2026-01-25",2,3,6,470.12
"E6BB0520","2026-05-20","2026-01-26",3,4,9,441.85
"E6BB0520","2026-05-20","2026-01-27",5,5,11,497.1
"E6BB0520","2026-05-20","2026-01-30",2,4,11,528.94
"E6BB0520","2026-05-20","2026-02-01",2,4,8,711.51
"E6BB0520","2026-05-20","2026-02-03",2,4,12,481.27
"E6BB0520","2026-05-20","2026-02-04",1,2,4,146.77
"E6BB0520","2026-05-20","2026-02-05",2,4,8,379.44
"E6BB0520","2026-05-20","2026-02-07",3,3,9,454.93
"E6BB0520","2026-05-20","2026-02-08",2,4,12,577.18
"E6BB0520","2026-05-20","2026-02-09",1,1,3,137.93
"E6BB0520","2026-05-20","2026-02-17",1,2,6,212.97
"E6BB0520","2026-05-20","2026-02-22",2,3,6,528.15
"E6BB0520","2026-05-20","2026-02-25",1,1,3,150.66
"E6BB0520","2026-05-20","2026-02-26",5,5,10,542.58
"E6BB0520","2026-05-20","2026-02-27",5,6,18,552.04
"E6BB0520","2026-05-20","2026-03-02",4,4,12,502.93
"E6BB0520","2026-05-20","2026-03-03",3,4,9,480.35
"E6BB0520","2026-05-20","2026-03-04",4,5,14,891.42
"E6BB0520","2026-05-20","2026-03-05",1,1,2,65.99
"E6BB0520","2026-05-20","2026-03-08",1,3,7,500.9
"E6BB0520","2026-05-20","2026-03-09",7,7,19,908.11
"E6BB0520","2026-05-20","2026-03-10",4,6,12,1069.12
"E6BB0520","2026-05-20","2026-03-11",1,1,2,95.48
"E6BB0520","2026-05-20","2026-03-15",1,1,3,136.33
"E6BB0520","2026-05-20","2026-03-16",3,3,9,200.96
"E6BB0520","2026-05-20","2026-03-17",5,5,10,525.53
"E6BB0520","2026-05-20","2026-03-19",1,1,3,139.15
"E6BB0520","2026-05-20","2026-03-20",3,4,12,535.69
"E6BB0520","2026-05-20","2026-03-21",1,1,3,105.41
"E6BB0520","2026-05-20","2026-03-22",3,3,9,390.55
"E6BB0520","2026-05-20","2026-03-24",2,2,5,274.94
"E6BB0520","2026-05-20","2026-03-26",1,1,2,118.36
"E6BB0520","2026-05-20","2026-03-28",4,5,11,741.13
"E6BB0520","2026-05-20","2026-03-30",2,3,6,418.14
"E6BB0520","2026-05-20","2026-04-01",4,4,11,465.07
"E6BB0520","2026-05-20","2026-04-03",2,3,9,485.53
"E6BB0520","2026-05-20","2026-04-04",1,3,7,455.98
"E6BB0520","2026-05-20","2026-04-06",2,2,5,329.9
"E6BB0520","2026-05-20","2026-04-08",6,6,16,886.49
"E6BB0520","2026-05-20","2026-04-10",2,4,11,517.51
"E6BB0520","2026-05-20","2026-04-12",7,7,15,683.97
"E6BB0520","2026-05-20","2026-04-13",5,7,19,905.4
"E6BB0520","2026-05-20","2026-04-15",6,8,16,1329.13
"E6BB0520","2026-05-20","2026-04-16",7,9,20,1062.96
"E6BB0520","2026-05-20","2026-04-19",9,10,29,1205.29
"E6BB0520","2026-05-20","2026-04-21",7,7,13,917.73
"E6BB0520","2026-05-20","2026-04-23",6,6,13,1046.02
"E6BB0520","2026-05-20","2026-04-25",6,7,17,1101.13
"E6BB0520","2026-05-20","2026-04-27",13,14,37,2083.37
"E6BB0520","2026-05-20","2026-04-28",7,7,21,908.69
"E6BB0520","2026-05-20","2026-04-30",5,7,17,496.08
"E6BB0520","2026-05-20","2026-05-01",4,4,9,429.54
"E6BB0520","2026-05-20","2026-05-04",9,11,28,1221.22
"E6BB0520","2026-05-20","2026-05-08",13,14,40,2074.95
"E6BB0520","2026-05-20","2026-05-12",12,12,23,1521.62
"E6BB0520","2026-05-20","2026-05-13",9,9,16,1371
"E6BB0520","2026-05-20","2026-05-15",16,16,48,2635.64
"E6BB0520","2026-05-20","2026-05-18",16,18,38,1379.43
"E6BB0520","2026-05-20","2026-05-19",16,17,50,2198.16
"E6BB0522","2026-05-22","2026-01-22",3,5,12,878.41
"E6BB0522","2026-05-22","2026-01-23",2,4,10,573.24
"E6BB0522","2026-05-22","2026-01-24",3,5,15,348.89
"E6BB0522","2026-05-22","2026-01-25",1,1,2,169.79
"E6BB0522","2026-05-22","2026-01-27",7,7,18,638.74
"E6BB0522","2026-05-22","2026-01-28",1,1,3,163.29
"E6BB0522","2026-05-22","2026-01-30",4,4,11,532.14
"E6BB0522","2026-05-22","2026-01-31",3,3,10,367.76
"E6BB0522","2026-05-22","2026-02-02",5,5,11,877.62
"E6BB0522","2026-05-22","2026-02-04",1,1,3,164.03
"E6BB0522","2026-05-22","2026-02-06",2,4,8,635.33
"E6BB0522","2026-05-22","2026-02-08",2,4,9,353.81
"E6BB0522","2026-05-22","2026-02-09",1,2,4,203.03
"E6BB0522","2026-05-22","2026-02-10",1,2,4,329.85
"E6BB0522","2026-05-22","2026-02-11",1,2,5,293.14
"E6BB0522","2026-05-22","2026-02-13",3,3,6,435.07
"E6BB0522","2026-05-22","2026-02-16",1,1,3,170.59
"E6BB0522","2026-05-22","2026-02-19",3,5,16,415.42
"E6BB0522","2026-05-22","2026-02-20",1,2,4,222.03
"E6BB0522","2026-05-22","2026-02-21",3,5,10,739.75
"E6BB0522","2026-05-22","2026-02-28",5,5,11,633.42
"E6BB0522","2026-05-22","2026-03-02",4,5,13,448.08
"E6BB0522","2026-05-22","2026-03-03",2,3,7,237.47
"E6BB0522","2026-05-22","2026-03-08",5,5,14,476.34
"E6BB0522","2026-05-22","2026-03-09",1,1,2,138.75
"E6BB0522","2026-05-22","2026-03-11",5,7,16,979.63
"E6BB0522","2026-05-22","2026-03-12",4,4,7,504.96
"E6BB0522","2026-05-22","2026-03-13",1,3,6,336.79
"E6BB0522","2026-05-22","2026-03-15",1,1,3,103.14
"E6BB0522","2026-05-22","2026-03-16",6,8,16,932.02
"E6BB0522","2026-05-22","2026-03-17",6,7,17,449.48
"E6BB0522","2026-05-22","2026-03-18",5,5,10,811.43
"E6BB0522","2026-05-22","2026-03-20",3,4,8,515.19
"E6BB0522","2026-05-22","2026-03-21",4,5,13,317.34
"E6BB0522","2026-05-22","2026-03-22",1,3,6,396.92
"E6BB0522","2026-05-22","2026-03-24",2,3,9,334.1
"E6BB0522","2026-05-22","2026-03-26",1,1,2,170.56
"E6BB0522","2026-05-22","2026-03-27",4,6,13,583.5
"E6BB0522","2026-05-22","2026-03-28",1,2,5,125.02
"E6BB0522","2026-05-22","2026-03-29",6,6,18,364.99
"E6BB0522","2026-05-22","2026-03-31",5,5,12,646.35
"E6BB0522","2026-05-22","2026-04-04",5,5,11,664.41
"E6BB0522","2026-05-22","2026-04-05",8,8,19,1133.37
"E6BB0522","2026-05-22","2026-04-06",3,4,8,698.1
"E6BB0522","2026-05-22","2026-04-08",1,2,6,314.98
"E6BB0522","2026-05-22","2026-04-16",5,6,17,840.79
"E6BB0522","2026-05-22","2026-04-17",6,6,19,965.2
"E6BB0522","2026-05-22","2026-04-20",5,5,14,418.25
"E6BB0522","2026-05-22","2026-04-21",2,3,6,350.05
"E6BB0522","2026-05-22","2026-04-22",3,5,13,350
"E6BB0522","2026-05-22","2026-04-25",5,6,19,456.05
"E6BB0522","2026-05-22","2026-04-29",7,7,13,507.49
"E6BB0522","2026-05-22","2026-04-30",9,10,31,1168.07
"E6BB0522","2026-05-22","2026-05-02",4,5,11,552.67
"E6BB0522","2026-05-22","2026-05-04",5,6,17,707.07
"E6BB0522","2026-05-22","2026-05-06",4,6,16,458.2
"E6BB0522","2026-05-22","2026-05-07",13,15,34,908.73
"E6BB0522","2026-05-22","2026-05-08",8,10,21,1285.68
"E6BB0522","2026-05-22","2026-05-09",10,10,30,1084.66
"E6BB0522","2026-05-22","2026-05-10",10,11,30,1862.47
"E6BB0522","2026-05-22","2026-05-14",12,14,41,1716.03
"E6BB0522","2026-05-22","2026-05-18",14,16,33,2030.47
"E6BB0522","2026-05-22","2026-05-19",16,18,53,2547.68
"E6BB0522","2026-05-22","2026-05-20",17,17,36,2883.42
"E6BB0522","2026-05-22","2026-05-22",15,17,35,2275.49
"E6BB0523","2026-05-23","2026-01-23",1,2,4,124.11
"E6BB0523","2026-05-23","2026-01-24",3,4,12,436.27
"E6BB0523","2026-05-23","2026-01-26",7,7,13,630.37
"E6BB0523","2026-05-23","2026-01-27",7,8,25,747.07
"E6BB0523","2026-05-23","2026-01-31",3,5,14,351.4
"E6BB0523","2026-05-23","2026-02-03",4,4,10,321.87
"E6BB0523","2026-05-23","2026-02-04",4,4,10,573.87
"E6BB0523","2026-05-23","2026-02-05",1,2,6,161.05
"E6BB0523","2026-05-23","2026-02-08",1,3,6,539.54
"E6BB0523","2026-05-23","2026-02-09",1,1,2,163.41
"E6BB0523","2026-05-23","2026-02-12",1,1,3,141.18
"E6BB0523","2026-05-23","2026-02-13",1,1,3,173.88
"E6BB0523","2026-05-23","2026-02-16",1,3,8,420.37
"E6BB0523","2026-05-23","2026-02-17",2,4,12,311.63
"E6BB0523","2026-05-23","2026-02-20",5,5,9,571.75
"E6BB0523","2026-05-23","2026-02-22",3,5,13,466.61
"E6BB0523","2026-05-23","2026-02-24",1,1,2,160.84
"E6BB0523","2026-05-23","2026-02-25",1,1,2,141.98
"E6BB0523","2026-05-23","2026-02-26",3,3,7,360.19
"E6BB0523","2026-05-23","2026-02-27",2,3,9,424.01
"E6BB0523","2026-05-23","2026-03-01",2,3,7,217.87
"E6BB0523","2026-05-23","2026-03-02",1,3,6,532.71
"E6BB0523","2026-05-23","2026-03-03",3,4,11,255.39
"E6BB0523","2026-05-23","2026-03-05",1,1,2,71.84
"E6BB0523","2026-05-23","2026-03-09",1,2,4,240.17
"E6BB0523","2026-05-23","2026-03-10",7,7,19,805.2
"E6BB0523","2026-05-23","2026-03-12",3,4,8,517.14
"E6BB0523","2026-05-23","2026-03-14",1,1,2,152.74
"E6BB0523","2026-05-23","2026-03-16",1,2,6,312.59
"E6BB0523","2026-05-23","2026-03-17",3,3,6,229.58
"E6BB0523","2026-05-23","2026-03-18",4,5,10,438.85
"E6BB0523","2026-05-23","2026-03-20",4,5,14,480.95
"E6BB0523","2026-05-23","2026-03-21",3,4,8,250.55
"E6BB0523","2026-05-23","2026-03-22",2,4,7,340.6
"E6BB0523","2026-05-23","2026-03-23",4,5,9,492.41
"E6BB0523","2026-05-23","2026-03-25",1,2,5,292.87
"E6BB0523","2026-05-23","2026-03-29",3,3,9,359.59
"E6BB0523","2026-05-23","2026-03-30",1,2,6,350.11
"E6BB0523","2026-05-23","2026-03-31",1,1,2,66.08
"E6BB0523","2026-05-23","2026-04-02",4,5,11,350.34
"E6BB0523","2026-05-23","2026-04-03",7,7,16,875.15
"E6BB0523","2026-05-23","2026-04-04",5,6,12,777.54
"E6BB0523","2026-05-23","2026-04-06",1,1,3,150.11
"E6BB0523","2026-05-23","2026-04-09",4,5,10,727.26
"E6BB0523","2026-05-23","2026-04-11",4,5,14,720.36
"E6BB0523","2026-05-23","2026-04-12",2,3,9,498.45
"E6BB0523","2026-05-23","2026-04-14",6,6,11,910.65
"E6BB0523","2026-05-23","2026-04-15",5,6,11,1002.56
"E6BB0523","2026-05-23","2026-04-17",4,6,17,534.57
"E6BB0523","2026-05-23","2026-04-18",8,8,21,645.61
"E6BB0523","2026-05-23","2026-04-21",6,7,13,759.89
"E6BB0523","2026-05-23","2026-04-22",6,8,24,756.07
"E6BB0523","2026-05-23","2026-04-23",4,4,9,612.25
"E6BB0523","2026-05-23","2026-04-25",4,5,12,627.74
"E6BB0523","2026-05-23","2026-04-26",5,5,11,576.91
"E6BB0523","2026-05-23","2026-04-27",7,9,22,1153.52
"E6BB0523","2026-05-23","2026-04-28",5,6,16,493.21
"E6BB0523","2026-05-23","2026-04-30",9,9,26,841.06
"E6BB0523","2026-05-23","2026-05-01",6,7,21,988.72
"E6BB0523","2026-05-23","2026-05-02",6,7,15,961.67
"E6BB0523","2026-05-23","2026-05-03",7,8,21,590.37
"E6BB0523","2026-05-23","2026-05-05",5,6,14,632.59
"E6BB0523","2026-05-23","2026-05-06",6,7,21,897.55
"E6BB0523","2026-05-23","2026-05-08",9,11,28,1585.47
"E6BB0523","2026-05-23","2026-05-09",10,10,29,1114.89
"E6BB0523","2026-05-23","2026-05-12",9,9,19,1126.72
"E6BB0523","2026-05-23","2026-05-13",15,15,41,1313.59
"E6BB0523","2026-05-23","2026-05-15",12,12,34,833.4
"E6BB0523","2026-05-23","2026-05-17",14,15,37,1528.34
"E6BB0523","2026-05-23","2026-05-20",13,14,42,2380.29
"E6BB0523","2026-05-23","2026-05-21",18,20,46,1565.19
"E6BB0523","2026-05-23","2026-05-22",18,20,42,2054.2
"E6BB0523","2026-05-23","2026-05-23",15,17,40,1495.53
"E6BB0524","2026-05-24","2026-01-24",1,1,3,133.51
"E6BB0524","2026-05-24","2026-01-25",2,3,8,525.82
"E6BB0524","2026-05-24","2026-01-26",3,4,11,314.39
"E6BB0524","2026-05-24","2026-01-30",6,6,14,742.28
"E6BB0524","2026-05-24","2026-02-01",1,3,9,269.63
"E6BB0524","2026-05-24","2026-02-02",1,1,2,108.95
"E6BB0524","2026-05-24","2026-02-03",4,4,13,325.24
"E6BB0524","2026-05-24","2026-02-10",5,6,12,933.46
"E6BB0524","2026-05-24","2026-02-11",5,5,9,552.87
"E6BB0524","2026-05-24","2026-02-12",3,3,9,387.82
"E6BB0524","2026-05-24","2026-02-16",1,3,8,296.75
"E6BB0524","2026-05-24","2026-02-18",4,4,9,569.79
"E6BB0524","2026-05-24","2026-02-20",4,6,14,756.1
"E6BB0524","2026-05-24","2026-02-21",1,3,7,477.87
"E6BB0524","2026-05-24","2026-02-22",3,4,12,376.03
"E6BB0524","2026-05-24","2026-02-23",2,3,9,354.59
"E6BB0524","2026-05-24","2026-02-26",1,1,3,70.99
"E6BB0524","2026-05-24","2026-03-01",2,2,5,131.15
"E6BB0524","2026-05-24","2026-03-03",2,2,5,215.93
"E6BB0524","2026-05-24","2026-03-04",1,1,2,154.25
"E6BB0524","2026-05-24","2026-03-05",1,1,2,163.02
"E6BB0524","2026-05-24","2026-03-07",5,7,14,1147.55
"E6BB0524","2026-05-24","2026-03-08",4,4,9,530.58
"E6BB0524","2026-05-24","2026-03-09",2,2,5,303.39
"E6BB0524","2026-05-24","2026-03-10",5,7,21,736.5
"E6BB0524","2026-05-24","2026-03-12",6,7,16,1121.13
"E6BB0524","2026-05-24","2026-03-15",3,4,11,406.35
"E6BB0524","2026-05-24","2026-03-16",1,1,2,73.9
"E6BB0524","2026-05-24","2026-03-17",3,4,12,616.29
"E6BB0524","2026-05-24","2026-03-18",9,10,19,768.03
"E6BB0524","2026-05-24","2026-03-20",2,3,9,516.43
"E6BB0524","2026-05-24","2026-03-24",1,1,3,70.55
"E6BB0524","2026-05-24","2026-03-26",6,8,16,1141.61
"E6BB0524","2026-05-24","2026-03-27",1,2,4,171.21
"E6BB0524","2026-05-24","2026-03-28",1,3,9,236.41
"E6BB0524","2026-05-24","2026-03-29",1,1,3,166.92
"E6BB0524","2026-05-24","2026-04-01",3,3,9,210.98
"E6BB0524","2026-05-24","2026-04-02",2,3,6,320.11
"E6BB0524","2026-05-24","2026-04-03",4,5,9,319.43
"E6BB0524","2026-05-24","2026-04-04",3,5,12,638.72
"E6BB0524","2026-05-24","2026-04-05",3,3,8,272.5
"E6BB0524","2026-05-24","2026-04-07",3,3,8,360.22
"E6BB0524","2026-05-24","2026-04-08",5,7,17,982.67
"E6BB0524","2026-05-24","2026-04-09",1,3,9,309.54
"E6BB0524","2026-05-24","2026-04-10",5,5,9,612.69
"E6BB0524","2026-05-24","2026-04-12",4,6,18,618.3
"E6BB0524","2026-05-24","2026-04-14",5,6,12,704.03
"E6BB0524","2026-05-24","2026-04-15",5,5,11,773.6
"E6BB0524","2026-05-24","2026-04-17",3,4,8,618.81
"E6BB0524","2026-05-24","2026-04-18",8,10,31,1675.47
"E6BB0524","2026-05-24","2026-04-20",6,6,19,808.62
"E6BB0524","2026-05-24","2026-04-21",5,5,16,807.09
"E6BB0524","2026-05-24","2026-04-22",7,8,23,1139
"E6BB0524","2026-05-24","2026-04-25",3,3,7,252.82
"E6BB0524","2026-05-24","2026-04-27",8,9,24,1323.47
"E6BB0524","2026-05-24","2026-04-29",3,5,15,427.49
"E6BB0524","2026-05-24","2026-04-30",8,8,16,1184.64
"E6BB0524","2026-05-24","2026-05-01",10,10,19,1066.5
"E6BB0524","2026-05-24","2026-05-02",4,4,7,388.47
"E6BB0524","2026-05-24","2026-05-04",12,12,26,918.86
"E6BB0524","2026-05-24","2026-05-07",11,12,37,1981.74
"E6BB0524","2026-05-24","2026-05-12",5,7,15,1238.02
"E6BB0524","2026-05-24","2026-05-14",6,8,17,645.84
"E6BB0524","2026-05-24","2026-05-15",13,14,31,2212.83
"E6BB0524","2026-05-24","2026-05-16",10,12,36,1328.74
"E6BB0524","2026-05-24","2026-05-18",18,18,41,2913.91
"E6BB0524","2026-05-24","2026-05-20",13,14,42,2006.63
"E6BB0524","2026-05-24","2026-05-21",13,15,32,2355.87
"E6BB0524","2026-05-24","2026-05-23",12,12,32,1517.71
"E6BB0524","2026-05-24","2026-05-24",18,18,37,1458.11
"E6BB0525","2026-05-25","2026-01-25",4,5,11,335.53
"E6BB0525","2026-05-25","2026-01-26",4,4,10,252.18
"E6BB0525","2026-05-25","2026-01-27",3,4,8,510.47
"E6BB0525","2026-05-25","2026-01-28",5,5,15,415.96
"E6BB0525","2026-05-25","2026-01-31",4,4,10,312.22
"E6BB0525","2026-05-25","2026-02-01",1,1,2,81.1
"E6BB0525","2026-05-25","2026-02-02",1,1,3,131
"E6BB0525","2026-05-25","2026-02-05",1,2,5,215.37
"E6BB0525","2026-05-25","2026-02-06",3,4,9,629.56
"E6BB0525","2026-05-25","2026-02-07",2,2,4,176.62
"E6BB0525","2026-05-25","2026-02-09",2,2,5,217.32
"E6BB0525","2026-05-25","2026-02-12",1,1,3,173.01
"E6BB0525","2026-05-25","2026-02-13",2,2,4,134.07
"E6BB0525","2026-05-25","2026-02-14",5,5,10,491.73
"E6BB0525","2026-05-25","2026-02-15",5,5,14,855.64
"E6BB0525","2026-05-25","2026-02-17",2,4,10,321.65
"E6BB0525","2026-05-25","2026-02-18",2,4,7,281.38
"E6BB0525","2026-05-25","2026-02-19",5,5,14,413.56
"E6BB0525","2026-05-25","2026-02-23",1,3,7,240.41
"E6BB0525","2026-05-25","2026-02-24",2,2,5,156.7
"E6BB0525","2026-05-25","2026-02-26",1,1,2,158.5
"E6BB0525","2026-05-25","2026-02-27",1,2,4,358.08
"E6BB0525","2026-05-25","2026-02-28",2,4,9,317.07
"E6BB0525","2026-05-25","2026-03-01",2,2,5,271.32
"E6BB0525","2026-05-25","2026-03-02",3,3,9,260.86
"E6BB0525","2026-05-25","2026-03-03",3,4,9,719.06
"E6BB0525","2026-05-25","2026-03-04",3,4,8,295.09
"E6BB0525","2026-05-25","2026-03-05",1,1,2,167.15
"E6BB0525","2026-05-25","2026-03-07",4,5,10,731.68
"E6BB0525","2026-05-25","2026-03-08",4,6,14,739.87
"E6BB0525","2026-05-25","2026-03-09",6,6,18,654.22
"E6BB0525","2026-05-25","2026-03-11",1,1,3,142.35
"E6BB0525","2026-05-25","2026-03-14",4,6,12,405.64
"E6BB0525","2026-05-25","2026-03-17",3,5,12,524.65
"E6BB0525","2026-05-25","2026-03-18",6,6,19,894.12
"E6BB0525","2026-05-25","2026-03-19",5,5,9,325.26
"E6BB0525","2026-05-25","2026-03-25",4,4,10,280.63
"E6BB0525","2026-05-25","2026-03-27",4,5,14,500.81
"E6BB0525","2026-05-25","2026-03-28",4,4,12,583.33
"E6BB0525","2026-05-25","2026-03-30",3,3,7,373.91
"E6BB0525","2026-05-25","2026-03-31",3,4,10,598.02
"E6BB0525","2026-05-25","2026-04-01",8,9,23,1490.55
"E6BB0525","2026-05-25","2026-04-02",4,6,17,497.53
"E6BB0525","2026-05-25","2026-04-03",1,1,2,99.68
"E6BB0525","2026-05-25","2026-04-04",4,5,13,446.66
"E6BB0525","2026-05-25","2026-04-05",6,7,17,441.13
"E6BB0525","2026-05-25","2026-04-07",5,5,15,455.03
"E6BB0525","2026-05-25","2026-04-10",4,5,15,846.11
"E6BB0525","2026-05-25","2026-04-11",6,7,15,450.84
"E6BB0525","2026-05-25","2026-04-13",6,6,16,465.54
"E6BB0525","2026-05-25","2026-04-15",6,6,17,631.4
"E6BB0525","2026-05-25","2026-04-17",2,2,6,132.83
"E6BB0525","2026-05-25","2026-04-20",5,6,16,1072.03
"E6BB0525","2026-05-25","2026-04-21",8,8,23,1260.02
"E6BB0525","2026-05-25","2026-04-22",2,4,8,326.21
"E6BB0525","2026-05-25","2026-04-25",4,6,17,774.27
"E6BB0525","2026-05-25","2026-04-26",4,6,13,523.53
"E6BB0525","2026-05-25","2026-04-27",8,8,15,1093.56
"E6BB0525","2026-05-25","2026-04-28",4,5,16,552.35
"E6BB0525","2026-05-25","2026-04-29",7,9,24,1039.05
"E6BB0525","2026-05-25","2026-04-30",4,5,11,397.62
"E6BB0525","2026-05-25","2026-05-06",10,11,23,1695.87
"E6BB0525","2026-05-25","2026-05-07",9,9,26,1593.89
"E6BB0525","2026-05-25","2026-05-09",10,12,24,1368.92
"E6BB0525","2026-05-25","2026-05-10",9,10,23,1580.45
"E6BB0525","2026-05-25","2026-05-11",14,14,40,2465.22
"E6BB0525","2026-05-25","2026-05-14",10,11,27,1313.12
"E6BB0525","2026-05-25","2026-05-15",10,12,35,1322.86
"E6BB0525","2026-05-25","2026-05-16",7,8,22,721.42
"E6BB0525","2026-05-25","2026-05-17",13,13,35,2109.14
"E6BB0525","2026-05-25","2026-05-18",14,15,30,1492.39
"E6BB0525","2026-05-25","2026-05-21",10,10,20,862.83
"E6BB0525","2026-05-25","2026-05-22",14,15,28,1777.36
"E6BB0525","2026-05-25","2026-05-24",17,18,43,2598.54
"E6BB0525","2026-05-25","2026-05-25",15,17,53,1841.06
"E6BB0526","2026-05-26","2026-01-26",2,4,11,454.44
"E6BB0526","2026-05-26","2026-01-27",2,2,5,232.19
"E6BB0526","2026-05-26","2026-01-30",4,4,8,579.43
"E6BB0526","2026-05-26","2026-01-31",1,1,3,101.8
"E6BB0526","2026-05-26","2026-02-03",5,5,10,628.56
"E6BB0526","2026-05-26","2026-02-05",2,2,4,298.52
"E6BB0526","2026-05-26","2026-02-06",1,1,2,173.91
"E6BB0526","2026-05-26","2026-02-08",4,5,15,423.01
"E6BB0526","2026-05-26","2026-02-09",2,2,4,242.94
"E6BB0526","2026-05-26","2026-02-10",5,5,13,792.15
"E6BB0526","2026-05-26","2026-02-12",5,5,11,770.27
"E6BB0526","2026-05-26","2026-02-14",1,3,9,394.74
"E6BB0526","2026-05-26","2026-02-15",5,5,15,495.21
"E6BB0526","2026-05-26","2026-02-16",3,4,8,337.28
"E6BB0526","2026-05-26","2026-02-17",1,3,9,491.49
"E6BB0526","2026-05-26","2026-02-19",3,4,10,494.48
"E6BB0526","2026-05-26","2026-02-20",2,2,5,179.99
"E6BB0526","2026-05-26","2026-02-22",5,5,15,348.22
"E6BB0526","2026-05-26","2026-02-23",3,3,8,353.68
"E6BB0526","2026-05-26","2026-02-24",1,1,3,67.03
"E6BB0526","2026-05-26","2026-02-25",5,7,21,674.85
"E6BB0526","2026-05-26","2026-02-26",1,1,2,142.65
"E6BB0526","2026-05-26","2026-02-27",2,3,9,237
"E6BB0526","2026-05-26","2026-02-28",2,3,8,245.21
"E6BB0526","2026-05-26","2026-03-01",1,1,3,112.77
"E6BB0526","2026-05-26","2026-03-02",5,6,13,567.68
"E6BB0526","2026-05-26","2026-03-03",2,2,5,175.77
"E6BB0526","2026-05-26","2026-03-04",4,4,7,498.88
"E6BB0526","2026-05-26","2026-03-06",5,5,14,570.63
"E6BB0526","2026-05-26","2026-03-08",1,1,3,175.62
"E6BB0526","2026-05-26","2026-03-09",6,7,18,1131.99
"E6BB0526","2026-05-26","2026-03-10",5,5,12,334.46
"E6BB0526","2026-05-26","2026-03-13",4,4,13,577.51
"E6BB0526","2026-05-26","2026-03-15",6,6,19,1079.55
"E6BB0526","2026-05-26","2026-03-16",1,3,9,459.57
"E6BB0526","2026-05-26","2026-03-18",1,1,3,126.45
"E6BB0526","2026-05-26","2026-03-19",4,5,11,794.84
"E6BB0526","2026-05-26","2026-03-20",1,2,6,243.87
"E6BB0526","2026-05-26","2026-03-21",4,6,12,819.93
"E6BB0526","2026-05-26","2026-03-22",5,5,13,619.84
"E6BB0526","2026-05-26","2026-03-24",5,7,13,956.01
"E6BB0526","2026-05-26","2026-03-26",1,1,3,61.72
"E6BB0526","2026-05-26","2026-03-27",1,2,6,246.16
"E6BB0526","2026-05-26","2026-03-28",4,4,8,401.74
"E6BB0526","2026-05-26","2026-03-29",4,5,15,494.11
"E6BB0526","2026-05-26","2026-03-30",4,4,7,308.2
"E6BB0526","2026-05-26","2026-03-31",6,7,20,545.16
"E6BB0526","2026-05-26","2026-04-01",1,1,2,88.65
"E6BB0526","2026-05-26","2026-04-03",1,1,3,178.7
"E6BB0526","2026-05-26","2026-04-05",4,5,12,729.85
"E6BB0526","2026-05-26","2026-04-06",2,4,8,384.72
"E6BB0526","2026-05-26","2026-04-15",2,2,5,133.63
"E6BB0526","2026-05-26","2026-04-17",8,8,24,1352.72
"E6BB0526","2026-05-26","2026-04-25",1,1,3,150.54
"E6BB0526","2026-05-26","2026-04-28",9,10,21,967.4
"E6BB0526","2026-05-26","2026-04-30",3,3,9,422.5
"E6BB0526","2026-05-26","2026-05-01",7,7,14,848.96
"E6BB0526","2026-05-26","2026-05-02",7,8,17,489.51
"E6BB0526","2026-05-26","2026-05-04",7,7,13,1072.52
"E6BB0526","2026-05-26","2026-05-05",3,5,9,321.1
"E6BB0526","2026-05-26","2026-05-06",5,7,20,551.83
"E6BB0526","2026-05-26","2026-05-09",12,14,37,1866.1
"E6BB0526","2026-05-26","2026-05-10",8,10,31,1477.94
"E6BB0526","2026-05-26","2026-05-12",8,8,19,1115.38
"E6BB0526","2026-05-26","2026-05-14",13,14,40,1052.98
"E6BB0526","2026-05-26","2026-05-15",10,11,32,670.96
"E6BB0526","2026-05-26","2026-05-17",11,12,37,1505.27
"E6BB0526","2026-05-26","2026-05-18",13,15,39,1419.37
"E6BB0526","2026-05-26","2026-05-20",11,13,26,1237.21
"E6BB0526","2026-05-26","2026-05-21",14,16,30,2267.27
"E6BB0526","2026-05-26","2026-05-22",12,12,29,1781.1
"E6BB0526","2026-05-26","2026-05-23",14,16,46,1342.7
"E6BB0529","2026-05-29","2026-01-30",2,4,8,681.16
"E6BB0529","2026-05-29","2026-01-31",4,4,9,661.63
"E6BB0529","2026-05-29","2026-02-01",1,2,4,298.91
"E6BB0529","2026-05-29","2026-02-02",1,1,3,78.33
"E6BB0529","2026-05-29","2026-02-03",1,3,8,440.43
"E6BB0529","2026-05-29","2026-02-04",1,1,2,136.55
"E6BB0529","2026-05-29","2026-02-06",3,4,9,681.6
"E6BB0529","2026-05-29","2026-02-08",1,1,3,137.87
"E6BB0529","2026-05-29","2026-02-11",1,2,6,200.48
"E6BB0529","2026-05-29","2026-02-14",1,1,3,167.62
"E6BB0529","2026-05-29","2026-02-15",2,4,8,560.6
"E6BB0529","2026-05-29","2026-02-16",1,1,3,132.18
"E6BB0529","2026-05-29","2026-02-17",1,1,2,178.78
"E6BB0529","2026-05-29","2026-02-19",6,6,18,471.84
"E6BB0529","2026-05-29","2026-02-22",4,4,9,477.32
"E6BB0529","2026-05-29","2026-02-24",1,3,9,466.49
"E6BB0529","2026-05-29","2026-02-27",1,2,5,287.9
"E6BB0529","2026-05-29","2026-03-01",1,2,5,348.29
"E6BB0529","2026-05-29","2026-03-02",2,3,7,282.63
"E6BB0529","2026-05-29","2026-03-03",4,5,15,364.33
"E6BB0529","2026-05-29","2026-03-04",2,4,12,516.24
"E6BB0529","2026-05-29","2026-03-05",2,2,4,222.67
"E6BB0529","2026-05-29","2026-03-08",1,2,4,203
"E6BB0529","2026-05-29","2026-03-09",4,5,13,624.85
"E6BB0529","2026-05-29","2026-03-10",3,3,8,217.78
"E6BB0529","2026-05-29","2026-03-11",2,4,12,247.24
"E6BB0529","2026-05-29","2026-03-12",5,7,15,445.25
"E6BB0529","2026-05-29","2026-03-16",3,3,6,224
"E6BB0529","2026-05-29","2026-03-17",4,5,12,674.56
"E6BB0529","2026-05-29","2026-03-19",1,1,3,87.39
"E6BB0529","2026-05-29","2026-03-20",4,5,12,586.31
"E6BB0529","2026-05-29","2026-03-21",1,3,7,255.33
"E6BB0529","2026-05-29","2026-03-22",4,4,8,472.73
"E6BB0529","2026-05-29","2026-03-23",6,7,14,574.45
"E6BB0529","2026-05-29","2026-03-24",6,8,25,538.64
"E6BB0529","2026-05-29","2026-03-25",1,2,6,244.75
"E6BB0529","2026-05-29","2026-03-26",3,5,11,402.09
"E6BB0529","2026-05-29","2026-03-27",5,5,12,722.85
"E6BB0529","2026-05-29","2026-03-30",7,7,18,1176.36
"E6BB0529","2026-05-29","2026-03-31",4,4,11,477.65
"E6BB0529","2026-05-29","2026-04-02",4,5,10,730.05
"E6BB0529","2026-05-29","2026-04-03",2,4,8,305.88
"E6BB0529","2026-05-29","2026-04-04",5,5,15,729.51
"E6BB0529","2026-05-29","2026-04-07",1,3,10,524.11
"E6BB0529","2026-05-29","2026-04-09",1,1,3,87.19
"E6BB0529","2026-05-29","2026-04-12",4,6,15,559.31
"E6BB0529","2026-05-29","2026-04-13",2,4,7,663.22
"E6BB0529","2026-05-29","2026-04-20",7,8,22,705.75
"E6BB0529","2026-05-29","2026-04-21",1,2,5,330.65
"E6BB0529","2026-05-29","2026-04-22",6,8,24,675.85
"E6BB0529","2026-05-29","2026-04-24",5,7,16,556.26
"E6BB0529","2026-05-29","2026-04-26",11,12,23,1005.85
"E6BB0529","2026-05-29","2026-04-29",6,7,17,426.58
"E6BB0529","2026-05-29","2026-05-01",5,7,14,999.7
"E6BB0529","2026-05-29","2026-05-03",6,6,16,634.1
"E6BB0529","2026-05-29","2026-05-05",6,8,23,910.45
"E6BB0529","2026-05-29","2026-05-06",5,7,14,1040.57
"E6BB0529","2026-05-29","2026-05-07",8,9,23,1110.59
"E6BB0529","2026-05-29","2026-05-08",6,7,16,646.3
"E6BB0529","2026-05-29","2026-05-10",5,7,17,617.27
"E6BB0529","2026-05-29","2026-05-12",8,10,28,870.51
"E6BB0529","2026-05-29","2026-05-14",9,10,28,1185.49
"E6BB0529","2026-05-29","2026-05-15",11,12,25,1533.64
"E6BB0529","2026-05-29","2026-05-16",7,8,23,1138.03
"E6BB0529","2026-05-29","2026-05-17",10,12,38,1692.4
"E6BB0529","2026-05-29","2026-05-21",11,11,22,1726.75
"E6BB0529","2026-05-29","2026-05-25",16,17,39,1803.89
"E6BB0529","2026-05-29","2026-05-26",16,18,55,2453.38
"E6BB0530","2026-05-30","2026-01-30",1,2,5,144.09
"E6BB0530","2026-05-30","2026-02-02",3,3,8,257.33
"E6BB0530","2026-05-30","2026-02-04",4,5,16,639.27
"E6BB0530","2026-05-30","2026-02-05",1,2,5,270.81
"E6BB0530","2026-05-30","2026-02-06",1,2,4,127.98
"E6BB0530","2026-05-30","2026-02-08",1,2,6,180.82
"E6BB0530","2026-05-30","2026-02-09",6,7,17,716.95
"E6BB0530","2026-05-30","2026-02-11",3,4,9,521.56
"E6BB0530","2026-05-30","2026-02-12",3,5,14,579.95
"E6BB0530","2026-05-30","2026-02-13",1,1,3,136.32
"E6BB0530","2026-05-30","2026-02-17",2,4,13,612.92
"E6BB0530","2026-05-30","2026-02-19",3,4,9,244.25
"E6BB0530","2026-05-30","2026-02-23",1,1,2,71.81
"E6BB0530","2026-05-30","2026-02-24",2,3,7,514.73
"E6BB0530","2026-05-30","2026-02-25",1,1,2,150.38
"E6BB0530","2026-05-30","2026-02-26",1,3,9,306.24
"E6BB0530","2026-05-30","2026-02-27",5,5,14,833.89
"E6BB0530","2026-05-30","2026-03-03",2,2,4,252.81
"E6BB0530","2026-05-30","2026-03-04",2,2,4,186.07
"E6BB0530","2026-05-30","2026-03-05",4,4,10,349.47
"E6BB0530","2026-05-30","2026-03-07",3,5,16,434.77
"E6BB0530","2026-05-30","2026-03-11",1,2,6,269.62
"E6BB0530","2026-05-30","2026-03-12",1,2,6,311.99
"E6BB0530","2026-05-30","2026-03-13",1,2,5,208.2
"E6BB0530","2026-05-30","2026-03-14",2,4,12,413.27
"E6BB0530","2026-05-30","2026-03-15",1,2,4,258.06
"E6BB0530","2026-05-30","2026-03-17",5,5,12,717.52
"E6BB0530","2026-05-30","2026-03-18",1,1,2,171.32
"E6BB0530","2026-05-30","2026-03-21",5,5,11,489.55
"E6BB0530","2026-05-30","2026-03-22",3,5,10,823.41
"E6BB0530","2026-05-30","2026-03-23",2,3,8,475.4
"E6BB0530","2026-05-30","2026-03-24",1,2,5,312.71
"E6BB0530","2026-05-30","2026-03-25",1,1,2,86.85
"E6BB0530","2026-05-30","2026-03-27",6,6,13,523.02
"E6BB0530","2026-05-30","2026-03-29",3,3,9,306.17
"E6BB0530","2026-05-30","2026-04-01",4,6,19,663.54
"E6BB0530","2026-05-30","2026-04-03",2,3,8,514.66
"E6BB0530","2026-05-30","2026-04-04",1,1,3,170.96
"E6BB0530","2026-05-30","2026-04-05",2,3,5,417.1
"E6BB0530","2026-05-30","2026-04-06",6,6,11,996.8
"E6BB0530","2026-05-30","2026-04-07",2,2,6,236.43
"E6BB0530","2026-05-30","2026-04-08",1,1,2,82.04
"E6BB0530","2026-05-30","2026-04-09",6,7,18,780.71
"E6BB0530","2026-05-30","2026-04-11",3,5,15,574.84
"E6BB0530","2026-05-30","2026-04-13",3,5,10,708.79
"E6BB0530","2026-05-30","2026-04-14",5,7,13,685.92
"E6BB0530","2026-05-30","2026-04-17",3,3,7,391.22
"E6BB0530","2026-05-30","2026-04-18",7,7,20,514.09
"E6BB0530","2026-05-30","2026-04-19",1,2,5,241.24
"E6BB0530","2026-05-30","2026-04-20",5,5,14,459.91
"E6BB0530","2026-05-30","2026-04-21",3,4,11,256.92
"E6BB0530","2026-05-30","2026-04-23",4,5,13,373.64
"E6BB0530","2026-05-30","2026-04-24",7,7,19,956.55
"E6BB0530","2026-05-30","2026-04-27",4,6,14,780.99
"E6BB0530","2026-05-30","2026-04-30",7,8,15,778.89
"E6BB0530","2026-05-30","2026-05-01",8,9,28,603.59
"E6BB0530","2026-05-30","2026-05-06",10,11,34,874.73
"E6BB0530","2026-05-30","2026-05-08",5,5,11,502.66
"E6BB0530","2026-05-30","2026-05-09",11,13,28,1665.86
"E6BB0530","2026-05-30","2026-05-10",11,12,30,1219.24
"E6BB0530","2026-05-30","2026-05-11",9,9,18,1523.87
"E6BB0530","2026-05-30","2026-05-12",9,9,24,1067.86
"E6BB0530","2026-05-30","2026-05-14",9,9,17,986.36
"E6BB0530","2026-05-30","2026-05-16",8,9,28,1609.51
"E6BB0530","2026-05-30","2026-05-19",12,13,29,2226.63
"E6BB0530","2026-05-30","2026-05-24",13,14,32,936.6
"E6BB0531","2026-05-31","2026-01-31",2,3,9,200.08
"E6BB0531","2026-05-31","2026-02-01",2,2,5,261.11
"E6BB0531","2026-05-31","2026-02-02",5,5,10,349.41
"E6BB0531","2026-05-31","2026-02-03",1,3,6,232.54
"E6BB0531","2026-05-31","2026-02-06",1,3,7,456.57
"E6BB0531","2026-05-31","2026-02-08",1,1,2,135.12
"E6BB0531","2026-05-31","2026-02-11",4,5,14,405.66
"E6BB0531","2026-05-31","2026-02-13",1,1,2,108.15
"E6BB0531","2026-05-31","2026-02-14",1,3,6,186.99
"E6BB0531","2026-05-31","2026-02-15",2,3,8,246.28
"E6BB0531","2026-05-31","2026-02-17",4,5,15,719.96
"E6BB0531","2026-05-31","2026-02-18",3,5,11,476.54
"E6BB0531","2026-05-31","2026-02-19",2,3,7,342.75
"E6BB0531","2026-05-31","2026-02-20",6,6,15,862.71
"E6BB0531","2026-05-31","2026-02-22",5,6,16,471.16
"E6BB0531","2026-05-31","2026-02-23",2,3,7,467.82
"E6BB0531","2026-05-31","2026-02-24",2,3,9,453.72
"E6BB0531","2026-05-31","2026-02-26",3,3,6,217.17
"E6BB0531","2026-05-31","2026-02-27",1,1,2,153.37
"E6BB0531","2026-05-31","2026-03-04",3,4,9,422.66
"E6BB0531","2026-05-31","2026-03-05",5,6,17,419.05
"E6BB0531","2026-05-31","2026-03-06",1,1,3,159.74
"E6BB0531","2026-05-31","2026-03-08",1,1,3,81.53
"E6BB0531","2026-05-31","2026-03-09",2,4,7,363.74
"E6BB0531","2026-05-31","2026-03-10",1,1,3,145.14
"E6BB0531","2026-05-31","2026-03-11",4,5,14,581.61
"E6BB0531","2026-05-31","2026-03-12",6,6,12,939.43
"E6BB0531","2026-05-31","2026-03-16",4,5,16,688.87
"E6BB0531","2026-05-31","2026-03-17",1,2,6,247.35
"E6BB0531","2026-05-31","2026-03-19",3,4,10,541.71
"E6BB0531","2026-05-31","2026-03-20",3,3,6,411.5
"E6BB0531","2026-05-31","2026-03-22",6,6,17,576.44
"E6BB0531","2026-05-31","2026-03-24",1,2,4,234.18
"E6BB0531","2026-05-31","2026-03-25",3,3,9,313.77
"E6BB0531","2026-05-31","2026-03-26",3,4,9,343.71
"E6BB0531","2026-05-31","2026-03-28",2,4,10,656.29
"E6BB0531","2026-05-31","2026-03-29",3,3,8,206.24
"E6BB0531","2026-05-31","2026-03-31",5,5,16,720.36
"E6BB0531","2026-05-31","2026-04-01",4,5,13,683.14
"E6BB0531","2026-05-31","2026-04-02",1,1,3,101.76
"E6BB0531","2026-05-31","2026-04-04",4,4,11,326.76
"E6BB0531","2026-05-31","2026-04-06",3,5,10,427.82
"E6BB0531","2026-05-31","2026-04-07",4,5,14,334.77
"E6BB0531","2026-05-31","2026-04-13",2,3,6,257.31
"E6BB0531","2026-05-31","2026-04-15",5,5,15,709.12
"E6BB0531","2026-05-31","2026-04-16",5,7,19,1045.46
"E6BB0531","2026-05-31","2026-04-21",4,5,14,349.11
"E6BB0531","2026-05-31","2026-04-22",5,7,14,1172.54
"E6BB0531","2026-05-31","2026-04-24",5,6,13,987.73
"E6BB0531","2026-05-31","2026-04-27",2,2,4,278.01
"E6BB0531","2026-05-31","2026-04-28",4,5,9,577.05
"E6BB0531","2026-05-31","2026-05-02",11,11,24,1215.44
"E6BB0531","2026-05-31","2026-05-03",6,6,19,802.97
"E6BB0531","2026-05-31","2026-05-04",7,7,22,715.29
"E6BB0531","2026-05-31","2026-05-13",5,6,16,547.76
"E6BB0531","2026-05-31","2026-05-14",10,11,29,1904.33
"E6BB0531","2026-05-31","2026-05-15",11,13,36,903.59
"E6BB0531","2026-05-31","2026-05-16",6,8,23,1293.77
"E6BB0531","2026-05-31","2026-05-17",10,12,29,1484.54
"E6BB0531","2026-05-31","2026-05-18",12,13,25,1074.74
"E6BB0531","2026-05-31","2026-05-20",11,12,29,1307.94
"E6BB0531","2026-05-31","2026-05-21",13,14,37,1972.27
"E6BB0531","2026-05-31","2026-05-22",11,13,40,887.04
"E6BB0531","2026-05-31","2026-05-24",13,14,40,1684.05
"E6BB0531","2026-05-31","2026-05-26",12,14,43,1105.88
"E6BB0531","2026-05-31","2026-05-27",10,12,31,781.64
"E6BB0531","2026-05-31","2026-05-28",13,15,31,1263.03
"E6BB0531","2026-05-31","2026-05-29",16,18,53,1529.24
"E6BB0531","2026-05-31","2026-05-30",17,18,35,2189.77
"E6BB0602","2026-06-02","2026-02-03",1,2,6,295.15
"E6BB0602","2026-06-02","2026-02-05",5,5,13,490.68
"E6BB0602","2026-06-02","2026-02-07",4,5,10,477.92
"E6BB0602","2026-06-02","2026-02-09",6,7,22,520.37
"E6BB0602","2026-06-02","2026-02-10",3,3,5,199.68
"E6BB0602","2026-06-02","2026-02-11",2,3,5,241.77
"E6BB0602","2026-06-02","2026-02-13",3,5,10,642.65
"E6BB0602","2026-06-02","2026-02-16",4,4,10,387.05
"E6BB0602","2026-06-02","2026-02-17",1,2,5,281.95
"E6BB0602","2026-06-02","2026-02-19",1,2,6,204.85
"E6BB0602","2026-06-02","2026-02-20",4,4,12,509.1
"E6BB0602","2026-06-02","2026-02-21",1,1,2,68.8
"E6BB0602","2026-06-02","2026-02-22",7,9,17,914.72
"E6BB0602","2026-06-02","2026-02-23",2,4,11,465.62
"E6BB0602","2026-06-02","2026-03-03",5,6,16,804.91
"E6BB0602","2026-06-02","2026-03-04",1,2,4,305.24
"E6BB0602","2026-06-02","2026-03-06",3,3,6,458.13
"E6BB0602","2026-06-02","2026-03-07",1,3,6,326.48
"E6BB0602","2026-06-02","2026-03-09",3,4,11,586.12
"E6BB0602","2026-06-02","2026-03-13",1,1,3,74.06
"E6BB0602","2026-06-02","2026-03-15",1,2,6,320.65
"E6BB0602","2026-06-02","2026-03-17",1,3,9,192.28
"E6BB0602","2026-06-02","2026-03-19",4,5,14,494.38
"E6BB0602","2026-06-02","2026-03-22",5,5,12,414.43
"E6BB0602","2026-06-02","2026-03-24",1,3,8,379.35
"E6BB0602","2026-06-02","2026-03-25",3,4,12,604.92
"E6BB0602","2026-06-02","2026-03-26",4,4,12,389.59
"E6BB0602","2026-06-02","2026-03-28",3,4,11,588.98
"E6BB0602","2026-06-02","2026-04-01",1,3,5,256.7
"E6BB0602","2026-06-02","2026-04-02",6,6,12,382.57
"E6BB0602","2026-06-02","2026-04-03",1,2,4,154.15
"E6BB0602","2026-06-02","2026-04-05",1,2,5,289.17
"E6BB0602","2026-06-02","2026-04-06",2,2,6,129.28
"E6BB0602","2026-06-02","2026-04-09",3,5,11,793.6
"E6BB0602","2026-06-02","2026-04-10",5,6,14,592.4
"E6BB0602","2026-06-02","2026-04-12",3,3,6,204.88
"E6BB0602","2026-06-02","2026-04-16",4,6,14,929.75
"E6BB0602","2026-06-02","2026-04-18",5,6,18,919.04
"E6BB0602","2026-06-02","2026-04-19",4,4,11,715.28
"E6BB0602","2026-06-02","2026-04-21",1,3,5,262.85
"E6BB0602","2026-06-02","2026-04-26",4,4,12,571.53
"E6BB0602","2026-06-02","2026-04-28",4,6,12,395.03
"E6BB0602","2026-06-02","2026-04-29",6,7,13,597.29
"E6BB0602","2026-06-02","2026-04-30",8,9,24,986.49
"E6BB0602","2026-06-02","2026-05-02",4,5,12,404.77
"E6BB0602","2026-06-02","2026-05-07",6,6,13,828.65
"E6BB0602","2026-06-02","2026-05-08",2,3,9,419.39
"E6BB0602","2026-06-02","2026-05-12",5,7,15,1187.41
"E6BB0602","2026-06-02","2026-05-13",14,14,35,2234.08
"E6BB0602","2026-06-02","2026-05-14",7,8,20,883.89
"E6BB0602","2026-06-02","2026-05-15",11,12,22,1697.02
"E6BB0602","2026-06-02","2026-05-20",13,13,29,1059.2
"E6BB0602","2026-06-02","2026-05-22",11,11,20,1459.85
"E6BB0602","2026-06-02","2026-05-23",14,14,40,841.18
"E6BB0602","2026-06-02","2026-05-24",10,12,32,1831.6
"E6BB0602","2026-06-02","2026-05-26",13,13,28,780.93
"E6BB0602","2026-06-02","2026-05-27",11,12,30,788.87
"E6BB0602","2026-06-02","2026-05-29",17,18,46,1424.51
"E6BB0602","2026-06-02","2026-05-30",12,14,45,1160.23
"E6BB0602","2026-06-02","2026-06-01",17,18,39,1543.46
"E6BB0602","2026-06-02","2026-06-02",16,18,48,1531.36
"E6BB0605","2026-06-05","2026-02-07",1,1,2,161.13
"E6BB0605","2026-06-05","2026-02-08",4,4,12,549.11
"E6BB0605","2026-06-05","2026-02-09",3,4,7,580.17
"E6BB0605","2026-06-05","2026-02-10",1,1,3,155.11
"E6BB0605","2026-06-05","2026-02-11",5,5,14,422.52
"E6BB0605","2026-06-05","2026-02-13",1,1,3,61.63
"E6BB0605","2026-06-05","2026-02-14",6,6,12,764.33
"E6BB0605","2026-06-05","2026-02-17",1,1,2,171.5
"E6BB0605","2026-06-05","2026-02-22",3,5,13,822.85
"E6BB0605","2026-06-05","2026-02-24",1,1,2,133.32
"E6BB0605","2026-06-05","2026-02-25",1,3,8,327.06
"E6BB0605","2026-06-05","2026-02-26",4,4,10,577.12
"E6BB0605","2026-06-05","2026-02-27",1,3,9,278.58
"E6BB0605","2026-06-05","2026-02-28",1,2,5,199.67
"E6BB0605","2026-06-05","2026-03-01",4,4,11,495.73
"E6BB0605","2026-06-05","2026-03-06",5,5,13,331.01
"E6BB0605","2026-06-05","2026-03-07",1,2,4,156
"E6BB0605","2026-06-05","2026-03-09",3,4,8,486.96
"E6BB0605","2026-06-05","2026-03-11",4,5,16,592.84
"E6BB0605","2026-06-05","2026-03-12",2,3,8,455.27
"E6BB0605","2026-06-05","2026-03-13",3,3,6,343.89
"E6BB0605","2026-06-05","2026-03-14",4,4,10,267.97
"E6BB0605","2026-06-05","2026-03-15",7,7,20,968.54
"E6BB0605","2026-06-05","2026-03-17",3,5,13,870.07
"E6BB0605","2026-06-05","2026-03-18",1,1,2,158.05
"E6BB0605","2026-06-05","2026-03-19",1,3,10,362.78
"E6BB0605","2026-06-05","2026-03-20",1,2,6,318.44
"E6BB0605","2026-06-05","2026-03-22",3,5,15,488.42
"E6BB0605","2026-06-05","2026-03-24",1,1,2,77.72
"E6BB0605","2026-06-05","2026-03-25",4,4,12,409.2
"E6BB0605","2026-06-05","2026-03-26",1,2,6,318.35
"E6BB0605","2026-06-05","2026-03-27",2,4,8,612.41
"E6BB0605","2026-06-05","2026-03-28",3,5,13,494.6
"E6BB0605","2026-06-05","2026-03-31",4,4,10,300.34
"E6BB0605","2026-06-05","2026-04-01",2,4,9,680.21
"E6BB0605","2026-06-05","2026-04-02",1,1,2,145.81
"E6BB0605","2026-06-05","2026-04-03",2,3,9,406.35
"E6BB0605","2026-06-05","2026-04-05",6,6,12,705.24
"E6BB0605","2026-06-05","2026-04-08",4,5,9,628.17
"E6BB0605","2026-06-05","2026-04-09",6,6,12,558.07
"E6BB0605","2026-06-05","2026-04-10",5,5,14,365.06
"E6BB0605","2026-06-05","2026-04-13",3,4,7,591.75
"E6BB0605","2026-06-05","2026-04-16",1,3,8,468.91
"E6BB0605","2026-06-05","2026-04-18",1,2,6,337.37
"E6BB0605","2026-06-05","2026-04-19",1,1,3,61.56
"E6BB0605","2026-06-05","2026-04-23",5,7,20,1190.8
"E6BB0605","2026-06-05","2026-04-24",3,3,8,508.99
"E6BB0605","2026-06-05","2026-04-25",1,2,5,214.95
"E6BB0605","2026-06-05","2026-04-26",4,5,15,792.7
"E6BB0605","2026-06-05","2026-04-27",3,3,5,344.85
"E6BB0605","2026-06-05","2026-04-28",1,1,2,116.71
"E6BB0605","2026-06-05","2026-04-30",8,8,14,1386.21
"E6BB0605","2026-06-05","2026-05-01",6,7,13,930.88
"E6BB0605","2026-06-05","2026-05-05",6,7,19,887.3
"E6BB0605","2026-06-05","2026-05-07",7,9,18,965.92
"E6BB0605","2026-06-05","2026-05-08",1,1,3,68.81
"E6BB0605","2026-06-05","2026-05-09",9,10,23,1370.44
"E6BB0605","2026-06-05","2026-05-10",6,8,19,699.7
"E6BB0605","2026-06-05","2026-05-11",5,6,14,905.85
"E6BB0605","2026-06-05","2026-05-13",5,6,12,734.39
"E6BB0605","2026-06-05","2026-05-14",10,11,21,1098.69
"E6BB0605","2026-06-05","2026-05-16",10,10,19,1152.95
"E6BB0605","2026-06-05","2026-05-19",8,9,20,561.8
"E6BB0605","2026-06-05","2026-05-20",13,13,32,1032.38
"E6BB0605","2026-06-05","2026-05-21",9,9,27,640.47
"E6BB0605","2026-06-05","2026-05-22",11,12,26,832.02
"E6BB0605","2026-06-05","2026-05-23",10,11,35,1532.49
"E6BB0605","2026-06-05","2026-05-24",8,9,17,1336.3
"E6BB0605","2026-06-05","2026-05-25",12,13,25,1004.46
"E6BB0605","2026-06-05","2026-05-29",8,9,26,962.78
"E6BB0605","2026-06-05","2026-05-30",10,11,23,1365.66
"E6BB0605","2026-06-05","2026-05-31",15,17,32,2777.81
"E6BB0605","2026-06-05","2026-06-01",12,14,29,1706.52
"E6BB0605","2026-06-05","2026-06-03",16,17,31,2966.43
"E6BB0605","2026-06-05","2026-06-04",17,19,49,2795.27
"E6BB0605","2026-06-05","2026-06-05",17,18,33,1172.31
"E6BB0606","2026-06-06","2026-02-07",3,5,9,658.54
"E6BB0606","2026-06-06","2026-02-09",1,1,2,156.45
"E6BB0606","2026-06-06","2026-02-10",6,6,14,1047.47
"E6BB0606","2026-06-06","2026-02-11",3,4,10,645.19
"E6BB0606","2026-06-06","2026-02-15",3,3,8,440.38
"E6BB0606","2026-06-06","2026-02-17",4,6,11,699.22
"E6BB0606","2026-06-06","2026-02-18",2,4,11,343.41
"E6BB0606","2026-06-06","2026-02-21",1,2,6,190.26
"E6BB0606","2026-06-06","2026-02-22",3,3,9,417.56
"E6BB0606","2026-06-06","2026-02-23",1,1,2,76.37
"E6BB0606","2026-06-06","2026-02-24",2,3,9,528.3
"E6BB0606","2026-06-06","2026-02-25",2,4,8,251.9
"E6BB0606","2026-06-06","2026-02-26",4,5,12,598.35
"E6BB0606","2026-06-06","2026-03-01",1,2,4,165.57
"E6BB0606","2026-06-06","2026-03-04",1,2,4,348.3
"E6BB0606","2026-06-06","2026-03-06",6,6,15,937.6
"E6BB0606","2026-06-06","2026-03-07",1,2,5,246.22
"E6BB0606","2026-06-06","2026-03-08",1,1,3,125.03
"E6BB0606","2026-06-06","2026-03-09",1,1,2,72.4
"E6BB0606","2026-06-06","2026-03-10",1,1,3,91.95
"E6BB0606","2026-06-06","2026-03-14",6,8,23,1135.11
"E6BB0606","2026-06-06","2026-03-15",3,3,8,338.6
"E6BB0606","2026-06-06","2026-03-16",1,1,2,60.27
"E6BB0606","2026-06-06","2026-03-18",1,2,5,313.14
"E6BB0606","2026-06-06","2026-03-19",2,2,4,289.85
"E6BB0606","2026-06-06","2026-03-20",4,4,7,399.72
"E6BB0606","2026-06-06","2026-03-21",2,4,13,240.46
"E6BB0606","2026-06-06","2026-03-22",1,1,3,70.1
"E6BB0606","2026-06-06","2026-03-23",2,3,8,239.99
"E6BB0606","2026-06-06","2026-03-24",6,6,12,945.02
"E6BB0606","2026-06-06","2026-03-25",1,2,5,314.84
"E6BB0606","2026-06-06","2026-03-27",1,2,5,224.35
"E6BB0606","2026-06-06","2026-03-28",1,1,3,171.72
"E6BB0606","2026-06-06","2026-03-29",1,3,9,187.38
"E6BB0606","2026-06-06","2026-03-30",3,3,7,414.11
"E6BB0606","2026-06-06","2026-03-31",1,1,3,93.26
"E6BB0606","2026-06-06","2026-04-01",5,7,20,930.51
"E6BB0606","2026-06-06","2026-04-03",3,5,11,484.53
"E6BB0606","2026-06-06","2026-04-04",4,4,10,275.01
"E6BB0606","2026-06-06","2026-04-05",3,3,9,521.52
"E6BB0606","2026-06-06","2026-04-06",1,1,2,62.95
"E6BB0606","2026-06-06","2026-04-07",3,3,6,379.42
"E6BB0606","2026-06-06","2026-04-08",2,4,11,267.37
"E6BB0606","2026-06-06","2026-04-09",1,3,8,193.53
"E6BB0606","2026-06-06","2026-04-10",1,2,6,154.44
"E6BB0606","2026-06-06","2026-04-14",2,2,4,293.19
"E6BB0606","2026-06-06","2026-04-15",5,5,13,440.57
"E6BB0606","2026-06-06","2026-04-18",1,3,8,512.6
"E6BB0606","2026-06-06","2026-04-19",3,4,11,507.89
"E6BB0606","2026-06-06","2026-04-20",2,4,10,630.08
"E6BB0606","2026-06-06","2026-04-22",3,3,9,183.92
"E6BB0606","2026-06-06","2026-04-24",2,4,12,606.63
"E6BB0606","2026-06-06","2026-04-25",3,3,9,291.09
"E6BB0606","2026-06-06","2026-04-26",6,6,15,720.17
"E6BB0606","2026-06-06","2026-04-27",5,6,17,1051.97
"E6BB0606","2026-06-06","2026-04-29",2,4,13,650.18
"E6BB0606","2026-06-06","2026-04-30",5,7,20,1151.66
"E6BB0606","2026-06-06","2026-05-01",5,7,19,600.92
"E6BB0606","2026-06-06","2026-05-02",3,5,11,500.95
"E6BB0606","2026-06-06","2026-05-03",2,4,13,620.75
"E6BB0606","2026-06-06","2026-05-04",6,8,23,961.46
"E6BB0606","2026-06-06","2026-05-05",7,7,19,1163.58
"E6BB0606","2026-06-06","2026-05-07",5,6,19,473.7
"E6BB0606","2026-06-06","2026-05-09",7,9,22,1105.01
"E6BB0606","2026-06-06","2026-05-11",8,9,20,1497.75
"E6BB0606","2026-06-06","2026-05-12",10,12,25,1289.49
"E6BB0606","2026-06-06","2026-05-15",6,6,18,773.02
"E6BB0606","2026-06-06","2026-05-16",5,6,19,814.74
"E6BB0606","2026-06-06","2026-05-18",13,13,36,1757.31
"E6BB0606","2026-06-06","2026-05-19",8,9,17,1415.09
"E6BB0606","2026-06-06","2026-05-20",8,10,31,1134.99
"E6BB0606","2026-06-06","2026-05-21",9,11,23,1905.07
"E6BB0606","2026-06-06","2026-05-22",12,12,36,1388.1
"E6BB0606","2026-06-06","2026-05-23",7,9,23,1180.86
"E6BB0606","2026-06-06","2026-05-24",13,15,31,2294.2
"E6BB0606","2026-06-06","2026-05-25",10,11,34,1783.91
"E6BB0606","2026-06-06","2026-05-26",8,8,23,1105.37
"E6BB0606","2026-06-06","2026-05-27",12,12,27,2115.39
"E6BB0606","2026-06-06","2026-05-29",13,13,30,881.81
"E6BB0606","2026-06-06","2026-05-31",12,12,32,1946.2
"E6BB0606","2026-06-06","2026-06-01",13,15,38,1992.96
"E6BB0606","2026-06-06","2026-06-04",19,20,51,3092.85
"E6BB0606","2026-06-06","2026-06-05",15,17,52,1414.52
"E6BB0607","2026-06-07","2026-02-07",2,3,9,215.29
"E6BB0607","2026-06-07","2026-02-09",2,2,5,324.29
"E6BB0607","2026-06-07","2026-02-10",1,1,2,151.44
"E6BB0607","2026-06-07","2026-02-12",1,1,2,157.52
"E6BB0607","2026-06-07","2026-02-14",3,5,10,735.9
"E6BB0607","2026-06-07","2026-02-16",3,5,15,731.61
"E6BB0607","2026-06-07","2026-02-17",4,4,12,519.75
"E6BB0607","2026-06-07","2026-02-18",3,3,9,241.94
"E6BB0607","2026-06-07","2026-02-22",4,6,17,673.93
"E6BB0607","2026-06-07","2026-02-23",5,5,10,503.01
"E6BB0607","2026-06-07","2026-02-24",2,4,12,336.29
"E6BB0607","2026-06-07","2026-02-28",1,3,8,313.41
"E6BB0607","2026-06-07","2026-03-01",1,3,6,202.79
"E6BB0607","2026-06-07","2026-03-02",1,2,6,170.15
"E6BB0607","2026-06-07","2026-03-03",3,3,6,246.17
"E6BB0607","2026-06-07","2026-03-04",5,5,9,441.97
"E6BB0607","2026-06-07","2026-03-08",5,7,19,425.48
"E6BB0607","2026-06-07","2026-03-09",3,3,7,228.58
"E6BB0607","2026-06-07","2026-03-11",3,4,10,334.96
"E6BB0607","2026-06-07","2026-03-14",5,5,10,366.41
"E6BB0607","2026-06-07","2026-03-15",2,2,5,336.48
"E6BB0607","2026-06-07","2026-03-16",3,4,12,669.83
"E6BB0607","2026-06-07","2026-03-17",1,3,6,499.67
"E6BB0607","2026-06-07","2026-03-18",1,1,3,114.4
"E6BB0607","2026-06-07","2026-03-19",3,5,11,730.97
"E6BB0607","2026-06-07","2026-03-20",1,1,2,165.71
"E6BB0607","2026-06-07","2026-03-21",3,3,6,538.9
"E6BB0607","2026-06-07","2026-03-23",3,4,9,393.42
"E6BB0607","2026-06-07","2026-03-25",2,2,5,146.37
"E6BB0607","2026-06-07","2026-03-26",5,7,13,763.88
"E6BB0607","2026-06-07","2026-03-27",2,3,6,469.12
"E6BB0607","2026-06-07","2026-03-30",2,3,8,245.17
"E6BB0607","2026-06-07","2026-04-01",1,3,9,288.85
"E6BB0607","2026-06-07","2026-04-02",1,2,5,241.32
"E6BB0607","2026-06-07","2026-04-03",1,1,2,144.07
"E6BB0607","2026-06-07","2026-04-04",3,4,8,324.02
"E6BB0607","2026-06-07","2026-04-05",1,3,8,476.93
"E6BB0607","2026-06-07","2026-04-08",1,1,3,83.89
"E6BB0607","2026-06-07","2026-04-09",1,2,4,235.67
"E6BB0607","2026-06-07","2026-04-13",3,3,8,462.39
"E6BB0607","2026-06-07","2026-04-14",4,4,9,334.05
"E6BB0607","2026-06-07","2026-04-15",3,3,6,373.58
"E6BB0607","2026-06-07","2026-04-17",3,3,9,241.8
"E6BB0607","2026-06-07","2026-04-18",4,4,9,327.17
"E6BB0607","2026-06-07","2026-04-21",7,8,18,1220.33
"E6BB0607","2026-06-07","2026-04-23",6,6,12,409.16
"E6BB0607","2026-06-07","2026-04-24",1,1,3,133.03
"E6BB0607","2026-06-07","2026-04-25",5,5,15,339.8
"E6BB0607","2026-06-07","2026-04-26",6,6,15,878.96
"E6BB0607","2026-06-07","2026-04-29",3,5,11,895.3
"E6BB0607","2026-06-07","2026-05-01",7,7,16,1171.52
"E6BB0607","2026-06-07","2026-05-02",1,3,6,469.11
"E6BB0607","2026-06-07","2026-05-04",7,9,20,1155.94
"E6BB0607","2026-06-07","2026-05-05",2,4,12,414.66
"E6BB0607","2026-06-07","2026-05-07",9,10,24,1375.4
"E6BB0607","2026-06-07","2026-05-09",1,2,6,210.71
"E6BB0607","2026-06-07","2026-05-10",7,7,19,974.13
"E6BB0607","2026-06-07","2026-05-13",4,5,15,409.8
"E6BB0607","2026-06-07","2026-05-15",5,6,16,518.59
"E6BB0607","2026-06-07","2026-05-19",9,9,24,1391.89
"E6BB0607","2026-06-07","2026-05-21",6,6,13,764.21
"E6BB0607","2026-06-07","2026-05-22",5,6,17,1014.02
"E6BB0607","2026-06-07","2026-05-23",8,9,25,1307.18
"E6BB0607","2026-06-07","2026-05-24",10,12,26,1181.96
"E6BB0607","2026-06-07","2026-05-27",14,16,30,2155.98
"E6BB0607","2026-06-07","2026-06-03",13,15,40,1230.39
"E6BB0607","2026-06-07","2026-06-04",17,17,38,2053.81
"E6BB0607","2026-06-07","2026-06-05",15,16,29,965.49
"E6BB0607","2026-06-07","2026-06-06",14,15,37,2055.51
"E6BB0607","2026-06-07","2026-06-07",14,16,32,1130.29
"E6BB0609","2026-06-09","2026-02-09",1,2,5,124.63
"E6BB0609","2026-06-09","2026-02-10",4,4,12,267.85
"E6BB0609","2026-06-09","2026-02-11",1,1,3,170.77
"E6BB0609","2026-06-09","2026-02-12",1,1,3,115.53
"E6BB0609","2026-06-09","2026-02-13",1,1,2,104.53
"E6BB0609","2026-06-09","2026-02-16",1,1,2,148.74
"E6BB0609","2026-06-09","2026-02-17",1,1,3,120.57
"E6BB0609","2026-06-09","2026-02-18",7,7,15,923.03
"E6BB0609","2026-06-09","2026-02-19",3,3,7,521.6
"E6BB0609","2026-06-09","2026-02-20",1,2,5,170.17
"E6BB0609","2026-06-09","2026-02-21",2,2,5,238.31
"E6BB0609","2026-06-09","2026-02-22",6,6,16,562.04
"E6BB0609","2026-06-09","2026-02-24",3,5,16,653.83
"E6BB0609","2026-06-09","2026-02-26",2,4,12,694.4
"E6BB0609","2026-06-09","2026-02-27",2,2,4,131.73
"E6BB0609","2026-06-09","2026-02-28",1,2,4,293.75
"E6BB0609","2026-06-09","2026-03-01",1,3,7,223.13
"E6BB0609","2026-06-09","2026-03-03",2,2,4,258.47
"E6BB0609","2026-06-09","2026-03-04",3,4,11,521.75
"E6BB0609","2026-06-09","2026-03-05",4,4,12,683.3
"E6BB0609","2026-06-09","2026-03-08",1,2,6,188.19
"E6BB0609","2026-06-09","2026-03-16",1,1,3,78.56
"E6BB0609","2026-06-09","2026-03-17",1,2,6,205.7
"E6BB0609","2026-06-09","2026-03-18",4,4,8,596.08
"E6BB0609","2026-06-09","2026-03-20",1,1,3,146.91
"E6BB0609","2026-06-09","2026-03-21",1,3,6,524.2
"E6BB0609","2026-06-09","2026-03-23",3,5,9,814.78
"E6BB0609","2026-06-09","2026-03-24",2,2,5,171.23
"E6BB0609","2026-06-09","2026-03-25",4,4,12,489.19
"E6BB0609","2026-06-09","2026-03-26",5,5,11,507.79
"E6BB0609","2026-06-09","2026-03-27",1,1,3,108.13
"E6BB0609","2026-06-09","2026-03-28",4,5,15,522.29
"E6BB0609","2026-06-09","2026-03-29",1,2,5,187.69
"E6BB0609","2026-06-09","2026-03-31",7,8,15,797.31
"E6BB0609","2026-06-09","2026-04-01",2,2,5,163.9
"E6BB0609","2026-06-09","2026-04-03",1,2,6,203.42
"E6BB0609","2026-06-09","2026-04-04",4,6,15,768.19
"E6BB0609","2026-06-09","2026-04-06",8,8,24,1296.08
"E6BB0609","2026-06-09","2026-04-07",1,3,8,200.13
"E6BB0609","2026-06-09","2026-04-08",5,6,16,517.23
"E6BB0609","2026-06-09","2026-04-09",1,1,2,134.08
"E6BB0609","2026-06-09","2026-04-10",3,4,7,709.59
"E6BB0609","2026-06-09","2026-04-12",1,1,3,93.89
"E6BB0609","2026-06-09","2026-04-13",1,3,5,475.81
"E6BB0609","2026-06-09","2026-04-14",2,4,12,373.53
"E6BB0609","2026-06-09","2026-04-15",4,5,14,791.43
"E6BB0609","2026-06-09","2026-04-16",3,4,9,417.29
"E6BB0609","2026-06-09","2026-04-19",1,1,2,81.05
"E6BB0609","2026-06-09","2026-04-20",3,5,15,430.47
"E6BB0609","2026-06-09","2026-04-21",5,6,17,372.34
"E6BB0609","2026-06-09","2026-04-22",2,4,10,393.37
"E6BB0609","2026-06-09","2026-04-23",3,3,8,206.19
"E6BB0609","2026-06-09","2026-04-24",3,5,11,766.09
"E6BB0609","2026-06-09","2026-04-25",4,5,9,452.56
"E6BB0609","2026-06-09","2026-04-28",3,4,10,523.13
"E6BB0609","2026-06-09","2026-04-30",4,6,18,865.78
"E6BB0609","2026-06-09","2026-05-01",2,4,9,292.85
"E6BB0609","2026-06-09","2026-05-03",2,2,4,295.69
"E6BB0609","2026-06-09","2026-05-04",5,7,22,530.15
"E6BB0609","2026-06-09","2026-05-05",10,10,23,1388.18
"E6BB0609","2026-06-09","2026-05-06",5,6,14,597.34
"E6BB0609","2026-06-09","2026-05-07",7,7,15,680.22
"E6BB0609","2026-06-09","2026-05-08",2,4,9,374
"E6BB0609","2026-06-09","2026-05-09",5,6,19,406.76
"E6BB0609","2026-06-09","2026-05-10",7,7,18,512.05
"E6BB0609","2026-06-09","2026-05-12",2,4,13,434.81
"E6BB0609","2026-06-09","2026-05-13",1,2,5,158.38
"E6BB0609","2026-06-09","2026-05-15",8,8,24,728.08
"E6BB0609","2026-06-09","2026-05-17",5,6,18,552.15
"E6BB0609","2026-06-09","2026-05-18",9,11,35,1415.57
"E6BB0609","2026-06-09","2026-05-19",8,10,19,1043.97
"E6BB0609","2026-06-09","2026-05-23",6,6,12,492.4
"E6BB0609","2026-06-09","2026-05-24",8,8,20,1187.37
"E6BB0609","2026-06-09","2026-05-25",7,8,19,1378.88
"E6BB0609","2026-06-09","2026-05-27",12,14,32,949.37
"E6BB0609","2026-06-09","2026-05-28",12,12,30,1776.22
"E6BB0609","2026-06-09","2026-05-29",9,9,23,576.11
"E6BB0609","2026-06-09","2026-05-31",9,9,20,1233.24
"E6BB0609","2026-06-09","2026-06-01",11,13,28,1309.57
"E6BB0609","2026-06-09","2026-06-02",12,14,35,2456.33
"E6BB0609","2026-06-09","2026-06-03",14,15,45,1610.7
"E6BB0609","2026-06-09","2026-06-04",13,15,36,1592.47
"E6BB0609","2026-06-09","2026-06-06",17,17,31,1102.41
"E6BB0609","2026-06-09","2026-06-07",19,20,40,2561.04
"E6BB0609","2026-06-09","2026-06-08",15,17,32,2906.94
"E6BB0609","2026-06-09","2026-06-09",16,16,41,1808.8
"E6BB0612","2026-06-12","2026-02-16",1,1,3,112.99
"E6BB0612","2026-06-12","2026-02-19",4,4,12,702.62
"E6BB0612","2026-06-12","2026-02-20",1,1,2,151.7
"E6BB0612","2026-06-12","2026-02-21",3,3,9,386.18
"E6BB0612","2026-06-12","2026-02-22",3,4,10,419.27
"E6BB0612","2026-06-12","2026-02-23",3,5,10,890.29
"E6BB0612","2026-06-12","2026-02-25",4,4,8,368.15
"E6BB0612","2026-06-12","2026-02-26",4,5,11,386.88
"E6BB0612","2026-06-12","2026-02-27",1,1,3,84.01
"E6BB0612","2026-06-12","2026-02-28",1,2,6,279.91
"E6BB0612","2026-06-12","2026-03-01",2,3,8,499.05
"E6BB0612","2026-06-12","2026-03-04",5,5,15,675.8
"E6BB0612","2026-06-12","2026-03-05",1,2,5,164.41
"E6BB0612","2026-06-12","2026-03-10",4,5,13,897.3
"E6BB0612","2026-06-12","2026-03-11",1,1,2,93.74
"E6BB0612","2026-06-12","2026-03-13",3,4,12,589.83
"E6BB0612","2026-06-12","2026-03-14",4,5,9,366.98
"E6BB0612","2026-06-12","2026-03-15",1,1,2,63.3
"E6BB0612","2026-06-12","2026-03-17",1,2,5,219.62
"E6BB0612","2026-06-12","2026-03-18",1,3,9,353
"E6BB0612","2026-06-12","2026-03-19",1,1,3,147.12
"E6BB0612","2026-06-12","2026-03-20",1,2,4,217.35
"E6BB0612","2026-06-12","2026-03-21",4,4,10,517.51
"E6BB0612","2026-06-12","2026-03-22",3,3,8,489.95
"E6BB0612","2026-06-12","2026-03-23",5,5,11,589.51
"E6BB0612","2026-06-12","2026-03-24",1,2,4,336.52
"E6BB0612","2026-06-12","2026-03-28",4,6,16,688
"E6BB0612","2026-06-12","2026-03-30",5,5,14,586.41
"E6BB0612","2026-06-12","2026-03-31",2,3,6,439.36
"E6BB0612","2026-06-12","2026-04-01",5,6,14,853.41
"E6BB0612","2026-06-12","2026-04-02",1,1,3,121.42
"E6BB0612","2026-06-12","2026-04-04",8,8,15,1027.5
"E6BB0612","2026-06-12","2026-04-05",1,1,3,154.61
"E6BB0612","2026-06-12","2026-04-06",6,6,13,1040.72
"E6BB0612","2026-06-12","2026-04-08",2,3,8,459.72
"E6BB0612","2026-06-12","2026-04-09",2,3,6,364.73
"E6BB0612","2026-06-12","2026-04-10",1,1,2,147.58
"E6BB0612","2026-06-12","2026-04-11",7,7,18,693.02
"E6BB0612","2026-06-12","2026-04-12",2,2,5,350.55
"E6BB0612","2026-06-12","2026-04-14",4,5,12,856.9
"E6BB0612","2026-06-12","2026-04-15",2,4,12,690.4
"E6BB0612","2026-06-12","2026-04-16",3,4,11,679.62
"E6BB0612","2026-06-12","2026-04-17",4,4,12,582.92
"E6BB0612","2026-06-12","2026-04-18",7,7,17,1218.37
"E6BB0612","2026-06-12","2026-04-19",6,8,17,993.13
"E6BB0612","2026-06-12","2026-04-21",3,5,13,837.28
"E6BB0612","2026-06-12","2026-04-22",1,1,3,111.73
"E6BB0612","2026-06-12","2026-04-23",1,3,8,201.03
"E6BB0612","2026-06-12","2026-04-25",4,6,15,437.76
"E6BB0612","2026-06-12","2026-04-26",4,5,11,833.89
"E6BB0612","2026-06-12","2026-04-27",3,3,7,283.31
"E6BB0612","2026-06-12","2026-04-28",2,4,10,391.02
"E6BB0612","2026-06-12","2026-04-29",5,7,19,559.31
"E6BB0612","2026-06-12","2026-05-02",3,3,9,262.4
"E6BB0612","2026-06-12","2026-05-03",4,6,12,889.66
"E6BB0612","2026-06-12","2026-05-04",4,4,13,621.23
"E6BB0612","2026-06-12","2026-05-05",4,6,15,679.55
"E6BB0612","2026-06-12","2026-05-06",4,5,13,600.89
"E6BB0612","2026-06-12","2026-05-07",3,4,11,377.64
"E6BB0612","2026-06-12","2026-05-08",4,6,19,620.32
"E6BB0612","2026-06-12","2026-05-10",7,7,15,1213.09
"E6BB0612","2026-06-12","2026-05-11",8,9,24,827.77
"E6BB0612","2026-06-12","2026-05-14",4,5,13,773.73
"E6BB0612","2026-06-12","2026-05-15",10,10,27,1156.65
"E6BB0612","2026-06-12","2026-05-18",8,8,21,1138.83
"E6BB0612","2026-06-12","2026-05-20",7,8,17,998.2
"E6BB0612","2026-06-12","2026-05-22",14,15,43,2580.05
"E6BB0612","2026-06-12","2026-05-23",7,9,26,629.26
"E6BB0612","2026-06-12","2026-05-25",8,10,22,1333.37
"E6BB0612","2026-06-12","2026-05-27",6,7,21,562.85
"E6BB0612","2026-06-12","2026-05-28",5,7,22,656.26
"E6BB0612","2026-06-12","2026-05-29",11,13,25,980.43
"E6BB0612","2026-06-12","2026-05-30",8,10,23,1073.24
"E6BB0612","2026-06-12","2026-05-31",12,13,32,1118.9
"E6BB0612","2026-06-12","2026-06-02",12,12,33,2142.25
"E6BB0612","2026-06-12","2026-06-03",9,9,24,1483.13
"E6BB0612","2026-06-12","2026-06-04",9,10,19,1739.95
"E6BB0612","2026-06-12","2026-06-05",14,14,30,1660.19
"E6BB0612","2026-06-12","2026-06-07",13,13,25,916.18
"E6BB0612","2026-06-12","2026-06-09",14,14,26,2085.27
"E6BB0612","2026-06-12","2026-06-10",17,17,31,1701.15
"E6BB0613","2026-06-13","2026-02-15",6,6,14,689.69
"E6BB0613","2026-06-13","2026-02-16",1,3,8,438.82
"E6BB0613","2026-06-13","2026-02-19",1,1,3,174.62
"E6BB0613","2026-06-13","2026-02-20",1,1,3,148.75
"E6BB0613","2026-06-13","2026-02-22",3,4,10,535.19
"E6BB0613","2026-06-13","2026-02-23",2,2,6,201.54
"E6BB0613","2026-06-13","2026-02-28",5,5,9,349.78
"E6BB0613","2026-06-13","2026-03-01",1,2,5,324.5
"E6BB0613","2026-06-13","2026-03-02",3,5,13,690.84
"E6BB0613","2026-06-13","2026-03-03",1,1,2,74.66
"E6BB0613","2026-06-13","2026-03-04",2,3,10,461.91
"E6BB0613","2026-06-13","2026-03-09",1,1,3,116.87
"E6BB0613","2026-06-13","2026-03-10",1,2,5,261.95
"E6BB0613","2026-06-13","2026-03-15",3,3,9,333.2
"E6BB0613","2026-06-13","2026-03-16",6,7,20,814.63
"E6BB0613","2026-06-13","2026-03-17",6,6,17,725.6
"E6BB0613","2026-06-13","2026-03-18",2,4,12,280.1
"E6BB0613","2026-06-13","2026-03-20",5,5,11,895.07
"E6BB0613","2026-06-13","2026-03-21",1,2,6,188.48
"E6BB0613","2026-06-13","2026-03-22",8,8,22,1183.27
"E6BB0613","2026-06-13","2026-03-26",1,2,4,191.59
"E6BB0613","2026-06-13","2026-03-28",1,1,2,126.13
"E6BB0613","2026-06-13","2026-03-29",1,1,2,178.03
"E6BB0613","2026-06-13","2026-03-30",1,1,2,127.96
"E6BB0613","2026-06-13","2026-03-31",2,4,11,242.34
"E6BB0613","2026-06-13","2026-04-01",1,2,6,242.6
"E6BB0613","2026-06-13","2026-04-02",3,3,9,399.09
"E6BB0613","2026-06-13","2026-04-03",3,4,9,384.11
"E6BB0613","2026-06-13","2026-04-05",6,7,21,477.36
"E6BB0613","2026-06-13","2026-04-08",2,3,9,406.12
"E6BB0613","2026-06-13","2026-04-10",1,3,6,202.85
"E6BB0613","2026-06-13","2026-04-11",1,2,4,322.99
"E6BB0613","2026-06-13","2026-04-12",4,4,10,402.42
"E6BB0613","2026-06-13","2026-04-14",3,3,8,486.24
"E6BB0613","2026-06-13","2026-04-16",2,2,6,338.57
"E6BB0613","2026-06-13","2026-04-20",3,4,9,301.74
"E6BB0613","2026-06-13","2026-04-21",1,1,3,155.18
"E6BB0613","2026-06-13","2026-04-23",2,4,12,346.17
"E6BB0613","2026-06-13","2026-04-24",1,2,6,302.24
"E6BB0613","2026-06-13","2026-04-25",1,3,9,396.38
"E6BB0613","2026-06-13","2026-04-28",1,3,8,228.67
"E6BB0613","2026-06-13","2026-04-29",1,3,6,457.64
"E6BB0613","2026-06-13","2026-05-01",5,6,12,424.79
"E6BB0613","2026-06-13","2026-05-03",6,6,13,637.92
"E6BB0613","2026-06-13","2026-05-05",5,6,18,850.83
"E6BB0613","2026-06-13","2026-05-06",2,4,9,592.06
"E6BB0613","2026-06-13","2026-05-07",3,3,9,262.9
"E6BB0613","2026-06-13","2026-05-08",4,4,12,327.96
"E6BB0613","2026-06-13","2026-05-09",5,5,13,679.73
"E6BB0613","2026-06-13","2026-05-12",1,3,6,184.96
"E6BB0613","2026-06-13","2026-05-13",2,4,9,256.55
"E6BB0613","2026-06-13","2026-05-14",6,6,11,546.86
"E6BB0613","2026-06-13","2026-05-15",9,11,33,1219.41
"E6BB0613","2026-06-13","2026-05-19",6,8,20,915.69
"E6BB0613","2026-06-13","2026-05-22",6,8,23,612.83
"E6BB0613","2026-06-13","2026-05-23",7,8,17,1428.33
"E6BB0613","2026-06-13","2026-05-24",11,12,30,1029.83
"E6BB0613","2026-06-13","2026-05-25",8,9,17,1288.58
"E6BB0613","2026-06-13","2026-05-27",9,10,27,1260.35
"E6BB0613","2026-06-13","2026-05-29",8,9,23,942.06
"E6BB0613","2026-06-13","2026-05-30",11,12,34,2006.42
"E6BB0613","2026-06-13","2026-05-31",8,9,17,1597.79
"E6BB0613","2026-06-13","2026-06-01",13,15,35,2696.31
"E6BB0613","2026-06-13","2026-06-03",13,15,41,1450.36
"E6BB0613","2026-06-13","2026-06-05",11,12,23,926.92
"E6BB0613","2026-06-13","2026-06-07",14,15,43,2648.65
"E6BB0613","2026-06-13","2026-06-10",14,14,36,1445.46
"E6BB0613","2026-06-13","2026-06-11",13,15,30,1574.3
"E6BB0613","2026-06-13","2026-06-12",12,14,37,1017.86
"E6BB0613","2026-06-13","2026-06-13",22,24,75,3826.35
"E6BB0614","2026-06-14","2026-02-14",1,2,5,152.04
"E6BB0614","2026-06-14","2026-02-15",4,4,12,272.9
"E6BB0614","2026-06-14","2026-02-16",1,1,3,123.56
"E6BB0614","2026-06-14","2026-02-17",1,1,2,80.36
"E6BB0614","2026-06-14","2026-02-18",4,4,12,504.09
"E6BB0614","2026-06-14","2026-02-19",4,4,8,248.57
"E6BB0614","2026-06-14","2026-02-20",4,4,9,349.99
"E6BB0614","2026-06-14","2026-02-21",2,4,8,516.3
"E6BB0614","2026-06-14","2026-02-22",1,2,6,339.98
"E6BB0614","2026-06-14","2026-02-23",1,1,2,177.77
"E6BB0614","2026-06-14","2026-02-24",1,3,10,438.17
"E6BB0614","2026-06-14","2026-02-25",1,1,2,146.19
"E6BB0614","2026-06-14","2026-03-01",3,3,7,355.05
"E6BB0614","2026-06-14","2026-03-02",1,2,5,259.28
"E6BB0614","2026-06-14","2026-03-04",2,3,9,335.83
"E6BB0614","2026-06-14","2026-03-05",3,3,8,323.11
"E6BB0614","2026-06-14","2026-03-06",3,4,12,336.19
"E6BB0614","2026-06-14","2026-03-07",2,3,10,205.49
"E6BB0614","2026-06-14","2026-03-08",4,4,8,591.36
"E6BB0614","2026-06-14","2026-03-11",1,1,2,75.03
"E6BB0614","2026-06-14","2026-03-12",1,2,4,312.5
"E6BB0614","2026-06-14","2026-03-13",3,3,9,517.87
"E6BB0614","2026-06-14","2026-03-14",1,2,4,355.56
"E6BB0614","2026-06-14","2026-03-15",3,3,6,429.29
"E6BB0614","2026-06-14","2026-03-16",2,3,9,399.6
"E6BB0614","2026-06-14","2026-03-17",5,6,18,1044.83
"E6BB0614","2026-06-14","2026-03-18",3,3,9,372.34
"E6BB0614","2026-06-14","2026-03-19",1,2,4,281.71
"E6BB0614","2026-06-14","2026-03-21",2,2,5,165.08
"E6BB0614","2026-06-14","2026-03-22",1,2,4,169.95
"E6BB0614","2026-06-14","2026-03-23",4,5,13,641.2
"E6BB0614","2026-06-14","2026-03-24",5,5,15,305.92
"E6BB0614","2026-06-14","2026-03-27",1,3,7,181.69
"E6BB0614","2026-06-14","2026-03-28",1,1,3,103.02
"E6BB0614","2026-06-14","2026-03-29",1,1,3,107.23
"E6BB0614","2026-06-14","2026-03-30",1,1,2,80.25
"E6BB0614","2026-06-14","2026-03-31",4,5,12,462.86
"E6BB0614","2026-06-14","2026-04-01",6,6,15,633.64
"E6BB0614","2026-06-14","2026-04-03",2,3,7,200.44
"E6BB0614","2026-06-14","2026-04-05",1,2,5,204.12
"E6BB0614","2026-06-14","2026-04-06",3,5,13,320.54
"E6BB0614","2026-06-14","2026-04-07",4,5,10,698.73
"E6BB0614","2026-06-14","2026-04-08",6,8,24,1070.12
"E6BB0614","2026-06-14","2026-04-09",2,2,6,288.46
"E6BB0614","2026-06-14","2026-04-11",4,5,13,391.13
"E6BB0614","2026-06-14","2026-04-13",2,4,12,243.46
"E6BB0614","2026-06-14","2026-04-15",5,6,13,755.17
"E6BB0614","2026-06-14","2026-04-16",4,4,10,358.44
"E6BB0614","2026-06-14","2026-04-17",1,1,3,161.33
"E6BB0614","2026-06-14","2026-04-18",1,1,2,126.35
"E6BB0614","2026-06-14","2026-04-19",2,2,6,354.29
"E6BB0614","2026-06-14","2026-04-20",1,1,2,138.26
"E6BB0614","2026-06-14","2026-04-21",3,5,13,303.16
"E6BB0614","2026-06-14","2026-04-22",3,4,8,394.76
"E6BB0614","2026-06-14","2026-04-23",1,3,9,357.69
"E6BB0614","2026-06-14","2026-04-24",6,6,13,469.74
"E6BB0614","2026-06-14","2026-04-26",2,3,7,511.82
"E6BB0614","2026-06-14","2026-04-27",2,2,4,159.02
"E6BB0614","2026-06-14","2026-04-29",2,3,5,278.01
"E6BB0614","2026-06-14","2026-04-30",6,8,16,607.88
"E6BB0614","2026-06-14","2026-05-02",5,5,11,816.83
"E6BB0614","2026-06-14","2026-05-03",1,1,2,96.27
"E6BB0614","2026-06-14","2026-05-04",2,3,9,242.62
"E6BB0614","2026-06-14","2026-05-05",5,6,11,909.98
"E6BB0614","2026-06-14","2026-05-06",3,3,7,403.66
"E6BB0614","2026-06-14","2026-05-09",3,4,11,583
"E6BB0614","2026-06-14","2026-05-10",7,9,19,875.49
"E6BB0614","2026-06-14","2026-05-12",2,3,9,440.19
"E6BB0614","2026-06-14","2026-05-13",5,7,17,985.82
"E6BB0614","2026-06-14","2026-05-14",8,9,26,1361.47
"E6BB0614","2026-06-14","2026-05-15",4,5,16,823.31
"E6BB0614","2026-06-14","2026-05-16",3,5,16,536.38
"E6BB0614","2026-06-14","2026-05-17",6,6,19,482.33
"E6BB0614","2026-06-14","2026-05-18",4,6,15,563.69
"E6BB0614","2026-06-14","2026-05-19",8,10,28,1318.76
"E6BB0614","2026-06-14","2026-05-20",6,8,15,821.11
"E6BB0614","2026-06-14","2026-05-21",7,9,20,1115.09
"E6BB0614","2026-06-14","2026-05-22",5,7,22,724.39
"E6BB0614","2026-06-14","2026-05-23",7,7,15,1099.92
"E6BB0614","2026-06-14","2026-05-25",9,9,26,1126.84
"E6BB0614","2026-06-14","2026-05-27",8,9,22,1041.63
"E6BB0614","2026-06-14","2026-05-29",9,9,24,570.51
"E6BB0614","2026-06-14","2026-05-31",9,10,20,1286.5
"E6BB0614","2026-06-14","2026-06-01",9,9,23,1078.29
"E6BB0614","2026-06-14","2026-06-05",13,14,27,2230.32
"E6BB0614","2026-06-14","2026-06-08",14,16,47,1338.67
"E6BB0614","2026-06-14","2026-06-10",15,17,37,2187.3
"E6BB0614","2026-06-14","2026-06-11",15,16,46,1779.14
"E6BB0614","2026-06-14","2026-06-13",18,20,64,2488.8
"E6BB0615","2026-06-15","2026-02-15",3,4,9,553.15
"E6BB0615","2026-06-15","2026-02-17",1,1,3,106.23
"E6BB0615","2026-06-15","2026-02-18",1,3,9,323.83
"E6BB0615","2026-06-15","2026-02-21",1,1,2,172.9
"E6BB0615","2026-06-15","2026-02-22",6,7,22,461.96
"E6BB0615","2026-06-15","2026-02-24",6,7,20,1053.47
"E6BB0615","2026-06-15","2026-02-27",5,5,10,510.58
"E6BB0615","2026-06-15","2026-02-28",2,2,6,277.21
"E6BB0615","2026-06-15","2026-03-01",6,8,15,981.16
"E6BB0615","2026-06-15","2026-03-02",5,6,18,654.83
"E6BB0615","2026-06-15","2026-03-04",4,4,11,534.21
"E6BB0615","2026-06-15","2026-03-07",6,6,14,968.02
"E6BB0615","2026-06-15","2026-03-08",5,6,14,902.31
"E6BB0615","2026-06-15","2026-03-09",1,1,2,161.5
"E6BB0615","2026-06-15","2026-03-15",1,2,5,322.18
"E6BB0615","2026-06-15","2026-03-16",3,5,13,624.53
"E6BB0615","2026-06-15","2026-03-17",1,2,4,298.89
"E6BB0615","2026-06-15","2026-03-18",6,7,14,633.66
"E6BB0615","2026-06-15","2026-03-19",1,2,6,170.66
"E6BB0615","2026-06-15","2026-03-20",2,4,9,599.17
"E6BB0615","2026-06-15","2026-03-21",2,4,12,243.28
"E6BB0615","2026-06-15","2026-03-22",2,3,7,262.89
"E6BB0615","2026-06-15","2026-03-23",2,2,5,268.86
"E6BB0615","2026-06-15","2026-03-26",4,6,18,787.44
"E6BB0615","2026-06-15","2026-03-27",3,4,13,554.18
"E6BB0615","2026-06-15","2026-03-28",2,3,9,219.19
"E6BB0615","2026-06-15","2026-03-29",1,2,5,216.7
"E6BB0615","2026-06-15","2026-03-30",3,5,12,400.62
"E6BB0615","2026-06-15","2026-04-01",1,1,2,177.2
"E6BB0615","2026-06-15","2026-04-04",1,2,6,214.44
"E6BB0615","2026-06-15","2026-04-05",1,1,2,124.58
"E6BB0615","2026-06-15","2026-04-08",2,2,4,130.2
"E6BB0615","2026-06-15","2026-04-09",3,5,9,492.39
"E6BB0615","2026-06-15","2026-04-10",4,5,14,622.73
"E6BB0615","2026-06-15","2026-04-12",5,5,14,366.14
"E6BB0615","2026-06-15","2026-04-13",2,4,10,310.28
"E6BB0615","2026-06-15","2026-04-14",5,6,13,1020.7
"E6BB0615","2026-06-15","2026-04-16",1,1,2,158.8
"E6BB0615","2026-06-15","2026-04-18",1,1,2,75.02
"E6BB0615","2026-06-15","2026-04-20",3,3,6,470.63
"E6BB0615","2026-06-15","2026-04-21",2,2,4,290.53
"E6BB0615","2026-06-15","2026-04-24",5,7,19,588.28
"E6BB0615","2026-06-15","2026-04-29",5,5,12,417.31
"E6BB0615","2026-06-15","2026-04-30",2,4,10,578.41
"E6BB0615","2026-06-15","2026-05-01",4,6,14,763.15
"E6BB0615","2026-06-15","2026-05-02",1,3,9,482.66
"E6BB0615","2026-06-15","2026-05-03",1,1,3,103.14
"E6BB0615","2026-06-15","2026-05-04",2,4,12,534.72
"E6BB0615","2026-06-15","2026-05-05",1,2,6,329.74
"E6BB0615","2026-06-15","2026-05-06",1,3,9,524.72
"E6BB0615","2026-06-15","2026-05-07",8,9,27,724.02
"E6BB0615","2026-06-15","2026-05-10",5,6,16,546.67
"E6BB0615","2026-06-15","2026-05-11",3,4,12,359.89
"E6BB0615","2026-06-15","2026-05-12",7,8,24,1306.01
"E6BB0615","2026-06-15","2026-05-13",3,5,11,558.16
"E6BB0615","2026-06-15","2026-05-15",9,9,17,1376.15
"E6BB0615","2026-06-15","2026-05-17",6,6,19,860.28
"E6BB0615","2026-06-15","2026-05-19",6,7,20,1013.43
"E6BB0615","2026-06-15","2026-05-22",7,7,14,879.8
"E6BB0615","2026-06-15","2026-05-23",9,9,22,1054.16
"E6BB0615","2026-06-15","2026-05-24",8,10,25,1652.16
"E6BB0615","2026-06-15","2026-05-25",7,8,18,629.95
"E6BB0615","2026-06-15","2026-05-27",9,9,20,757.66
"E6BB0615","2026-06-15","2026-05-28",9,9,23,1569.84
"E6BB0615","2026-06-15","2026-05-29",10,12,29,1223.41
"E6BB0615","2026-06-15","2026-05-30",8,10,26,763.19
"E6BB0615","2026-06-15","2026-06-03",10,10,26,712.04
"E6BB0615","2026-06-15","2026-06-04",11,12,38,751.52
"E6BB0615","2026-06-15","2026-06-05",12,13,26,1903.41
"E6BB0615","2026-06-15","2026-06-06",11,11,34,1485.24
"E6BB0615","2026-06-15","2026-06-07",14,14,32,1490.9
"E6BB0615","2026-06-15","2026-06-08",16,16,47,2242.36
"E6BB0615","2026-06-15","2026-06-09",17,18,55,2874.16
"E6BB0615","2026-06-15","2026-06-10",16,17,35,2363.31
"E6BB0615","2026-06-15","2026-06-11",12,14,41,2125.26
"E6BB0615","2026-06-15","2026-06-12",14,16,40,1067.07
"E6BB0615","2026-06-15","2026-06-15",19,20,61,3577.83
"E6BB0619","2026-06-19","2026-02-19",2,3,8,389.06
"E6BB0619","2026-06-19","2026-02-20",1,1,2,80.43
"E6BB0619","2026-06-19","2026-02-21",1,1,2,127.78
"E6BB0619","2026-06-19","2026-02-24",1,3,7,416.84
"E6BB0619","2026-06-19","2026-02-25",2,4,11,471.73
"E6BB0619","2026-06-19","2026-02-27",2,3,6,454.11
"E6BB0619","2026-06-19","2026-03-01",4,5,12,364.7
"E6BB0619","2026-06-19","2026-03-03",2,3,8,502.74
"E6BB0619","2026-06-19","2026-03-04",1,3,9,387.7
"E6BB0619","2026-06-19","2026-03-05",3,4,8,336.72
"E6BB0619","2026-06-19","2026-03-06",1,1,2,127.35
"E6BB0619","2026-06-19","2026-03-08",4,5,11,804.21
"E6BB0619","2026-06-19","2026-03-10",1,1,3,84.61
"E6BB0619","2026-06-19","2026-03-11",1,2,5,340.38
"E6BB0619","2026-06-19","2026-03-12",2,4,8,362.27
"E6BB0619","2026-06-19","2026-03-15",1,3,8,298.63
"E6BB0619","2026-06-19","2026-03-16",4,4,10,635.96
"E6BB0619","2026-06-19","2026-03-19",3,5,11,716.39
"E6BB0619","2026-06-19","2026-03-21",2,3,8,496.2
"E6BB0619","2026-06-19","2026-03-24",2,3,9,336.45
"E6BB0619","2026-06-19","2026-03-25",1,1,2,174.87
"E6BB0619","2026-06-19","2026-03-26",2,2,4,301.39
"E6BB0619","2026-06-19","2026-03-27",3,3,8,531.64
"E6BB0619","2026-06-19","2026-03-29",2,3,6,495.87
"E6BB0619","2026-06-19","2026-03-30",3,4,12,316.27
"E6BB0619","2026-06-19","2026-03-31",5,6,15,670.18
"E6BB0619","2026-06-19","2026-04-02",6,6,15,820.61
"E6BB0619","2026-06-19","2026-04-05",1,1,2,108.38
"E6BB0619","2026-06-19","2026-04-09",1,1,2,62.05
"E6BB0619","2026-06-19","2026-04-10",3,3,7,526.71
"E6BB0619","2026-06-19","2026-04-11",1,1,3,178.2
"E6BB0619","2026-06-19","2026-04-12",1,3,8,527.34
"E6BB0619","2026-06-19","2026-04-13",1,1,2,84.6
"E6BB0619","2026-06-19","2026-04-14",1,2,5,316.48
"E6BB0619","2026-06-19","2026-04-17",2,2,5,318.33
"E6BB0619","2026-06-19","2026-04-18",5,5,14,502.2
"E6BB0619","2026-06-19","2026-04-19",3,5,11,467.52
"E6BB0619","2026-06-19","2026-04-20",1,3,9,405.2
"E6BB0619","2026-06-19","2026-04-23",4,6,18,1050.17
"E6BB0619","2026-06-19","2026-04-24",4,4,8,425.67
"E6BB0619","2026-06-19","2026-04-26",3,3,8,216.39
"E6BB0619","2026-06-19","2026-04-27",1,2,4,285.07
"E6BB0619","2026-06-19","2026-04-28",2,4,7,688.59
"E6BB0619","2026-06-19","2026-04-29",1,1,2,136.7
"E6BB0619","2026-06-19","2026-05-01",3,4,8,576.29
"E6BB0619","2026-06-19","2026-05-02",3,5,10,630.94
"E6BB0619","2026-06-19","2026-05-03",7,7,16,752.66
"E6BB0619","2026-06-19","2026-05-08",2,3,7,383.53
"E6BB0619","2026-06-19","2026-05-09",4,4,8,542.21
"E6BB0619","2026-06-19","2026-05-12",6,6,18,565.65
"E6BB0619","2026-06-19","2026-05-14",4,5,12,403.46
"E6BB0619","2026-06-19","2026-05-16",5,7,15,1249.82
"E6BB0619","2026-06-19","2026-05-17",3,5,14,566.3
"E6BB0619","2026-06-19","2026-05-18",6,8,25,577.37
"E6BB0619","2026-06-19","2026-05-20",4,6,17,1030.33
"E6BB0619","2026-06-19","2026-05-21",5,7,19,522.11
"E6BB0619","2026-06-19","2026-05-23",4,5,16,590.47
"E6BB0619","2026-06-19","2026-05-25",6,7,20,900.64
"E6BB0619","2026-06-19","2026-05-29",8,8,24,1361.52
"E6BB0619","2026-06-19","2026-05-31",9,10,24,1756.58
"E6BB0619","2026-06-19","2026-06-02",11,12,35,2132.19
"E6BB0619","2026-06-19","2026-06-03",8,10,32,1776.71
"E6BB0619","2026-06-19","2026-06-05",10,12,27,1139.9
"E6BB0619","2026-06-19","2026-06-06",8,8,24,1242.65
"E6BB0619","2026-06-19","2026-06-07",7,8,24,832.45
"E6BB0619","2026-06-19","2026-06-10",9,11,34,1403.1
"E6BB0619","2026-06-19","2026-06-11",12,13,25,1755.38
"E6BB0619","2026-06-19","2026-06-13",13,15,36,1690.32
"E6BB0619","2026-06-19","2026-06-14",14,15,31,1740.95
"E6BB0619","2026-06-19","2026-06-17",13,14,42,1070.8
"E6BB0619","2026-06-19","2026-06-18",21,21,53,2618.55
"E6BB0620","2026-06-20","2026-02-20",3,3,7,455.68
"E6BB0620","2026-06-20","2026-02-21",2,4,10,682.29
"E6BB0620","2026-06-20","2026-02-22",7,7,15,1215.67
"E6BB0620","2026-06-20","2026-02-24",4,4,11,274.99
"E6BB0620","2026-06-20","2026-02-26",6,6,14,502.26
"E6BB0620","2026-06-20","2026-02-27",2,3,6,434.66
"E6BB0620","2026-06-20","2026-03-01",1,1,2,81.99
"E6BB0620","2026-06-20","2026-03-02",4,5,10,693.36
"E6BB0620","2026-06-20","2026-03-03",2,2,6,292.23
"E6BB0620","2026-06-20","2026-03-04",2,2,6,226.07
"E6BB0620","2026-06-20","2026-03-05",5,5,15,605.08
"E6BB0620","2026-06-20","2026-03-06",3,3,9,424.75
"E6BB0620","2026-06-20","2026-03-07",3,3,9,247.57
"E6BB0620","2026-06-20","2026-03-08",3,5,9,487.21
"E6BB0620","2026-06-20","2026-03-10",1,2,6,278.25
"E6BB0620","2026-06-20","2026-03-13",1,1,2,139.83
"E6BB0620","2026-06-20","2026-03-15",3,5,10,792.36
"E6BB0620","2026-06-20","2026-03-16",2,4,11,460.32
"E6BB0620","2026-06-20","2026-03-20",2,3,10,389.31
"E6BB0620","2026-06-20","2026-03-22",1,2,6,202.43
"E6BB0620","2026-06-20","2026-03-25",4,4,10,487.8
"E6BB0620","2026-06-20","2026-03-26",1,1,3,139.35
"E6BB0620","2026-06-20","2026-03-28",5,5,11,767.7
"E6BB0620","2026-06-20","2026-03-29",2,3,8,193.3
"E6BB0620","2026-06-20","2026-03-30",2,4,9,633.07
"E6BB0620","2026-06-20","2026-03-31",1,1,3,73.76
"E6BB0620","2026-06-20","2026-04-01",3,4,10,249.18
"E6BB0620","2026-06-20","2026-04-03",3,5,13,517.13
"E6BB0620","2026-06-20","2026-04-04",1,1,2,145.94
"E6BB0620","2026-06-20","2026-04-05",1,1,3,167.86
"E6BB0620","2026-06-20","2026-04-08",2,3,9,201.35
"E6BB0620","2026-06-20","2026-04-11",4,6,12,402.49
"E6BB0620","2026-06-20","2026-04-12",3,4,10,563.31
"E6BB0620","2026-06-20","2026-04-13",1,1,3,68.3
"E6BB0620","2026-06-20","2026-04-15",5,7,13,717.18
"E6BB0620","2026-06-20","2026-04-16",3,5,12,559.55
"E6BB0620","2026-06-20","2026-04-17",5,5,12,564.97
"E6BB0620","2026-06-20","2026-04-19",5,5,11,672.5
"E6BB0620","2026-06-20","2026-04-20",3,4,12,654.35
"E6BB0620","2026-06-20","2026-04-21",1,2,4,281.19
"E6BB0620","2026-06-20","2026-04-22",3,4,12,497.62
"E6BB0620","2026-06-20","2026-04-23",3,5,14,793.99
"E6BB0620","2026-06-20","2026-04-25",3,3,8,523.23
"E6BB0620","2026-06-20","2026-04-26",1,1,3,95.09
"E6BB0620","2026-06-20","2026-04-28",3,5,15,634.88
"E6BB0620","2026-06-20","2026-04-29",1,2,6,334.95
"E6BB0620","2026-06-20","2026-04-30",3,3,9,217.26
"E6BB0620","2026-06-20","2026-05-01",1,3,9,337.36
"E6BB0620","2026-06-20","2026-05-02",7,8,16,1002.98
"E6BB0620","2026-06-20","2026-05-03",3,3,8,433.86
"E6BB0620","2026-06-20","2026-05-08",4,5,14,832.36
"E6BB0620","2026-06-20","2026-05-09",4,6,17,618.7
"E6BB0620","2026-06-20","2026-05-13",4,4,11,410.74
"E6BB0620","2026-06-20","2026-05-14",3,4,8,588.37
"E6BB0620","2026-06-20","2026-05-17",8,8,20,996.87
"E6BB0620","2026-06-20","2026-05-19",2,3,6,502.53
"E6BB0620","2026-06-20","2026-05-20",6,6,12,639.72
"E6BB0620","2026-06-20","2026-05-22",6,8,15,907.61
"E6BB0620","2026-06-20","2026-05-23",5,5,13,897.11
"E6BB0620","2026-06-20","2026-05-26",7,7,18,581
"E6BB0620","2026-06-20","2026-05-28",3,5,16,567.12
"E6BB0620","2026-06-20","2026-05-31",7,7,16,541.21
"E6BB0620","2026-06-20","2026-06-01",4,6,15,580.07
"E6BB0620","2026-06-20","2026-06-02",4,6,19,1062.5
"E6BB0620","2026-06-20","2026-06-05",12,12,22,823.09
"E6BB0620","2026-06-20","2026-06-06",12,13,32,1514.41
"E6BB0620","2026-06-20","2026-06-07",12,12,23,866.59
"E6BB0620","2026-06-20","2026-06-08",13,13,26,1053.23
"E6BB0620","2026-06-20","2026-06-09",10,12,28,826.67
"E6BB0620","2026-06-20","2026-06-10",9,11,34,1907.85
"E6BB0620","2026-06-20","2026-06-11",13,13,38,1188.47
"E6BB0620","2026-06-20","2026-06-14",13,14,45,2208.73
"E6BB0620","2026-06-20","2026-06-16",15,16,33,2307.51
"E6BB0620","2026-06-20","2026-06-17",14,16,40,2285.85
"E6BB0620","2026-06-20","2026-06-19",14,15,42,1251.38
"E6BB0620","2026-06-20","2026-06-20",18,19,38,1230.27
"E6BB0621","2026-06-21","2026-02-21",1,1,2,88.01
"E6BB0621","2026-06-21","2026-02-23",5,7,15,668.65
"E6BB0621","2026-06-21","2026-02-26",6,7,21,581.73
"E6BB0621","2026-06-21","2026-02-27",4,5,11,488.09
"E6BB0621","2026-06-21","2026-03-01",4,4,13,243.68
"E6BB0621","2026-06-21","2026-03-02",3,5,10,863.24
"E6BB0621","2026-06-21","2026-03-04",1,1,2,95.82
"E6BB0621","2026-06-21","2026-03-06",3,4,12,695.1
"E6BB0621","2026-06-21","2026-03-07",1,2,4,177.62
"E6BB0621","2026-06-21","2026-03-10",2,4,8,427.85
"E6BB0621","2026-06-21","2026-03-12",3,4,13,712.3
"E6BB0621","2026-06-21","2026-03-13",1,3,9,304.72
"E6BB0621","2026-06-21","2026-03-14",1,1,3,83.72
"E6BB0621","2026-06-21","2026-03-15",2,3,10,290
"E6BB0621","2026-06-21","2026-03-17",3,4,10,348.48
"E6BB0621","2026-06-21","2026-03-19",1,1,3,135.3
"E6BB0621","2026-06-21","2026-03-20",3,4,11,473.82
"E6BB0621","2026-06-21","2026-03-21",5,5,16,610.41
"E6BB0621","2026-06-21","2026-03-23",3,4,8,508.58
"E6BB0621","2026-06-21","2026-03-24",1,1,2,137.81
"E6BB0621","2026-06-21","2026-03-25",1,2,4,160.38
"E6BB0621","2026-06-21","2026-03-28",1,2,4,319.81
"E6BB0621","2026-06-21","2026-03-29",1,1,2,66.12
"E6BB0621","2026-06-21","2026-03-30",3,4,13,541.89
"E6BB0621","2026-06-21","2026-04-05",2,4,13,593.09
"E6BB0621","2026-06-21","2026-04-06",1,1,3,142.15
"E6BB0621","2026-06-21","2026-04-08",1,1,3,82.19
"E6BB0621","2026-06-21","2026-04-09",1,1,3,112.87
"E6BB0621","2026-06-21","2026-04-11",5,7,20,1045.06
"E6BB0621","2026-06-21","2026-04-14",4,6,13,645.13
"E6BB0621","2026-06-21","2026-04-15",3,3,6,320.96
"E6BB0621","2026-06-21","2026-04-16",3,4,10,637.17
"E6BB0621","2026-06-21","2026-04-17",4,4,10,302.76
"E6BB0621","2026-06-21","2026-04-19",1,3,6,411.61
"E6BB0621","2026-06-21","2026-04-21",2,2,4,214.17
"E6BB0621","2026-06-21","2026-04-22",4,4,9,408.66
"E6BB0621","2026-06-21","2026-04-23",3,3,8,311.21
"E6BB0621","2026-06-21","2026-04-24",4,4,12,434.28
"E6BB0621","2026-06-21","2026-04-25",4,5,10,482.57
"E6BB0621","2026-06-21","2026-04-27",6,7,18,427.88
"E6BB0621","2026-06-21","2026-04-29",3,5,10,675.55
"E6BB0621","2026-06-21","2026-04-30",4,4,9,586.44
"E6BB0621","2026-06-21","2026-05-01",1,2,6,152.99
"E6BB0621","2026-06-21","2026-05-03",2,4,11,692.95
"E6BB0621","2026-06-21","2026-05-04",2,4,7,657.66
"E6BB0621","2026-06-21","2026-05-05",2,4,12,517.33
"E6BB0621","2026-06-21","2026-05-06",1,3,9,496.15
"E6BB0621","2026-06-21","2026-05-07",6,6,17,545.88
"E6BB0621","2026-06-21","2026-05-11",7,7,14,677.96
"E6BB0621","2026-06-21","2026-05-12",4,4,9,365.4
"E6BB0621","2026-06-21","2026-05-16",3,5,11,475.66
"E6BB0621","2026-06-21","2026-05-18",5,6,19,592.15
"E6BB0621","2026-06-21","2026-05-19",7,7,18,775.16
"E6BB0621","2026-06-21","2026-05-21",1,2,4,260.7
"E6BB0621","2026-06-21","2026-05-24",1,2,6,258.48
"E6BB0621","2026-06-21","2026-05-26",7,9,21,943.59
"E6BB0621","2026-06-21","2026-05-27",4,4,12,446.23
"E6BB0621","2026-06-21","2026-05-28",9,10,31,1700.11
"E6BB0621","2026-06-21","2026-05-30",7,9,23,786.05
"E6BB0621","2026-06-21","2026-05-31",9,10,30,1310.09
"E6BB0621","2026-06-21","2026-06-01",9,10,29,1052.42
"E6BB0621","2026-06-21","2026-06-02",9,9,18,719.51
"E6BB0621","2026-06-21","2026-06-04",7,9,19,665.83
"E6BB0621","2026-06-21","2026-06-06",6,8,17,589.61
"E6BB0621","2026-06-21","2026-06-07",12,12,27,1450.38
"E6BB0621","2026-06-21","2026-06-10",12,13,28,1017.83
"E6BB0621","2026-06-21","2026-06-11",8,9,20,1171.99
"E6BB0621","2026-06-21","2026-06-12",11,13,33,1598.43
"E6BB0621","2026-06-21","2026-06-14",14,14,29,1114.78
"E6BB0621","2026-06-21","2026-06-15",13,14,41,964.44
"E6BB0621","2026-06-21","2026-06-17",16,16,40,2090.43
"E6BB0621","2026-06-21","2026-06-18",15,15,42,1297.25
"E6BB0621","2026-06-21","2026-06-19",18,19,39,1962.51
"E6BB0623","2026-06-23","2026-02-24",2,3,8,516.65
"E6BB0623","2026-06-23","2026-02-27",3,4,10,303.98
"E6BB0623","2026-06-23","2026-02-28",3,5,10,332
"E6BB0623","2026-06-23","2026-03-05",3,5,14,833.27
"E6BB0623","2026-06-23","2026-03-07",1,1,2,88.24
"E6BB0623","2026-06-23","2026-03-08",1,2,5,266.17
"E6BB0623","2026-06-23","2026-03-09",4,5,14,673.23
"E6BB0623","2026-06-23","2026-03-12",4,4,11,274.51
"E6BB0623","2026-06-23","2026-03-16",1,1,2,78.19
"E6BB0623","2026-06-23","2026-03-17",1,2,4,253.42
"E6BB0623","2026-06-23","2026-03-21",1,1,2,62.4
"E6BB0623","2026-06-23","2026-03-23",1,3,8,246.26
"E6BB0623","2026-06-23","2026-03-25",3,5,11,478.06
"E6BB0623","2026-06-23","2026-03-26",1,2,4,275.09
"E6BB0623","2026-06-23","2026-03-27",1,3,7,426.7
"E6BB0623","2026-06-23","2026-04-02",4,5,9,760.63
"E6BB0623","2026-06-23","2026-04-03",1,1,3,130.22
"E6BB0623","2026-06-23","2026-04-04",1,1,3,159.58
"E6BB0623","2026-06-23","2026-04-05",1,2,5,184.77
"E6BB0623","2026-06-23","2026-04-06",1,1,2,142.16
"E6BB0623","2026-06-23","2026-04-08",5,5,16,772.41
"E6BB0623","2026-06-23","2026-04-09",2,4,12,407.5
"E6BB0623","2026-06-23","2026-04-12",1,2,5,337.09
"E6BB0623","2026-06-23","2026-04-13",6,6,12,694.32
"E6BB0623","2026-06-23","2026-04-14",3,5,10,801.44
"E6BB0623","2026-06-23","2026-04-15",4,5,15,318.09
"E6BB0623","2026-06-23","2026-04-16",6,6,18,754.78
"E6BB0623","2026-06-23","2026-04-22",3,4,12,400.37
"E6BB0623","2026-06-23","2026-04-23",1,2,6,165.44
"E6BB0623","2026-06-23","2026-04-24",2,3,6,301.77
"E6BB0623","2026-06-23","2026-04-25",1,2,6,311.48
"E6BB0623","2026-06-23","2026-04-28",8,8,19,1058.73
"E6BB0623","2026-06-23","2026-04-30",5,7,22,945.95
"E6BB0623","2026-06-23","2026-05-01",3,4,11,481.07
"E6BB0623","2026-06-23","2026-05-03",6,6,19,572.85
"E6BB0623","2026-06-23","2026-05-04",1,2,5,275.2
"E6BB0623","2026-06-23","2026-05-05",1,3,8,399.14
"E6BB0623","2026-06-23","2026-05-06",1,3,7,506.26
"E6BB0623","2026-06-23","2026-05-07",3,3,7,486.53
"E6BB0623","2026-06-23","2026-05-09",4,4,7,252.38
"E6BB0623","2026-06-23","2026-05-10",1,3,6,366.18
"E6BB0623","2026-06-23","2026-05-11",2,2,4,188.79
"E6BB0623","2026-06-23","2026-05-13",4,5,13,884.91
"E6BB0623","2026-06-23","2026-05-15",4,4,7,425.34
"E6BB0623","2026-06-23","2026-05-17",5,6,14,406.61
"E6BB0623","2026-06-23","2026-05-19",3,5,12,570.44
"E6BB0623","2026-06-23","2026-05-20",7,7,18,686.95
"E6BB0623","2026-06-23","2026-05-21",4,5,12,503.2
"E6BB0623","2026-06-23","2026-05-22",4,5,12,872.95
"E6BB0623","2026-06-23","2026-05-23",7,8,16,962.56
"E6BB0623","2026-06-23","2026-05-27",4,6,13,718.96
"E6BB0623","2026-06-23","2026-05-28",3,4,9,332.19
"E6BB0623","2026-06-23","2026-05-29",6,7,20,1174.79
"E6BB0623","2026-06-23","2026-05-30",6,7,14,506.45
"E6BB0623","2026-06-23","2026-06-02",4,6,19,704.18
"E6BB0623","2026-06-23","2026-06-03",3,3,9,529.13
"E6BB0623","2026-06-23","2026-06-05",10,10,22,1129.01
"E6BB0623","2026-06-23","2026-06-06",7,9,22,1226.7
"E6BB0623","2026-06-23","2026-06-07",7,9,25,1254.36
"E6BB0623","2026-06-23","2026-06-08",10,10,26,1103.57
"E6BB0623","2026-06-23","2026-06-09",11,11,23,1713.75
"E6BB0623","2026-06-23","2026-06-10",11,11,25,889.69
"E6BB0623","2026-06-23","2026-06-14",12,14,34,1832.85
"E6BB0623","2026-06-23","2026-06-16",9,10,23,1346.17
"E6BB0623","2026-06-23","2026-06-17",9,11,20,1448.83
"E6BB0623","2026-06-23","2026-06-18",15,15,46,1196.29
"E6BB0623","2026-06-23","2026-06-20",13,14,33,1273.16
"E6BB0623","2026-06-23","2026-06-21",15,16,42,2584.13
"E6BB0623","2026-06-23","2026-06-22",16,17,32,2214.55
"E6BB0624","2026-06-24","2026-02-25",1,1,3,165.71
"E6BB0624","2026-06-24","2026-02-26",5,5,14,782.66
"E6BB0624","2026-06-24","2026-02-27",1,1,3,121.71
"E6BB0624","2026-06-24","2026-02-28",1,3,6,311.64
"E6BB0624","2026-06-24","2026-03-03",1,1,2,176.71
"E6BB0624","2026-06-24","2026-03-05",1,2,4,200.05
"E6BB0624","2026-06-24","2026-03-08",1,1,2,98.44
"E6BB0624","2026-06-24","2026-03-10",2,4,8,577.19
"E6BB0624","2026-06-24","2026-03-11",1,1,3,108.58
"E6BB0624","2026-06-24","2026-03-12",4,5,16,603.74
"E6BB0624","2026-06-24","2026-03-13",5,6,18,521.09
"E6BB0624","2026-06-24","2026-03-15",3,3,7,207.42
"E6BB0624","2026-06-24","2026-03-16",1,3,7,443.81
"E6BB0624","2026-06-24","2026-03-18",4,4,12,620.86
"E6BB0624","2026-06-24","2026-03-20",7,9,28,709.41
"E6BB0624","2026-06-24","2026-03-22",4,6,13,749.65
"E6BB0624","2026-06-24","2026-03-23",4,4,8,404.61
"E6BB0624","2026-06-24","2026-03-25",5,5,14,831.73
"E6BB0624","2026-06-24","2026-03-28",3,5,13,456.32
"E6BB0624","2026-06-24","2026-03-29",2,2,6,305.99
"E6BB0624","2026-06-24","2026-03-30",1,1,3,133.87
"E6BB0624","2026-06-24","2026-03-31",2,3,8,295.51
"E6BB0624","2026-06-24","2026-04-01",2,4,9,409.43
"E6BB0624","2026-06-24","2026-04-03",2,2,4,128.25
"E6BB0624","2026-06-24","2026-04-05",1,1,2,134.17
"E6BB0624","2026-06-24","2026-04-06",2,4,12,636.78
"E6BB0624","2026-06-24","2026-04-07",1,1,2,76.52
"E6BB0624","2026-06-24","2026-04-08",3,5,15,476.63
"E6BB0624","2026-06-24","2026-04-09",4,4,9,315.03
"E6BB0624","2026-06-24","2026-04-11",5,6,14,925.6
"E6BB0624","2026-06-24","2026-04-12",2,4,7,459.95
"E6BB0624","2026-06-24","2026-04-16",5,5,15,595.4
"E6BB0624","2026-06-24","2026-04-17",4,4,12,605.84
"E6BB0624","2026-06-24","2026-04-18",1,1,3,149.43
"E6BB0624","2026-06-24","2026-04-19",5,5,14,363.33
"E6BB0624","2026-06-24","2026-04-20",5,5,10,459.16
"E6BB0624","2026-06-24","2026-04-21",3,3,6,203.43
"E6BB0624","2026-06-24","2026-04-22",2,2,4,267
"E6BB0624","2026-06-24","2026-04-24",2,2,4,330.5
"E6BB0624","2026-06-24","2026-04-26",2,4,7,524.46
"E6BB0624","2026-06-24","2026-04-27",1,1,2,85.99
"E6BB0624","2026-06-24","2026-04-28",1,2,4,268.98
"E6BB0624","2026-06-24","2026-04-30",4,5,11,695.07
"E6BB0624","2026-06-24","2026-05-01",1,2,6,147.94
"E6BB0624","2026-06-24","2026-05-04",2,2,5,223.86
"E6BB0624","2026-06-24","2026-05-05",5,5,10,863.46
"E6BB0624","2026-06-24","2026-05-06",7,7,20,1256.37
"E6BB0624","2026-06-24","2026-05-07",2,3,5,373.94
"E6BB0624","2026-06-24","2026-05-10",5,6,12,404.14
"E6BB0624","2026-06-24","2026-05-11",8,9,25,773.54
"E6BB0624","2026-06-24","2026-05-13",1,1,3,111.29
"E6BB0624","2026-06-24","2026-05-15",3,4,13,377.01
"E6BB0624","2026-06-24","2026-05-19",6,8,16,1240.98
"E6BB0624","2026-06-24","2026-05-20",1,2,5,279.25
"E6BB0624","2026-06-24","2026-05-21",4,5,15,499.5
"E6BB0624","2026-06-24","2026-05-22",8,9,22,1489.21
"E6BB0624","2026-06-24","2026-05-25",6,8,18,1271.72
"E6BB0624","2026-06-24","2026-05-27",6,6,13,657.23
"E6BB0624","2026-06-24","2026-05-28",5,6,18,374.4
"E6BB0624","2026-06-24","2026-05-31",8,9,21,1139.5
"E6BB0624","2026-06-24","2026-06-01",6,6,17,400.03
"E6BB0624","2026-06-24","2026-06-05",7,7,13,984.43
"E6BB0624","2026-06-24","2026-06-06",8,8,20,1319.35
"E6BB0624","2026-06-24","2026-06-07",9,11,33,908.61
"E6BB0624","2026-06-24","2026-06-09",8,8,22,1333.76
"E6BB0624","2026-06-24","2026-06-11",7,9,26,1107.17
"E6BB0624","2026-06-24","2026-06-13",9,9,18,733.93
"E6BB0624","2026-06-24","2026-06-14",10,12,32,1236.04
"E6BB0624","2026-06-24","2026-06-15",11,12,23,1640.09
"E6BB0624","2026-06-24","2026-06-16",11,13,33,1349.51
"E6BB0624","2026-06-24","2026-06-17",14,15,34,2447.26
"E6BB0624","2026-06-24","2026-06-18",13,15,42,945.03
"E6BB0624","2026-06-24","2026-06-21",16,17,39,2606.47
"E6BB0624","2026-06-24","2026-06-22",17,17,32,1102.61
"E6BB0624","2026-06-24","2026-06-23",15,16,36,981.78
"E6BB0626","2026-06-26","2026-02-26",3,3,7,215.4
"E6BB0626","2026-06-26","2026-02-27",1,2,5,203.16
"E6BB0626","2026-06-26","2026-02-28",6,7,14,1054.06
"E6BB0626","2026-06-26","2026-03-04",1,1,3,121.89
"E6BB0626","2026-06-26","2026-03-05",3,3,8,422.7
"E6BB0626","2026-06-26","2026-03-06",1,1,2,68.93
"E6BB0626","2026-06-26","2026-03-07",1,1,2,147.43
"E6BB0626","2026-06-26","2026-03-09",1,2,6,121.8
"E6BB0626","2026-06-26","2026-03-10",6,6,14,939.29
"E6BB0626","2026-06-26","2026-03-12",5,5,12,717.69
"E6BB0626","2026-06-26","2026-03-13",1,1,2,64.25
"E6BB0626","2026-06-26","2026-03-15",3,4,13,591.21
"E6BB0626","2026-06-26","2026-03-18",3,4,8,424.07
"E6BB0626","2026-06-26","2026-03-19",1,1,3,116.2
"E6BB0626","2026-06-26","2026-03-20",1,1,2,153.58
"E6BB0626","2026-06-26","2026-03-21",5,6,17,377.17
"E6BB0626","2026-06-26","2026-03-22",1,1,2,70.11
"E6BB0626","2026-06-26","2026-03-25",3,3,6,277.6
"E6BB0626","2026-06-26","2026-03-26",2,2,5,181.31
"E6BB0626","2026-06-26","2026-03-31",3,5,13,685.38
"E6BB0626","2026-06-26","2026-04-02",5,5,12,402.24
"E6BB0626","2026-06-26","2026-04-03",4,5,14,858.72
"E6BB0626","2026-06-26","2026-04-04",1,3,7,487.34
"E6BB0626","2026-06-26","2026-04-05",3,3,9,185.77
"E6BB0626","2026-06-26","2026-04-06",1,3,6,461.87
"E6BB0626","2026-06-26","2026-04-09",2,2,5,179.73
"E6BB0626","2026-06-26","2026-04-10",1,1,2,132.71
"E6BB0626","2026-06-26","2026-04-11",1,3,6,264.13
"E6BB0626","2026-06-26","2026-04-12",2,3,8,394.67
"E6BB0626","2026-06-26","2026-04-13",5,5,12,703.45
"E6BB0626","2026-06-26","2026-04-15",3,3,7,316.89
"E6BB0626","2026-06-26","2026-04-16",4,6,13,822.83
"E6BB0626","2026-06-26","2026-04-17",5,6,18,928.73
"E6BB0626","2026-06-26","2026-04-18",1,2,5,131.42
"E6BB0626","2026-06-26","2026-04-19",6,6,18,939.45
"E6BB0626","2026-06-26","2026-04-20",5,5,11,506.87
"E6BB0626","2026-06-26","2026-04-21",1,1,2,130.75
"E6BB0626","2026-06-26","2026-04-22",1,1,2,170.53
"E6BB0626","2026-06-26","2026-04-23",1,1,3,99.1
"E6BB0626","2026-06-26","2026-04-25",2,3,8,278.52
"E6BB0626","2026-06-26","2026-04-26",2,4,9,524.64
"E6BB0626","2026-06-26","2026-04-28",4,4,9,353.61
"E6BB0626","2026-06-26","2026-04-30",1,2,4,172.33
"E6BB0626","2026-06-26","2026-05-03",1,3,8,433.21
"E6BB0626","2026-06-26","2026-05-04",3,5,12,368.33
"E6BB0626","2026-06-26","2026-05-05",3,3,8,444.31
"E6BB0626","2026-06-26","2026-05-09",8,8,23,802.01
"E6BB0626","2026-06-26","2026-05-11",4,5,15,444.55
"E6BB0626","2026-06-26","2026-05-12",5,6,13,567.13
"E6BB0626","2026-06-26","2026-05-14",3,5,14,703.73
"E6BB0626","2026-06-26","2026-05-15",3,5,16,378.45
"E6BB0626","2026-06-26","2026-05-17",5,5,10,477.6
"E6BB0626","2026-06-26","2026-05-18",4,5,13,559.26
"E6BB0626","2026-06-26","2026-05-19",1,3,8,484.37
"E6BB0626","2026-06-26","2026-05-21",6,7,18,834.78
"E6BB0626","2026-06-26","2026-05-25",7,7,19,1189.98
"E6BB0626","2026-06-26","2026-05-26",6,7,13,835.81
"E6BB0626","2026-06-26","2026-05-28",3,3,7,300.7
"E6BB0626","2026-06-26","2026-05-29",3,4,8,596.53
"E6BB0626","2026-06-26","2026-05-30",2,4,8,448.71
"E6BB0626","2026-06-26","2026-05-31",7,8,20,1304.09
"E6BB0626","2026-06-26","2026-06-03",4,6,18,792.21
"E6BB0626","2026-06-26","2026-06-05",8,8,20,1220.01
"E6BB0626","2026-06-26","2026-06-06",6,6,18,794.52
"E6BB0626","2026-06-26","2026-06-09",9,10,29,1567.45
"E6BB0626","2026-06-26","2026-06-15",13,13,24,818.77
"E6BB0626","2026-06-26","2026-06-17",11,13,38,1392.86
"E6BB0626","2026-06-26","2026-06-18",13,13,30,994.38
"E6BB0626","2026-06-26","2026-06-19",12,14,27,2005.53
"E6BB0626","2026-06-26","2026-06-22",15,17,35,2090.9
"E6BB0626","2026-06-26","2026-06-23",13,15,41,2202.23
"E6BB0626","2026-06-26","2026-06-25",17,19,43,1884.87
"E6BB0626","2026-06-26","2026-06-26",16,16,29,1863.9
"E6BB0627","2026-06-27","2026-03-03",5,6,15,573.39
"E6BB0627","2026-06-27","2026-03-05",5,6,15,412.09
"E6BB0627","2026-06-27","2026-03-06",2,2,5,325.2
"E6BB0627","2026-06-27","2026-03-07",1,1,3,81.44
"E6BB0627","2026-06-27","2026-03-12",1,3,9,220.41
"E6BB0627","2026-06-27","2026-03-14",1,1,2,176.34
"E6BB0627","2026-06-27","2026-03-16",1,2,6,345.26
"E6BB0627","2026-06-27","2026-03-18",2,2,5,296.45
"E6BB0627","2026-06-27","2026-03-19",1,3,7,419.28
"E6BB0627","2026-06-27","2026-03-20",2,4,11,475.68
"E6BB0627","2026-06-27","2026-03-21",1,2,5,148.5
"E6BB0627","2026-06-27","2026-03-22",6,7,20,713.48
"E6BB0627","2026-06-27","2026-03-23",7,7,21,524.8
"E6BB0627","2026-06-27","2026-03-24",1,3,7,236.56
"E6BB0627","2026-06-27","2026-03-27",1,2,4,188.66
"E6BB0627","2026-06-27","2026-03-29",1,1,2,86.56
"E6BB0627","2026-06-27","2026-03-30",6,7,13,1006.39
"E6BB0627","2026-06-27","2026-03-31",1,3,6,200.98
"E6BB0627","2026-06-27","2026-04-01",4,4,9,466.35
"E6BB0627","2026-06-27","2026-04-02",6,7,22,781.31
"E6BB0627","2026-06-27","2026-04-03",3,4,8,638.9
"E6BB0627","2026-06-27","2026-04-04",3,3,9,480.46
"E6BB0627","2026-06-27","2026-04-08",2,2,5,276.85
"E6BB0627","2026-06-27","2026-04-09",2,4,10,400.47
"E6BB0627","2026-06-27","2026-04-11",4,5,13,632.48
"E6BB0627","2026-06-27","2026-04-12",2,4,10,714.57
"E6BB0627","2026-06-27","2026-04-15",3,5,12,404.2
"E6BB0627","2026-06-27","2026-04-16",4,5,14,467.69
"E6BB0627","2026-06-27","2026-04-17",4,4,9,512.89
"E6BB0627","2026-06-27","2026-04-18",1,2,6,354.19
"E6BB0627","2026-06-27","2026-04-20",1,2,4,315.12
"E6BB0627","2026-06-27","2026-04-25",6,7,20,866.49
"E6BB0627","2026-06-27","2026-04-26",3,3,7,426.02
"E6BB0627","2026-06-27","2026-04-27",1,2,6,260.64
"E6BB0627","2026-06-27","2026-04-28",6,6,13,957.11
"E6BB0627","2026-06-27","2026-05-02",4,6,14,1067.94
"E6BB0627","2026-06-27","2026-05-03",4,6,14,804.24
"E6BB0627","2026-06-27","2026-05-04",1,2,4,170.96
"E6BB0627","2026-06-27","2026-05-05",5,6,13,367.65
"E6BB0627","2026-06-27","2026-05-07",3,3,9,386.41
"E6BB0627","2026-06-27","2026-05-10",1,3,8,247.77
"E6BB0627","2026-06-27","2026-05-11",4,6,19,971.68
"E6BB0627","2026-06-27","2026-05-12",3,5,15,614.86
"E6BB0627","2026-06-27","2026-05-13",6,7,19,690.56
"E6BB0627","2026-06-27","2026-05-17",5,6,15,360.1
"E6BB0627","2026-06-27","2026-05-19",5,6,15,858.22
"E6BB0627","2026-06-27","2026-05-20",3,5,13,309.69
"E6BB0627","2026-06-27","2026-05-21",4,6,16,712.88
"E6BB0627","2026-06-27","2026-05-24",10,10,25,795.05
"E6BB0627","2026-06-27","2026-05-27",7,8,17,1155.54
"E6BB0627","2026-06-27","2026-05-28",8,9,18,1425.81
"E6BB0627","2026-06-27","2026-06-01",5,7,22,784.23
"E6BB0627","2026-06-27","2026-06-02",3,4,9,497.94
"E6BB0627","2026-06-27","2026-06-03",4,5,14,303.91
"E6BB0627","2026-06-27","2026-06-05",10,11,23,1505.56
"E6BB0627","2026-06-27","2026-06-07",8,8,17,1140.47
"E6BB0627","2026-06-27","2026-06-09",10,11,31,1741.51
"E6BB0627","2026-06-27","2026-06-10",7,8,18,1085
"E6BB0627","2026-06-27","2026-06-15",6,6,12,651.29
"E6BB0627","2026-06-27","2026-06-16",13,14,27,1314.66
"E6BB0627","2026-06-27","2026-06-17",10,12,28,772
"E6BB0627","2026-06-27","2026-06-19",12,13,36,1978.43
"E6BB0627","2026-06-27","2026-06-20",15,17,40,2211.45
"E6BB0627","2026-06-27","2026-06-21",12,13,36,1689.56
"E6BB0627","2026-06-27","2026-06-24",16,16,46,2753.13
"E6BB0627","2026-06-27","2026-06-25",12,14,30,1658.84
"E6BB0627","2026-06-27","2026-06-26",13,15,30,2438.75
"E6BB0628","2026-06-28","2026-03-01",1,1,2,66.46
"E6BB0628","2026-06-28","2026-03-02",1,1,3,70.81
"E6BB0628","2026-06-28","2026-03-05",1,2,6,297.13
"E6BB0628","2026-06-28","2026-03-06",3,4,9,522.47
"E6BB0628","2026-06-28","2026-03-07",1,1,3,101.63
"E6BB0628","2026-06-28","2026-03-08",3,3,6,509.09
"E6BB0628","2026-06-28","2026-03-09",1,2,5,297.17
"E6BB0628","2026-06-28","2026-03-10",4,4,8,521.66
"E6BB0628","2026-06-28","2026-03-11",1,1,3,169.97
"E6BB0628","2026-06-28","2026-03-12",1,1,2,98.01
"E6BB0628","2026-06-28","2026-03-13",5,5,14,729.77
"E6BB0628","2026-06-28","2026-03-14",2,4,12,685.25
"E6BB0628","2026-06-28","2026-03-15",5,5,13,325.23
"E6BB0628","2026-06-28","2026-03-16",4,6,16,746.67
"E6BB0628","2026-06-28","2026-03-17",1,1,2,154.11
"E6BB0628","2026-06-28","2026-03-18",1,1,3,100.45
"E6BB0628","2026-06-28","2026-03-19",7,8,23,807.75
"E6BB0628","2026-06-28","2026-03-23",1,1,2,81.97
"E6BB0628","2026-06-28","2026-03-24",1,1,2,88.8
"E6BB0628","2026-06-28","2026-03-25",1,1,3,73.42
"E6BB0628","2026-06-28","2026-03-27",3,5,9,392.81
"E6BB0628","2026-06-28","2026-03-30",2,4,8,599.74
"E6BB0628","2026-06-28","2026-04-05",2,2,6,254.91
"E6BB0628","2026-06-28","2026-04-06",4,5,11,576.31
"E6BB0628","2026-06-28","2026-04-08",1,1,3,132.68
"E6BB0628","2026-06-28","2026-04-09",1,3,8,217.31
"E6BB0628","2026-06-28","2026-04-11",1,1,3,125.53
"E6BB0628","2026-06-28","2026-04-12",1,3,7,350.82
"E6BB0628","2026-06-28","2026-04-13",5,5,9,565.33
"E6BB0628","2026-06-28","2026-04-14",2,3,6,339.62
"E6BB0628","2026-06-28","2026-04-15",2,3,8,301.87
"E6BB0628","2026-06-28","2026-04-16",4,5,11,859.34
"E6BB0628","2026-06-28","2026-04-18",5,5,14,692.18
"E6BB0628","2026-06-28","2026-04-19",4,5,13,886.44
"E6BB0628","2026-06-28","2026-04-20",4,5,13,355.66
"E6BB0628","2026-06-28","2026-04-21",1,1,2,88.9
"E6BB0628","2026-06-28","2026-04-24",1,2,5,350.27
"E6BB0628","2026-06-28","2026-04-25",1,3,6,295.17
"E6BB0628","2026-06-28","2026-04-28",1,2,5,351.82
"E6BB0628","2026-06-28","2026-04-29",7,7,16,593.34
"E6BB0628","2026-06-28","2026-05-05",3,3,6,362.65
"E6BB0628","2026-06-28","2026-05-06",1,1,3,120.82
"E6BB0628","2026-06-28","2026-05-09",5,6,19,805.59
"E6BB0628","2026-06-28","2026-05-11",3,4,13,390.33
"E6BB0628","2026-06-28","2026-05-12",6,6,18,948.49
"E6BB0628","2026-06-28","2026-05-13",6,7,19,1075.53
"E6BB0628","2026-06-28","2026-05-14",6,7,22,477.71
"E6BB0628","2026-06-28","2026-05-15",2,2,4,182.9
"E6BB0628","2026-06-28","2026-05-16",1,2,4,165.81
"E6BB0628","2026-06-28","2026-05-17",1,3,7,489.57
"E6BB0628","2026-06-28","2026-05-18",4,4,10,719.83
"E6BB0628","2026-06-28","2026-05-19",1,2,6,244.96
"E6BB0628","2026-06-28","2026-05-21",4,6,11,434.64
"E6BB0628","2026-06-28","2026-05-22",4,6,16,976.31
"E6BB0628","2026-06-28","2026-05-24",6,7,13,1112.7
"E6BB0628","2026-06-28","2026-05-25",4,5,15,768.17
"E6BB0628","2026-06-28","2026-05-26",3,4,7,535.97
"E6BB0628","2026-06-28","2026-05-27",7,7,16,640.53
"E6BB0628","2026-06-28","2026-05-29",8,8,25,993.28
"E6BB0628","2026-06-28","2026-05-30",7,8,22,884.21
"E6BB0628","2026-06-28","2026-05-31",7,8,23,1234.43
"E6BB0628","2026-06-28","2026-06-05",9,9,28,543.15
"E6BB0628","2026-06-28","2026-06-06",9,9,17,752.38
"E6BB0628","2026-06-28","2026-06-07",8,10,23,1435.87
"E6BB0628","2026-06-28","2026-06-08",8,10,20,637.36
"E6BB0628","2026-06-28","2026-06-09",7,8,22,1312.28
"E6BB0628","2026-06-28","2026-06-10",10,10,24,877.61
"E6BB0628","2026-06-28","2026-06-12",7,9,25,1597.11
"E6BB0628","2026-06-28","2026-06-13",11,11,28,1440.6
"E6BB0628","2026-06-28","2026-06-15",11,12,34,1165.08
"E6BB0628","2026-06-28","2026-06-16",9,9,23,832.67
"E6BB0628","2026-06-28","2026-06-17",10,12,37,1106.93
"E6BB0628","2026-06-28","2026-06-18",12,13,37,994.08
"E6BB0628","2026-06-28","2026-06-20",11,12,23,1375.67
"E6BB0628","2026-06-28","2026-06-21",13,14,34,1051.35
"E6BB0628","2026-06-28","2026-06-22",14,14,40,858.39
"E6BB0628","2026-06-28","2026-06-24",13,14,38,2221.59
"E6BB0628","2026-06-28","2026-06-25",13,15,32,1688.82
"E6BB0628","2026-06-28","2026-06-26",14,15,34,2594.09
"E6BB0628","2026-06-28","2026-06-28",14,16,29,2468.47
"E6BB0629","2026-06-29","2026-03-01",1,2,4,318.12
"E6BB0629","2026-06-29","2026-03-02",1,2,4,123.75
"E6BB0629","2026-06-29","2026-03-03",1,3,9,194.25
"E6BB0629","2026-06-29","2026-03-04",1,2,6,358.53
"E6BB0629","2026-06-29","2026-03-05",1,3,9,286.41
"E6BB0629","2026-06-29","2026-03-06",1,1,2,81.53
"E6BB0629","2026-06-29","2026-03-10",4,5,13,816.45
"E6BB0629","2026-06-29","2026-03-12",1,1,3,130.84
"E6BB0629","2026-06-29","2026-03-13",1,3,9,264.87
"E6BB0629","2026-06-29","2026-03-15",4,6,12,715.9
"E6BB0629","2026-06-29","2026-03-16",3,5,14,324.87
"E6BB0629","2026-06-29","2026-03-17",1,2,5,308.88
"E6BB0629","2026-06-29","2026-03-24",6,7,22,426.69
"E6BB0629","2026-06-29","2026-03-25",5,6,16,411.17
"E6BB0629","2026-06-29","2026-03-26",5,5,9,808.92
"E6BB0629","2026-06-29","2026-03-27",6,7,20,517.04
"E6BB0629","2026-06-29","2026-03-28",1,2,5,150.76
"E6BB0629","2026-06-29","2026-03-29",2,3,7,423.89
"E6BB0629","2026-06-29","2026-03-30",3,5,11,331.35
"E6BB0629","2026-06-29","2026-03-31",5,7,21,712.6
"E6BB0629","2026-06-29","2026-04-01",3,5,10,763.48
"E6BB0629","2026-06-29","2026-04-02",1,2,4,288.95
"E6BB0629","2026-06-29","2026-04-03",1,1,2,140.98
"E6BB0629","2026-06-29","2026-04-04",1,1,2,131.57
"E6BB0629","2026-06-29","2026-04-05",3,4,10,547.69
"E6BB0629","2026-06-29","2026-04-06",4,5,12,579.33
"E6BB0629","2026-06-29","2026-04-09",2,2,4,178.11
"E6BB0629","2026-06-29","2026-04-10",3,5,10,421.23
"E6BB0629","2026-06-29","2026-04-13",3,3,9,337.59
"E6BB0629","2026-06-29","2026-04-15",1,1,3,147.65
"E6BB0629","2026-06-29","2026-04-16",2,3,6,533.97
"E6BB0629","2026-06-29","2026-04-17",1,1,3,63.72
"E6BB0629","2026-06-29","2026-04-19",3,4,11,403.3
"E6BB0629","2026-06-29","2026-04-20",4,5,12,589.09
"E6BB0629","2026-06-29","2026-04-21",7,7,19,850.95
"E6BB0629","2026-06-29","2026-04-22",2,4,10,410.2
"E6BB0629","2026-06-29","2026-04-23",1,1,2,179.56
"E6BB0629","2026-06-29","2026-04-24",1,3,6,211.59
"E6BB0629","2026-06-29","2026-04-25",4,6,17,775.39
"E6BB0629","2026-06-29","2026-04-28",5,5,16,872.84
"E6BB0629","2026-06-29","2026-04-29",4,4,8,661.61
"E6BB0629","2026-06-29","2026-04-30",1,2,6,350.52
"E6BB0629","2026-06-29","2026-05-01",5,6,12,731.97
"E6BB0629","2026-06-29","2026-05-02",4,4,7,412.22
"E6BB0629","2026-06-29","2026-05-03",3,3,7,230.93
"E6BB0629","2026-06-29","2026-05-05",6,7,16,1119.63
"E6BB0629","2026-06-29","2026-05-07",4,5,16,648.9
"E6BB0629","2026-06-29","2026-05-08",3,4,8,434.17
"E6BB0629","2026-06-29","2026-05-09",2,4,9,353.67
"E6BB0629","2026-06-29","2026-05-11",3,5,16,811.37
"E6BB0629","2026-06-29","2026-05-12",1,3,8,424.85
"E6BB0629","2026-06-29","2026-05-14",3,3,7,302.44
"E6BB0629","2026-06-29","2026-05-15",2,3,9,336.25
"E6BB0629","2026-06-29","2026-05-18",6,8,21,688.87
"E6BB0629","2026-06-29","2026-05-19",5,5,15,354.42
"E6BB0629","2026-06-29","2026-05-20",4,4,9,258.32
"E6BB0629","2026-06-29","2026-05-23",4,4,9,672.27
"E6BB0629","2026-06-29","2026-05-24",3,4,11,292.47
"E6BB0629","2026-06-29","2026-05-25",7,8,20,1339.97
"E6BB0629","2026-06-29","2026-05-26",1,2,4,240.38
"E6BB0629","2026-06-29","2026-05-28",3,5,9,518.43
"E6BB0629","2026-06-29","2026-05-30",5,7,15,986.58
"E6BB0629","2026-06-29","2026-06-01",10,11,25,1246.5
"E6BB0629","2026-06-29","2026-06-02",2,2,4,203.79
"E6BB0629","2026-06-29","2026-06-03",4,4,12,522.77
"E6BB0629","2026-06-29","2026-06-04",4,6,14,476.41
"E6BB0629","2026-06-29","2026-06-05",6,7,15,894.32
"E6BB0629","2026-06-29","2026-06-07",7,8,16,1236.19
"E6BB0629","2026-06-29","2026-06-09",7,8,19,1432.08
"E6BB0629","2026-06-29","2026-06-10",11,11,32,960.73
"E6BB0629","2026-06-29","2026-06-14",10,12,34,886.14
"E6BB0629","2026-06-29","2026-06-16",13,14,38,1599.3
"E6BB0629","2026-06-29","2026-06-17",9,11,31,1296.35
"E6BB0629","2026-06-29","2026-06-18",9,9,21,1225.63
"E6BB0629","2026-06-29","2026-06-19",7,8,18,776.44
"E6BB0629","2026-06-29","2026-06-20",13,13,29,2079.2
"E6BB0629","2026-06-29","2026-06-21",13,13,32,1412.49
"E6BB0629","2026-06-29","2026-06-22",12,13,37,860.01
"E6BB0629","2026-06-29","2026-06-23",14,16,35,1322.14
"E6BB0629","2026-06-29","2026-06-24",15,15,37,1895.42
"E6BB0629","2026-06-29","2026-06-29",15,17,35,1789.52
"E6BB0630","2026-06-30","2026-03-02",2,2,6,154.09
"E6BB0630","2026-06-30","2026-03-03",1,1,3,131.99
"E6BB0630","2026-06-30","2026-03-05",3,4,10,714.14
"E6BB0630","2026-06-30","2026-03-07",2,3,6,193.25
"E6BB0630","2026-06-30","2026-03-08",3,5,13,561.08
"E6BB0630","2026-06-30","2026-03-09",2,4,9,454.39
"E6BB0630","2026-06-30","2026-03-10",4,4,12,415
"E6BB0630","2026-06-30","2026-03-14",4,4,13,444.61
"E6BB0630","2026-06-30","2026-03-17",1,1,3,150.54
"E6BB0630","2026-06-30","2026-03-23",5,6,11,715.67
"E6BB0630","2026-06-30","2026-03-24",3,5,14,856.68
"E6BB0630","2026-06-30","2026-03-25",1,1,2,148.05
"E6BB0630","2026-06-30","2026-03-26",3,3,6,442.13
"E6BB0630","2026-06-30","2026-03-28",3,5,10,339
"E6BB0630","2026-06-30","2026-03-30",2,2,4,147.59
"E6BB0630","2026-06-30","2026-04-01",1,1,3,157.61
"E6BB0630","2026-06-30","2026-04-02",4,4,10,317.67
"E6BB0630","2026-06-30","2026-04-03",5,6,15,1038.43
"E6BB0630","2026-06-30","2026-04-05",1,1,3,166.47
"E6BB0630","2026-06-30","2026-04-11",4,4,10,713.73
"E6BB0630","2026-06-30","2026-04-12",3,4,11,270.39
"E6BB0630","2026-06-30","2026-04-13",3,5,11,801.16
"E6BB0630","2026-06-30","2026-04-14",1,1,2,61.52
"E6BB0630","2026-06-30","2026-04-15",1,1,2,125.7
"E6BB0630","2026-06-30","2026-04-16",1,1,2,134.22
"E6BB0630","2026-06-30","2026-04-17",3,3,8,450.16
"E6BB0630","2026-06-30","2026-04-20",1,1,3,61.07
"E6BB0630","2026-06-30","2026-04-21",1,1,2,171.17
"E6BB0630","2026-06-30","2026-04-23",3,4,11,391.07
"E6BB0630","2026-06-30","2026-04-26",6,6,16,463.77
"E6BB0630","2026-06-30","2026-04-28",2,2,4,206.43
"E6BB0630","2026-06-30","2026-04-29",2,2,5,120.1
"E6BB0630","2026-06-30","2026-04-30",1,2,6,240.48
"E6BB0630","2026-06-30","2026-05-01",2,4,9,563.5
"E6BB0630","2026-06-30","2026-05-03",2,4,12,658.02
"E6BB0630","2026-06-30","2026-05-04",3,5,12,368.91
"E6BB0630","2026-06-30","2026-05-05",1,2,6,143.52
"E6BB0630","2026-06-30","2026-05-06",4,4,8,428.72
"E6BB0630","2026-06-30","2026-05-07",3,3,8,442.38
"E6BB0630","2026-06-30","2026-05-08",3,3,9,508.35
"E6BB0630","2026-06-30","2026-05-09",5,5,12,341.1
"E6BB0630","2026-06-30","2026-05-10",9,9,18,1349.7
"E6BB0630","2026-06-30","2026-05-12",3,5,10,414.33
"E6BB0630","2026-06-30","2026-05-13",1,1,3,135.5
"E6BB0630","2026-06-30","2026-05-14",4,5,10,895.85
"E6BB0630","2026-06-30","2026-05-16",1,2,5,334.81
"E6BB0630","2026-06-30","2026-05-18",5,7,14,432.63
"E6BB0630","2026-06-30","2026-05-19",3,4,8,342.55
"E6BB0630","2026-06-30","2026-05-20",4,5,12,540.59
"E6BB0630","2026-06-30","2026-05-21",5,7,15,819.93
"E6BB0630","2026-06-30","2026-05-22",7,9,24,1262.13
"E6BB0630","2026-06-30","2026-05-24",3,5,13,776.91
"E6BB0630","2026-06-30","2026-05-28",6,6,18,403.72
"E6BB0630","2026-06-30","2026-05-29",3,5,13,832.31
"E6BB0630","2026-06-30","2026-05-30",1,2,4,200.03
"E6BB0630","2026-06-30","2026-05-31",3,5,9,393.3
"E6BB0630","2026-06-30","2026-06-02",4,4,11,697.65
"E6BB0630","2026-06-30","2026-06-04",8,8,18,1164.12
"E6BB0630","2026-06-30","2026-06-05",8,10,26,739.16
"E6BB0630","2026-06-30","2026-06-06",8,8,20,1419.62
"E6BB0630","2026-06-30","2026-06-08",9,11,28,1185.19
"E6BB0630","2026-06-30","2026-06-11",8,9,22,1174.51
"E6BB0630","2026-06-30","2026-06-12",8,9,24,692.51
"E6BB0630","2026-06-30","2026-06-14",10,10,18,1340.15
"E6BB0630","2026-06-30","2026-06-16",12,13,39,1252.87
"E6BB0630","2026-06-30","2026-06-19",13,13,35,2221.57
"E6BB0630","2026-06-30","2026-06-21",12,13,24,892.46
"E6BB0630","2026-06-30","2026-06-25",14,16,50,2857.79
"E6BB0630","2026-06-30","2026-06-27",16,18,32,2955.19
"E6BB0630","2026-06-30","2026-06-28",19,19,37,3018.58
"E6BB0630","2026-06-30","2026-06-30",18,19,48,2779.23
"E6BB0702","2026-07-02","2026-03-04",2,3,8,306.72
"E6BB0702","2026-07-02","2026-03-07",6,7,16,576.14
"E6BB0702","2026-07-02","2026-03-08",3,3,7,532.92
"E6BB0702","2026-07-02","2026-03-09",4,4,8,447.72
"E6BB0702","2026-07-02","2026-03-11",1,1,3,142.81
"E6BB0702","2026-07-02","2026-03-12",1,2,6,136.59
"E6BB0702","2026-07-02","2026-03-13",4,5,15,559.42
"E6BB0702","2026-07-02","2026-03-14",1,2,4,269.85
"E6BB0702","2026-07-02","2026-03-16",1,1,2,161.1
"E6BB0702","2026-07-02","2026-03-17",1,2,6,217.14
"E6BB0702","2026-07-02","2026-03-19",4,6,14,944.72
"E6BB0702","2026-07-02","2026-03-20",4,4,11,648.6
"E6BB0702","2026-07-02","2026-03-22",1,1,3,162.34
"E6BB0702","2026-07-02","2026-03-24",2,2,4,282.66
"E6BB0702","2026-07-02","2026-03-26",4,4,10,274.44
"E6BB0702","2026-07-02","2026-03-27",1,1,2,77.51
"E6BB0702","2026-07-02","2026-03-29",5,7,15,687.12
"E6BB0702","2026-07-02","2026-03-30",5,5,16,629.63
"E6BB0702","2026-07-02","2026-03-31",1,2,5,356.74
"E6BB0702","2026-07-02","2026-04-04",3,4,10,715.31
"E6BB0702","2026-07-02","2026-04-05",1,2,5,343.1
"E6BB0702","2026-07-02","2026-04-07",3,5,10,449.91
"E6BB0702","2026-07-02","2026-04-08",5,5,12,681.33
"E6BB0702","2026-07-02","2026-04-09",3,5,11,368.18
"E6BB0702","2026-07-02","2026-04-13",5,7,13,453.69
"E6BB0702","2026-07-02","2026-04-14",3,4,9,403.55
"E6BB0702","2026-07-02","2026-04-15",3,3,9,386.86
"E6BB0702","2026-07-02","2026-04-16",4,5,10,423.63
"E6BB0702","2026-07-02","2026-04-17",2,2,5,196.18
"E6BB0702","2026-07-02","2026-04-19",4,6,15,514.55
"E6BB0702","2026-07-02","2026-04-20",2,4,8,631.54
"E6BB0702","2026-07-02","2026-04-22",2,4,11,458.03
"E6BB0702","2026-07-02","2026-04-23",1,1,2,145.57
"E6BB0702","2026-07-02","2026-04-24",3,5,13,713.07
"E6BB0702","2026-07-02","2026-04-28",4,4,12,552.62
"E6BB0702","2026-07-02","2026-04-29",4,6,15,652.09
"E6BB0702","2026-07-02","2026-04-30",4,4,10,241.98
"E6BB0702","2026-07-02","2026-05-03",6,6,15,833.76
"E6BB0702","2026-07-02","2026-05-05",4,4,11,415.29
"E6BB0702","2026-07-02","2026-05-06",3,4,11,643.36
"E6BB0702","2026-07-02","2026-05-08",5,5,12,403.98
"E6BB0702","2026-07-02","2026-05-09",5,5,15,414.38
"E6BB0702","2026-07-02","2026-05-10",6,7,21,871.13
"E6BB0702","2026-07-02","2026-05-11",3,4,11,493.59
"E6BB0702","2026-07-02","2026-05-18",6,6,13,567.03
"E6BB0702","2026-07-02","2026-05-20",2,4,11,326.29
"E6BB0702","2026-07-02","2026-05-21",1,1,2,137.45
"E6BB0702","2026-07-02","2026-05-23",5,5,14,645.04
"E6BB0702","2026-07-02","2026-05-24",4,5,10,446.1
"E6BB0702","2026-07-02","2026-05-25",8,8,18,1153.64
"E6BB0702","2026-07-02","2026-05-26",4,4,9,505.95
"E6BB0702","2026-07-02","2026-05-28",8,9,26,1208.73
"E6BB0702","2026-07-02","2026-05-29",2,3,9,379.87
"E6BB0702","2026-07-02","2026-05-30",5,5,11,379.85
"E6BB0702","2026-07-02","2026-05-31",3,4,8,569.92
"E6BB0702","2026-07-02","2026-06-01",5,6,15,734.12
"E6BB0702","2026-07-02","2026-06-02",5,6,14,713.03
"E6BB0702","2026-07-02","2026-06-05",5,5,10,760.94
"E6BB0702","2026-07-02","2026-06-06",7,9,20,1119.86
"E6BB0702","2026-07-02","2026-06-07",6,7,13,537.11
"E6BB0702","2026-07-02","2026-06-09",9,9,22,949.03
"E6BB0702","2026-07-02","2026-06-13",9,10,22,843.88
"E6BB0702","2026-07-02","2026-06-14",5,7,14,1106.2
"E6BB0702","2026-07-02","2026-06-15",8,9,24,1520.5
"E6BB0702","2026-07-02","2026-06-22",11,13,35,1031.47
"E6BB0702","2026-07-02","2026-06-25",13,15,40,2605.63
"E6BB0702","2026-07-02","2026-06-29",18,18,41,2585.98
"E6BB0702","2026-07-02","2026-06-30",19,19,45,2251.21
"E6BB0702","2026-07-02","2026-07-01",19,19,47,2999.79
"E6BB0702","2026-07-02","2026-07-02",19,19,38,2125.18
"E6BB0703","2026-07-03","2026-03-05",1,1,3,76
"E6BB0703","2026-07-03","2026-03-06",2,3,7,192.63
"E6BB0703","2026-07-03","2026-03-07",1,2,6,287.62
"E6BB0703","2026-07-03","2026-03-08",1,2,4,167.71
"E6BB0703","2026-07-03","2026-03-09",1,1,2,145.13
"E6BB0703","2026-07-03","2026-03-12",1,1,3,67.42
"E6BB0703","2026-07-03","2026-03-17",1,1,3,60.01
"E6BB0703","2026-07-03","2026-03-18",1,3,9,362.42
"E6BB0703","2026-07-03","2026-03-19",3,3,9,351.46
"E6BB0703","2026-07-03","2026-03-20",1,2,6,225.44
"E6BB0703","2026-07-03","2026-03-21",3,4,12,623.28
"E6BB0703","2026-07-03","2026-03-22",4,5,10,339.03
"E6BB0703","2026-07-03","2026-03-23",2,2,5,324.96
"E6BB0703","2026-07-03","2026-03-24",1,1,3,124.36
"E6BB0703","2026-07-03","2026-03-25",3,3,6,256.44
"E6BB0703","2026-07-03","2026-03-28",1,1,3,115.34
"E6BB0703","2026-07-03","2026-03-29",5,6,15,649.36
"E6BB0703","2026-07-03","2026-04-01",3,4,8,308.1
"E6BB0703","2026-07-03","2026-04-02",3,5,10,549.08
"E6BB0703","2026-07-03","2026-04-03",3,5,12,677.95
"E6BB0703","2026-07-03","2026-04-04",7,7,15,566.84
"E6BB0703","2026-07-03","2026-04-06",4,5,13,752.8
"E6BB0703","2026-07-03","2026-04-10",1,3,7,497.14
"E6BB0703","2026-07-03","2026-04-11",1,2,4,246.27
"E6BB0703","2026-07-03","2026-04-12",4,5,13,746.46
"E6BB0703","2026-07-03","2026-04-14",2,2,4,176.32
"E6BB0703","2026-07-03","2026-04-16",1,1,2,109.29
"E6BB0703","2026-07-03","2026-04-17",2,2,5,344.17
"E6BB0703","2026-07-03","2026-04-18",1,1,3,88.21
"E6BB0703","2026-07-03","2026-04-20",1,2,4,256.77
"E6BB0703","2026-07-03","2026-04-22",6,6,15,622.78
"E6BB0703","2026-07-03","2026-04-23",1,1,2,111.1
"E6BB0703","2026-07-03","2026-04-24",1,2,5,178.43
"E6BB0703","2026-07-03","2026-04-25",5,6,17,427.06
"E6BB0703","2026-07-03","2026-04-26",2,2,4,281.34
"E6BB0703","2026-07-03","2026-04-27",4,5,15,498.03
"E6BB0703","2026-07-03","2026-04-28",1,3,8,191.45
"E6BB0703","2026-07-03","2026-04-29",1,3,9,419.37
"E6BB0703","2026-07-03","2026-04-30",3,5,16,733.67
"E6BB0703","2026-07-03","2026-05-01",1,1,3,112.19
"E6BB0703","2026-07-03","2026-05-03",2,2,4,299.16
"E6BB0703","2026-07-03","2026-05-04",7,7,18,859.93
"E6BB0703","2026-07-03","2026-05-05",5,5,9,534.58
"E6BB0703","2026-07-03","2026-05-08",2,4,12,694.09
"E6BB0703","2026-07-03","2026-05-09",1,1,3,115.97
"E6BB0703","2026-07-03","2026-05-10",3,4,13,710.18
"E6BB0703","2026-07-03","2026-05-11",4,4,12,610.42
"E6BB0703","2026-07-03","2026-05-12",8,9,20,577.46
"E6BB0703","2026-07-03","2026-05-13",1,1,2,67.68
"E6BB0703","2026-07-03","2026-05-15",6,6,18,790.07
"E6BB0703","2026-07-03","2026-05-16",1,1,2,117.64
"E6BB0703","2026-07-03","2026-05-20",2,3,9,513.72
"E6BB0703","2026-07-03","2026-05-23",10,11,35,1298.83
"E6BB0703","2026-07-03","2026-05-25",3,5,15,350.85
"E6BB0703","2026-07-03","2026-05-26",7,9,23,1248.02
"E6BB0703","2026-07-03","2026-05-27",4,6,13,825.09
"E6BB0703","2026-07-03","2026-05-28",4,5,15,843.88
"E6BB0703","2026-07-03","2026-05-29",2,4,8,388.01
"E6BB0703","2026-07-03","2026-05-31",5,6,15,825.37
"E6BB0703","2026-07-03","2026-06-01",5,5,12,316.42
"E6BB0703","2026-07-03","2026-06-03",4,6,11,1023.39
"E6BB0703","2026-07-03","2026-06-05",5,7,21,846.31
"E6BB0703","2026-07-03","2026-06-06",3,5,11,761.05
"E6BB0703","2026-07-03","2026-06-07",2,3,8,492.92
"E6BB0703","2026-07-03","2026-06-08",5,6,15,831.97
"E6BB0703","2026-07-03","2026-06-09",6,6,18,822.85
"E6BB0703","2026-07-03","2026-06-12",8,9,20,667.4
"E6BB0703","2026-07-03","2026-06-14",6,8,19,886.27
"E6BB0703","2026-07-03","2026-06-16",8,9,18,716.47
"E6BB0703","2026-07-03","2026-06-17",9,10,21,1185.12
"E6BB0703","2026-07-03","2026-06-18",14,14,45,2015.13
"E6BB0703","2026-07-03","2026-06-20",15,15,39,2083.14
"E6BB0703","2026-07-03","2026-06-21",10,12,33,1322.89
"E6BB0703","2026-07-03","2026-06-22",12,12,28,1235.23
"E6BB0703","2026-07-03","2026-06-23",10,11,28,1844.31
"E6BB0703","2026-07-03","2026-06-24",8,9,18,629.07
"E6BB0703","2026-07-03","2026-07-01",21,21,56,3361.73
"E6BB0703","2026-07-03","2026-07-02",17,17,40,1834.15
"E6BB0704","2026-07-04","2026-03-06",1,3,7,411.51
"E6BB0704","2026-07-04","2026-03-07",3,4,8,302.96
"E6BB0704","2026-07-04","2026-03-08",1,1,2,97.12
"E6BB0704","2026-07-04","2026-03-10",4,4,9,653.38
"E6BB0704","2026-07-04","2026-03-15",1,1,3,143.44
"E6BB0704","2026-07-04","2026-03-18",1,1,2,66.61
"E6BB0704","2026-07-04","2026-03-19",1,1,3,147.59
"E6BB0704","2026-07-04","2026-03-21",2,4,13,709.32
"E6BB0704","2026-07-04","2026-03-22",2,4,11,355.82
"E6BB0704","2026-07-04","2026-03-25",4,5,14,869.45
"E6BB0704","2026-07-04","2026-03-30",1,2,5,347.65
"E6BB0704","2026-07-04","2026-04-01",1,1,2,83.49
"E6BB0704","2026-07-04","2026-04-03",2,4,8,514.24
"E6BB0704","2026-07-04","2026-04-06",3,3,8,195.66
"E6BB0704","2026-07-04","2026-04-08",1,1,3,119.13
"E6BB0704","2026-07-04","2026-04-09",2,4,12,555.79
"E6BB0704","2026-07-04","2026-04-10",3,5,15,532.62
"E6BB0704","2026-07-04","2026-04-11",3,4,11,493.19
"E6BB0704","2026-07-04","2026-04-12",2,3,7,204.31
"E6BB0704","2026-07-04","2026-04-14",6,6,14,687.82
"E6BB0704","2026-07-04","2026-04-15",4,4,11,348.55
"E6BB0704","2026-07-04","2026-04-17",1,1,2,106.77
"E6BB0704","2026-07-04","2026-04-18",2,4,10,308.44
"E6BB0704","2026-07-04","2026-04-19",2,4,12,588.41
"E6BB0704","2026-07-04","2026-04-21",2,3,7,442.98
"E6BB0704","2026-07-04","2026-04-23",6,6,13,1033.91
"E6BB0704","2026-07-04","2026-04-24",1,1,2,174.8
"E6BB0704","2026-07-04","2026-04-25",3,4,8,438.6
"E6BB0704","2026-07-04","2026-04-26",5,6,14,992.12
"E6BB0704","2026-07-04","2026-04-27",1,3,9,284.44
"E6BB0704","2026-07-04","2026-04-28",1,2,4,201.19
"E6BB0704","2026-07-04","2026-04-29",3,3,9,283.94
"E6BB0704","2026-07-04","2026-04-30",1,1,2,146.11
"E6BB0704","2026-07-04","2026-05-01",1,2,6,208.4
"E6BB0704","2026-07-04","2026-05-02",1,2,5,359.91
"E6BB0704","2026-07-04","2026-05-03",3,5,9,888.12
"E6BB0704","2026-07-04","2026-05-06",2,4,9,693.42
"E6BB0704","2026-07-04","2026-05-07",8,8,22,1107
"E6BB0704","2026-07-04","2026-05-08",1,1,3,135.14
"E6BB0704","2026-07-04","2026-05-09",2,4,11,702.11
"E6BB0704","2026-07-04","2026-05-11",1,2,5,201.78
"E6BB0704","2026-07-04","2026-05-16",2,4,8,550.34
"E6BB0704","2026-07-04","2026-05-17",4,5,11,735.99
"E6BB0704","2026-07-04","2026-05-18",6,6,19,543.42
"E6BB0704","2026-07-04","2026-05-19",6,7,18,609.03
"E6BB0704","2026-07-04","2026-05-24",1,1,3,76.07
"E6BB0704","2026-07-04","2026-05-26",5,5,10,504.09
"E6BB0704","2026-07-04","2026-05-27",3,4,12,654.13
"E6BB0704","2026-07-04","2026-05-28",3,4,10,623.92
"E6BB0704","2026-07-04","2026-05-31",10,10,31,1768.83
"E6BB0704","2026-07-04","2026-06-01",5,6,19,754.83
"E6BB0704","2026-07-04","2026-06-02",4,5,12,408.96
"E6BB0704","2026-07-04","2026-06-03",1,2,6,186.91
"E6BB0704","2026-07-04","2026-06-05",7,7,20,1202.89
"E6BB0704","2026-07-04","2026-06-07",4,6,14,822.58
"E6BB0704","2026-07-04","2026-06-09",10,10,21,872.76
"E6BB0704","2026-07-04","2026-06-10",9,11,28,1660.08
"E6BB0704","2026-07-04","2026-06-11",8,9,24,1468.28
"E6BB0704","2026-07-04","2026-06-13",6,6,15,820.49
"E6BB0704","2026-07-04","2026-06-14",8,9,21,1186.95
"E6BB0704","2026-07-04","2026-06-15",10,10,19,1046.41
"E6BB0704","2026-07-04","2026-06-16",5,7,16,816.85
"E6BB0704","2026-07-04","2026-06-17",8,10,21,1351.63
"E6BB0704","2026-07-04","2026-06-19",3,5,9,469.27
"E6BB0704","2026-07-04","2026-06-20",5,7,22,509
"E6BB0704","2026-07-04","2026-06-21",11,12,26,1685.18
"E6BB0704","2026-07-04","2026-06-23",10,11,24,1716.73
"E6BB0704","2026-07-04","2026-06-24",10,12,37,910.94
"E6BB0704","2026-07-04","2026-06-25",15,16,43,2726.86
"E6BB0704","2026-07-04","2026-06-26",13,13,39,1606.35
"E6BB0704","2026-07-04","2026-06-28",11,12,23,1552.25
"E6BB0704","2026-07-04","2026-06-29",10,12,24,1029.23
"E6BB0704","2026-07-04","2026-07-01",20,20,52,1789.08
"E6BB0704","2026-07-04","2026-07-02",15,15,36,2365.42
"E6BB0704","2026-07-04","2026-07-03",16,18,41,2761.24
"E6BB0704","2026-07-04","2026-07-04",12,12,22,2103.11
"E6BB0705","2026-07-05","2026-03-07",1,1,3,106.91
"E6BB0705","2026-07-05","2026-03-08",4,4,9,505.75
"E6BB0705","2026-07-05","2026-03-09",2,4,8,341.76
"E6BB0705","2026-07-05","2026-03-11",6,6,17,587.74
"E6BB0705","2026-07-05","2026-03-12",4,4,10,707.81
"E6BB0705","2026-07-05","2026-03-13",1,3,6,231.56
"E6BB0705","2026-07-05","2026-03-14",2,4,10,243.16
"E6BB0705","2026-07-05","2026-03-17",6,6,18,822.59
"E6BB0705","2026-07-05","2026-03-20",4,4,11,394.74
"E6BB0705","2026-07-05","2026-03-21",1,1,2,164.24
"E6BB0705","2026-07-05","2026-03-24",1,3,9,357.45
"E6BB0705","2026-07-05","2026-03-25",1,3,9,290.28
"E6BB0705","2026-07-05","2026-03-26",1,1,3,99.63
"E6BB0705","2026-07-05","2026-03-28",1,2,5,293.89
"E6BB0705","2026-07-05","2026-03-29",1,2,5,134.45
"E6BB0705","2026-07-05","2026-04-01",1,3,9,528.48
"E6BB0705","2026-07-05","2026-04-02",4,5,15,859.79
"E6BB0705","2026-07-05","2026-04-03",5,5,14,374.14
"E6BB0705","2026-07-05","2026-04-05",4,6,13,644.49
"E6BB0705","2026-07-05","2026-04-07",3,5,10,381.93
"E6BB0705","2026-07-05","2026-04-09",2,4,8,594.29
"E6BB0705","2026-07-05","2026-04-10",1,1,2,138.3
"E6BB0705","2026-07-05","2026-04-13",3,4,9,260.37
"E6BB0705","2026-07-05","2026-04-14",1,1,3,69.65
"E6BB0705","2026-07-05","2026-04-17",1,1,2,154.52
"E6BB0705","2026-07-05","2026-04-20",6,6,12,404.35
"E6BB0705","2026-07-05","2026-04-23",1,2,5,223.44
"E6BB0705","2026-07-05","2026-04-25",2,2,5,138.15
"E6BB0705","2026-07-05","2026-04-26",1,1,2,80.95
"E6BB0705","2026-07-05","2026-04-27",1,1,2,75.31
"E6BB0705","2026-07-05","2026-04-28",5,6,13,665.18
"E6BB0705","2026-07-05","2026-04-29",1,1,3,139.92
"E6BB0705","2026-07-05","2026-05-01",1,3,8,439.01
"E6BB0705","2026-07-05","2026-05-03",3,3,8,212.77
"E6BB0705","2026-07-05","2026-05-05",1,1,3,162.97
"E6BB0705","2026-07-05","2026-05-06",3,4,11,543.77
"E6BB0705","2026-07-05","2026-05-07",2,4,12,292.78
"E6BB0705","2026-07-05","2026-05-09",3,3,7,399.35
"E6BB0705","2026-07-05","2026-05-11",2,3,6,507.55
"E6BB0705","2026-07-05","2026-05-13",2,2,4,174.59
"E6BB0705","2026-07-05","2026-05-14",7,7,13,479.85
"E6BB0705","2026-07-05","2026-05-15",2,4,9,512.92
"E6BB0705","2026-07-05","2026-05-16",6,6,17,777.87
"E6BB0705","2026-07-05","2026-05-17",4,6,12,881.79
"E6BB0705","2026-07-05","2026-05-18",1,2,5,135.91
"E6BB0705","2026-07-05","2026-05-19",4,6,14,676.61
"E6BB0705","2026-07-05","2026-05-20",2,4,11,258.8
"E6BB0705","2026-07-05","2026-05-21",1,1,2,156.83
"E6BB0705","2026-07-05","2026-05-22",5,6,11,783.72
"E6BB0705","2026-07-05","2026-05-23",2,3,6,180.52
"E6BB0705","2026-07-05","2026-05-24",3,5,10,749.79
"E6BB0705","2026-07-05","2026-05-25",1,3,8,329.62
"E6BB0705","2026-07-05","2026-05-26",2,3,7,267.24
"E6BB0705","2026-07-05","2026-05-27",1,1,2,104.69
"E6BB0705","2026-07-05","2026-05-28",5,5,15,789.47
"E6BB0705","2026-07-05","2026-05-29",6,7,17,891.29
"E6BB0705","2026-07-05","2026-05-30",1,2,4,286.54
"E6BB0705","2026-07-05","2026-05-31",3,5,10,389.64
"E6BB0705","2026-07-05","2026-06-01",2,4,8,304.74
"E6BB0705","2026-07-05","2026-06-03",5,6,14,873.87
"E6BB0705","2026-07-05","2026-06-07",7,8,18,962.11
"E6BB0705","2026-07-05","2026-06-08",1,2,5,120.34
"E6BB0705","2026-07-05","2026-06-09",7,9,29,629.01
"E6BB0705","2026-07-05","2026-06-10",4,6,12,1075.75
"E6BB0705","2026-07-05","2026-06-11",5,6,18,768.2
"E6BB0705","2026-07-05","2026-06-16",7,9,20,1350.64
"E6BB0705","2026-07-05","2026-06-19",9,9,26,1064.16
"E6BB0705","2026-07-05","2026-06-20",6,6,11,422.34
"E6BB0705","2026-07-05","2026-06-21",15,15,41,1388.05
"E6BB0705","2026-07-05","2026-06-22",12,12,23,1858.86
"E6BB0705","2026-07-05","2026-06-23",7,9,24,611.31
"E6BB0705","2026-07-05","2026-06-24",10,12,26,1789.96
"E6BB0705","2026-07-05","2026-06-28",12,13,40,1780.67
"E6BB0705","2026-07-05","2026-06-30",12,14,43,1189.86
"E6BB0705","2026-07-05","2026-07-02",14,14,26,901
"E6BB0705","2026-07-05","2026-07-03",15,17,48,1190.2
"E6BB0705","2026-07-05","2026-07-04",19,21,66,2246.41
"E6BB0707","2026-07-07","2026-03-10",5,5,14,696.8
"E6BB0707","2026-07-07","2026-03-13",5,7,22,950.27
"E6BB0707","2026-07-07","2026-03-14",1,2,6,222.95
"E6BB0707","2026-07-07","2026-03-15",2,3,7,253.96
"E6BB0707","2026-07-07","2026-03-16",2,3,7,245.85
"E6BB0707","2026-07-07","2026-03-17",6,6,11,456.21
"E6BB0707","2026-07-07","2026-03-18",1,1,3,173.19
"E6BB0707","2026-07-07","2026-03-20",1,1,3,107.99
"E6BB0707","2026-07-07","2026-03-21",1,1,3,79.49
"E6BB0707","2026-07-07","2026-03-22",5,6,18,584.39
"E6BB0707","2026-07-07","2026-03-23",1,1,3,114.65
"E6BB0707","2026-07-07","2026-03-25",2,2,6,146.54
"E6BB0707","2026-07-07","2026-03-26",4,4,12,498.23
"E6BB0707","2026-07-07","2026-03-28",4,4,9,396.21
"E6BB0707","2026-07-07","2026-04-01",1,2,6,244.54
"E6BB0707","2026-07-07","2026-04-02",3,4,9,527.13
"E6BB0707","2026-07-07","2026-04-03",7,7,19,1190.74
"E6BB0707","2026-07-07","2026-04-04",2,4,9,675.71
"E6BB0707","2026-07-07","2026-04-08",5,5,13,685.85
"E6BB0707","2026-07-07","2026-04-10",2,3,6,290.87
"E6BB0707","2026-07-07","2026-04-12",1,2,5,278.16
"E6BB0707","2026-07-07","2026-04-14",2,4,11,563.4
"E6BB0707","2026-07-07","2026-04-15",1,1,3,105.53
"E6BB0707","2026-07-07","2026-04-17",1,3,6,496.26
"E6BB0707","2026-07-07","2026-04-18",1,3,8,330.69
"E6BB0707","2026-07-07","2026-04-20",4,5,12,558.14
"E6BB0707","2026-07-07","2026-04-21",1,3,8,304.68
"E6BB0707","2026-07-07","2026-04-22",6,6,12,843.12
"E6BB0707","2026-07-07","2026-04-24",5,6,16,777.22
"E6BB0707","2026-07-07","2026-04-26",2,4,10,535.91
"E6BB0707","2026-07-07","2026-04-29",4,5,12,625.4
"E6BB0707","2026-07-07","2026-04-30",4,5,12,612.46
"E6BB0707","2026-07-07","2026-05-03",3,3,9,323.03
"E6BB0707","2026-07-07","2026-05-04",3,5,13,802.77
"E6BB0707","2026-07-07","2026-05-06",5,5,11,793.48
"E6BB0707","2026-07-07","2026-05-09",1,3,6,188.33
"E6BB0707","2026-07-07","2026-05-11",1,1,3,98.78
"E6BB0707","2026-07-07","2026-05-15",2,2,4,285.63
"E6BB0707","2026-07-07","2026-05-16",5,5,13,579.82
"E6BB0707","2026-07-07","2026-05-17",2,4,12,427.66
"E6BB0707","2026-07-07","2026-05-18",5,5,13,876.26
"E6BB0707","2026-07-07","2026-05-22",1,2,5,212.48
"E6BB0707","2026-07-07","2026-05-26",4,5,16,677.36
"E6BB0707","2026-07-07","2026-05-27",4,5,11,605.82
"E6BB0707","2026-07-07","2026-05-28",3,5,12,483.35
"E6BB0707","2026-07-07","2026-05-29",3,4,11,660.7
"E6BB0707","2026-07-07","2026-05-30",5,5,13,832.29
"E6BB0707","2026-07-07","2026-05-31",6,7,21,1006.76
"E6BB0707","2026-07-07","2026-06-01",4,6,13,506.91
"E6BB0707","2026-07-07","2026-06-02",4,5,16,420.12
"E6BB0707","2026-07-07","2026-06-05",7,7,19,752.73
"E6BB0707","2026-07-07","2026-06-06",5,5,13,401
"E6BB0707","2026-07-07","2026-06-07",4,4,13,512.15
"E6BB0707","2026-07-07","2026-06-08",5,7,13,700.6
"E6BB0707","2026-07-07","2026-06-10",6,7,15,934.38
"E6BB0707","2026-07-07","2026-06-11",3,5,12,682.07
"E6BB0707","2026-07-07","2026-06-13",8,10,28,691.57
"E6BB0707","2026-07-07","2026-06-15",9,9,28,580.2
"E6BB0707","2026-07-07","2026-06-17",8,9,23,1468.15
"E6BB0707","2026-07-07","2026-06-20",5,7,19,521.42
"E6BB0707","2026-07-07","2026-06-21",11,11,28,777.64
"E6BB0707","2026-07-07","2026-06-22",8,8,15,799.73
"E6BB0707","2026-07-07","2026-06-23",8,8,22,1209.16
"E6BB0707","2026-07-07","2026-06-26",14,14,36,1093.43
"E6BB0707","2026-07-07","2026-06-28",13,15,28,1433.61
"E6BB0707","2026-07-07","2026-06-29",12,13,27,947.81
"E6BB0707","2026-07-07","2026-07-01",16,16,49,2318.71
"E6BB0707","2026-07-07","2026-07-03",11,13,32,2268.64
"E6BB0707","2026-07-07","2026-07-05",12,12,35,1418.59
"E6BB0707","2026-07-07","2026-07-06",14,15,33,1243.07
"E6BB0707","2026-07-07","2026-07-07",17,17,41,1453.64
"E6BB0708","2026-07-08","2026-03-10",1,1,3,161.53
"E6BB0708","2026-07-08","2026-03-12",3,3,7,297.09
"E6BB0708","2026-07-08","2026-03-14",1,2,4,173.18
"E6BB0708","2026-07-08","2026-03-17",3,4,11,635.17
"E6BB0708","2026-07-08","2026-03-20",3,4,10,486.82
"E6BB0708","2026-07-08","2026-03-21",2,4,11,658.29
"E6BB0708","2026-07-08","2026-03-22",5,5,14,432.24
"E6BB0708","2026-07-08","2026-03-23",6,6,13,496.04
"E6BB0708","2026-07-08","2026-03-24",1,1,3,171.28
"E6BB0708","2026-07-08","2026-03-27",2,4,11,321.03
"E6BB0708","2026-07-08","2026-03-28",1,1,3,127.46
"E6BB0708","2026-07-08","2026-03-29",1,2,4,288.11
"E6BB0708","2026-07-08","2026-03-30",2,2,5,183.21
"E6BB0708","2026-07-08","2026-04-01",4,5,10,561.31
"E6BB0708","2026-07-08","2026-04-04",1,1,3,116.91
"E6BB0708","2026-07-08","2026-04-06",1,2,6,195.88
"E6BB0708","2026-07-08","2026-04-09",1,1,2,110.89
"E6BB0708","2026-07-08","2026-04-10",1,1,3,97.8
"E6BB0708","2026-07-08","2026-04-11",2,3,6,394.84
"E6BB0708","2026-07-08","2026-04-12",1,1,3,92.56
"E6BB0708","2026-07-08","2026-04-14",2,2,5,340.79
"E6BB0708","2026-07-08","2026-04-16",1,1,2,105.31
"E6BB0708","2026-07-08","2026-04-17",2,4,8,511.28
"E6BB0708","2026-07-08","2026-04-19",6,7,13,508.71
"E6BB0708","2026-07-08","2026-04-21",1,1,2,148.36
"E6BB0708","2026-07-08","2026-04-22",1,2,5,170.22
"E6BB0708","2026-07-08","2026-04-25",2,3,9,537.66
"E6BB0708","2026-07-08","2026-04-26",2,4,8,490.57
"E6BB0708","2026-07-08","2026-04-27",2,3,8,348.65
"E6BB0708","2026-07-08","2026-04-28",5,5,12,472.17
"E6BB0708","2026-07-08","2026-04-29",2,3,6,332.52
"E6BB0708","2026-07-08","2026-04-30",3,4,7,575.55
"E6BB0708","2026-07-08","2026-05-01",1,1,2,107.68
"E6BB0708","2026-07-08","2026-05-05",3,4,8,376
"E6BB0708","2026-07-08","2026-05-06",1,2,5,134.71
"E6BB0708","2026-07-08","2026-05-07",1,3,8,269.88
"E6BB0708","2026-07-08","2026-05-08",1,2,4,293.79
"E6BB0708","2026-07-08","2026-05-09",1,3,6,491.19
"E6BB0708","2026-07-08","2026-05-10",2,2,6,311.15
"E6BB0708","2026-07-08","2026-05-12",3,4,11,321.4
"E6BB0708","2026-07-08","2026-05-13",5,6,16,812.09
"E6BB0708","2026-07-08","2026-05-14",2,2,4,351.67
"E6BB0708","2026-07-08","2026-05-15",1,1,2,115.92
"E6BB0708","2026-07-08","2026-05-16",1,1,2,173.37
"E6BB0708","2026-07-08","2026-05-19",3,4,12,718.5
"E6BB0708","2026-07-08","2026-05-20",3,5,15,697.95
"E6BB0708","2026-07-08","2026-05-25",7,7,21,782.72
"E6BB0708","2026-07-08","2026-05-26",2,4,8,462.77
"E6BB0708","2026-07-08","2026-05-27",3,3,6,446.82
"E6BB0708","2026-07-08","2026-05-31",1,2,5,123.91
"E6BB0708","2026-07-08","2026-06-01",2,3,6,414.83
"E6BB0708","2026-07-08","2026-06-02",7,7,13,922.84
"E6BB0708","2026-07-08","2026-06-03",9,9,20,1474.42
"E6BB0708","2026-07-08","2026-06-04",11,12,29,2146.35
"E6BB0708","2026-07-08","2026-06-06",4,6,11,1034.07
"E6BB0708","2026-07-08","2026-06-08",8,8,20,1015.07
"E6BB0708","2026-07-08","2026-06-09",7,7,16,429.74
"E6BB0708","2026-07-08","2026-06-10",9,9,19,1566.85
"E6BB0708","2026-07-08","2026-06-11",6,7,14,617.4
"E6BB0708","2026-07-08","2026-06-12",3,3,6,347.79
"E6BB0708","2026-07-08","2026-06-13",7,8,17,559.67
"E6BB0708","2026-07-08","2026-06-14",7,9,18,557.75
"E6BB0708","2026-07-08","2026-06-15",10,10,24,1293.34
"E6BB0708","2026-07-08","2026-06-16",7,8,18,937.26
"E6BB0708","2026-07-08","2026-06-17",7,9,26,1079.39
"E6BB0708","2026-07-08","2026-06-18",11,11,26,1066.28
"E6BB0708","2026-07-08","2026-06-19",11,11,27,1153.86
"E6BB0708","2026-07-08","2026-06-20",5,7,15,434.49
"E6BB0708","2026-07-08","2026-06-24",11,11,28,1545.24
"E6BB0708","2026-07-08","2026-06-25",6,6,16,533.76
"E6BB0708","2026-07-08","2026-06-26",9,11,35,1633.57
"E6BB0708","2026-07-08","2026-06-28",11,13,36,1625.13
"E6BB0708","2026-07-08","2026-06-30",13,13,36,884.52
"E6BB0708","2026-07-08","2026-07-02",12,12,26,1632.43
"E6BB0708","2026-07-08","2026-07-05",12,14,42,2351.42
"E6BB0708","2026-07-08","2026-07-07",15,16,38,1258.3
"E6BB0708","2026-07-08","2026-07-08",20,20,37,2756.2
"E6BB0709","2026-07-09","2026-03-11",1,2,4,286.53
"E6BB0709","2026-07-09","2026-03-13",3,4,9,326.49
"E6BB0709","2026-07-09","2026-03-15",4,4,12,505.4
"E6BB0709","2026-07-09","2026-03-16",5,5,15,410.03
"E6BB0709","2026-07-09","2026-03-18",6,6,17,431.06
"E6BB0709","2026-07-09","2026-03-19",5,6,15,360.73
"E6BB0709","2026-07-09","2026-03-23",5,5,14,337.25
"E6BB0709","2026-07-09","2026-03-24",1,3,6,536.24
"E6BB0709","2026-07-09","2026-03-26",1,3,8,200.46
"E6BB0709","2026-07-09","2026-03-28",3,5,13,301.9
"E6BB0709","2026-07-09","2026-04-04",3,3,7,530.07
"E6BB0709","2026-07-09","2026-04-05",1,1,2,66.58
"E6BB0709","2026-07-09","2026-04-07",1,1,3,133.6
"E6BB0709","2026-07-09","2026-04-08",4,6,15,394.59
"E6BB0709","2026-07-09","2026-04-09",4,6,15,737.77
"E6BB0709","2026-07-09","2026-04-13",3,5,15,410.55
"E6BB0709","2026-07-09","2026-04-14",3,3,7,202.43
"E6BB0709","2026-07-09","2026-04-16",5,6,14,657.08
"E6BB0709","2026-07-09","2026-04-18",1,1,2,158.82
"E6BB0709","2026-07-09","2026-04-20",4,4,10,598.05
"E6BB0709","2026-07-09","2026-04-23",1,3,9,387.74
"E6BB0709","2026-07-09","2026-04-24",2,2,5,132.97
"E6BB0709","2026-07-09","2026-04-25",1,3,9,325.27
"E6BB0709","2026-07-09","2026-04-27",1,1,3,124.18
"E6BB0709","2026-07-09","2026-04-30",2,3,6,209.1
"E6BB0709","2026-07-09","2026-05-01",6,6,17,1017.15
"E6BB0709","2026-07-09","2026-05-03",5,5,11,523.55
"E6BB0709","2026-07-09","2026-05-05",1,3,7,377.12
"E6BB0709","2026-07-09","2026-05-06",6,6,18,899.03
"E6BB0709","2026-07-09","2026-05-07",2,4,12,514.38
"E6BB0709","2026-07-09","2026-05-11",6,6,14,847.64
"E6BB0709","2026-07-09","2026-05-12",4,4,9,424.65
"E6BB0709","2026-07-09","2026-05-18",3,5,12,460.31
"E6BB0709","2026-07-09","2026-05-19",3,4,11,580.96
"E6BB0709","2026-07-09","2026-05-20",1,2,4,203.43
"E6BB0709","2026-07-09","2026-05-21",2,4,8,502.48
"E6BB0709","2026-07-09","2026-05-22",2,4,11,439.33
"E6BB0709","2026-07-09","2026-05-23",6,7,16,949.62
"E6BB0709","2026-07-09","2026-05-24",5,5,10,563.7
"E6BB0709","2026-07-09","2026-05-25",2,3,7,238.29
"E6BB0709","2026-07-09","2026-05-28",1,1,2,165.04
"E6BB0709","2026-07-09","2026-05-29",3,3,7,368.24
"E6BB0709","2026-07-09","2026-05-30",5,6,17,591.33
"E6BB0709","2026-07-09","2026-05-31",5,6,17,568.88
"E6BB0709","2026-07-09","2026-06-01",3,5,13,878.76
"E6BB0709","2026-07-09","2026-06-02",6,7,18,618.66
"E6BB0709","2026-07-09","2026-06-03",7,7,14,624.31
"E6BB0709","2026-07-09","2026-06-04",6,8,24,829.78
"E6BB0709","2026-07-09","2026-06-06",3,4,9,472.39
"E6BB0709","2026-07-09","2026-06-07",4,5,9,563.92
"E6BB0709","2026-07-09","2026-06-09",5,6,11,736.67
"E6BB0709","2026-07-09","2026-06-15",10,10,24,605
"E6BB0709","2026-07-09","2026-06-16",9,10,25,952.6
"E6BB0709","2026-07-09","2026-06-20",6,7,13,767.74
"E6BB0709","2026-07-09","2026-06-21",6,8,25,600.47
"E6BB0709","2026-07-09","2026-06-22",9,10,19,1443.89
"E6BB0709","2026-07-09","2026-06-24",9,10,27,1360.23
"E6BB0709","2026-07-09","2026-06-25",15,16,37,2699.44
"E6BB0709","2026-07-09","2026-06-26",7,9,25,903.26
"E6BB0709","2026-07-09","2026-06-27",13,15,36,1492.42
"E6BB0709","2026-07-09","2026-06-28",13,14,27,2154.54
"E6BB0709","2026-07-09","2026-06-30",8,9,20,1280.32
"E6BB0709","2026-07-09","2026-07-04",18,18,45,2684.96
"E6BB0709","2026-07-09","2026-07-05",9,10,28,616.93
"E6BB0709","2026-07-09","2026-07-08",16,18,51,1997.46
"E6BB0709","2026-07-09","2026-07-09",11,12,29,782.47
"E6BB0710","2026-07-10","2026-03-15",3,4,8,542.44
"E6BB0710","2026-07-10","2026-03-16",5,5,10,537.8
"E6BB0710","2026-07-10","2026-03-17",1,1,3,69.04
"E6BB0710","2026-07-10","2026-03-22",3,4,9,423.61
"E6BB0710","2026-07-10","2026-03-23",4,6,12,1007.96
"E6BB0710","2026-07-10","2026-03-25",4,4,13,624.19
"E6BB0710","2026-07-10","2026-03-27",3,5,12,484.77
"E6BB0710","2026-07-10","2026-03-29",7,7,18,602.33
"E6BB0710","2026-07-10","2026-03-30",1,1,3,172.34
"E6BB0710","2026-07-10","2026-03-31",1,3,8,426.35
"E6BB0710","2026-07-10","2026-04-01",2,2,6,336.76
"E6BB0710","2026-07-10","2026-04-02",1,3,8,200.05
"E6BB0710","2026-07-10","2026-04-03",1,1,2,83.85
"E6BB0710","2026-07-10","2026-04-04",1,2,6,157.27
"E6BB0710","2026-07-10","2026-04-05",2,2,5,123.69
"E6BB0710","2026-07-10","2026-04-06",1,1,3,118.07
"E6BB0710","2026-07-10","2026-04-08",3,4,12,467.73
"E6BB0710","2026-07-10","2026-04-11",1,1,3,114.6
"E6BB0710","2026-07-10","2026-04-13",1,1,3,75.54
"E6BB0710","2026-07-10","2026-04-14",1,2,6,324.16
"E6BB0710","2026-07-10","2026-04-15",3,3,6,274.72
"E6BB0710","2026-07-10","2026-04-16",2,4,8,651.85
"E6BB0710","2026-07-10","2026-04-19",1,2,4,274.4
"E6BB0710","2026-07-10","2026-04-21",4,4,8,302.18
"E6BB0710","2026-07-10","2026-04-24",4,5,15,402.46
"E6BB0710","2026-07-10","2026-04-25",4,5,16,796.51
"E6BB0710","2026-07-10","2026-04-27",3,5,10,758.21
"E6BB0710","2026-07-10","2026-04-28",3,3,6,232.74
"E6BB0710","2026-07-10","2026-05-01",4,4,12,666.06
"E6BB0710","2026-07-10","2026-05-05",8,8,17,736.95
"E6BB0710","2026-07-10","2026-05-06",1,1,3,159.56
"E6BB0710","2026-07-10","2026-05-08",6,8,25,1182.67
"E6BB0710","2026-07-10","2026-05-09",1,3,9,460.44
"E6BB0710","2026-07-10","2026-05-10",4,4,11,691.15
"E6BB0710","2026-07-10","2026-05-11",6,6,19,615.92
"E6BB0710","2026-07-10","2026-05-12",3,4,11,266.75
"E6BB0710","2026-07-10","2026-05-14",2,3,8,492.8
"E6BB0710","2026-07-10","2026-05-17",2,3,8,415.59
"E6BB0710","2026-07-10","2026-05-18",2,4,11,339.43
"E6BB0710","2026-07-10","2026-05-19",7,7,16,786.76
"E6BB0710","2026-07-10","2026-05-21",3,4,10,471.12
"E6BB0710","2026-07-10","2026-05-22",3,5,15,462.9
"E6BB0710","2026-07-10","2026-05-23",5,6,19,387.91
"E6BB0710","2026-07-10","2026-05-27",4,6,15,1056.2
"E6BB0710","2026-07-10","2026-05-28",5,7,15,628.6
"E6BB0710","2026-07-10","2026-05-29",2,4,8,261.08
"E6BB0710","2026-07-10","2026-05-30",1,1,3,69.61
"E6BB0710","2026-07-10","2026-06-01",9,9,16,1262.78
"E6BB0710","2026-07-10","2026-06-02",9,9,27,1258.6
"E6BB0710","2026-07-10","2026-06-03",2,4,10,300.81
"E6BB0710","2026-07-10","2026-06-05",3,4,9,441.23
"E6BB0710","2026-07-10","2026-06-06",4,5,15,826.51
"E6BB0710","2026-07-10","2026-06-08",1,2,4,206.66
"E6BB0710","2026-07-10","2026-06-09",5,7,13,817.6
"E6BB0710","2026-07-10","2026-06-10",5,5,11,731.7
"E6BB0710","2026-07-10","2026-06-11",2,4,12,489.53
"E6BB0710","2026-07-10","2026-06-13",5,5,14,364.29
"E6BB0710","2026-07-10","2026-06-14",4,4,11,393.42
"E6BB0710","2026-07-10","2026-06-15",9,10,28,1223.13
"E6BB0710","2026-07-10","2026-06-17",7,8,19,797.39
"E6BB0710","2026-07-10","2026-06-18",7,7,16,919.79
"E6BB0710","2026-07-10","2026-06-20",9,9,24,956.03
"E6BB0710","2026-07-10","2026-06-23",11,11,30,1274.87
"E6BB0710","2026-07-10","2026-06-24",9,11,24,1648.82
"E6BB0710","2026-07-10","2026-06-25",6,8,16,867.28
"E6BB0710","2026-07-10","2026-06-28",8,8,23,495.44
"E6BB0710","2026-07-10","2026-06-30",18,18,35,1713.57
"E6BB0710","2026-07-10","2026-07-02",11,11,35,1435.92
"E6BB0710","2026-07-10","2026-07-04",12,14,41,1810.72
"E6BB0710","2026-07-10","2026-07-07",17,17,47,1505.21
"E6BB0710","2026-07-10","2026-07-08",18,19,44,1591.13
"E6BB0710","2026-07-10","2026-07-09",18,20,51,2095.93
"E6BB0710","2026-07-10","2026-07-10",16,16,38,2772.38
"E6BB0711","2026-07-11","2026-03-13",1,2,6,230.39
"E6BB0711","2026-07-11","2026-03-15",1,1,2,63.57
"E6BB0711","2026-07-11","2026-03-16",3,4,10,441.24
"E6BB0711","2026-07-11","2026-03-17",2,4,9,360.68
"E6BB0711","2026-07-11","2026-03-19",2,4,11,502.43
"E6BB0711","2026-07-11","2026-03-20",2,4,8,310.55
"E6BB0711","2026-07-11","2026-03-21",6,7,14,833.22
"E6BB0711","2026-07-11","2026-03-25",2,3,9,185.44
"E6BB0711","2026-07-11","2026-03-26",3,3,7,486.56
"E6BB0711","2026-07-11","2026-03-27",6,7,22,898.58
"E6BB0711","2026-07-11","2026-03-28",1,2,4,273.65
"E6BB0711","2026-07-11","2026-03-29",3,3,7,196.23
"E6BB0711","2026-07-11","2026-03-30",2,4,11,315.54
"E6BB0711","2026-07-11","2026-03-31",4,4,12,644.64
"E6BB0711","2026-07-11","2026-04-02",2,3,7,438.48
"E6BB0711","2026-07-11","2026-04-04",5,6,19,762.7
"E6BB0711","2026-07-11","2026-04-06",5,5,13,620.28
"E6BB0711","2026-07-11","2026-04-07",1,2,4,176.82
"E6BB0711","2026-07-11","2026-04-08",1,1,3,147.6
"E6BB0711","2026-07-11","2026-04-09",3,4,8,542.75
"E6BB0711","2026-07-11","2026-04-11",5,5,14,436.97
"E6BB0711","2026-07-11","2026-04-13",1,1,2,150.34
"E6BB0711","2026-07-11","2026-04-15",1,2,5,125.33
"E6BB0711","2026-07-11","2026-04-19",2,3,6,503.47
"E6BB0711","2026-07-11","2026-04-20",3,3,8,274.55
"E6BB0711","2026-07-11","2026-04-24",1,3,7,414.16
"E6BB0711","2026-07-11","2026-04-25",4,5,11,717.28
"E6BB0711","2026-07-11","2026-04-27",5,5,12,704.98
"E6BB0711","2026-07-11","2026-04-28",2,3,8,230.87
"E6BB0711","2026-07-11","2026-04-29",2,4,8,519.12
"E6BB0711","2026-07-11","2026-04-30",3,5,12,440.84
"E6BB0711","2026-07-11","2026-05-01",2,2,5,341.94
"E6BB0711","2026-07-11","2026-05-02",3,5,13,452.9
"E6BB0711","2026-07-11","2026-05-03",2,4,7,675.44
"E6BB0711","2026-07-11","2026-05-05",1,1,2,78.56
"E6BB0711","2026-07-11","2026-05-06",5,5,15,467.05
"E6BB0711","2026-07-11","2026-05-08",4,5,13,568.13
"E6BB0711","2026-07-11","2026-05-09",1,1,3,133.21
"E6BB0711","2026-07-11","2026-05-10",2,4,9,510.14
"E6BB0711","2026-07-11","2026-05-11",4,4,12,280.9
"E6BB0711","2026-07-11","2026-05-12",6,6,12,819.15
"E6BB0711","2026-07-11","2026-05-14",1,3,9,246.6
"E6BB0711","2026-07-11","2026-05-15",1,3,7,244.05
"E6BB0711","2026-07-11","2026-05-19",6,8,24,1254.09
"E6BB0711","2026-07-11","2026-05-20",3,5,15,816.55
"E6BB0711","2026-07-11","2026-05-22",6,6,13,835.06
"E6BB0711","2026-07-11","2026-05-26",1,1,2,62.44
"E6BB0711","2026-07-11","2026-05-27",6,7,17,458.69
"E6BB0711","2026-07-11","2026-05-29",2,3,6,307.48
"E6BB0711","2026-07-11","2026-05-30",5,5,11,501.36
"E6BB0711","2026-07-11","2026-05-31",7,7,21,812.64
"E6BB0711","2026-07-11","2026-06-01",2,3,6,283.12
"E6BB0711","2026-07-11","2026-06-02",5,5,14,365.34
"E6BB0711","2026-07-11","2026-06-04",5,5,12,613.09
"E6BB0711","2026-07-11","2026-06-05",6,7,16,918.64
"E6BB0711","2026-07-11","2026-06-11",8,9,27,1533.67
"E6BB0711","2026-07-11","2026-06-13",6,8,22,1403.74
"E6BB0711","2026-07-11","2026-06-14",9,9,22,1041.31
"E6BB0711","2026-07-11","2026-06-18",5,7,17,985.58
"E6BB0711","2026-07-11","2026-06-19",10,11,27,1901.23
"E6BB0711","2026-07-11","2026-06-20",9,10,30,1454.34
"E6BB0711","2026-07-11","2026-06-23",6,7,20,451.8
"E6BB0711","2026-07-11","2026-06-24",6,6,13,1072.82
"E6BB0711","2026-07-11","2026-06-25",7,9,22,991.24
"E6BB0711","2026-07-11","2026-06-26",9,11,35,1102.66
"E6BB0711","2026-07-11","2026-06-30",13,13,32,1133.69
"E6BB0711","2026-07-11","2026-07-02",12,12,31,1739.71
"E6BB0711","2026-07-11","2026-07-04",10,12,34,1741.33
"E6BB0711","2026-07-11","2026-07-06",16,17,35,2452.48
"E6BB0711","2026-07-11","2026-07-07",14,14,31,1081.17
"E6BB0711","2026-07-11","2026-07-09",16,17,42,2413.54
